{"type": "FeatureCollection", "metadata": {"description": "2020 Census ZCTA polygons for ZIP codes appearing in DCHHS OD2A 2024 geography sections plus a required 12-ZIP baseline. Properties carry ONLY published rankings; per-ZIP counts are null because the OD2A report prints none.", "source_document": "DCHHS OD2A 2024 Annual Surveillance Report", "geometry_source": "https://tigerweb.geo.census.gov/arcgis/rest/services/TIGERweb/PUMA_TAD_TAZ_UGA_ZCTA/MapServer/1/query", "n_features": 17, "retrieved": "2026-09-01", "od2a_death_residence_rank_zips": ["75217", "75216", "75215"], "od2a_opioid_ed_visits_rank_zips": ["75235", "75243", "75228", "75042", "75217", "75230"], "required_baseline_12": ["75215", "75210", "75211", "75212", "75203", "75224", "75201", "75204", "75226", "75217", "75227", "75216"]}, "features": [{"type": "Feature", "geometry": {"type": "Polygon", "coordinates": [[[-96.70590400015094, 32.93123199997265], [-96.70587900003657, 32.92761400000073], [-96.7057600002109, 32.92414299962783], [-96.70584899989936, 32.92161299963413], [-96.70587200036388, 32.917546999939525], [-96.70587900003657, 32.91670800015207], [-96.7058799998615, 32.916603999754734], [-96.705823999785, 32.916603999754734], [-96.70576500023375, 32.916600999937245], [-96.70566399995143, 32.91659800011966], [-96.70446300002727, 32.91658799997281], [-96.7032119998744, 32.916573000127485], [-96.7018670000102, 32.91656900036939], [-96.7003899999015, 32.916562000038184], [-96.70043000008448, 32.91450400007142], [-96.70044799962783, 32.9134189997686], [-96.70045799967357, 32.91282099980052], [-96.70048000031319, 32.91193500010388], [-96.7005079999023, 32.911133999956256], [-96.70054200023748, 32.90916500033748], [-96.7005439998873, 32.90902499999776], [-96.7004090001681, 32.90901799982414], [-96.6982349999254, 32.90901099964997], [-96.6982340001005, 32.90888000005901], [-96.69783999991519, 32.9088860002172], [-96.69797700018255, 32.90226800019503], [-96.69254800032193, 32.90386600022829], [-96.69227399978723, 32.903947000128966], [-96.69197199966344, 32.90405499988132], [-96.69197099983853, 32.90398300006109], [-96.69195900014296, 32.90275100018314], [-96.6919039998914, 32.897045000067045], [-96.69187999960192, 32.89457100021802], [-96.69184600016506, 32.89457299983972], [-96.69175599975337, 32.89457199965173], [-96.69175900012642, 32.89442999999881], [-96.69167100026287, 32.89442999999881], [-96.69028299984265, 32.89442599999469], [-96.68827799965437, 32.89442099980067], [-96.6875830000685, 32.894419000175546], [-96.68602499976897, 32.89442999999881], [-96.68510300040238, 32.89443199962369], [-96.68309499984105, 32.89443299981322], [-96.68285800001459, 32.89442999999881], [-96.68272800031825, 32.89442700018427], [-96.6803530002341, 32.894421999990364], [-96.67868600015464, 32.8944280003739], [-96.67777099956243, 32.894412999791406], [-96.67720999987085, 32.89442099980067], [-96.6769239996406, 32.89442599999469], [-96.6768180002337, 32.894428999809215], [-96.67666400024791, 32.89442099980067], [-96.67580800010525, 32.89442999999881], [-96.6758189999759, 32.89447199965425], [-96.67581300012813, 32.89451999966713], [-96.67489699971102, 32.89451999966713], [-96.67447599976153, 32.894514000044076], [-96.67428999998869, 32.894511000232434], [-96.67337899959445, 32.894511000232434], [-96.67250499990844, 32.894511000232434], [-96.66934599965165, 32.894495000229384], [-96.66859099979133, 32.894495000229384], [-96.66749100014951, 32.89448600003785], [-96.66690199997053, 32.894475999656315], [-96.66566900025934, 32.89449400004051], [-96.66566500006138, 32.894412999791406], [-96.66566500006138, 32.894380999747014], [-96.66558899989339, 32.894380000311166], [-96.66556200012921, 32.894380000311166], [-96.66325399999224, 32.894364999720544], [-96.66317100015155, 32.894360000277395], [-96.66308699958765, 32.89436999991772], [-96.66254000013978, 32.89435399988921], [-96.66141000036075, 32.89437399992438], [-96.66018400032223, 32.89436999991772], [-96.65972499983961, 32.89436999991772], [-96.6590770001094, 32.89437100010794], [-96.65861000012916, 32.89437100010794], [-96.6578529997207, 32.894348000254915], [-96.6574650002815, 32.894348000254915], [-96.65674300003315, 32.894356000270044], [-96.65565900028487, 32.89436300009416], [-96.65520099962714, 32.894356000270044], [-96.65447000005628, 32.89436300009416], [-96.65425900016906, 32.894356000270044], [-96.65329000004851, 32.89437100010794], [-96.65240700014166, 32.894408000350914], [-96.65217000031521, 32.89440499978136], [-96.65149699957233, 32.89439900015053], [-96.65102200009449, 32.89439600033498], [-96.65055699976408, 32.89439299976504], [-96.65041399964896, 32.89439299976504], [-96.64914300030291, 32.894380000311166], [-96.64911900001346, 32.89442700018427], [-96.64910200029502, 32.89447199965425], [-96.6490510002414, 32.894584999831665], [-96.64899299961677, 32.89474500032361], [-96.64893700043858, 32.8949169997193], [-96.64891599962387, 32.89500399985218], [-96.6488479998518, 32.89529700021732], [-96.64882399956237, 32.89551600009938], [-96.64882100008762, 32.895633999825144], [-96.64882199991256, 32.89715100037605], [-96.64882199991256, 32.89777299970412], [-96.64878099990466, 32.898773000325484], [-96.64878099990466, 32.900045999632255], [-96.64876099981318, 32.900460000365634], [-96.64876099981318, 32.90134500013786], [-96.6487480002927, 32.902960000312376], [-96.64874200044491, 32.90310199986616], [-96.64873099967593, 32.90347399999713], [-96.6487359996988, 32.90376500008069], [-96.64872300017835, 32.9040410002561], [-96.64872300017835, 32.90460799990133], [-96.64876400018622, 32.90494699967095], [-96.64879299960022, 32.90526799995179], [-96.64880299964597, 32.90545099999288], [-96.64880799966883, 32.90561700009041], [-96.64880299964597, 32.905957999886944], [-96.64877400023195, 32.90632299970032], [-96.64871700033055, 32.9066850001181], [-96.64866100025405, 32.906897000158935], [-96.6485719996673, 32.90715200016886], [-96.64846100023752, 32.90751600029767], [-96.6484179996815, 32.90764600035813], [-96.64856400016969, 32.90774699984987], [-96.64866600027693, 32.90782299977968], [-96.64894800030925, 32.90804299964552], [-96.64965600031388, 32.90852099965687], [-96.64978799966005, 32.90861400017806], [-96.64987999972156, 32.90870899990405], [-96.64993499997314, 32.90879600006387], [-96.6500010000954, 32.90898799982793], [-96.64962100015379, 32.90899900010425], [-96.64925100025793, 32.909005000254375], [-96.64815599974067, 32.90903900034341], [-96.64816300031168, 32.90973399963365], [-96.64816300031168, 32.91098799969828], [-96.64816800033455, 32.91233999966534], [-96.64909999974688, 32.912350000292115], [-96.64908200020355, 32.91318699995544], [-96.64910300011994, 32.913773000060665], [-96.64865299985813, 32.913837999668594], [-96.64865299985813, 32.91402000012675], [-96.64865500040628, 32.915071999784814], [-96.64882399956237, 32.9150219996855], [-96.65075900032876, 32.91496499985451], [-96.65081500040526, 32.91464000019658], [-96.65137899957155, 32.91460200014939], [-96.65137899957155, 32.915916999679595], [-96.6506210002365, 32.915948000290776], [-96.6506210002365, 32.91568600033021], [-96.65022100020342, 32.91565399967743], [-96.65006999969236, 32.91581099996484], [-96.64981399959933, 32.915816999653316], [-96.64981399959933, 32.91606699988432], [-96.64909999974688, 32.91611099972518], [-96.64905600026427, 32.91585499993302], [-96.64895599980684, 32.915836000172234], [-96.6488620000955, 32.91537199978751], [-96.64825799984791, 32.91542600025316], [-96.64830800007664, 32.91556800017525], [-96.64832599961998, 32.91572599981017], [-96.64831999977221, 32.9158680000051], [-96.64830300005377, 32.91598000008314], [-96.64829700020599, 32.91610400011188], [-96.64829700020599, 32.91624000004104], [-96.6483049997036, 32.91637900034039], [-96.64836099978008, 32.91676900011804], [-96.648369000176, 32.91696299980435], [-96.64838500006954, 32.917163000170895], [-96.64837800039683, 32.91803399997358], [-96.64837199965073, 32.918931000254005], [-96.64836699962785, 32.91972699970214], [-96.64836400015314, 32.91990200004934], [-96.64836099978008, 32.92054400033752], [-96.64835900013027, 32.92084200010777], [-96.64835499993231, 32.92136499975842], [-96.64835300028248, 32.9217420002251], [-96.64834400006164, 32.921834999675234], [-96.64825700002302, 32.9221309998691], [-96.64823199990866, 32.9222469998177], [-96.648221000038, 32.92239300035591], [-96.648221000038, 32.92263399976185], [-96.6482350002817, 32.92347100020038], [-96.64825700002302, 32.92450100016106], [-96.64827499956637, 32.92535899994538], [-96.64830300005377, 32.926201000151835], [-96.64831300009952, 32.92703899984663], [-96.64833800021387, 32.92788800008913], [-96.64833200036608, 32.92875300032587], [-96.64830800007664, 32.92961399972253], [-96.64831899994729, 32.931024000019384], [-96.64857699969015, 32.93101300021845], [-96.64874200044491, 32.93098499969095], [-96.64891399997406, 32.9309369998431], [-96.64905700008919, 32.930884000326394], [-96.64917699973978, 32.93082199975609], [-96.6493259997027, 32.93072100020548], [-96.64956599990221, 32.930639000142094], [-96.65002500038483, 32.93059299966872], [-96.65005700017188, 32.93059700030088], [-96.6514310003484, 32.930587000228016], [-96.65275500029621, 32.93057300027494], [-96.65298299990184, 32.93058800000917], [-96.6561480000064, 32.93059899986295], [-96.65699999995111, 32.93060199995992], [-96.65711600030205, 32.93059299966872], [-96.65720400016559, 32.93057300027494], [-96.65720199961746, 32.93066700002518], [-96.65720400016559, 32.93076999994964], [-96.65722599990691, 32.931725999975015], [-96.65722799955672, 32.932610000316025], [-96.6572390003257, 32.93351500010542], [-96.65725000019636, 32.93384500003677], [-96.6572479996482, 32.934447000139514], [-96.66091499989312, 32.934522999761015], [-96.66095699972591, 32.932461000016104], [-96.66324200029666, 32.932474999670426], [-96.66325599964205, 32.93209900021542], [-96.66334600005374, 32.93208499974767], [-96.66337299981791, 32.93070800005338], [-96.66351599993305, 32.930756999804714], [-96.66382700027768, 32.9308279999348], [-96.66468699971999, 32.93088500010419], [-96.66479300002518, 32.93088100023899], [-96.66488300043689, 32.93088100023899], [-96.66520099955588, 32.930892000056346], [-96.66530900040922, 32.93089500014336], [-96.66565500001565, 32.930905000181355], [-96.66594899974349, 32.93092600003134], [-96.66626500011101, 32.930973000108416], [-96.666525000402, 32.93103799990107], [-96.66675300000763, 32.931105999725844], [-96.66703599986484, 32.93117500002686], [-96.66738499984432, 32.931208999893144], [-96.66780199959582, 32.93122899989706], [-96.66859400016439, 32.931241999972606], [-96.66866399958626, 32.931244000274035], [-96.6689199996793, 32.931245000047774], [-96.67104799989124, 32.931248999896454], [-96.67130099961122, 32.93124999967012], [-96.67201899966162, 32.93125400027263], [-96.6721430004085, 32.93125400027263], [-96.67219899958667, 32.93125199997137], [-96.67383800007705, 32.931261000195526], [-96.6756499999215, 32.93129400025559], [-96.6769019998993, 32.93127199996563], [-96.6782479995884, 32.93127199996563], [-96.67908600018772, 32.93127199996563], [-96.68149499970872, 32.93127199996563], [-96.68276299958002, 32.9312780001138], [-96.68285800001459, 32.9312780001138], [-96.68300699997751, 32.9312780001138], [-96.68301899967305, 32.931235000048154], [-96.6830349995666, 32.93117800010428], [-96.68306800007687, 32.93107799998177], [-96.6833800002464, 32.93107799998177], [-96.68446900001757, 32.931094000159725], [-96.68608900024138, 32.93112100012368], [-96.68663999988722, 32.93112899983219], [-96.68727199972388, 32.931132999686135], [-96.688075999988, 32.9311340002151], [-96.69004500019128, 32.93116500001933], [-96.69094200034182, 32.93117100017476], [-96.69103400040332, 32.931174000252334], [-96.6920600004253, 32.93118899988465], [-96.6938849997902, 32.93120199996608], [-96.69525800014182, 32.93121299974346], [-96.69619100027737, 32.931208999893144], [-96.69795299989309, 32.93124999967012], [-96.69809400035841, 32.93125500004619], [-96.69815100025981, 32.93124999967012], [-96.69918200030467, 32.931261000195526], [-96.69954899982747, 32.93126299974259], [-96.70001300033297, 32.93126899989138], [-96.70016200029589, 32.93125400027263], [-96.70315400014807, 32.93121800012167], [-96.7043669997678, 32.9312150000456], [-96.70470300022677, 32.9312150000456], [-96.70503700013762, 32.93122700034929], [-96.70509999988681, 32.93122199997158], [-96.7053810000942, 32.93122100019764], [-96.70561500044595, 32.93122500004741], [-96.70574500014229, 32.93122800012314], [-96.70590400015094, 32.93123199997265]]]}, "properties": {"zcta": "75042", "od2a_death_residence_rank_2016_2024": null, "od2a_death_residence_count_2016_2024": null, "od2a_opioid_ed_visits_rank_2024": 4, "od2a_opioid_ed_visits_count_2024": null, "in_required_baseline_12": false, "source": "DCHHS OD2A 2024 Annual Surveillance Report, p.18 (Figure 21)", "geometry_source": "US Census Bureau TIGERweb 2020 ZCTA (ArcGIS REST)", "retrieved": "2026-09-01"}}, {"type": "Feature", "geometry": {"type": "Polygon", "coordinates": [[[-96.81499899971891, 32.79734899973319], [-96.81500700011485, 32.79724499976391], [-96.81466099961011, 32.79670599998561], [-96.8146179999524, 32.796644999715255], [-96.81430999998084, 32.79617000007757], [-96.813687000365, 32.795360000287474], [-96.81362999956526, 32.79532800000069], [-96.81268999975703, 32.79431800018139], [-96.81238099996052, 32.793923000339014], [-96.81070100036058, 32.79204799976321], [-96.81050499964368, 32.79183299977863], [-96.81040300043475, 32.79170399968939], [-96.81027399966501, 32.79157400032927], [-96.80952499965247, 32.79073799962497], [-96.80935499977316, 32.79081400015099], [-96.8091680001754, 32.79093800003524], [-96.808562000278, 32.79143800022597], [-96.80812600025989, 32.790985000342], [-96.80794999963449, 32.790833000272386], [-96.80788600006039, 32.79076699975388], [-96.80785300044843, 32.79073400023141], [-96.80786199977094, 32.79041799999646], [-96.80786400031909, 32.79023300000464], [-96.80782599978592, 32.78998999964698], [-96.8078230003112, 32.789980000323474], [-96.80781099971732, 32.78993499995559], [-96.80780099967157, 32.78989600022245], [-96.80795200018262, 32.789790999984604], [-96.8080989995974, 32.78967700012541], [-96.80818499981113, 32.78961100025943], [-96.80846099999566, 32.78941099988579], [-96.8086469997685, 32.78927600011564], [-96.8087880002338, 32.78918399966823], [-96.80882900024167, 32.78916499994976], [-96.80878400003584, 32.78852000018381], [-96.80874300002796, 32.788156000246396], [-96.80873700018017, 32.78811400009963], [-96.80872600030952, 32.78802399971845], [-96.80871600026377, 32.78783999991436], [-96.80870700004294, 32.78771600024212], [-96.80868799977637, 32.78743199997606], [-96.8086750002559, 32.78719999979846], [-96.80867000023302, 32.787107000335304], [-96.8086750002559, 32.78674900001652], [-96.80871899973853, 32.78644199979798], [-96.80873800000509, 32.78635800013167], [-96.80876300011946, 32.78627000003653], [-96.80878099966279, 32.786209000159836], [-96.8087949999065, 32.78612899987425], [-96.80880699960207, 32.78605299987618], [-96.80883099989151, 32.785894000365815], [-96.8088519998079, 32.78572200029997], [-96.80886699987653, 32.78564099967077], [-96.80887100007448, 32.78560200032053], [-96.80888000029532, 32.785299000312776], [-96.80870200002008, 32.78518699980446], [-96.80846199982057, 32.78496700028335], [-96.80810199997046, 32.78463599968705], [-96.80782900015899, 32.78439599965718], [-96.80757399989085, 32.78461200016634], [-96.80717600040592, 32.78495699963998], [-96.80710199988775, 32.785016999707345], [-96.80678600041857, 32.785268000091776], [-96.80665099980104, 32.78538500004102], [-96.80613500031531, 32.78582199978158], [-96.805965000436, 32.78596299967526], [-96.80587699967414, 32.7860330003429], [-96.80575799984845, 32.7861270000739], [-96.80554100011348, 32.78629599966176], [-96.80530000008905, 32.78649399969551], [-96.80526400010403, 32.786520999906244], [-96.80511500014111, 32.78664100015639], [-96.80522200027126, 32.78673799968012], [-96.80531299960954, 32.78681700028072], [-96.8053879999526, 32.78688999995125], [-96.80599499967492, 32.787438999929684], [-96.80606900019308, 32.78751999967683], [-96.80612299972144, 32.78758499970021], [-96.80617700014811, 32.787688999638895], [-96.80620999976009, 32.78776700026833], [-96.80625900016388, 32.78795800013623], [-96.80629599997381, 32.788214999789695], [-96.8063169998902, 32.78832800013687], [-96.80606099979717, 32.788514000188606], [-96.80571900038873, 32.78879299991451], [-96.80535500034064, 32.789078000233154], [-96.80501200020898, 32.789356999700246], [-96.80481700021531, 32.78918500028919], [-96.80439299989277, 32.788833999870846], [-96.80420999959468, 32.78870099972264], [-96.80450500004576, 32.78772300017339], [-96.80460100030523, 32.78741499965478], [-96.80384800009472, 32.78801199966074], [-96.80363899985737, 32.788201000003966], [-96.80351699965863, 32.78809899966484], [-96.80341799992442, 32.78801599993191], [-96.80327499980929, 32.78788599971226], [-96.80316799967916, 32.78777500007727], [-96.80307700034089, 32.78767200012202], [-96.80252499997184, 32.78698699995867], [-96.80238299968163, 32.7868349998533], [-96.8030079998456, 32.7863130001969], [-96.80260000031491, 32.78596099987118], [-96.80215000005313, 32.78557200011155], [-96.80151499984338, 32.785022999938434], [-96.80165299993567, 32.78491099983779], [-96.80256699980463, 32.78414299998823], [-96.80248999981174, 32.78406699980388], [-96.80241000034412, 32.78398999963034], [-96.80227399990169, 32.78388599989832], [-96.80201399961066, 32.78364799996692], [-96.80190800020378, 32.783350999689326], [-96.80175699969273, 32.78271900001499], [-96.80166700017935, 32.78240300000469], [-96.8016350003923, 32.78226399964227], [-96.80054499989792, 32.78298499987541], [-96.80022500023078, 32.78304900025692], [-96.80010399985694, 32.7827699998852], [-96.79992399993189, 32.78206300017405], [-96.79972499974025, 32.78134000011337], [-96.79956400008177, 32.78081300013383], [-96.79950299998241, 32.78057199964619], [-96.79945399957863, 32.7803890002532], [-96.79944799973083, 32.78034099966916], [-96.79931600038465, 32.77983200004864], [-96.79856700037212, 32.77999199978911], [-96.79837999987608, 32.779504999882455], [-96.79831799995178, 32.77929699962945], [-96.79828000031695, 32.77925099992183], [-96.79826600007326, 32.779212000036125], [-96.79811700011034, 32.778650000095], [-96.79689600009469, 32.77892399988617], [-96.79658899994803, 32.77898500022652], [-96.7964469996578, 32.7785059999823], [-96.79637999971065, 32.77832300011644], [-96.79623900014366, 32.77797199989009], [-96.79606500006638, 32.77745900032213], [-96.79588000011846, 32.77693500002457], [-96.79591199990551, 32.776608999793034], [-96.7958120003464, 32.776146999810244], [-96.79560599958377, 32.775516000343195], [-96.79606099986843, 32.77513499966691], [-96.795306999833, 32.77449899966756], [-96.79612000031797, 32.773830999942575], [-96.79598600042368, 32.77371199982608], [-96.79588500014134, 32.77361499969594], [-96.79583499991263, 32.77355800037215], [-96.7957849996839, 32.773509999879735], [-96.79555799990318, 32.77355200012318], [-96.79518700018241, 32.77364200003866], [-96.7937789996707, 32.77398799978932], [-96.79323800007062, 32.77411699988908], [-96.79287900004542, 32.77420299985173], [-96.7914839999525, 32.774598999678794], [-96.79010800012617, 32.77488900028458], [-96.78987200012463, 32.77492899982516], [-96.78871899988104, 32.7751139999212], [-96.78814099957273, 32.7752160000424], [-96.7876390003307, 32.77535500008592], [-96.78733399983386, 32.775461000011305], [-96.78719900011465, 32.77550600014809], [-96.78705900037257, 32.775560999696864], [-96.78686900040178, 32.7756300002226], [-96.78662500000429, 32.77574299993897], [-96.7864219996147, 32.7758359999522], [-96.786527000095, 32.775958000293244], [-96.78661400013365, 32.77608999984232], [-96.78685199978503, 32.77652799993018], [-96.78694600039466, 32.77667700025496], [-96.78697900000664, 32.77672999982374], [-96.78713100034258, 32.77693000000687], [-96.78639300020072, 32.777486000253866], [-96.78652999956975, 32.77769500020361], [-96.78595100033483, 32.77805099996707], [-96.7854070003617, 32.77838600008799], [-96.78549000020237, 32.77849200017918], [-96.78555799997444, 32.778579999660195], [-96.78542099970709, 32.77863099963719], [-96.78562999994448, 32.77891899998023], [-96.78484699959675, 32.77946900003322], [-96.78503499991771, 32.77969000028347], [-96.78535600030807, 32.780054000121], [-96.7858650001211, 32.78062299999183], [-96.78620499987973, 32.78100099995445], [-96.78627000017704, 32.78110400008142], [-96.78637700030718, 32.78130500020571], [-96.78644799955399, 32.78147699974868], [-96.78647199984341, 32.78156799990809], [-96.78649299975982, 32.7816499996649], [-96.78649899960759, 32.78169199984264], [-96.78652799991991, 32.78186200025172], [-96.78653899979057, 32.781927999825385], [-96.78655600040732, 32.78208199989896], [-96.78727699993246, 32.78239199988611], [-96.78789700007356, 32.782665000298294], [-96.78853499975803, 32.78294300030808], [-96.78918000001349, 32.783182999726456], [-96.78945799984783, 32.78331000022665], [-96.78974499990301, 32.783426999730175], [-96.79035300034855, 32.78369299973935], [-96.79060400041872, 32.78382499989725], [-96.79081199993288, 32.78395599993469], [-96.79099900042894, 32.78406699980388], [-96.79123200005742, 32.784279999838596], [-96.79140399958656, 32.78446999972284], [-96.79162399969461, 32.78468899980143], [-96.79172499997694, 32.78482999998058], [-96.79183700012993, 32.78497000002305], [-96.791904999902, 32.78508800027612], [-96.79196500017645, 32.785202999885676], [-96.7920880002001, 32.78547699988658], [-96.79216900039096, 32.78569900022203], [-96.79220799985069, 32.785830999668974], [-96.79222899976709, 32.78594499992623], [-96.79228300019378, 32.78619699985725], [-96.7922859996685, 32.786265999686904], [-96.79228999986645, 32.78633500021818], [-96.79229700043747, 32.78638700017825], [-96.79230099973712, 32.786452000274465], [-96.79235299961564, 32.78718099965618], [-96.7923559999887, 32.7881310002873], [-96.79235500016378, 32.78826800003721], [-96.79235900036174, 32.78831699999579], [-96.79236799968427, 32.78842199970821], [-96.7923700002324, 32.78845199971112], [-96.79238399957778, 32.788622999912334], [-96.79239299979862, 32.78873399999942], [-96.79239399962354, 32.78876700026395], [-96.79239799982149, 32.788927999662576], [-96.79241399971502, 32.78928800000283], [-96.79252599986802, 32.7901860000556], [-96.79255500018033, 32.79042100030746], [-96.79259299981517, 32.79064699978405], [-96.79275600002178, 32.792379999793276], [-96.79276900044057, 32.7924880002364], [-96.79279399965661, 32.792690000139835], [-96.79282399979385, 32.79303099995263], [-96.79283100036484, 32.79313200010019], [-96.79290800035776, 32.793754000140105], [-96.79292000005331, 32.794325000348216], [-96.79294500016766, 32.79446000000564], [-96.79301399976464, 32.79490699999288], [-96.79303600040427, 32.79499700020513], [-96.79307599968892, 32.795301000198094], [-96.79309800032854, 32.79549300029407], [-96.79311199967393, 32.79574600014934], [-96.79312000006986, 32.795956000031666], [-96.79310900019921, 32.79627500033513], [-96.7931300001156, 32.797129000090344], [-96.79312799956747, 32.79732799994521], [-96.79311099984902, 32.79776700019774], [-96.79315500022996, 32.798497999988385], [-96.79317000029857, 32.7988110001777], [-96.79317399959822, 32.79887199971718], [-96.79332699975909, 32.79900199973499], [-96.79346599967627, 32.79913600008875], [-96.79342999969126, 32.798817999990824], [-96.79341999964552, 32.798645000241066], [-96.79340100027726, 32.798501000026825], [-96.79338200001068, 32.79805900032468], [-96.79340799994993, 32.797696999704144], [-96.79349400016366, 32.79727700011594], [-96.7935889996999, 32.797004999777215], [-96.79379000043967, 32.7965250001258], [-96.79396000031899, 32.796148000223624], [-96.79411199975665, 32.79586399969839], [-96.79423700032842, 32.79570600015149], [-96.79438700011626, 32.79547999993885], [-96.79459800000345, 32.79521900018809], [-96.79482899998213, 32.79505300034153], [-96.7950809998772, 32.794883000222974], [-96.79606900026434, 32.79418199974355], [-96.79652100017597, 32.793893999728986], [-96.79716600043142, 32.79348999964685], [-96.79740099970975, 32.79332500016772], [-96.79779400007016, 32.793055000222374], [-96.79831100027909, 32.793453000353225], [-96.79885299970408, 32.79385699984828], [-96.79962400035625, 32.79449400021707], [-96.80044199996577, 32.79523899992127], [-96.80091599961868, 32.79562500030839], [-96.80124399968173, 32.79590999987694], [-96.80174099979921, 32.79632900009572], [-96.80240899962088, 32.79690199993982], [-96.80214699968006, 32.79782600016106], [-96.80297100003567, 32.79803199984115], [-96.80348800024461, 32.79819400035402], [-96.8035929998266, 32.798124000196616], [-96.8037119996523, 32.79803400012894], [-96.80403800006555, 32.79834200011707], [-96.80457500036597, 32.798824000045954], [-96.80492000014746, 32.79911799998535], [-96.80532000018056, 32.79941900022859], [-96.80519299995893, 32.7994950001314], [-96.80434500021221, 32.800026999897135], [-96.80407700042359, 32.80020699968189], [-96.80390699964596, 32.80033000031939], [-96.80383700022409, 32.8003819996476], [-96.80461800002367, 32.801022000040525], [-96.80482399988799, 32.80119100001716], [-96.80469300036674, 32.80129700011557], [-96.80442100038017, 32.80151799974333], [-96.80526499992895, 32.80230499975076], [-96.80542800013558, 32.80222099996599], [-96.80563800019786, 32.802137999822094], [-96.80584300023727, 32.80204800004237], [-96.8058249997956, 32.8022250003531], [-96.80579800003143, 32.80230999985228], [-96.80568599987843, 32.80254900014959], [-96.80566400013713, 32.80262300021243], [-96.80562399995415, 32.80273299972265], [-96.80560600041082, 32.80276300018325], [-96.80554799978617, 32.802942000002766], [-96.80551299962607, 32.803030000212175], [-96.80548599986192, 32.803158999726705], [-96.8054570004479, 32.80340099987968], [-96.80551400034929, 32.80342399990984], [-96.8055560001821, 32.80343499969242], [-96.80557999957323, 32.803449000100066], [-96.8055500003343, 32.80371400017376], [-96.80558200012136, 32.803704999830906], [-96.80572900043447, 32.8036849997369], [-96.8059229997049, 32.80368300033132], [-96.8060509997514, 32.803666999799454], [-96.80619499969147, 32.803628000048356], [-96.80626699966147, 32.80359700017592], [-96.80635700007318, 32.80355199990344], [-96.80652500030266, 32.80345600030304], [-96.80674100021274, 32.80333999967233], [-96.80693200000843, 32.80320799978591], [-96.80721400004074, 32.80303800015825], [-96.80785699974808, 32.802615000229], [-96.8080840004271, 32.80248399973741], [-96.80858599966912, 32.802118000130626], [-96.80886100002873, 32.80197599969999], [-96.80918300024402, 32.80184799970241], [-96.80953899989616, 32.801748999843284], [-96.80993300008147, 32.80167600028847], [-96.81045000029042, 32.80158500031463], [-96.81062199981956, 32.80151499980675], [-96.81080500011767, 32.801425999879655], [-96.81104699996699, 32.801302000273786], [-96.81089899982899, 32.801160999781104], [-96.81052300008535, 32.80081500000219], [-96.80969200005704, 32.80001799993608], [-96.8103640000767, 32.79963900024595], [-96.8110119998069, 32.79924200037205], [-96.8122439996932, 32.798463999797725], [-96.81245100028073, 32.79831900028235], [-96.81264200007644, 32.798172000245735], [-96.81276699974991, 32.79806300014394], [-96.81297900036034, 32.79783200028313], [-96.81316699978301, 32.79759799975337], [-96.81321100016393, 32.797483000312866], [-96.81324799997384, 32.79737899974524], [-96.81350800026485, 32.79758000009372], [-96.81366300007555, 32.79767800029421], [-96.81401000040519, 32.79789800008881], [-96.81449900012673, 32.79820899984123], [-96.8147290002805, 32.79833099970439], [-96.81485800015192, 32.79839999993663], [-96.81490099980962, 32.798162000332034], [-96.81499899971891, 32.79734899973319]]]}, "properties": {"zcta": "75201", "od2a_death_residence_rank_2016_2024": null, "od2a_death_residence_count_2016_2024": null, "od2a_opioid_ed_visits_rank_2024": null, "od2a_opioid_ed_visits_count_2024": null, "in_required_baseline_12": true, "source": null, "geometry_source": "US Census Bureau TIGERweb 2020 ZCTA (ArcGIS REST)", "retrieved": "2026-09-01"}}, {"type": "Feature", "geometry": {"type": "Polygon", "coordinates": [[[-96.82523399982429, 32.7591909999145], [-96.82530900016738, 32.759189000264165], [-96.82459799978966, 32.75807200005744], [-96.8245640003528, 32.7580139996302], [-96.8229109996187, 32.75779299994856], [-96.82293099971018, 32.7564510002024], [-96.82293400008325, 32.756332000271016], [-96.82293999993102, 32.756252999803436], [-96.82293200043341, 32.75615200009808], [-96.82288700022757, 32.75479300004379], [-96.8228899997023, 32.75463300033285], [-96.82395799955705, 32.7546230000581], [-96.8239810000216, 32.75455899963274], [-96.82399500026531, 32.754478000102665], [-96.82400399958782, 32.75434799999405], [-96.82400600013597, 32.75378000012967], [-96.82400600013597, 32.75223899981504], [-96.82337799959893, 32.75222400013243], [-96.82341899960682, 32.75068999991719], [-96.82287999965656, 32.750683999637914], [-96.82288200020469, 32.74941500024288], [-96.82285500044051, 32.74889699996878], [-96.82281100005957, 32.74803300015476], [-96.82284299984663, 32.74718299971239], [-96.82281699990737, 32.746431999796236], [-96.82281699990737, 32.74631899989673], [-96.82450200042851, 32.74635900018513], [-96.82447700031415, 32.745064000049496], [-96.82448499981176, 32.744135000108756], [-96.8245009997053, 32.743127999911074], [-96.8245009997053, 32.74225700033228], [-96.82450599972815, 32.74133100029088], [-96.82450599972815, 32.74122099966931], [-96.82450999992611, 32.74086200025421], [-96.82447700031415, 32.74017599983716], [-96.82447300011619, 32.73928299980413], [-96.82446800009332, 32.73925200018042], [-96.82447200029128, 32.73920199998466], [-96.8244589998725, 32.738266000087606], [-96.82446300007045, 32.737222999748994], [-96.82445100037489, 32.73622999967397], [-96.82444200015405, 32.73581000014341], [-96.82444499962878, 32.73542200007052], [-96.82445499967454, 32.73457800007708], [-96.82446899991824, 32.73445599971052], [-96.82414099985516, 32.73445299977992], [-96.82399899956495, 32.73445299977992], [-96.8238620001959, 32.73445299977992], [-96.82394000001372, 32.734081000046906], [-96.82402899970218, 32.73373700035836], [-96.82416099994667, 32.73333099976467], [-96.82433699967376, 32.73281499992607], [-96.82413500000739, 32.73279300027957], [-96.82375300041596, 32.73279100003663], [-96.82332900009344, 32.73284100005093], [-96.822903999946, 32.7329380000138], [-96.82270399992947, 32.733014999761146], [-96.82250599956274, 32.73307500007754], [-96.82220500016219, 32.73320899995824], [-96.8219520004422, 32.73335099980373], [-96.82172999978602, 32.733502999802724], [-96.819826999705, 32.73503899992336], [-96.81969500035882, 32.73514899986379], [-96.81886099995748, 32.73581599991314], [-96.81520899978119, 32.7388219999977], [-96.81460500043192, 32.73930599978609], [-96.81416799969062, 32.73966599984731], [-96.81363299993833, 32.74012200000306], [-96.81247800004492, 32.74109299991541], [-96.81241100009777, 32.74075700034761], [-96.81236699971683, 32.74023199971446], [-96.81235500002128, 32.74012499974284], [-96.81228200022633, 32.73977199994917], [-96.81198299957728, 32.73911299968762], [-96.81177099986517, 32.73871900006417], [-96.81172099963645, 32.73859999986796], [-96.81169399987228, 32.73850000022789], [-96.81167100030606, 32.738354000038086], [-96.8116179997043, 32.737786000201865], [-96.81087799991259, 32.73784299975689], [-96.81087799991259, 32.73866599978051], [-96.81032899991658, 32.73867000000261], [-96.81037199957429, 32.739134000368495], [-96.80976999987485, 32.73913299994039], [-96.80923799959727, 32.739123000192386], [-96.80845900034583, 32.73910900024099], [-96.80789699993106, 32.73911299968762], [-96.80734999958486, 32.73911499978863], [-96.80736399982858, 32.738695999930655], [-96.80543800018133, 32.738698000041076], [-96.80542300011271, 32.73911600021693], [-96.80318299974778, 32.7391050000386], [-96.80308200036374, 32.73911499978863], [-96.8029729996855, 32.739134000368495], [-96.80270099969894, 32.73913099983973], [-96.80232300030546, 32.73912699963833], [-96.80242299986459, 32.73860100030205], [-96.7996910003034, 32.738613000220965], [-96.79945399957863, 32.73913200026786], [-96.79937400011099, 32.73913000016723], [-96.79899599981921, 32.73910000016314], [-96.7986219997254, 32.73906100006721], [-96.79869000039578, 32.73878400021214], [-96.79877800025933, 32.73835699983737], [-96.79884000018359, 32.73808700011763], [-96.79884199983343, 32.73806199969646], [-96.79886299974982, 32.73798900002824], [-96.7989039997577, 32.737774999859376], [-96.7989809997506, 32.737414999715234], [-96.79902799960627, 32.73726699987224], [-96.79919300036102, 32.73679800035973], [-96.7992760002017, 32.7365240001323], [-96.79937900013384, 32.73616200005694], [-96.79952899992169, 32.73556700006176], [-96.79957499995244, 32.735401999740574], [-96.80013099962113, 32.733257000261254], [-96.80014800023788, 32.73291400015747], [-96.80014800023788, 32.73260100017993], [-96.80013900001704, 32.73231700014013], [-96.80012200029861, 32.732185999681136], [-96.80004399958248, 32.73168999967134], [-96.79990600038855, 32.73103599967516], [-96.79982799967242, 32.73074500006173], [-96.79971499969452, 32.730424000352244], [-96.79956800027973, 32.73007499977094], [-96.79909200007867, 32.72906999971687], [-96.79897900010077, 32.728792999793846], [-96.79897499990281, 32.72877099991038], [-96.79904000020015, 32.72873100003966], [-96.79949600030973, 32.728561000199946], [-96.799482000066, 32.72849300002215], [-96.7994169997687, 32.72834300013564], [-96.7993959998523, 32.72814599978532], [-96.79942000014174, 32.72790100037267], [-96.79946500034758, 32.727584000210605], [-96.79958800037123, 32.72737899974879], [-96.79968100025765, 32.72720900035387], [-96.79971899989248, 32.7270359996988], [-96.79976699957305, 32.726928999754676], [-96.79979699971028, 32.72680800006573], [-96.7998040002813, 32.726684000020455], [-96.79984600011409, 32.72654500033157], [-96.79970600037201, 32.72641600008924], [-96.79951200020325, 32.726263000280476], [-96.79964100007469, 32.72611000020916], [-96.79979699971028, 32.72594600034004], [-96.80003100006202, 32.72575700007526], [-96.8002260000557, 32.7255999998386], [-96.80143600020068, 32.7246829998165], [-96.80163899969195, 32.724516000080506], [-96.80183799988357, 32.724322999697264], [-96.80201100013595, 32.72414100016705], [-96.80215800044904, 32.723959000265396], [-96.80226600040407, 32.72381000015235], [-96.80235699974236, 32.72366400008409], [-96.80282899974546, 32.72270200021073], [-96.80313000004435, 32.72207400027222], [-96.80327800018235, 32.721772999941955], [-96.80341799992442, 32.721457999650774], [-96.80354900034399, 32.72110699974304], [-96.80362399978874, 32.72073199985247], [-96.80372699972091, 32.72015900015433], [-96.80366300014681, 32.720156999627974], [-96.80359399965151, 32.720156999627974], [-96.80316600002935, 32.72014199983536], [-96.80277400039219, 32.72014299972082], [-96.8025430004135, 32.720138000293296], [-96.8016210001486, 32.720539000348204], [-96.80118000010764, 32.72054499963426], [-96.80125299990257, 32.72111400037696], [-96.8010789998253, 32.72124499972301], [-96.80098199974091, 32.72133399972276], [-96.80090999977091, 32.72140899992537], [-96.80078699974725, 32.72156699985345], [-96.80053999987504, 32.7218149996448], [-96.80067600031748, 32.72157199995664], [-96.80054800027095, 32.72155300016771], [-96.80043699994289, 32.72151599969202], [-96.79977800034202, 32.721224000117736], [-96.79893399989493, 32.720854999984354], [-96.7976009997263, 32.72030099962469], [-96.79692399968377, 32.72002399966581], [-96.79641499987075, 32.719799999798354], [-96.79624599981635, 32.719723999863945], [-96.79614899973198, 32.71967599983217], [-96.7961010000514, 32.719635999660056], [-96.79606199969332, 32.71957899979944], [-96.7960089999899, 32.71944499983776], [-96.79524599973364, 32.719570999908896], [-96.79438899976607, 32.719748000248], [-96.79382899989943, 32.71983800011914], [-96.79340899977485, 32.71987599966799], [-96.79295600003833, 32.71988400028696], [-96.7925030003018, 32.71986099982813], [-96.79242200011093, 32.71984899965208], [-96.79223700016301, 32.719821999628046], [-96.7920039996362, 32.719778999852785], [-96.79162000039496, 32.71968899992205], [-96.79100299972859, 32.71949499977933], [-96.79037400026495, 32.719264999967166], [-96.79032700040929, 32.71936599991831], [-96.79049200026573, 32.71942299991508], [-96.7910320000409, 32.71967300016001], [-96.79125999964653, 32.719749000137874], [-96.79198600009285, 32.719934999870176], [-96.79220600020088, 32.71996899982806], [-96.79226099955414, 32.719999000224696], [-96.79226800012516, 32.72005499993044], [-96.79226800012516, 32.72010799994342], [-96.79222499956913, 32.720191000256946], [-96.79212500001003, 32.720284000088576], [-96.79201399968194, 32.720354000247255], [-96.78703099988516, 32.72243100006734], [-96.78710200003027, 32.72265599998507], [-96.78717400000029, 32.72299599994252], [-96.78750999956095, 32.724977999649326], [-96.78757300020845, 32.72519499979997], [-96.7876329995846, 32.72531299992837], [-96.78771999962325, 32.72543300030865], [-96.7878150000578, 32.72553599972531], [-96.78788299982988, 32.7255999998386], [-96.78796599967053, 32.72566499972941], [-96.78808500039453, 32.725743000291615], [-96.78903699989837, 32.72619700025232], [-96.78926600022723, 32.72631200036143], [-96.78958300041961, 32.726517000253835], [-96.78985200003314, 32.726725999677285], [-96.7903430003028, 32.72704299986726], [-96.78959299956705, 32.72740999972353], [-96.78844299969651, 32.727921999916894], [-96.78738200041276, 32.72847400019663], [-96.78653299994279, 32.728869000311256], [-96.78551699996656, 32.7293459997526], [-96.78539200029309, 32.72942799999835], [-96.78519099955332, 32.7295219998002], [-96.78448099989883, 32.72985400030073], [-96.78336799983825, 32.730406999723364], [-96.78264800013802, 32.730744000295154], [-96.782027000172, 32.73104900037586], [-96.77939099997194, 32.73231700014013], [-96.77825600017003, 32.73285299998973], [-96.78031099968872, 32.7373979996641], [-96.78064399977464, 32.73814400023577], [-96.78082600024783, 32.73871200005698], [-96.78091300028647, 32.739134000368495], [-96.7810000003251, 32.73962999975547], [-96.78106499972411, 32.74010499971266], [-96.78110900010503, 32.74081999970194], [-96.78110900010503, 32.74122499977671], [-96.78106499972411, 32.741645999877036], [-96.7810000003251, 32.7420860002054], [-96.78086899990555, 32.74252500023772], [-96.78071699956958, 32.74300300027272], [-96.78046700022263, 32.74358900010778], [-96.78007399986225, 32.744396999707206], [-96.7798450004317, 32.74493700013475], [-96.77841799965343, 32.747971000185146], [-96.77753300009677, 32.74991299967624], [-96.77769600030337, 32.74988899985841], [-96.77790100034278, 32.74981700036614], [-96.77827899973624, 32.74977799967253], [-96.77861500019523, 32.74980900016714], [-96.77912400000825, 32.74995799988381], [-96.7796699996312, 32.75018299982534], [-96.78005899979364, 32.75043499978017], [-96.78033499997815, 32.75071400027467], [-96.78051900010118, 32.75088600000331], [-96.78092800035509, 32.751291999943], [-96.78117000020441, 32.751480999700505], [-96.7814430000159, 32.75167999966328], [-96.78177399955368, 32.75189600024729], [-96.78235400041014, 32.752186000018746], [-96.78260600030521, 32.75222299985131], [-96.7826620003817, 32.75222599993917], [-96.78275500026814, 32.75222299985131], [-96.78279100025314, 32.75221199978019], [-96.78291500010171, 32.752214000342704], [-96.78336899966314, 32.75214999969723], [-96.78359600034219, 32.752085999761334], [-96.78382200029799, 32.751986999675445], [-96.78408199969067, 32.75182299982519], [-96.78435200002743, 32.75167799984433], [-96.78471900044853, 32.75150499984485], [-96.7851179997584, 32.75136000010177], [-96.78545300039247, 32.75125999967252], [-96.78583099978593, 32.751215000122656], [-96.7864070004444, 32.7512120000008], [-96.78675999972351, 32.75123300009641], [-96.78721400018327, 32.7512779996372], [-96.78744099996399, 32.75133099997373], [-96.78768799983621, 32.75139599998706], [-96.78792399983774, 32.75148599963665], [-96.78807799982353, 32.7515510002924], [-96.78820099984718, 32.75161199974881], [-96.78989499969084, 32.7523899998029], [-96.79116699976011, 32.753067999950346], [-96.79149099962521, 32.75327300025017], [-96.79266099958723, 32.75397099966368], [-96.79587000007272, 32.755871000292736], [-96.79731899969399, 32.756558999685026], [-96.79807100007957, 32.75698400000069], [-96.79974700037988, 32.7580819999449], [-96.80015499991059, 32.75843300004368], [-96.80120699987182, 32.75938199993053], [-96.80202700002945, 32.76009800025972], [-96.80403300004266, 32.76158699973693], [-96.80420999959468, 32.76169999990742], [-96.8053240003785, 32.76241800006009], [-96.80598700017732, 32.762792999809704], [-96.80612000024671, 32.7628330002538], [-96.8064790002719, 32.76294400003232], [-96.80658800005185, 32.76300600015465], [-96.80712399962907, 32.76330999993451], [-96.80762900014243, 32.76347899980059], [-96.80952800002551, 32.76398500034655], [-96.81082600003404, 32.764549999655166], [-96.81108700014997, 32.76478400025076], [-96.8115330002138, 32.76492599962795], [-96.8117599999945, 32.76503699981853], [-96.81222600014983, 32.76520600018325], [-96.81251999987771, 32.76528699977495], [-96.81275500005435, 32.76498500022284], [-96.8140329999714, 32.76335900004049], [-96.81439299982151, 32.762894999698005], [-96.81464999973946, 32.762656000116486], [-96.81481299994607, 32.762547999719054], [-96.8150110003128, 32.762433000291935], [-96.8153350001779, 32.76227100037395], [-96.81558299987502, 32.762374999683686], [-96.81534500022364, 32.7627239999079], [-96.81597899971014, 32.76304099970506], [-96.81598600028114, 32.76246900023365], [-96.81683999987567, 32.7626330001198], [-96.81702599964851, 32.762684000170196], [-96.81726199965006, 32.76272699964194], [-96.81749299962874, 32.76277999996367], [-96.817750000445, 32.762852999713715], [-96.81799499976908, 32.76295299996751], [-96.81817700024227, 32.76305300010893], [-96.81830699993861, 32.76314300006466], [-96.81837499971067, 32.76318999994662], [-96.8185670002296, 32.76335699972837], [-96.81885400028477, 32.763587999977574], [-96.8191449996396, 32.76384700007084], [-96.819389999862, 32.764056999715784], [-96.81946699985488, 32.76410500001831], [-96.81956999978705, 32.76414200018662], [-96.81981699965924, 32.76414200018662], [-96.81982900025312, 32.76513400023245], [-96.81982199968212, 32.7660390002161], [-96.82138699965435, 32.766046999712515], [-96.82138900020249, 32.76698500026916], [-96.82284299984663, 32.76698500026916], [-96.82284799986951, 32.76636499988599], [-96.82284700004459, 32.76607000033803], [-96.82285899974016, 32.7651199998366], [-96.82288700022757, 32.76413899974482], [-96.82288800005247, 32.76402099966071], [-96.82289399990027, 32.76367199998831], [-96.82291499981666, 32.76232900029452], [-96.82293499990814, 32.761552000370315], [-96.82293599973306, 32.76051699993219], [-96.82292400003749, 32.758893000150984], [-96.82409399999952, 32.759041999779676], [-96.8249650002108, 32.75915100010053], [-96.82523399982429, 32.7591909999145]]]}, "properties": {"zcta": "75203", "od2a_death_residence_rank_2016_2024": null, "od2a_death_residence_count_2016_2024": null, "od2a_opioid_ed_visits_rank_2024": null, "od2a_opioid_ed_visits_count_2024": null, "in_required_baseline_12": true, "source": null, "geometry_source": "US Census Bureau TIGERweb 2020 ZCTA (ArcGIS REST)", "retrieved": "2026-09-01"}}, {"type": "Feature", "geometry": {"type": "Polygon", "coordinates": [[[-96.80519299995893, 32.7994950001314], [-96.80532000018056, 32.79941900022859], [-96.80492000014746, 32.79911799998535], [-96.80457500036597, 32.798824000045954], [-96.80403800006555, 32.79834200011707], [-96.8037119996523, 32.79803400012894], [-96.8035929998266, 32.798124000196616], [-96.80348800024461, 32.79819400035402], [-96.80297100003567, 32.79803199984115], [-96.80214699968006, 32.79782600016106], [-96.80240899962088, 32.79690199993982], [-96.80174099979921, 32.79632900009572], [-96.80124399968173, 32.79590999987694], [-96.80091599961868, 32.79562500030839], [-96.80044199996577, 32.79523899992127], [-96.79962400035625, 32.79449400021707], [-96.79885299970408, 32.79385699984828], [-96.79831100027909, 32.793453000353225], [-96.79779400007016, 32.793055000222374], [-96.79740099970975, 32.79332500016772], [-96.79716600043142, 32.79348999964685], [-96.79652100017597, 32.793893999728986], [-96.79606900026434, 32.79418199974355], [-96.7950809998772, 32.794883000222974], [-96.79482899998213, 32.79505300034153], [-96.79459800000345, 32.79521900018809], [-96.79438700011626, 32.79547999993885], [-96.79423700032842, 32.79570600015149], [-96.79411199975665, 32.79586399969839], [-96.79396000031899, 32.796148000223624], [-96.79379000043967, 32.7965250001258], [-96.7935889996999, 32.797004999777215], [-96.79349400016366, 32.79727700011594], [-96.79340799994993, 32.797696999704144], [-96.79338200001068, 32.79805900032468], [-96.79340100027726, 32.798501000026825], [-96.79341999964552, 32.798645000241066], [-96.79342999969126, 32.798817999990824], [-96.79346599967627, 32.79913600008875], [-96.79332699975909, 32.79900199973499], [-96.79317399959822, 32.79887199971718], [-96.79317000029857, 32.7988110001777], [-96.79315500022996, 32.798497999988385], [-96.79311099984902, 32.79776700019774], [-96.79312799956747, 32.79732799994521], [-96.7931300001156, 32.797129000090344], [-96.79310900019921, 32.79627500033513], [-96.79312000006986, 32.795956000031666], [-96.79311199967393, 32.79574600014934], [-96.79309800032854, 32.79549300029407], [-96.79307599968892, 32.795301000198094], [-96.79303600040427, 32.79499700020513], [-96.79301399976464, 32.79490699999288], [-96.79294500016766, 32.79446000000564], [-96.79292000005331, 32.794325000348216], [-96.79290800035776, 32.793754000140105], [-96.79283100036484, 32.79313200010019], [-96.79282399979385, 32.79303099995263], [-96.79279399965661, 32.792690000139835], [-96.79276900044057, 32.7924880002364], [-96.79275600002178, 32.792379999793276], [-96.79259299981517, 32.79064699978405], [-96.79255500018033, 32.79042100030746], [-96.79252599986802, 32.7901860000556], [-96.79241399971502, 32.78928800000283], [-96.79239799982149, 32.788927999662576], [-96.79239399962354, 32.78876700026395], [-96.79239299979862, 32.78873399999942], [-96.79238399957778, 32.788622999912334], [-96.7923700002324, 32.78845199971112], [-96.79236799968427, 32.78842199970821], [-96.79235900036174, 32.78831699999579], [-96.79235500016378, 32.78826800003721], [-96.7923559999887, 32.7881310002873], [-96.79235299961564, 32.78718099965618], [-96.79230099973712, 32.786452000274465], [-96.79229700043747, 32.78638700017825], [-96.79228999986645, 32.78633500021818], [-96.7922859996685, 32.786265999686904], [-96.79228300019378, 32.78619699985725], [-96.79222899976709, 32.78594499992623], [-96.79220799985069, 32.785830999668974], [-96.79216900039096, 32.78569900022203], [-96.7920880002001, 32.78547699988658], [-96.79196500017645, 32.785202999885676], [-96.791904999902, 32.78508800027612], [-96.79183700012993, 32.78497000002305], [-96.79172499997694, 32.78482999998058], [-96.79162399969461, 32.78468899980143], [-96.79140399958656, 32.78446999972284], [-96.79123200005742, 32.784279999838596], [-96.79099900042894, 32.78406699980388], [-96.79089700032168, 32.78409799968817], [-96.79058799962688, 32.78419299987535], [-96.79032300021133, 32.784251999781574], [-96.79017300042351, 32.784297000003725], [-96.7899700000339, 32.78436799963667], [-96.78950899990147, 32.78456800002125], [-96.789532000366, 32.784730000139035], [-96.78954700043461, 32.78483199981009], [-96.78958500006944, 32.78518300016129], [-96.78942500023588, 32.78528599997779], [-96.78933900002215, 32.78535100012329], [-96.7888219998132, 32.78578099994728], [-96.78846500033613, 32.78548599980887], [-96.78816599968708, 32.785235000039556], [-96.78799499998286, 32.78531900001114], [-96.78786699993634, 32.7853949998811], [-96.7877239998212, 32.785456000316], [-96.78806799977778, 32.78574700018091], [-96.78715499973373, 32.78654800010885], [-96.78706699987018, 32.78661699966617], [-96.7866600001644, 32.786270999935105], [-96.78641699959184, 32.78646199999454], [-96.78612700006192, 32.78666900021661], [-96.78588100001464, 32.786838000285215], [-96.78627000017704, 32.787218999936606], [-96.78538399989716, 32.78782400030745], [-96.78433899960864, 32.788569000003505], [-96.78373299971122, 32.78900500009278], [-96.78332400035562, 32.78928999973211], [-96.7825069996727, 32.78989200003589], [-96.7828659996979, 32.79024800007953], [-96.78186700033842, 32.79109700034633], [-96.78142999959711, 32.79147100024235], [-96.78101200002068, 32.79177000026772], [-96.78042600021475, 32.7922509997423], [-96.78001100011306, 32.79261699994359], [-96.77948200020853, 32.79306899999916], [-96.77870300005877, 32.79238600028278], [-96.77799699970394, 32.792979000101106], [-96.77687500032081, 32.79391299994746], [-96.7752199999369, 32.79529899984882], [-96.77591899972073, 32.79591799970858], [-96.77531700002127, 32.7963670002432], [-96.77485400023902, 32.79671200018328], [-96.77481499988095, 32.79667700028322], [-96.77420599961049, 32.796131000058175], [-96.77392699995123, 32.79636100002227], [-96.77354000033695, 32.79667999962791], [-96.77269199969189, 32.79737599966899], [-96.77307099980857, 32.797714000325314], [-96.77220399979525, 32.79847200015469], [-96.77130900019284, 32.79922700030399], [-96.77086499977885, 32.799606999988924], [-96.77123999969756, 32.79995800017245], [-96.77079899965659, 32.800345000201304], [-96.770566999853, 32.80016199995865], [-96.77041700006517, 32.800281999925105], [-96.77026999975207, 32.80014700004581], [-96.77020399962984, 32.800087000369246], [-96.77009700039804, 32.80017800036621], [-96.76993099981837, 32.80031799965694], [-96.76982500041147, 32.800225000319855], [-96.76951599971667, 32.79995399968339], [-96.76931099967727, 32.800134000371], [-96.76948599957944, 32.800284999903305], [-96.77015199975132, 32.80086300010876], [-96.77066200028757, 32.80129400017148], [-96.77147200039948, 32.80201599989741], [-96.77155299969202, 32.80208399981418], [-96.77236100015409, 32.802732000009165], [-96.7735520000325, 32.80378899972351], [-96.77438700025877, 32.804524000117105], [-96.77521099971605, 32.80523499972285], [-96.77630000038555, 32.80617599992607], [-96.77661699967963, 32.80645700020798], [-96.77643099990681, 32.80662700009231], [-96.77633499964733, 32.80671400000508], [-96.77644699980031, 32.80683299976515], [-96.7762979998374, 32.80696800006152], [-96.77801099994764, 32.808464999922506], [-96.77811300005489, 32.808378000213615], [-96.7784710002552, 32.808072000326845], [-96.77906700010685, 32.80856900035656], [-96.77929499971248, 32.80876000008904], [-96.77882799973224, 32.80912299984854], [-96.77875199956426, 32.809181999825334], [-96.77954599978264, 32.80987000005499], [-96.78003600022743, 32.81029199980576], [-96.78099799977697, 32.811118999771395], [-96.78131300031956, 32.81139000034462], [-96.78138500028957, 32.811325000357684], [-96.78144899986367, 32.81126699991106], [-96.78152300038184, 32.81133700028916], [-96.78191800039204, 32.81102900002511], [-96.78212099988332, 32.81120300020739], [-96.782167999739, 32.81124199965479], [-96.78319899978382, 32.81215100016264], [-96.78380600040445, 32.81267400024846], [-96.78422999982867, 32.81305199987813], [-96.78472100009836, 32.81346500026382], [-96.78501700037437, 32.81372000024548], [-96.78579999982377, 32.81440400023265], [-96.78623900021492, 32.81479299993962], [-96.78634600034503, 32.81488799979759], [-96.7864569997748, 32.814976999834606], [-96.78654399981345, 32.815028999653805], [-96.78683000004372, 32.81514300022535], [-96.78706500022035, 32.815118000304565], [-96.78740800035203, 32.81516199967723], [-96.78759300029996, 32.815189999815765], [-96.78784099999707, 32.81523799970912], [-96.7890679998605, 32.81543800011805], [-96.7892159999985, 32.815482000087236], [-96.78935800028873, 32.81552200024618], [-96.7896100001838, 32.8155899996446], [-96.78983399959148, 32.81566600006532], [-96.79102700001802, 32.81604199991898], [-96.79249099970791, 32.8165520002135], [-96.79380999963284, 32.81703900032476], [-96.79482300013434, 32.817422000265516], [-96.79539899989452, 32.81767799976075], [-96.79532899957432, 32.81780699990805], [-96.7957789998361, 32.81799899971028], [-96.7964040000001, 32.81826799985194], [-96.79656200018385, 32.818252999974916], [-96.79682999997245, 32.81839300023837], [-96.7965579999859, 32.81886799964986], [-96.79723300037857, 32.81916499982084], [-96.79760699957409, 32.8187559999046], [-96.79803199972152, 32.81896200014942], [-96.79822800043841, 32.819065000092735], [-96.79861000002983, 32.81929400007387], [-96.79873200022857, 32.81938199994587], [-96.79886100009999, 32.81926500019128], [-96.79897800027587, 32.819287000363374], [-96.79911100034525, 32.819311999865995], [-96.79917599974426, 32.819055000264754], [-96.79920500005659, 32.81894499981751], [-96.7994310000124, 32.81894400028638], [-96.79974400000683, 32.81894400028638], [-96.7999869996811, 32.81897000017132], [-96.79996499993979, 32.81881599981267], [-96.79992300010697, 32.81851700015805], [-96.79987899972605, 32.81832000000987], [-96.79974400000683, 32.81797699997414], [-96.79956999992956, 32.81768099990675], [-96.79941500011886, 32.817382000207004], [-96.79938599980656, 32.817223000098274], [-96.79888799986418, 32.81622600024732], [-96.79886299974982, 32.816183000208774], [-96.79871799998486, 32.81587300024586], [-96.79866799975615, 32.81567899973345], [-96.79865699988551, 32.815547000053236], [-96.79865299968753, 32.815441000339696], [-96.79865699988551, 32.81534499999146], [-96.79875999981766, 32.8150459999801], [-96.79878099973405, 32.81499900031353], [-96.79869100022067, 32.81501099974888], [-96.79862300044863, 32.81501599989059], [-96.79833700021837, 32.81504999978999], [-96.79836800018049, 32.81494299990733], [-96.79842699973172, 32.814566000352485], [-96.79845600004404, 32.81438299994385], [-96.79853100038713, 32.814006000277985], [-96.79854300008267, 32.81382799967959], [-96.79855499977825, 32.81374400021494], [-96.79854100043286, 32.813626000239715], [-96.79849200002906, 32.813484999667104], [-96.79841699968598, 32.813330000021686], [-96.79837700040133, 32.81322000003628], [-96.79837900005116, 32.813122000360146], [-96.79842799955664, 32.81300600026478], [-96.79864900038788, 32.8127299998197], [-96.798897000085, 32.81245400002732], [-96.79897800027587, 32.81240099985149], [-96.79910999962203, 32.81229999969948], [-96.79930399979078, 32.812207000063474], [-96.7994939997616, 32.812099999777374], [-96.79958499999817, 32.81202299971758], [-96.79920900025455, 32.811717999913434], [-96.79970600037201, 32.81125299997983], [-96.79983400041854, 32.81112600012538], [-96.80000900032071, 32.81093999980881], [-96.8001709998041, 32.81075500023629], [-96.80025899966765, 32.81065700010667], [-96.80035800030016, 32.810518999740964], [-96.8004739997528, 32.81033899969694], [-96.80065399967788, 32.810040999837646], [-96.80077199967863, 32.80979199993889], [-96.80089399987736, 32.80955599990636], [-96.80141799975902, 32.80847199973046], [-96.8018389997085, 32.807581000002145], [-96.80223700009175, 32.80664500018536], [-96.8032270001287, 32.80469100009375], [-96.80334900032744, 32.80443700032595], [-96.80352400022963, 32.80408799985669], [-96.80368999991099, 32.80379399974161], [-96.80381299993464, 32.80360299990852], [-96.80387599968383, 32.80351399980658], [-96.80410599983759, 32.803232000328975], [-96.80413799962464, 32.803192999632], [-96.8042959998084, 32.8030270003266], [-96.80469900021453, 32.802684000156695], [-96.8048020001467, 32.80261000014463], [-96.80494899956147, 32.80252599989298], [-96.80519600033199, 32.802341999891475], [-96.80526499992895, 32.80230499975076], [-96.80442100038017, 32.80151799974333], [-96.80469300036674, 32.80129700011557], [-96.80482399988799, 32.80119100001716], [-96.80461800002367, 32.801022000040525], [-96.80383700022409, 32.8003819996476], [-96.80390699964596, 32.80033000031939], [-96.80407700042359, 32.80020699968189], [-96.80434500021221, 32.800026999897135], [-96.80519299995893, 32.7994950001314]]]}, "properties": {"zcta": "75204", "od2a_death_residence_rank_2016_2024": null, "od2a_death_residence_count_2016_2024": null, "od2a_opioid_ed_visits_rank_2024": null, "od2a_opioid_ed_visits_count_2024": null, "in_required_baseline_12": true, "source": null, "geometry_source": "US Census Bureau TIGERweb 2020 ZCTA (ArcGIS REST)", "retrieved": "2026-09-01"}}, {"type": "Feature", "geometry": {"type": "Polygon", "coordinates": [[[-96.7696649996796, 32.77831800017672], [-96.76978100003055, 32.77806399984878], [-96.76895699967493, 32.77733999977008], [-96.76880799971201, 32.77719999980545], [-96.76800699982094, 32.776539000018445], [-96.76732999977843, 32.775962000351086], [-96.76717800034078, 32.775852000204566], [-96.7670450002714, 32.77579800009662], [-96.76604699983851, 32.77492599974691], [-96.76510799985518, 32.77418600002381], [-96.76461300028585, 32.77384799983831], [-96.76379499977803, 32.77315900030705], [-96.7628719996882, 32.772454999922395], [-96.76258899983098, 32.77224300033784], [-96.76207499999508, 32.771834999872944], [-96.7611319998138, 32.77113599993353], [-96.76038000032652, 32.77058100012085], [-96.7599569998289, 32.77024800023384], [-96.7592179998621, 32.76965499995892], [-96.7591190001279, 32.769575999981996], [-96.75770999979129, 32.76852299966549], [-96.75754800030789, 32.76842100018253], [-96.7573449999183, 32.768311999880055], [-96.756774000181, 32.76799399986354], [-96.75528700002657, 32.76735399975462], [-96.75506500026873, 32.767265999748076], [-96.75468899962677, 32.76707899972854], [-96.75455899993044, 32.7670129997167], [-96.75317100040851, 32.766693000110095], [-96.7526769997658, 32.7665810003537], [-96.7524020003045, 32.76656800030541], [-96.75093100004361, 32.76647800003521], [-96.75016100011466, 32.76582400007248], [-96.74938600016286, 32.76512700003482], [-96.74913400026777, 32.764926999766374], [-96.74859299976937, 32.764472999967154], [-96.74845800005018, 32.76435400018088], [-96.74778400038072, 32.763747000065756], [-96.7476010000826, 32.76358500027254], [-96.74822200004861, 32.763035999662215], [-96.74750599964804, 32.762434999869384], [-96.74687399981137, 32.76295599969384], [-96.74675800035872, 32.76291700022145], [-96.7463690001963, 32.762606999623685], [-96.74570399984935, 32.76206500022041], [-96.74562100000867, 32.76198900006542], [-96.74569700017666, 32.76192000029589], [-96.74505100009628, 32.761356000339326], [-96.74442699975722, 32.76080700033757], [-96.74432100035031, 32.76071499991531], [-96.7436300000641, 32.76012600036242], [-96.7432710000389, 32.75979000005991], [-96.74248199984339, 32.759153999955], [-96.74210000025197, 32.75886800028008], [-96.74158499969285, 32.75847399963565], [-96.74122700039086, 32.75815799965752], [-96.74084900009909, 32.757822999701666], [-96.74075799986251, 32.757736999778054], [-96.74069199974026, 32.75768199979215], [-96.73849599975627, 32.75579699986582], [-96.73807800017984, 32.75543700001528], [-96.7380260003013, 32.75548100020941], [-96.73794699976025, 32.75551099998584], [-96.73761299984943, 32.75551399996295], [-96.73756900036682, 32.75551099998584], [-96.73748800017594, 32.755493000121206], [-96.73738699989362, 32.7554519999122], [-96.73724700015154, 32.755360000001026], [-96.73720100012079, 32.755322999960676], [-96.73716299958764, 32.755312000272404], [-96.73711900010501, 32.75530800004203], [-96.73692199956321, 32.75533900012292], [-96.73673300031564, 32.75536199973736], [-96.73657299958376, 32.75538900032815], [-96.7364639998038, 32.75541600015538], [-96.73641399957509, 32.75543299979052], [-96.73635699967369, 32.755471000029814], [-96.7363369995822, 32.75549600009886], [-96.73632800025968, 32.75552100016094], [-96.73632800025968, 32.75555699987531], [-96.73634099978015, 32.75558600013833], [-96.73649499976594, 32.7557640002171], [-96.73656000006326, 32.755818999876674], [-96.73664299990395, 32.75592199968338], [-96.7367099998511, 32.75603800020326], [-96.73672300026989, 32.75609200021138], [-96.73670800020128, 32.756134000362955], [-96.73665200012478, 32.75618899979398], [-96.73662299981245, 32.75621099970799], [-96.73657900032984, 32.75622099980448], [-96.73654900019262, 32.756222000040694], [-96.73651700040557, 32.7562149998978], [-96.73649099956798, 32.75620300008329], [-96.73643600021472, 32.756159999727366], [-96.73629700029755, 32.75597899972328], [-96.73626200013746, 32.755966999876975], [-96.73622299977939, 32.755966999876975], [-96.73614499996158, 32.75597400003935], [-96.73604799987719, 32.75595099982755], [-96.73597599990718, 32.755947999865164], [-96.73590999978492, 32.755959000230355], [-96.73586100027946, 32.75597599976184], [-96.73580600002786, 32.756017999968115], [-96.7357580003473, 32.75606400035119], [-96.73573999990562, 32.75610100008369], [-96.73573599970767, 32.75615900024594], [-96.73574400010358, 32.7561959999389], [-96.7358779999979, 32.75636000004696], [-96.73595199961774, 32.75645800032674], [-96.73600100002155, 32.75655699997559], [-96.7359919998007, 32.756623000184014], [-96.7359709998843, 32.75664999963707], [-96.73594300029522, 32.75666699979217], [-96.73569200022504, 32.756695999693676], [-96.73564399964616, 32.75671100013401], [-96.73559299959253, 32.75674199972653], [-96.7355270003686, 32.75681900005676], [-96.73550999975186, 32.75686200009448], [-96.73549700023138, 32.75691099997163], [-96.73550100042934, 32.75699400001032], [-96.7355270003686, 32.75712699995656], [-96.7355270003686, 32.75715800015974], [-96.73550999975186, 32.75719599966299], [-96.73547499959176, 32.75723099998631], [-96.73545399967537, 32.75724299966231], [-96.73539199975107, 32.757253999867544], [-96.73534099969746, 32.7572520001737], [-96.73528799999401, 32.757236999824485], [-96.73524899963594, 32.7572110000191], [-96.73520599997825, 32.7571520003162], [-96.73512800016043, 32.75707200034938], [-96.73509700019831, 32.757058000196736], [-96.73503500027401, 32.757048000194224], [-96.73498000002243, 32.75705400004478], [-96.73492300012103, 32.75707100012272], [-96.73489700018175, 32.757094000045264], [-96.73487100024249, 32.75714500024646], [-96.73484399957998, 32.75717200029672], [-96.73481400034109, 32.75719200027271], [-96.73473999982292, 32.757209999793936], [-96.73464500028668, 32.757203999953944], [-96.73457599979139, 32.75716999984556], [-96.73453599960843, 32.757129999879226], [-96.73452399991285, 32.757094000045264], [-96.73451100039237, 32.75700599971826], [-96.7344710002094, 32.75691299967313], [-96.73444600009505, 32.756892999634445], [-96.73439300039159, 32.75687099988897], [-96.73418800035218, 32.75684499997665], [-96.7340760001992, 32.75684900013799], [-96.73398800033564, 32.75686999966004], [-96.73393200025914, 32.75689600032045], [-96.73388000038062, 32.75693200023447], [-96.73385000024338, 32.75696599967825], [-96.73381900028124, 32.75701299979896], [-96.7337940001669, 32.75706800019807], [-96.73377700044846, 32.75711500026494], [-96.73377599972522, 32.7571520003162], [-96.73379300034198, 32.75719500019312], [-96.73383299962663, 32.75723099998631], [-96.7338719999847, 32.7572620001533], [-96.7339149996424, 32.75727900019152], [-96.73409700011558, 32.75732300023098], [-96.73423600003277, 32.757370999631114], [-96.73427200001777, 32.75739700014531], [-96.73430600035297, 32.7574280002545], [-96.73433300011715, 32.757473999909244], [-96.73437099975199, 32.757633999804185], [-96.73437999997282, 32.7577040000928], [-96.73436699955403, 32.7577649998677], [-96.73435400003353, 32.75779499963024], [-96.73431399985057, 32.757830999936296], [-96.73426299979694, 32.757857000316136], [-96.7341759997583, 32.75786400032995], [-96.73412399987978, 32.75786099967661], [-96.73388899970314, 32.75780500030429], [-96.73374899996105, 32.75773200019283], [-96.73368500038696, 32.75771400002157], [-96.73360699967083, 32.75771400002157], [-96.73353300005098, 32.757721000046644], [-96.7334850003704, 32.757746000239514], [-96.73344099998947, 32.75778100034668], [-96.73340199963141, 32.75781900033955], [-96.73335499977574, 32.757881999715416], [-96.73331999961565, 32.757944000340736], [-96.73326299971423, 32.75802000017113], [-96.73322699972923, 32.75804100017244], [-96.73318400007153, 32.75804899963203], [-96.73277200034288, 32.75807900005436], [-96.73272100028925, 32.75809499972144], [-96.73263699972534, 32.75816000008643], [-96.73218599963863, 32.75856799977132], [-96.73214600035398, 32.75861000026604], [-96.73204699972146, 32.75877499991318], [-96.73203699967573, 32.75879900035834], [-96.7320209997822, 32.758838000123625], [-96.73201199956137, 32.758896000014104], [-96.73201199956137, 32.75896600006613], [-96.73202699962998, 32.75922900006107], [-96.73205400029248, 32.75945999968873], [-96.73208000023175, 32.75956100017486], [-96.732106000171, 32.75962099999056], [-96.73214100033111, 32.759679000126475], [-96.73217999979086, 32.75972900016128], [-96.7327749998176, 32.76028899984111], [-96.7327880002364, 32.760310000062766], [-96.73279300025926, 32.76033699990882], [-96.73278400003844, 32.760362000122676], [-96.73271899974111, 32.76044499996648], [-96.73263599990044, 32.7605790002337], [-96.7325270001205, 32.760775999893895], [-96.73249199996039, 32.76081900028711], [-96.73244500010473, 32.76086700006909], [-96.73240499992176, 32.76090000009305], [-96.73235300004322, 32.76092600033221], [-96.73227500022541, 32.76094299967094], [-96.73204099987367, 32.76097299987368], [-96.73199700039106, 32.76098400037352], [-96.73194999963708, 32.76098999995887], [-96.73180900007009, 32.76107400015444], [-96.7317889999786, 32.76115300012216], [-96.73181800029093, 32.76132699968911], [-96.73181099971991, 32.76146500009375], [-96.73176100038953, 32.76157799966371], [-96.73153299988556, 32.76171100031744], [-96.73143300032646, 32.761783000014844], [-96.73136100035643, 32.76187900002437], [-96.7310990004156, 32.76215999975638], [-96.73098200023973, 32.76230299970964], [-96.73079100044404, 32.762551000214515], [-96.73074299986514, 32.76260500005005], [-96.73066000002447, 32.76268599974206], [-96.73057299998582, 32.76275699999895], [-96.73031299969483, 32.763041999864726], [-96.72998299998194, 32.76336000019651], [-96.72989799959315, 32.76345800032638], [-96.72979200018625, 32.76359900015438], [-96.72976600024698, 32.76364400024533], [-96.72970400032268, 32.76382999977574], [-96.72968699970593, 32.7639170000075], [-96.72967900020834, 32.76406000016033], [-96.72966800033768, 32.76456900009776], [-96.72968699970593, 32.764759999908094], [-96.72971299964522, 32.764913000093365], [-96.72974100013262, 32.76503300002503], [-96.72977799994254, 32.76512700003482], [-96.72985499993543, 32.765235999704906], [-96.73001800014207, 32.765354999822975], [-96.73046800040385, 32.765604999641724], [-96.73078600042118, 32.76581099991362], [-96.7308590002161, 32.765877000061245], [-96.73088500015537, 32.765905999984696], [-96.73095999960013, 32.76601000033597], [-96.73096299997317, 32.766129000174736], [-96.73095499957725, 32.7662469997309], [-96.73095499957725, 32.76633999984703], [-96.73093200001104, 32.76639300028399], [-96.73090799972158, 32.76654200020311], [-96.73076899980443, 32.766797999659275], [-96.73043099969561, 32.767388999861836], [-96.73021800015859, 32.767775000239126], [-96.73010099998272, 32.767977999709146], [-96.729902999616, 32.768299000084546], [-96.72961899993389, 32.76879400013823], [-96.72956700005535, 32.76890299985046], [-96.72951099997884, 32.769038000320755], [-96.72946699959792, 32.769165999950914], [-96.72941399989446, 32.769481000050796], [-96.7293799995593, 32.76975500012553], [-96.7291979999844, 32.77186999972883], [-96.7289589996098, 32.77413699983512], [-96.7288599998756, 32.77488700023151], [-96.72884300015717, 32.77517899994526], [-96.72889099983774, 32.775433000200024], [-96.72891699977701, 32.77554800020485], [-96.72879100027862, 32.77560199970918], [-96.7287820000578, 32.775633000277054], [-96.72878700008066, 32.775709000112954], [-96.72878700008066, 32.775799000112904], [-96.72882700026364, 32.77596699966788], [-96.72879999960115, 32.77613000035364], [-96.72877299983696, 32.77622399997391], [-96.72875500029363, 32.77631600022931], [-96.72871400028573, 32.77638700018892], [-96.72864599961534, 32.77646000010964], [-96.72858799988904, 32.7765239998978], [-96.72843499972817, 32.77666800019684], [-96.72827700044273, 32.776794000172956], [-96.72821399979522, 32.77688099981854], [-96.72816899958939, 32.77695700009911], [-96.72813299960437, 32.77710099969745], [-96.72812799958149, 32.777229999816434], [-96.72816000026687, 32.77752900012823], [-96.728155000244, 32.777718000084946], [-96.72816899958939, 32.777767999806585], [-96.7284580001927, 32.77774399994369], [-96.72846099966743, 32.77779699963221], [-96.73061200034388, 32.77757199998183], [-96.73080599961433, 32.777576999963465], [-96.73123800033278, 32.77755800003181], [-96.73230600018755, 32.777579999952316], [-96.73289299981838, 32.7776029998634], [-96.73308199996427, 32.777613999818776], [-96.733168000178, 32.777613999818776], [-96.73361000004388, 32.777644999685705], [-96.73420099987267, 32.77771500010079], [-96.7343449998127, 32.77773000002074], [-96.73488999961073, 32.77779399965071], [-96.73577099986777, 32.77795999998694], [-96.73672499991973, 32.778180000219336], [-96.7372379999307, 32.7782809998589], [-96.73771900015464, 32.77836800031644], [-96.73775500013966, 32.77838600008799], [-96.73778699992671, 32.7783830001263], [-96.73805600043852, 32.77843000026944], [-96.7394349997396, 32.77867699966534], [-96.73963399993123, 32.77870899990081], [-96.7412929996148, 32.77899000012875], [-96.74161800020312, 32.779030000091716], [-96.74285500011229, 32.77917300013333], [-96.74303500003734, 32.779191999720126], [-96.7431880001982, 32.779207000146364], [-96.74339400006254, 32.779220999836994], [-96.74521400030291, 32.77953099997426], [-96.747473999861, 32.779836999903274], [-96.74838699990507, 32.7800010002663], [-96.74851499995157, 32.78002800018197], [-96.75194799984475, 32.780644999909796], [-96.75461500000692, 32.78112599988039], [-96.75488899964331, 32.78117999977601], [-96.75492600035155, 32.78118800017731], [-96.75637800034588, 32.781440999942134], [-96.75659000005798, 32.78147499984374], [-96.75706100023616, 32.78155399983155], [-96.75765899973766, 32.781679999685984], [-96.7583650000925, 32.781857999703796], [-96.75915000009006, 32.78206500006577], [-96.7594279999244, 32.78213799985968], [-96.75974699976662, 32.78221600006982], [-96.7602670003486, 32.78235599969454], [-96.76100899979014, 32.782558999891926], [-96.76142800008981, 32.782659999847375], [-96.761526999824, 32.782684999833585], [-96.76158700009846, 32.78269999967086], [-96.76509699998452, 32.78366400032495], [-96.76513899981731, 32.783670999819904], [-96.76518200037334, 32.7836870001738], [-96.76530899969663, 32.783722999826765], [-96.76535700027551, 32.783734999707846], [-96.76553499965243, 32.78378599975086], [-96.76562699971393, 32.78359599991616], [-96.76587699995919, 32.78306200016356], [-96.76597400004357, 32.78286000029561], [-96.7661940001516, 32.78239599965476], [-96.76633700026673, 32.78215599962375], [-96.76673800012473, 32.78127000028435], [-96.76719000003634, 32.78136800033159], [-96.76775400010096, 32.78150899973238], [-96.76846999960321, 32.78171300030174], [-96.76871900002357, 32.78083300008539], [-96.76874300031301, 32.780771000296355], [-96.76879400036663, 32.78065600024437], [-96.76909300011737, 32.77993599998821], [-96.76833999990687, 32.77974600023921], [-96.76820699983749, 32.7796950001461], [-96.76813900006542, 32.77966100031953], [-96.76802500026261, 32.77957800026628], [-96.76793900004887, 32.77949400016086], [-96.76787399975154, 32.7794050000975], [-96.76781900039829, 32.779309000107524], [-96.76777900021531, 32.77919299969832], [-96.76774499988014, 32.77902500019173], [-96.76771599956781, 32.778796999922484], [-96.76769899984937, 32.778734000241926], [-96.76767600028315, 32.7786729997295], [-96.76762199985649, 32.778570999794546], [-96.76781699985015, 32.77862699969926], [-96.76807799996605, 32.77817000032356], [-96.769581000014, 32.778564999883585], [-96.7696649996796, 32.77831800017672]]]}, "properties": {"zcta": "75210", "od2a_death_residence_rank_2016_2024": null, "od2a_death_residence_count_2016_2024": null, "od2a_opioid_ed_visits_rank_2024": null, "od2a_opioid_ed_visits_count_2024": null, "in_required_baseline_12": true, "source": null, "geometry_source": "US Census Bureau TIGERweb 2020 ZCTA (ArcGIS REST)", "retrieved": "2026-09-01"}}, {"type": "Feature", "geometry": {"type": "Polygon", "coordinates": [[[-96.96008400042193, 32.71393199972803], [-96.96613199970041, 32.70697700001096], [-96.95742099955939, 32.70782099974199], [-96.9554070000486, 32.70802499979003], [-96.95528800022288, 32.70802899987526], [-96.95512500001628, 32.7080309999178], [-96.95497699987828, 32.70802399976872], [-96.95484600035702, 32.70801600035354], [-96.9542670002238, 32.70790700021927], [-96.95376000006058, 32.70780100002345], [-96.95364200005982, 32.707769000010856], [-96.95340699988317, 32.70768400018157], [-96.95311099960716, 32.707550999761544], [-96.95297500006305, 32.70747800005483], [-96.95265000037304, 32.70726399996992], [-96.95245000035648, 32.707118000027144], [-96.95142599998432, 32.7064350000937], [-96.95096900004985, 32.70611399980084], [-96.95080900021627, 32.70602100031264], [-96.95061699969735, 32.7059449999762], [-96.95059599978094, 32.70593700037461], [-96.9504440003433, 32.705896000043204], [-96.95022400023527, 32.70586200001216], [-96.94994100037805, 32.70583300019782], [-96.94738100034598, 32.7058099998952], [-96.94574699987847, 32.70579600000391], [-96.94444800004501, 32.70579299986495], [-96.94444999969484, 32.705672000222854], [-96.94359000025253, 32.70565400011838], [-96.94258900034492, 32.70562400018817], [-96.94243600018405, 32.70561599980195], [-96.94216199964934, 32.70560700012247], [-96.94215300032684, 32.7056270003328], [-96.94215499997665, 32.70570799966495], [-96.93995300014487, 32.705552999758865], [-96.9395539999367, 32.70553899982724], [-96.93914100038315, 32.70553400033702], [-96.93825299955513, 32.70552699999209], [-96.93643800023595, 32.70553599967958], [-96.93528300034255, 32.70553699972883], [-96.9344709996825, 32.70553799977801], [-96.93405899995386, 32.70555099966078], [-96.93357100005723, 32.70555599990588], [-96.9331969999634, 32.705591000102125], [-96.93278299968662, 32.705638000106454], [-96.93249200033182, 32.70568199994335], [-96.93192599971906, 32.70578899967947], [-96.93156900024198, 32.705869000330864], [-96.93110999975936, 32.70598000001983], [-96.93063000025865, 32.70607000017697], [-96.93033599963246, 32.706109000342884], [-96.9299370003226, 32.70617400007753], [-96.92932600040234, 32.70618499978374], [-96.92901099985976, 32.70618599982571], [-96.92855499975018, 32.7061960002445], [-96.92644599980481, 32.70615700011662], [-96.9256630003554, 32.70614699969346], [-96.92564900011169, 32.70641800018253], [-96.92560599955567, 32.70668499970313], [-96.92556299989798, 32.70687899973982], [-96.92544099969923, 32.707200000304006], [-96.9253689997292, 32.7073500002282], [-96.92525699957622, 32.7075519997882], [-96.92514399959832, 32.707714000175045], [-96.92509599991774, 32.70779399985632], [-96.92503200034363, 32.70787700029075], [-96.92485499989331, 32.708146000020555], [-96.92458299990675, 32.70843700006543], [-96.92426099969148, 32.70865999973282], [-96.92328200042348, 32.70925400014703], [-96.92286499977365, 32.709511000205055], [-96.92249599970272, 32.709719000177564], [-96.92205399983682, 32.709956999660264], [-96.91969700019436, 32.71083400034978], [-96.91922500019126, 32.711023999728326], [-96.91809000038934, 32.71157900025008], [-96.91771399974738, 32.71177600016471], [-96.91720999995722, 32.712158999720465], [-96.9170600001694, 32.712290000126536], [-96.91700699956765, 32.712361999702395], [-96.9166850002507, 32.71276699982381], [-96.91653999958741, 32.7130120000031], [-96.91641699956376, 32.71333700026689], [-96.91634700014188, 32.71366999976713], [-96.91630899960873, 32.714072000135964], [-96.91629600008825, 32.71469899979088], [-96.91622400011822, 32.71663400001122], [-96.91614899977516, 32.71753099986381], [-96.91610699994236, 32.71823200008792], [-96.91608600002596, 32.71853099971474], [-96.91608500020104, 32.71863400030196], [-96.9160669997594, 32.71902800027627], [-96.91605599988874, 32.71927600032658], [-96.9160750001553, 32.71946200028967], [-96.91612299983588, 32.719605000005565], [-96.91621900009537, 32.719778999852785], [-96.91656300005194, 32.72021800016933], [-96.91660800025778, 32.72030800032193], [-96.91662699962603, 32.72037099977009], [-96.9166440002428, 32.72052299998288], [-96.91599399996446, 32.72052299998288], [-96.91588299963638, 32.720380000227436], [-96.9151310001491, 32.71929699963486], [-96.91464699955212, 32.71863400030196], [-96.91389000004199, 32.717496999732255], [-96.91361999970523, 32.71711999993894], [-96.91253299958389, 32.715721999670954], [-96.91158199990498, 32.7144470000651], [-96.91114900025994, 32.71390900000174], [-96.9106189996322, 32.71330999978308], [-96.91013599975845, 32.71277800022882], [-96.90914300024674, 32.71163799989418], [-96.9089780003903, 32.71145000027753], [-96.90885399964343, 32.71133099996158], [-96.90870700022866, 32.711150000358145], [-96.90851999973259, 32.71092100017912], [-96.90850899986194, 32.71042799977249], [-96.90852399993055, 32.70978100030088], [-96.90858500002992, 32.70889899978454], [-96.90858000000706, 32.70780500011871], [-96.90860199974836, 32.70689600031906], [-96.90858699967974, 32.70602299964429], [-96.90859199970262, 32.70573999966083], [-96.90790200013963, 32.70573700027584], [-96.90720699965544, 32.70572000023167], [-96.90585500011855, 32.70571199985406], [-96.9055630000405, 32.705710999806776], [-96.90546199975816, 32.70570999975953], [-96.90458399987419, 32.70579600000391], [-96.90393299977093, 32.70584900017472], [-96.9037539996708, 32.70585200031184], [-96.90364599971576, 32.70583500028953], [-96.90323099961407, 32.705816000171886], [-96.90301700025213, 32.70580200028153], [-96.90287999998479, 32.70580400037398], [-96.90279999961884, 32.70582699992224], [-96.90248800034763, 32.706298999957546], [-96.90215799973642, 32.706666999803076], [-96.9017750003201, 32.70701100037302], [-96.9014360003864, 32.707230999734534], [-96.9010150004369, 32.707464999697], [-96.90041100018932, 32.70775000030504], [-96.90019600010417, 32.70785299973594], [-96.89833800022897, 32.70864100021675], [-96.89530000034603, 32.70979100031673], [-96.89513600031448, 32.7098569996374], [-96.89491600020646, 32.709898999660645], [-96.89146700041978, 32.71107499984272], [-96.89140399977228, 32.7110930003652], [-96.89132400030464, 32.7111349998066], [-96.89031400017622, 32.71144099967479], [-96.88887999972522, 32.712007000369866], [-96.88738000005033, 32.71268500012874], [-96.88634099960956, 32.713220000126945], [-96.88412799990714, 32.71435899994516], [-96.88136399966056, 32.71581800018572], [-96.8813939997978, 32.715879999849165], [-96.8813939997978, 32.71590499968907], [-96.88137899972918, 32.71597299964135], [-96.88121700024578, 32.71611499973033], [-96.88105599968898, 32.71628200008328], [-96.88099700013775, 32.716360999711334], [-96.88099700013775, 32.71642999999892], [-96.88101200020638, 32.71652900028548], [-96.88109500004705, 32.71666899964042], [-96.88048499995168, 32.71684499977018], [-96.87775800041337, 32.71779600031165], [-96.87563799969902, 32.71844499965431], [-96.87547200001768, 32.71848899997682], [-96.87537999995617, 32.71850300014357], [-96.87519699965807, 32.71851700030818], [-96.87511100034267, 32.718538999698566], [-96.87427899959113, 32.718820999992715], [-96.87411999958246, 32.71885999987476], [-96.87368399956438, 32.71900899994532], [-96.87343800041539, 32.71902800027627], [-96.87333399976, 32.71903199986811], [-96.87315200018512, 32.71906999976041], [-96.87294700014573, 32.71912999963691], [-96.87276600039574, 32.719214999896664], [-96.87240200034768, 32.719402999774495], [-96.87039100031161, 32.72015399997193], [-96.87011400030218, 32.720256000312], [-96.8697219997667, 32.72039099969352], [-96.86898500034805, 32.720655999956605], [-96.86338400005998, 32.722587999838034], [-96.86205300043949, 32.72308100029609], [-96.86105300035678, 32.723401999993754], [-96.85928099979701, 32.72414500028531], [-96.85744899986108, 32.72513600005504], [-96.85707899996522, 32.72533000001725], [-96.8570709995693, 32.72567600005507], [-96.8570970004069, 32.72628100000491], [-96.85711400012534, 32.726408000056395], [-96.85710800027753, 32.726899999987864], [-96.85709099966078, 32.72730599964384], [-96.85710200042975, 32.727396000199455], [-96.8570970004069, 32.72772699974862], [-96.85708999983588, 32.727856000361086], [-96.85707700031541, 32.728324000278086], [-96.85707300011745, 32.72878599976279], [-96.85708099961505, 32.72899400012648], [-96.85706899991949, 32.729215000217266], [-96.8570699997444, 32.7295499996898], [-96.85706600044475, 32.72969500016523], [-96.85705999969865, 32.72997099977735], [-96.85706399989661, 32.73016499979825], [-96.85706499972153, 32.73048000031186], [-96.85705999969865, 32.7306140003152], [-96.85705600039901, 32.73113300009088], [-96.85704700017817, 32.73157799972594], [-96.85705399985086, 32.7318820002219], [-96.85703700013244, 32.73205300028142], [-96.85702999956142, 32.73221899975144], [-96.8569929997515, 32.732523000328335], [-96.85695400029176, 32.7328230001397], [-96.8569359998501, 32.73299900012332], [-96.85692599980435, 32.73333099976467], [-96.85691199956065, 32.73396000024189], [-96.85690400006305, 32.73439799977501], [-96.85689599966712, 32.7345709997447], [-96.85687599957565, 32.73483300026051], [-96.85715900033117, 32.7348999996602], [-96.85732099981458, 32.73492000010285], [-96.85745399988394, 32.734930000322485], [-96.85743299996756, 32.73715000014923], [-96.85682500042033, 32.737135999887876], [-96.85682399969711, 32.73764399986609], [-96.8568170000244, 32.73795799995438], [-96.8568229998722, 32.73810999965269], [-96.85682700007014, 32.73850799993122], [-96.85682200004729, 32.73866399966937], [-96.85681500037458, 32.739190999816884], [-96.85681399965135, 32.739300000251305], [-96.85679299973495, 32.74023700028197], [-96.8568170000244, 32.740639999917384], [-96.85684100031386, 32.740890000359535], [-96.85686499970498, 32.74101400028835], [-96.85687899994868, 32.74125899992688], [-96.85689599966712, 32.74244900003067], [-96.85688899999444, 32.7431239998891], [-96.85737799971598, 32.74311999986695], [-96.85737100004327, 32.744068999713505], [-96.85689700039036, 32.74443399975278], [-96.85689200036747, 32.74485299982985], [-96.85688800016952, 32.745201000361455], [-96.85688700034461, 32.74527800009128], [-96.85688200032173, 32.74606000020143], [-96.85688200032173, 32.746105000088754], [-96.8574430000133, 32.746099000256244], [-96.85742999959452, 32.746937000156365], [-96.85692800035248, 32.74693399989044], [-96.85694000004804, 32.74705900005797], [-96.85695799959142, 32.74735999962689], [-96.85694300042111, 32.747479000212614], [-96.85691699958352, 32.74780200035355], [-96.85687399992581, 32.74912999982888], [-96.85686200023027, 32.74946499999614], [-96.85686100040535, 32.74955000004119], [-96.8568580000323, 32.74961299997774], [-96.85684799998654, 32.749945999981804], [-96.8574849998461, 32.74996799992688], [-96.85744899986108, 32.752362000289786], [-96.85778600014497, 32.75237000025948], [-96.8575419997475, 32.75298600030266], [-96.8575350000748, 32.753809999723636], [-96.85759600017418, 32.754214999674936], [-96.85755500016629, 32.75434799999405], [-96.85757100005982, 32.754567000160606], [-96.85755900036425, 32.75463399983146], [-96.85753099987684, 32.75469699994954], [-96.85747899999832, 32.754737999750645], [-96.85726399991316, 32.75487200029559], [-96.85712400017107, 32.755005999883444], [-96.8570839999881, 32.75505999976188], [-96.85706100042188, 32.75515300023118], [-96.85705300002597, 32.755223999695524], [-96.85701700004095, 32.755302000073904], [-96.85696000013954, 32.75533300015689], [-96.85681200000154, 32.755360000001026], [-96.85680699997866, 32.75568500000112], [-96.856796000108, 32.75601699972961], [-96.85679000026023, 32.75726299962235], [-96.85677900038957, 32.75823999983128], [-96.85676000012299, 32.75917199983511], [-96.856752999552, 32.759676999731695], [-96.85674000003151, 32.76018199978596], [-96.85672699961272, 32.761746999795704], [-96.8567180002902, 32.76199500033843], [-96.85672499996289, 32.76204499982807], [-96.85673699965847, 32.762119000350765], [-96.85673699965847, 32.76218299987527], [-96.85674199968135, 32.762740000251135], [-96.8567319996356, 32.76310799979892], [-96.85670700041956, 32.763834999773984], [-96.85670599969633, 32.76407699965609], [-96.85669599965058, 32.76431899963581], [-96.85668599960482, 32.76545099975783], [-96.85667999975705, 32.76610799981487], [-96.85667899993216, 32.76619799970375], [-96.85667800010724, 32.76632599964083], [-96.85667700028233, 32.766442000203796], [-96.85701000036826, 32.76651999982008], [-96.85716500017895, 32.76656200034055], [-96.85759299980111, 32.766688999635605], [-96.85781899975692, 32.766741999864784], [-96.85833099994299, 32.766857999885616], [-96.85886300022058, 32.76697100016441], [-96.85933199985062, 32.76705800034811], [-96.85990799961081, 32.76711500005766], [-96.86037700013918, 32.76715799965543], [-96.86079700026374, 32.767164999693414], [-96.8611549995657, 32.767175000070395], [-96.86229199991577, 32.767224999672386], [-96.86249000028249, 32.76723399993013], [-96.86265500013894, 32.76724599976881], [-96.86303199970749, 32.76725800036119], [-96.86745600036082, 32.76737200024312], [-96.86829099968878, 32.76739300030486], [-96.870953999653, 32.7674649999393], [-96.87177899983354, 32.76750000000282], [-96.87197200017738, 32.76750100011239], [-96.87236899983742, 32.76752499971607], [-96.8729389997498, 32.767530000262184], [-96.87359099967796, 32.76754400027902], [-96.8738400000983, 32.767550000177636], [-96.8757270002858, 32.76760500011094], [-96.87880199997868, 32.76769499999704], [-96.87910999995026, 32.76769899967094], [-96.88051599991384, 32.76771900030387], [-96.88082200023558, 32.76772600029767], [-96.88110199971973, 32.76773599985625], [-96.88618599979885, 32.76792999998418], [-96.88714499987368, 32.76795200001874], [-96.88804799987201, 32.76791900034253], [-96.88854699963929, 32.767876999706964], [-96.8888989999918, 32.76783900022993], [-96.88943600029222, 32.767797999662776], [-96.89026499977241, 32.767686999893385], [-96.89111800044033, 32.76753600016174], [-96.8937350003738, 32.76705000018714], [-96.89446000009688, 32.76693300030056], [-96.8951720002995, 32.76684499987783], [-96.89584400031916, 32.766785999760266], [-96.89612899982619, 32.76675800024129], [-96.89696200040264, 32.766725000122506], [-96.89724000023696, 32.76670999985848], [-96.90034500006709, 32.766633999891795], [-96.90213799964495, 32.76661399977048], [-96.90233000016387, 32.76661399977048], [-96.90248099977661, 32.766621999970624], [-96.9034580002931, 32.76659800012348], [-96.90455399973695, 32.76656899967001], [-96.90480300015732, 32.766570999909995], [-96.90504199963358, 32.76656499994533], [-96.90541200042776, 32.766545999928816], [-96.90651100024466, 32.76652200006118], [-96.90713600040866, 32.76651999982008], [-96.90810800000396, 32.76650099979396], [-96.9092949996844, 32.76649300033833], [-96.91022199997218, 32.76649800018702], [-96.91031900005655, 32.76649800018702], [-96.91094400022054, 32.7665059996422], [-96.91439600038026, 32.766454000149174], [-96.91463300020673, 32.7664530000279], [-96.91476399972798, 32.76644700005535], [-96.91491600006395, 32.766445999934], [-96.9151100002327, 32.766448000176695], [-96.91590299972785, 32.766445999934], [-96.91664900026568, 32.766426999892026], [-96.91680599972618, 32.76642400028264], [-96.91765699984597, 32.76642800001365], [-96.91787199993114, 32.76642400028264], [-96.91964299976769, 32.76635699966281], [-96.92067499963744, 32.766286000010744], [-96.92179299972094, 32.766166000257286], [-96.92186499969095, 32.76615699989156], [-96.92271599981073, 32.76607500021047], [-96.92371199969547, 32.76597300018857], [-96.92732700006184, 32.76563399965385], [-96.92737700029053, 32.76562899975664], [-96.92744099986466, 32.765546000213135], [-96.92747400037493, 32.76549099976309], [-96.92755300001765, 32.76535999973558], [-96.92758300015487, 32.76530700019441], [-96.92772399972186, 32.76506700015254], [-96.92772899974474, 32.765057999675705], [-96.92772200007205, 32.764921999829454], [-96.92770100015565, 32.76467299974472], [-96.92768799973685, 32.76451700022871], [-96.92768199988907, 32.76443700008031], [-96.9276690003686, 32.76426299979265], [-96.92764300042933, 32.76397900020759], [-96.92752500042856, 32.76379300023313], [-96.92740400005474, 32.76340999967502], [-96.92716800005317, 32.76310899995777], [-96.9270359998087, 32.76298999985915], [-96.92688799967068, 32.76272699964194], [-96.92669100002719, 32.76246400015869], [-96.9262540001842, 32.76227900020895], [-96.92591299970233, 32.76215400024986], [-96.92567199967792, 32.762218999918126], [-96.9253479998128, 32.76237599985077], [-96.92505699955969, 32.76241299998225], [-96.9247200001741, 32.76224999985938], [-96.9246210004399, 32.76174299985439], [-96.92426300023962, 32.76133000022573], [-96.92410599988077, 32.76122900023531], [-96.92405400000224, 32.761190000006444], [-96.92401999966705, 32.76112999973719], [-96.92401700019232, 32.76106500002936], [-96.92401999966705, 32.76099900009153], [-96.9240649998729, 32.7608119997502], [-96.92413099999514, 32.76061500016965], [-96.92426300023962, 32.76031699988374], [-96.92429900022464, 32.760263000171385], [-96.92462899993751, 32.75984400005913], [-96.92491099996981, 32.75939900031949], [-96.92514600014647, 32.758942999871635], [-96.92522499978917, 32.758748999801384], [-96.92523300018509, 32.758722999681936], [-96.92525499992641, 32.758647999905094], [-96.92526599979706, 32.75848000014553], [-96.92543300020162, 32.75769299994316], [-96.92553299976075, 32.75735899997237], [-96.92591799972521, 32.75583099974293], [-96.92593500034197, 32.75552199964954], [-96.92596899977883, 32.75536700021114], [-96.92596899977883, 32.75523200016359], [-96.92592699994606, 32.75504900004114], [-96.92582599966372, 32.75486000030012], [-96.92572600010459, 32.754654999875754], [-96.92566699965504, 32.75451599999396], [-96.92563400004308, 32.75435400002652], [-96.92565099976153, 32.75421899995441], [-96.92575100021894, 32.754022000142406], [-96.92585199960297, 32.753695000343775], [-96.92609000015267, 32.75282300029978], [-96.92613399963528, 32.752441999954605], [-96.92617399981826, 32.751930999631554], [-96.9262419995903, 32.751363999754005], [-96.92623800029067, 32.75086699966307], [-96.92621900002409, 32.750618999860514], [-96.92617399981826, 32.7498229999483], [-96.92616100029777, 32.74977500025775], [-96.92617399981826, 32.74971800002494], [-96.92616100029777, 32.7496360003153], [-96.92612799978751, 32.749191999747325], [-96.9261200002899, 32.749072999938825], [-96.92625699965893, 32.74782400007259], [-96.92631399956034, 32.747717000151624], [-96.92632500032931, 32.747692000165706], [-96.92639999977405, 32.74752600005098], [-96.92640499979693, 32.747465000063066], [-96.92649600003352, 32.74728300018535], [-96.92683499996724, 32.74679199977745], [-96.9269360002496, 32.74671800011834], [-96.92700900004452, 32.74666399971569], [-96.927169999703, 32.746510000318544], [-96.92726900033551, 32.74637200016162], [-96.92730799979525, 32.74629099998639], [-96.92732200003897, 32.746172999673895], [-96.92733700010758, 32.746101999794796], [-96.92730600014544, 32.74590799970878], [-96.92731700001609, 32.745817000114855], [-96.92736899989463, 32.745736999789], [-96.9275299995531, 32.745585999856424], [-96.92756399988829, 32.74555399980286], [-96.92774200016352, 32.74540700023535], [-96.92822099983933, 32.74510299978474], [-96.9283100004261, 32.74504699994647], [-96.92859199956008, 32.74488900007812], [-96.92888299981324, 32.74471100017773], [-96.9289999999891, 32.74465599970363], [-96.92908000035504, 32.744612999817605], [-96.92915899999775, 32.74457999980319], [-96.92923500016573, 32.74453200030981], [-96.9293170001815, 32.74445899989745], [-96.9302250002027, 32.74344000031655], [-96.93041900037147, 32.743160000080465], [-96.9306059999692, 32.74298900017538], [-96.93083299974992, 32.74275899977224], [-96.93101199985007, 32.742635000005016], [-96.93108899984296, 32.74258900024248], [-96.93122399956218, 32.74250999967509], [-96.93151200034059, 32.742397999726094], [-96.9317590002128, 32.74228599963637], [-96.93198199979555, 32.74220599991787], [-96.93204600026796, 32.742176000193766], [-96.93217000011653, 32.74208899987906], [-96.93223500041385, 32.74205200037085], [-96.93229899998795, 32.74200200023495], [-96.93235800043749, 32.74193999984616], [-96.93245100032392, 32.74176400014053], [-96.93248300011098, 32.74163599965542], [-96.93249099960858, 32.74153799969102], [-96.93252999996663, 32.74131200017947], [-96.9326329998988, 32.740461000182435], [-96.9326689998838, 32.7403089999606], [-96.93278699988458, 32.740023000222244], [-96.93287399992322, 32.73989700034209], [-96.93297699985537, 32.739803999812565], [-96.93308700035855, 32.739735999900205], [-96.93322899975045, 32.739679000044795], [-96.93338299973625, 32.739636999690546], [-96.93350199956193, 32.73962400024251], [-96.93361000041529, 32.739626000332095], [-96.93384899989157, 32.73963100017805], [-96.93416199988603, 32.739643999625024], [-96.93438299981895, 32.739643999625024], [-96.9347739996312, 32.73962400024251], [-96.93527099974867, 32.73954399964523], [-96.93546900011539, 32.73948500032997], [-96.93588300039217, 32.739399000079786], [-96.93622899999858, 32.7393120000761], [-96.93635799987, 32.73925200018042], [-96.93648799956635, 32.73916500003326], [-96.93662200035895, 32.73903300014279], [-96.93666199964362, 32.738968000176456], [-96.93667699971223, 32.738908999724146], [-96.93669299960575, 32.73878699999695], [-96.93669299960575, 32.738606999883885], [-96.93670100000168, 32.73842099981329], [-96.93671699989521, 32.73824900019875], [-96.93679899991098, 32.73805399995309], [-96.93693700000323, 32.73785900003637], [-96.9370609998518, 32.737675000049165], [-96.93735499957967, 32.737377999777536], [-96.93751799978628, 32.737281999806264], [-96.93769100003865, 32.737222999748994], [-96.9379339997129, 32.73716399965268], [-96.93824099985954, 32.73710199967586], [-96.93862800037216, 32.73699699987269], [-96.9387449996497, 32.736961000213995], [-96.93885500015288, 32.73689299964348], [-96.93897399997856, 32.73680400006296], [-96.93950299988308, 32.73647600007743], [-96.93962199970876, 32.736376000320945], [-96.93974800010547, 32.736223999932115], [-96.9398150000526, 32.7361850000888], [-96.93984500018983, 32.73617299984296], [-96.93987399960383, 32.73614300035473], [-96.93990100026633, 32.73609599980126], [-96.93993100040356, 32.73597900005218], [-96.93996499984046, 32.735771000118994], [-96.94001500006915, 32.73565499965478], [-96.940088999689, 32.735556999913605], [-96.94017599972764, 32.73541699998848], [-96.94084699992236, 32.734818999635245], [-96.94098099981666, 32.73472000000849], [-96.94104500028908, 32.73464699986979], [-96.94109200014476, 32.73455999976096], [-96.94117900018338, 32.73432099971114], [-96.94122600003905, 32.73417500023166], [-96.94128999961315, 32.734070999731976], [-96.941334999819, 32.73401199981602], [-96.94137400017705, 32.73396999981361], [-96.94143299972829, 32.733946000235164], [-96.94146799988839, 32.73392499984304], [-96.94155199955398, 32.73389600008504], [-96.94163100009501, 32.73387900011827], [-96.94184399963203, 32.73385699997873], [-96.94253699956808, 32.73382099980731], [-96.94270300014774, 32.73379700018874], [-96.94279199983619, 32.733766999900766], [-96.94285499958539, 32.73373599986967], [-96.94293499995132, 32.73368499986817], [-96.942989000378, 32.733632000369084], [-96.94310999985352, 32.733488999724145], [-96.94376299960658, 32.732521999826034], [-96.94378699989603, 32.73248299987414], [-96.94394199970672, 32.732407000170895], [-96.94658399975455, 32.72933099999442], [-96.95614799966519, 32.71842099967538], [-96.96008400042193, 32.71393199972803]]]}, "properties": {"zcta": "75211", "od2a_death_residence_rank_2016_2024": null, "od2a_death_residence_count_2016_2024": null, "od2a_opioid_ed_visits_rank_2024": null, "od2a_opioid_ed_visits_count_2024": null, "in_required_baseline_12": true, "source": null, "geometry_source": "US Census Bureau TIGERweb 2020 ZCTA (ArcGIS REST)", "retrieved": "2026-09-01"}}, {"type": "Feature", "geometry": {"type": "Polygon", "coordinates": [[[-96.92750500033705, 32.7672370002676], [-96.9275010001391, 32.767184000333195], [-96.92745299956022, 32.76710400031536], [-96.92739499983391, 32.767034999977874], [-96.92737800011545, 32.76701999976606], [-96.9272950002748, 32.76698699974436], [-96.92718200029688, 32.76694199983244], [-96.92713399971798, 32.76692299989639], [-96.9271139996265, 32.76691699995551], [-96.9270929997101, 32.766907000304876], [-96.92707199979371, 32.76689300018784], [-96.92705800044833, 32.76687900006861], [-96.92704500002954, 32.76686200035251], [-96.9270359998087, 32.766842999644], [-96.92703099978583, 32.76682399968681], [-96.92697600043256, 32.7667279997218], [-96.92697600043256, 32.766633999891795], [-96.92699200032608, 32.7665329998754], [-96.92705199970221, 32.76635199980621], [-96.92711699999954, 32.766141000162364], [-96.92716800005317, 32.765944999658544], [-96.92720400003819, 32.76587100004981], [-96.92724199967303, 32.76579199973617], [-96.9273239996888, 32.765697999673144], [-96.92737700029053, 32.76562899975664], [-96.92732700006184, 32.76563399965385], [-96.92371199969547, 32.76597300018857], [-96.92271599981073, 32.76607500021047], [-96.92186499969095, 32.76615699989156], [-96.92179299972094, 32.766166000257286], [-96.92067499963744, 32.766286000010744], [-96.91964299976769, 32.76635699966281], [-96.91787199993114, 32.76642400028264], [-96.91765699984597, 32.76642800001365], [-96.91680599972618, 32.76642400028264], [-96.91664900026568, 32.766426999892026], [-96.91590299972785, 32.766445999934], [-96.9151100002327, 32.766448000176695], [-96.91491600006395, 32.766445999934], [-96.91476399972798, 32.76644700005535], [-96.91463300020673, 32.7664530000279], [-96.91439600038026, 32.766454000149174], [-96.91094400022054, 32.7665059996422], [-96.91031900005655, 32.76649800018702], [-96.91022199997218, 32.76649800018702], [-96.9092949996844, 32.76649300033833], [-96.90810800000396, 32.76650099979396], [-96.90713600040866, 32.76651999982008], [-96.90651100024466, 32.76652200006118], [-96.90541200042776, 32.766545999928816], [-96.90504199963358, 32.76656499994533], [-96.90480300015732, 32.766570999909995], [-96.90455399973695, 32.76656899967001], [-96.9034580002931, 32.76659800012348], [-96.90248099977661, 32.766621999970624], [-96.90233000016387, 32.76661399977048], [-96.90213799964495, 32.76661399977048], [-96.90034500006709, 32.766633999891795], [-96.89724000023696, 32.76670999985848], [-96.89696200040264, 32.766725000122506], [-96.89612899982619, 32.76675800024129], [-96.89584400031916, 32.766785999760266], [-96.8951720002995, 32.76684499987783], [-96.89446000009688, 32.76693300030056], [-96.8937350003738, 32.76705000018714], [-96.89111800044033, 32.76753600016174], [-96.89026499977241, 32.767686999893385], [-96.88943600029222, 32.767797999662776], [-96.8888989999918, 32.76783900022993], [-96.88854699963929, 32.767876999706964], [-96.88804799987201, 32.76791900034253], [-96.88714499987368, 32.76795200001874], [-96.88618599979885, 32.76792999998418], [-96.88110199971973, 32.76773599985625], [-96.88082200023558, 32.76772600029767], [-96.88051599991384, 32.76771900030387], [-96.87910999995026, 32.76769899967094], [-96.87880199997868, 32.76769499999704], [-96.8757270002858, 32.76760500011094], [-96.8738400000983, 32.767550000177636], [-96.87359099967796, 32.76754400027902], [-96.8729389997498, 32.767530000262184], [-96.87236899983742, 32.76752499971607], [-96.87197200017738, 32.76750100011239], [-96.87177899983354, 32.76750000000282], [-96.870953999653, 32.7674649999393], [-96.86829099968878, 32.76739300030486], [-96.86745600036082, 32.76737200024312], [-96.86303199970749, 32.76725800036119], [-96.86265500013894, 32.76724599976881], [-96.86249000028249, 32.76723399993013], [-96.86229199991577, 32.767224999672386], [-96.8611549995657, 32.767175000070395], [-96.86079700026374, 32.767164999693414], [-96.86037700013918, 32.76715799965543], [-96.85990799961081, 32.76711500005766], [-96.85933199985062, 32.76705800034811], [-96.85886300022058, 32.76697100016441], [-96.85833099994299, 32.766857999885616], [-96.85781899975692, 32.766741999864784], [-96.85759299980111, 32.766688999635605], [-96.85716500017895, 32.76656200034055], [-96.85701000036826, 32.76651999982008], [-96.85667700028233, 32.766442000203796], [-96.85667300008437, 32.7665180003344], [-96.8566620002137, 32.76743699987857], [-96.85666399986353, 32.76814400022665], [-96.8566899998028, 32.77002599986881], [-96.85666399986353, 32.77212599972377], [-96.85656299958119, 32.77279600026125], [-96.85656699977915, 32.774968000077415], [-96.85656699977915, 32.775080999879144], [-96.8556770001996, 32.77495899984645], [-96.85442500022184, 32.77478699978856], [-96.85166400034832, 32.774405999767666], [-96.84793400035424, 32.77387800022401], [-96.84688599969263, 32.77376400036622], [-96.84607800012888, 32.773702000183526], [-96.84469599955642, 32.77355899965826], [-96.84356800032553, 32.773527999878574], [-96.84290999965125, 32.773527999878574], [-96.84181199965927, 32.77355200012318], [-96.84113899981472, 32.77359100022364], [-96.84053700011528, 32.77366200009145], [-96.83924400012961, 32.77388499973345], [-96.83860499972191, 32.77402499962626], [-96.83820499968883, 32.774111999713035], [-96.83782499974724, 32.77419500033301], [-96.83765099966996, 32.774234000151615], [-96.8372239998727, 32.774316999902474], [-96.83700100028994, 32.77435999979754], [-96.83581399971119, 32.77458600004627], [-96.835822999932, 32.77469700027571], [-96.83581899973404, 32.77477400018345], [-96.8358020000156, 32.77484499986277], [-96.83576100000774, 32.774789999871494], [-96.83573300041863, 32.774721000205076], [-96.83570099973326, 32.774608999975875], [-96.83542399972383, 32.77466400007908], [-96.83451999990059, 32.77484499986277], [-96.83267299989606, 32.775241999876876], [-96.83246600020682, 32.77527299981484], [-96.82979499984668, 32.77578999996592], [-96.82920499984282, 32.77589700014364], [-96.82865300037207, 32.77602399971457], [-96.82827099988235, 32.776111000113026], [-96.82439500029838, 32.77699800022355], [-96.82442000041274, 32.77708399966785], [-96.82452800036778, 32.777354999753236], [-96.82455500013195, 32.77738599971041], [-96.8246139996832, 32.77747300028778], [-96.82471499996554, 32.777567999996364], [-96.8249319997005, 32.77773799997698], [-96.82498699995209, 32.77778999967517], [-96.82517699992289, 32.77801100031929], [-96.82531199964211, 32.778209999899865], [-96.82537299974148, 32.77829799965983], [-96.8256430000782, 32.77869000021081], [-96.82568900010897, 32.77875599987169], [-96.82574199981241, 32.778821000256585], [-96.82540500042684, 32.778953000090326], [-96.8247479995775, 32.779210000080276], [-96.82305799993178, 32.77977400020386], [-96.82242500027021, 32.779988999881574], [-96.82249200021735, 32.780113999718886], [-96.82284700004459, 32.780781999860075], [-96.82375099986783, 32.78223399981812], [-96.8240720002582, 32.78264899976059], [-96.82471099976758, 32.7834989999872], [-96.82618600022643, 32.78508299996133], [-96.8262120001657, 32.78515900003291], [-96.82654500025161, 32.785451000021965], [-96.82709199969949, 32.78582199978158], [-96.82867900031134, 32.7866910001499], [-96.83111100029689, 32.78783800015247], [-96.83256099974307, 32.78857200037693], [-96.83280299959242, 32.78866999993212], [-96.83509300018603, 32.789650000117476], [-96.83785200040973, 32.79120299964064], [-96.83815799983316, 32.791349999870654], [-96.83897799999082, 32.7917219997833], [-96.84063599984945, 32.792377000303475], [-96.8434240003855, 32.793632999854005], [-96.84345799982235, 32.79365200012829], [-96.84395499993981, 32.79388499990225], [-96.84399400029787, 32.79391399976011], [-96.84446399975285, 32.79414199979732], [-96.84530900002486, 32.79459299984811], [-96.84700100021868, 32.795687000316136], [-96.8471429996106, 32.79578200020758], [-96.84740299990159, 32.795948000203445], [-96.84767999991102, 32.796113000101556], [-96.84770800039844, 32.796138999869925], [-96.84775299970595, 32.796162000268616], [-96.84797700001194, 32.79630100005618], [-96.84813199982266, 32.79638599993327], [-96.84909000007255, 32.79678899991493], [-96.85096200019144, 32.79755499976329], [-96.85121599973635, 32.797645000315825], [-96.85166599999815, 32.797760000301864], [-96.8519029998246, 32.797801999668735], [-96.85202199965029, 32.79782999999079], [-96.85230500040583, 32.79787800019864], [-96.85265500021019, 32.797915999684136], [-96.8529940001439, 32.79794000014562], [-96.85342799961386, 32.797980999660545], [-96.85480500016342, 32.798025999732616], [-96.85605899979103, 32.79807699988741], [-96.8565700001522, 32.79808699981068], [-96.85865099961015, 32.79808200022672], [-96.85892599996977, 32.7980939996808], [-96.85949400023233, 32.79803799994933], [-96.85973600008167, 32.79801800009065], [-96.86021499975746, 32.79800100028274], [-96.86266900038262, 32.79794099991305], [-96.86304500012628, 32.79794499973757], [-96.86347699994641, 32.79796900019128], [-96.86385799971292, 32.798011000214544], [-96.86415300016401, 32.798025999732616], [-96.86463500021287, 32.797998000227416], [-96.86597599987911, 32.797946000260005], [-96.86667200018819, 32.797946000260005], [-96.86697299958875, 32.79795200037399], [-96.86750599969122, 32.797998000227416], [-96.86780000031742, 32.79800400033788], [-96.86853099988829, 32.79796399984556], [-96.87065599972718, 32.79794099991305], [-96.87199100044396, 32.79789800008881], [-96.87258899994544, 32.797928999683194], [-96.87327299966064, 32.79795200037399], [-96.87392200011406, 32.79796900019128], [-96.8747349997007, 32.79796900019128], [-96.877733000299, 32.798025999732616], [-96.87866399988641, 32.79800899992623], [-96.8791340002397, 32.79806699996297], [-96.87925499971522, 32.79800899992623], [-96.87984399989419, 32.79801500003591], [-96.88214700000829, 32.79800899992623], [-96.88250900040656, 32.79805000016441], [-96.88274100021013, 32.79808999986293], [-96.88290500024168, 32.79810200007099], [-96.88331799979522, 32.79810999970541], [-96.88343199959805, 32.798112999756945], [-96.8839220000428, 32.798118000094235], [-96.88399200036301, 32.798118999859604], [-96.88533399985415, 32.798085000279144], [-96.8857029999251, 32.79810500012281], [-96.88790899995485, 32.79809900001914], [-96.89135799974153, 32.798118999859604], [-96.89239899983211, 32.798131999829046], [-96.89549299979156, 32.79806699996297], [-96.89578999989249, 32.79805700003745], [-96.89647899963056, 32.79806699996297], [-96.89716200041919, 32.7980959999672], [-96.89852200035199, 32.79819200006983], [-96.8993759999465, 32.79813300034939], [-96.89950099961999, 32.798118999859604], [-96.90013199963174, 32.79810500012281], [-96.9005579996041, 32.79805300021798], [-96.90087200032175, 32.79802499996615], [-96.90122200012614, 32.79803400012894], [-96.9022189998358, 32.79813300034939], [-96.90355600020239, 32.79819800016722], [-96.90403200040345, 32.79819800016722], [-96.90412199991682, 32.79819500011855], [-96.90454200004139, 32.79814300026634], [-96.90486099988361, 32.79807099978186], [-96.90648699995522, 32.797553000219864], [-96.90690999955451, 32.79739300035155], [-96.9070279995553, 32.79734199980441], [-96.90715599960181, 32.79726199971637], [-96.90735300014362, 32.79711100033576], [-96.90744199983207, 32.79703000026227], [-96.90757099970351, 32.79690299971886], [-96.90781400027608, 32.7966490003532], [-96.90806000032336, 32.79643299962611], [-96.9081049996309, 32.796351999690124], [-96.90825100011908, 32.79601300010831], [-96.90828999957883, 32.79593199978973], [-96.90839099986117, 32.79569800030078], [-96.90853099960326, 32.79534900026095], [-96.90876599977989, 32.79492500019368], [-96.90882799970417, 32.79483499990856], [-96.90893499983429, 32.79469399973186], [-96.90900199978142, 32.794618000256186], [-96.90906399970572, 32.79452399968213], [-96.90927700014105, 32.794260999773314], [-96.90931599960079, 32.794189999730634], [-96.90969100041784, 32.793672000213824], [-96.90987600036577, 32.793342000114514], [-96.91006600033656, 32.793006999676415], [-96.9101449999793, 32.79284200005627], [-96.91039100002656, 32.79226799989434], [-96.91046399982152, 32.79194699989488], [-96.91048700028605, 32.79178699975653], [-96.91052499992087, 32.791388999721335], [-96.91052499992087, 32.7910749999925], [-96.91055300040829, 32.790655000089146], [-96.9106039995636, 32.789892999893745], [-96.9106539997923, 32.78965400031498], [-96.91074099983095, 32.789431000169955], [-96.9109760000076, 32.788663000075296], [-96.91117199982615, 32.78811300022177], [-96.91145999970625, 32.78751899979223], [-96.91173000004298, 32.78705799971019], [-96.91211599983237, 32.78644999972609], [-96.91249999997193, 32.78570499965189], [-96.91284200027869, 32.78531900001114], [-96.91313900037962, 32.78505500015706], [-96.91347499994026, 32.784804999841924], [-96.91375699997258, 32.784615999835125], [-96.91392500020208, 32.78449499995564], [-96.9140320003322, 32.78443299969771], [-96.91423900002142, 32.78435699976106], [-96.91438899980926, 32.78433100032434], [-96.9146249998108, 32.78429199964455], [-96.91489400032263, 32.784255000300554], [-96.91515700008839, 32.78424099989162], [-96.91538100039436, 32.784255000300554], [-96.91565500003072, 32.78431099964866], [-96.91581800023737, 32.78436300003667], [-96.91610299974441, 32.784488999688946], [-96.91675300002274, 32.7848290000658], [-96.91701300031374, 32.784985000230286], [-96.91717599962203, 32.78506799977057], [-96.91741599982156, 32.785198000332606], [-96.91759699957151, 32.78531600028323], [-96.91778300024268, 32.78546299966996], [-96.91790600026633, 32.78554500036798], [-96.91800900019847, 32.78559500022234], [-96.9181869995754, 32.785656999670394], [-96.91829200005571, 32.785686999850654], [-96.91858999998153, 32.785745000371925], [-96.91890200015108, 32.785718999830415], [-96.91914599965021, 32.785638999859444], [-96.91937199960604, 32.785530000255115], [-96.91964600014073, 32.78538599994955], [-96.92025799988593, 32.785044000366405], [-96.92074900015561, 32.784838000053654], [-96.92175900028404, 32.78442700018206], [-96.92227800014282, 32.78415900025728], [-96.92315299965374, 32.783676000213994], [-96.92439799995881, 32.78304800032213], [-96.92510099994061, 32.78268200001685], [-96.92535799985858, 32.78253199998914], [-96.92607699973388, 32.782076000224784], [-96.92624099976541, 32.78140500012101], [-96.92623499991763, 32.78128099978639], [-96.92620599960532, 32.78109800034121], [-96.92618200021417, 32.780853000032515], [-96.92616799997047, 32.78059400033199], [-96.92620599960532, 32.780359999761814], [-96.92623499991763, 32.78005300015254], [-96.92620599960532, 32.77958100018762], [-96.92626699970467, 32.77897199972415], [-96.92630500023782, 32.77887899996736], [-96.92641599966758, 32.77869400014589], [-96.92640700034507, 32.77854000025022], [-96.92639200027646, 32.77845999986568], [-96.92639700029933, 32.77817300029244], [-96.92638700025358, 32.77812200005293], [-96.926367999987, 32.778024000206784], [-96.92632500032931, 32.777935000183646], [-96.92616700014555, 32.777802000356495], [-96.92613799983324, 32.77772400005308], [-96.92609500017554, 32.777524000143906], [-96.92608099993183, 32.777180999793245], [-96.9261000001984, 32.776947000065896], [-96.9261289996124, 32.77687399978945], [-96.92614799987898, 32.77678100010572], [-96.92619599955955, 32.77667600024855], [-96.9262969998419, 32.77649599966568], [-96.9263539997433, 32.776203999741654], [-96.92633500037505, 32.776055000135436], [-96.92628699979615, 32.77587899986858], [-96.92608500012979, 32.775430000138826], [-96.92605199961952, 32.775225000247374], [-96.92605199961952, 32.77500700031265], [-96.92608500012979, 32.7747170000914], [-96.92611899956667, 32.77451800025235], [-96.92624900016132, 32.77425700017225], [-96.92627299955247, 32.773945999751575], [-96.92632500032931, 32.77371599998492], [-96.92642599971333, 32.773485999623794], [-96.92645500002565, 32.77336100029479], [-96.9264309997362, 32.773187000078465], [-96.92640700034507, 32.773098999796105], [-96.92639700029933, 32.77301400032486], [-96.92641200036793, 32.77287699974432], [-96.92646400024648, 32.77272799985495], [-96.92659899996569, 32.77228000014491], [-96.9266419996234, 32.77208599967869], [-96.92670400044598, 32.77120600018128], [-96.92669500022517, 32.77107400018605], [-96.92664699964625, 32.77077500009082], [-96.92653200001854, 32.770227000090294], [-96.92646900026935, 32.770029000112174], [-96.9261140004421, 32.76921800012575], [-96.92609000015267, 32.769112000318216], [-96.92607599990896, 32.76897100015772], [-96.92608099993183, 32.7688699997715], [-96.92611899956667, 32.76866499987676], [-96.92614299985611, 32.76845900016647], [-96.92618100038928, 32.76835799995467], [-96.92637300000987, 32.768035999688536], [-96.92645500002565, 32.76793900017064], [-96.92656999965337, 32.767841999791685], [-96.92667500013367, 32.767761000258616], [-96.92673799988287, 32.767720999762574], [-96.92734200013044, 32.76744600011487], [-96.92740499987964, 32.76740299990085], [-96.92745699975818, 32.767352999643464], [-96.92749600011624, 32.76731000013994], [-96.92750500033705, 32.7672370002676]]]}, "properties": {"zcta": "75212", "od2a_death_residence_rank_2016_2024": null, "od2a_death_residence_count_2016_2024": null, "od2a_opioid_ed_visits_rank_2024": null, "od2a_opioid_ed_visits_count_2024": null, "in_required_baseline_12": true, "source": null, "geometry_source": "US Census Bureau TIGERweb 2020 ZCTA (ArcGIS REST)", "retrieved": "2026-09-01"}}, {"type": "Feature", "geometry": {"type": "Polygon", "coordinates": [[[-96.80076099980799, 32.76938100033171], [-96.80071300012742, 32.769307999891716], [-96.80059400030171, 32.769124999995], [-96.80046200005724, 32.76895999988934], [-96.79765299960484, 32.76598500019723], [-96.7960940003787, 32.76456699981278], [-96.79337100014003, 32.76283899971456], [-96.7923900003239, 32.76234899986765], [-96.79241100024029, 32.76230600021329], [-96.79251599982227, 32.76218000012285], [-96.78907799990624, 32.760267000179184], [-96.78865100010898, 32.76024899976493], [-96.78771399977545, 32.75982600031486], [-96.78821799956562, 32.75910499980116], [-96.78861799959869, 32.75843100037631], [-96.78911300006634, 32.75756400021601], [-96.7896880000016, 32.75648099965213], [-96.79103500041393, 32.75399900018192], [-96.79149099962521, 32.75327300025017], [-96.79116699976011, 32.753067999950346], [-96.78989499969084, 32.7523899998029], [-96.78820099984718, 32.75161199974881], [-96.78807799982353, 32.7515510002924], [-96.78792399983774, 32.75148599963665], [-96.78768799983621, 32.75139599998706], [-96.78744099996399, 32.75133099997373], [-96.78721400018327, 32.7512779996372], [-96.78675999972351, 32.75123300009641], [-96.7864070004444, 32.7512120000008], [-96.78583099978593, 32.751215000122656], [-96.78545300039247, 32.75125999967252], [-96.7851179997584, 32.75136000010177], [-96.78471900044853, 32.75150499984485], [-96.78435200002743, 32.75167799984433], [-96.78408199969067, 32.75182299982519], [-96.78382200029799, 32.751986999675445], [-96.78359600034219, 32.752085999761334], [-96.78336899966314, 32.75214999969723], [-96.78291500010171, 32.752214000342704], [-96.78279100025314, 32.75221199978019], [-96.78275500026814, 32.75222299985131], [-96.7826620003817, 32.75222599993917], [-96.78260600030521, 32.75222299985131], [-96.78235400041014, 32.752186000018746], [-96.78177399955368, 32.75189600024729], [-96.7814430000159, 32.75167999966328], [-96.78117000020441, 32.751480999700505], [-96.78092800035509, 32.751291999943], [-96.78051900010118, 32.75088600000331], [-96.78033499997815, 32.75071400027467], [-96.78005899979364, 32.75043499978017], [-96.7796699996312, 32.75018299982534], [-96.77912400000825, 32.74995799988381], [-96.77861500019523, 32.74980900016714], [-96.77827899973624, 32.74977799967253], [-96.77790100034278, 32.74981700036614], [-96.77769600030337, 32.74988899985841], [-96.77753300009677, 32.74991299967624], [-96.77727799982863, 32.7498480000917], [-96.7771199996449, 32.74979999965909], [-96.77700500001714, 32.74974300019781], [-96.77685600005422, 32.74964000004489], [-96.77669500039576, 32.74950499962743], [-96.77563800041165, 32.74836099990968], [-96.77555899987063, 32.74823299983571], [-96.77551200001494, 32.74810900013178], [-96.77553100028153, 32.7479329997681], [-96.77574600036668, 32.74738999987205], [-96.77593499961424, 32.74696600020388], [-96.7760009997365, 32.74665700033272], [-96.7760219996529, 32.746400000046535], [-96.77596499975148, 32.74617000013774], [-96.7758750002381, 32.74600299985822], [-96.77574399981853, 32.74588299997072], [-96.77542999999918, 32.74579299994907], [-96.7750430003849, 32.74574500035369], [-96.77442099969565, 32.74581199986051], [-96.77404199957897, 32.74588299997072], [-96.77363400004828, 32.74588299997072], [-96.77337700013032, 32.745860000175355], [-96.77319800003019, 32.74582400031939], [-96.77302599960274, 32.745757999664264], [-96.77282599958619, 32.74563699984726], [-96.77246800028422, 32.74531200020595], [-96.77211699975662, 32.745018000029916], [-96.77138799983558, 32.744217000348506], [-96.77120200006273, 32.74400700000749], [-96.7710589999476, 32.74381400026858], [-96.77101600028989, 32.74366999971735], [-96.77095900038849, 32.743392000209056], [-96.7710020000462, 32.74285200023998], [-96.77096600006118, 32.742509000040435], [-96.77089400009115, 32.742297000177615], [-96.77077299971734, 32.742063999824985], [-96.77053699971579, 32.74173299986874], [-96.77030800028523, 32.7414669998962], [-96.77009300020008, 32.74128699990746], [-96.7698069999698, 32.741107000310656], [-96.76949899999825, 32.740949000255775], [-96.76917000011028, 32.74083600020251], [-96.76882100013081, 32.740751999809284], [-96.76852700040294, 32.74062000000284], [-96.76831899999047, 32.74051299974151], [-96.76817699970026, 32.740446000027944], [-96.76788200014748, 32.74028499982234], [-96.76764600014593, 32.74012200000306], [-96.76687399966885, 32.739460999969744], [-96.76661799957581, 32.73921800002014], [-96.76650299994807, 32.73908600020818], [-96.7671869996633, 32.7415090001435], [-96.7680660002705, 32.74430000012737], [-96.76879699984137, 32.74667799999112], [-96.768411000052, 32.74630799985206], [-96.76120899980668, 32.73942100036257], [-96.76000399968456, 32.738351999919935], [-96.75861699998758, 32.737090000309124], [-96.75836900029046, 32.736831000233785], [-96.75808100041036, 32.73650999977267], [-96.7580269999837, 32.73601899969304], [-96.7580139995649, 32.735821999682486], [-96.7580410002274, 32.735624000280296], [-96.75814800035751, 32.73525200014521], [-96.758168000449, 32.73507199969307], [-96.7581550000302, 32.73487900024852], [-96.75798000012803, 32.733505999765285], [-96.75792400005153, 32.73311999972158], [-96.75792700042457, 32.732902999969255], [-96.75791300018088, 32.73257100024509], [-96.7580770002124, 32.72994200024435], [-96.75813800031177, 32.7282939996595], [-96.75815800040324, 32.727995000273225], [-96.7580060000673, 32.72801999973968], [-96.75775599982204, 32.72805599998678], [-96.75708399980239, 32.728167000027554], [-96.7561549998648, 32.72826699992548], [-96.75529700007232, 32.72834600027187], [-96.75508000033733, 32.72835800006006], [-96.7549930002987, 32.72836400033142], [-96.75464199977111, 32.72836900005343], [-96.75424699976088, 32.728381999631615], [-96.75377700030593, 32.72832699965924], [-96.75346199976335, 32.728225000238936], [-96.75316899986038, 32.728099000304894], [-96.75233600018225, 32.72745199979401], [-96.75187500004982, 32.727054000022896], [-96.75159999969019, 32.726851000230056], [-96.75143599965867, 32.72672999967952], [-96.75098299992213, 32.72640199965334], [-96.750763999639, 32.726289999865735], [-96.75059799995766, 32.7262319999069], [-96.75039600029132, 32.72619599967895], [-96.74985599961782, 32.726155000346346], [-96.74942200014786, 32.72605200013329], [-96.74904800005405, 32.7259310000098], [-96.74872800038692, 32.72578600021391], [-96.74836500016376, 32.725603000067125], [-96.74816699979704, 32.72547300014758], [-96.74796400030576, 32.725247999780876], [-96.74778500020561, 32.72493299967389], [-96.74764100026557, 32.72466300009989], [-96.74729399993593, 32.72420600036581], [-96.74661600006853, 32.723717000219345], [-96.74623699995182, 32.72353799975022], [-96.74585899966004, 32.723506000092904], [-96.74566299984149, 32.723506000092904], [-96.74546299982492, 32.72354100004814], [-96.74526600018145, 32.72360500008185], [-96.7447210003834, 32.72375100024672], [-96.74424099998437, 32.72388599962739], [-96.74365699982827, 32.72400499981887], [-96.74324000007677, 32.72398999991776], [-96.74279099963988, 32.723959000265396], [-96.74192100015182, 32.72391399977562], [-96.74121899999494, 32.72381500012975], [-96.74028500003449, 32.723708999944286], [-96.7395479997175, 32.72370200026981], [-96.73842600033439, 32.72375600022742], [-96.7378639999196, 32.72385099980758], [-96.73598000010514, 32.72402999964837], [-96.73575099977629, 32.72404799982354], [-96.73547100029212, 32.72403700005279], [-96.73526100022983, 32.72400700025889], [-96.73463600006583, 32.72388800007008], [-96.73453200030877, 32.7238609997575], [-96.73445000029301, 32.72382699977204], [-96.73404299968891, 32.72362599988219], [-96.7339230000383, 32.723892000199704], [-96.73390799996969, 32.72394900032645], [-96.73390600031988, 32.72402100031511], [-96.7339149996424, 32.72411999973231], [-96.73393300008408, 32.72419700029463], [-96.73394700032777, 32.72423100013896], [-96.73397400009195, 32.7242659998096], [-96.73400199968104, 32.72428399993719], [-96.73420500007062, 32.724334000188485], [-96.73449999962341, 32.72441800018482], [-96.73503100007605, 32.724549999803195], [-96.73512300013755, 32.72458299967725], [-96.73529999968957, 32.72467499962811], [-96.73534999991828, 32.724717000231266], [-96.73537699968246, 32.72476599965038], [-96.7353859999033, 32.72479400027802], [-96.73539099992618, 32.724854999914506], [-96.73536800035995, 32.72491600026501], [-96.73519099990962, 32.72522099988008], [-96.73514099968091, 32.725281999980176], [-96.73512700033552, 32.72533400008212], [-96.73513599965804, 32.725399999993435], [-96.7351680003434, 32.72545399967845], [-96.73520400032841, 32.7254910000315], [-96.73530899991042, 32.725556000001845], [-96.7353859999033, 32.72558699985473], [-96.7357449999285, 32.72566300008228], [-96.73581299970056, 32.725690999672466], [-96.73592700040167, 32.72576699981143], [-96.73600400039459, 32.72584299988555], [-96.73605700009803, 32.72591899989494], [-96.73609399990795, 32.72598400030894], [-96.7361120003496, 32.72603400036264], [-96.73611599964926, 32.7260680002622], [-96.73609800010591, 32.72616400021989], [-96.73609399990795, 32.72621800019786], [-96.73609800010591, 32.726260000074156], [-96.73613499991583, 32.72635500000926], [-96.73615300035749, 32.726388999786465], [-96.73619400036539, 32.72643399978277], [-96.73627100035827, 32.72647399992836], [-96.73629800012245, 32.726495999622934], [-96.73639699985665, 32.72655000015555], [-96.73638400033617, 32.726635999956656], [-96.73636599989452, 32.72667299981924], [-96.73628300005383, 32.72676400006941], [-96.73624700006883, 32.726788999881045], [-96.73621100008381, 32.726824999869564], [-96.7361609998551, 32.72685500022675], [-96.73606100029599, 32.72689299980817], [-96.73588399984567, 32.726931999938486], [-96.73574699957832, 32.726951000092704], [-96.7356110000342, 32.72698899963326], [-96.73526100022983, 32.7271289999485], [-96.73518000003897, 32.7271799999224], [-96.73512999981025, 32.72722500027513], [-96.73510700024404, 32.72725300013058], [-96.73507100025903, 32.72731000037577], [-96.73495200043334, 32.727557000261555], [-96.73488899978584, 32.727826000340784], [-96.73483899955713, 32.72792800021759], [-96.73480299957211, 32.727970000044046], [-96.73474800021884, 32.728003999961025], [-96.73469799999013, 32.728026000033786], [-96.73464799976142, 32.72803899966196], [-96.73455700042314, 32.728045999751686], [-96.73446199998857, 32.72803499971845], [-96.73442600000357, 32.728026000033786], [-96.73437099975199, 32.728003999961025], [-96.73408100022208, 32.72783999979734], [-96.73399500000833, 32.72781299992576], [-96.73379099979384, 32.72777100002535], [-96.73374499976309, 32.72776799986976], [-96.73368600021185, 32.72776799986976], [-96.73308600016222, 32.727816000079834], [-96.7329999999485, 32.7278190002338], [-96.73294999971979, 32.727826000340784], [-96.73291299990989, 32.72783899999819], [-96.73286799970403, 32.72786400026405], [-96.73285000016068, 32.72788300021964], [-96.73281300035076, 32.72793699991216], [-96.73277800019066, 32.72802699983084], [-96.73276800014492, 32.72808599992974], [-96.73276800014492, 32.72818999985532], [-96.73278200038861, 32.728281999862695], [-96.7328090001528, 32.728365000124676], [-96.73285000016068, 32.72845399981903], [-96.73287299972691, 32.72848999989087], [-96.73290399968904, 32.72852200002657], [-96.73296800016146, 32.728576000087756], [-96.73303099991064, 32.72861500023751], [-96.7330769999414, 32.72863700015948], [-96.73314499971346, 32.72865999986597], [-96.73319499994217, 32.72867200036762], [-96.73324000014802, 32.728676000282604], [-96.73329100020166, 32.728673999947276], [-96.73333999970714, 32.72865200003444], [-96.73341900024816, 32.728609999773624], [-96.73349899971578, 32.728553000359526], [-96.73358999995239, 32.728530999661174], [-96.73364900040194, 32.72852200002657], [-96.7337039997552, 32.728526999739685], [-96.73374899996105, 32.7285379997122], [-96.73384900041847, 32.7285750002968], [-96.7338719999847, 32.72859099997297], [-96.73390799996969, 32.72863600036927], [-96.73392200021341, 32.72868199977684], [-96.73392600041136, 32.7287270001272], [-96.73389700009906, 32.72888199981657], [-96.73388500040348, 32.72898300021022], [-96.73388500040348, 32.72904499978915], [-96.73389499955091, 32.72908999995627], [-96.73391700019053, 32.729152000216445], [-96.73394899997759, 32.72920500011218], [-96.73398099976464, 32.72923900031386], [-96.73429899978196, 32.729452000037554], [-96.7343439999878, 32.72950499975494], [-96.73436699955403, 32.7295540003211], [-96.73437599977484, 32.729634999840755], [-96.73437599977484, 32.729742000315596], [-96.73436699955403, 32.72981899980096], [-96.73435300020861, 32.72984899990629], [-96.73432600044444, 32.7298720000558], [-96.73421199974332, 32.7299220001961], [-96.73418099978117, 32.729945000326765], [-96.73396200039637, 32.73005199967381], [-96.73386299976386, 32.73008199970072], [-96.73382599995395, 32.73010899964081], [-96.73379900018975, 32.73014300025336], [-96.73376900005253, 32.730220000148066], [-96.73376900005253, 32.73027900030694], [-96.73378999996893, 32.7303209997815], [-96.73384000019765, 32.73034799964913], [-96.73392200021341, 32.73036999989913], [-96.7339849999626, 32.73039800027809], [-96.7340900004429, 32.73046299969359], [-96.73419900022284, 32.73055799968412], [-96.7342669999949, 32.7306380000351], [-96.73429399975907, 32.730687999745754], [-96.73429899978196, 32.73074500006173], [-96.73429399975907, 32.730787000072425], [-96.73428500043657, 32.730818000373425], [-96.7342529997512, 32.73087899966672], [-96.73420800044369, 32.73092100036997], [-96.73417099973543, 32.73093899990959], [-96.73410299996338, 32.73096300029768], [-96.73403500019131, 32.730970000157726], [-96.73400300040426, 32.730970000157726], [-96.73395300017555, 32.73096300029768], [-96.7338719999847, 32.730913999750314], [-96.733753000159, 32.730806999926536], [-96.73370799995317, 32.73078400001833], [-96.73366299974731, 32.73078400001833], [-96.73361300041692, 32.730806999926536], [-96.7335489999445, 32.730806999926536], [-96.73337200039249, 32.73084500009058], [-96.73328399963063, 32.730876000371424], [-96.7328309998941, 32.73092999976238], [-96.7326400000984, 32.73097300020556], [-96.73260400011338, 32.730996000065055], [-96.73257599962598, 32.731027000293444], [-96.73255800008263, 32.73106500036364], [-96.73246699984603, 32.73136700006728], [-96.7324719998689, 32.73142300019011], [-96.73258999986969, 32.73169799998593], [-96.73260800031134, 32.73175799967747], [-96.73268100010627, 32.732138000312695], [-96.73267600008342, 32.73216799963764], [-96.73266299966461, 32.732190999944436], [-96.73262599985469, 32.73221400024535], [-96.73258099964886, 32.73222199975723], [-96.73200400006377, 32.73221499999543], [-96.73173600027516, 32.73222900027411], [-96.73169100006932, 32.73224200004514], [-96.73165900028226, 32.73226500033282], [-96.73164500003857, 32.73228499985541], [-96.73163199961976, 32.73232600014729], [-96.73162800032011, 32.73237799991901], [-96.73164099984061, 32.73242899991266], [-96.73166799960478, 32.7324589998953], [-96.73210399962288, 32.73275399969063], [-96.7321399996079, 32.73278800004999], [-96.73219499985947, 32.73286899965376], [-96.73220800027826, 32.732914999899705], [-96.73220800027826, 32.73296499984445], [-96.73219900005743, 32.73300200010285], [-96.73216700027038, 32.733034000130175], [-96.7321270000874, 32.73304900002094], [-96.7318309998114, 32.73304900002094], [-96.73178999980352, 32.73305299973953], [-96.73175399981851, 32.73307500007754], [-96.73173600027516, 32.733098999890515], [-96.73163499999282, 32.73327200011449], [-96.73156499967261, 32.73341800031744], [-96.7315069999463, 32.73358599973751], [-96.73145099986981, 32.733645999669534], [-96.73135999963321, 32.73368900031384], [-96.73130699992974, 32.73370300036094], [-96.7311909995788, 32.73377599976151], [-96.73106400025551, 32.73383400010176], [-96.7309229997902, 32.73387600016827], [-96.73089199982806, 32.733899000034384], [-96.73087299956148, 32.73392100016358], [-96.73086599988878, 32.73395800002519], [-96.73086400023897, 32.73401199981602], [-96.73086900026185, 32.7340700000027], [-96.73093299983593, 32.73432299991969], [-96.73095499957725, 32.73438399983702], [-96.7310140000268, 32.73449199962545], [-96.73103699959302, 32.73455199970325], [-96.73104499998894, 32.73461699986792], [-96.7310359997681, 32.73467199973768], [-96.73102300024763, 32.734695000154005], [-96.73099999978308, 32.73472099973045], [-96.7309730000189, 32.73474100021328], [-96.7308590002161, 32.73479399980853], [-96.73077700020035, 32.73483999981672], [-96.73067300044326, 32.73492000010285], [-96.73053700000082, 32.73500399994823], [-96.73050500021377, 32.7350309999087], [-96.73046900022877, 32.73507300016674], [-96.73042800022087, 32.735129000228234], [-96.73040499975635, 32.73517599978034], [-96.7303100002201, 32.735404999639236], [-96.73014600018857, 32.73569200030781], [-96.7301279997469, 32.73571100010617], [-96.73010099998272, 32.73572600030208], [-96.72999200020278, 32.73576000028338], [-96.72994199997407, 32.73579100036615], [-96.72991400038498, 32.73582600003228], [-96.72988300042284, 32.73592499994178], [-96.72987300037711, 32.73597499970924], [-96.72987300037711, 32.73606100024114], [-96.72988300042284, 32.73613399997734], [-96.72990099996619, 32.7361850000888], [-96.72991900040786, 32.73621500031848], [-96.72996000041573, 32.73623800033668], [-96.73014500036366, 32.736249999818114], [-96.73034500038021, 32.73627200012265], [-96.73041800017513, 32.73629700029037], [-96.73050400038886, 32.73633800024805], [-96.73054500039673, 32.73636999983326], [-96.73065400017667, 32.73647399991719], [-96.7307539997358, 32.736526999993195], [-96.73091799976734, 32.73659200022872], [-96.73095899977521, 32.73661800000743], [-96.73099499976023, 32.736660000273254], [-96.73105400020977, 32.73675199985089], [-96.73106799955515, 32.73679800035973], [-96.73107199975311, 32.73685600024469], [-96.73105900023263, 32.736939000079545], [-96.73104499998894, 32.736993000331154], [-96.73099099956227, 32.73713800003331], [-96.73098100041484, 32.73717500007066], [-96.73099499976023, 32.73723999983358], [-96.73103999996606, 32.73731800009098], [-96.73109500021764, 32.73745399977592], [-96.73121300021843, 32.73762699985858], [-96.73122699956382, 32.73766200031492], [-96.73123099976178, 32.73772699972264], [-96.73121800024131, 32.73783000004714], [-96.73119899997472, 32.73788199963022], [-96.73115299994397, 32.737965999706375], [-96.73097600039196, 32.73808700011763], [-96.73090299969871, 32.738175999928146], [-96.73085300036833, 32.73821399997296], [-96.73079399991877, 32.7382329999893], [-96.73049000014517, 32.73830900001412], [-96.73043599971848, 32.73831199981492], [-96.7303670001215, 32.73830100029298], [-96.73030400037231, 32.73828299997316], [-96.73017200012784, 32.7382329999893], [-96.73012199989913, 32.73820600024323], [-96.72998100033213, 32.738103000353355], [-96.72993600012629, 32.73808400030925], [-96.7298659998061, 32.73807300000354], [-96.72973699993464, 32.73809200004993], [-96.72967199963733, 32.73813000013057], [-96.72963999985029, 32.73816199982803], [-96.7295770001011, 32.738242000154706], [-96.72951799965153, 32.73833400036605], [-96.72950900032903, 32.738387000091535], [-96.72951799965153, 32.73844499969798], [-96.72956799988026, 32.738608000317896], [-96.72957200007822, 32.7386550003022], [-96.72956799988026, 32.7387050000493], [-96.72951299962867, 32.738852999771005], [-96.7294590001003, 32.73897599983772], [-96.72939899982586, 32.739075000026084], [-96.72922300009876, 32.73926899987793], [-96.72905900006722, 32.739522999816614], [-96.72888199961692, 32.7398629996723], [-96.72886800027152, 32.73990499992002], [-96.72886400007357, 32.739989000356076], [-96.72887300029439, 32.74004199985287], [-96.72890000005856, 32.74014899992417], [-96.72894100006646, 32.74026800031866], [-96.72896299980775, 32.74031599984228], [-96.72898600027229, 32.740346999851475], [-96.7290089998385, 32.74037099997302], [-96.72907699961057, 32.74040899983745], [-96.72913600006014, 32.74045400031214], [-96.72919499961135, 32.74048500027333], [-96.72927199960425, 32.74048800000089], [-96.72933100005379, 32.74048100013272], [-96.7293670000388, 32.740461000182435], [-96.72946699959792, 32.74038800021268], [-96.72951299962867, 32.7403689999002], [-96.72965200044416, 32.74035199965697], [-96.72972199986606, 32.74035399973017], [-96.72981200027773, 32.74037300004584], [-96.72989000009554, 32.740406000107235], [-96.72991199983684, 32.74042199992654], [-96.72993500030137, 32.74044500037014], [-96.72997999960891, 32.740505999875246], [-96.73002599963966, 32.740589000088626], [-96.73004400008132, 32.74064400005087], [-96.7300919997619, 32.74089599978728], [-96.73011199985339, 32.74094500013598], [-96.73017999962545, 32.74102700028918], [-96.73025699961835, 32.74108699974533], [-96.73033299978631, 32.741118000241855], [-96.730563999765, 32.741183000151146], [-96.73061099962067, 32.74120499999347], [-96.73063800028316, 32.74123299999103], [-96.73069600000947, 32.74134899999501], [-96.7306680004204, 32.74146400020161], [-96.7306480003289, 32.741571000076576], [-96.73058700022952, 32.74176600018208], [-96.73053600017592, 32.74183299965873], [-96.73046000000792, 32.74189199968619], [-96.73036799994642, 32.74193999984616], [-96.73017899980053, 32.742004000271166], [-96.73038399983994, 32.74340000022875], [-96.73057299998582, 32.74415300000197], [-96.73059999975001, 32.744530999942306], [-96.73067799956782, 32.74479699983445], [-96.73077800002524, 32.74519899964142], [-96.73079999976656, 32.745238000073144], [-96.73086199969083, 32.745291999829], [-96.73094899972948, 32.74562100020882], [-96.7279600002503, 32.74524799989049], [-96.72747099963046, 32.74515400005205], [-96.72720299984186, 32.7450949999179], [-96.727241000375, 32.745205999894516], [-96.72726800013919, 32.74530299999912], [-96.72736900042153, 32.7453200000533], [-96.72763800003504, 32.745382000356756], [-96.72810400019037, 32.74546600016288], [-96.72843300007834, 32.745498999849175], [-96.73048299957415, 32.745759000017976], [-96.72994100014915, 32.74578999964456], [-96.72974899963023, 32.745845999771376], [-96.7296070002383, 32.74591499990617], [-96.72946999997097, 32.74606699963131], [-96.72938200010742, 32.746268999888734], [-96.729289000221, 32.74678999984871], [-96.72924499984008, 32.74694800012343], [-96.72917899971782, 32.74707700011599], [-96.72897600022655, 32.74727999993106], [-96.72875100009564, 32.74744500016941], [-96.737808999668, 32.75520800026804], [-96.73807800017984, 32.75543700001528], [-96.73849599975627, 32.75579699986582], [-96.74069199974026, 32.75768199979215], [-96.74075799986251, 32.757736999778054], [-96.74084900009909, 32.757822999701666], [-96.74122700039086, 32.75815799965752], [-96.74158499969285, 32.75847399963565], [-96.74210000025197, 32.75886800028008], [-96.74248199984339, 32.759153999955], [-96.7432710000389, 32.75979000005991], [-96.7436300000641, 32.76012600036242], [-96.74432100035031, 32.76071499991531], [-96.74442699975722, 32.76080700033757], [-96.74505100009628, 32.761356000339326], [-96.74569700017666, 32.76192000029589], [-96.74562100000867, 32.76198900006542], [-96.74570399984935, 32.76206500022041], [-96.7463690001963, 32.762606999623685], [-96.74675800035872, 32.76291700022145], [-96.74687399981137, 32.76295599969384], [-96.74750599964804, 32.762434999869384], [-96.74822200004861, 32.763035999662215], [-96.7476010000826, 32.76358500027254], [-96.74778400038072, 32.763747000065756], [-96.74845800005018, 32.76435400018088], [-96.74859299976937, 32.764472999967154], [-96.74913400026777, 32.764926999766374], [-96.74938600016286, 32.76512700003482], [-96.75016100011466, 32.76582400007248], [-96.75093100004361, 32.76647800003521], [-96.7524020003045, 32.76656800030541], [-96.7526769997658, 32.7665810003537], [-96.75317100040851, 32.766693000110095], [-96.75455899993044, 32.7670129997167], [-96.75468899962677, 32.76707899972854], [-96.75506500026873, 32.767265999748076], [-96.75528700002657, 32.76735399975462], [-96.756774000181, 32.76799399986354], [-96.7573449999183, 32.768311999880055], [-96.75754800030789, 32.76842100018253], [-96.75770999979129, 32.76852299966549], [-96.7591190001279, 32.769575999981996], [-96.7592179998621, 32.76965499995892], [-96.7599569998289, 32.77024800023384], [-96.76038000032652, 32.77058100012085], [-96.7611319998138, 32.77113599993353], [-96.76207499999508, 32.771834999872944], [-96.76258899983098, 32.77224300033784], [-96.7628719996882, 32.772454999922395], [-96.76379499977803, 32.77315900030705], [-96.76461300028585, 32.77384799983831], [-96.76510799985518, 32.77418600002381], [-96.76604699983851, 32.77492599974691], [-96.7670450002714, 32.77579800009662], [-96.76717800034078, 32.775852000204566], [-96.76732999977843, 32.775962000351086], [-96.76800699982094, 32.776539000018445], [-96.76880799971201, 32.77719999980545], [-96.76895699967493, 32.77733999977008], [-96.76978100003055, 32.77806399984878], [-96.77081600027334, 32.778942000300475], [-96.7708689999768, 32.77885499964884], [-96.77094500014478, 32.77876799966749], [-96.77207499992383, 32.77783600013812], [-96.77245599969034, 32.77752700013456], [-96.77253000020849, 32.777439000367394], [-96.77262100044508, 32.77729899980323], [-96.77268900021716, 32.77722299981473], [-96.77316899971787, 32.776801000208344], [-96.77400999979191, 32.776107000061835], [-96.7748960000718, 32.77539500017235], [-96.77510100011122, 32.77521500001952], [-96.77515999966245, 32.7751540001159], [-96.77526000011986, 32.775035000257915], [-96.77547299965688, 32.77534199980852], [-96.77603199969863, 32.77607499964593], [-96.77777900014406, 32.77358399993568], [-96.77812499975046, 32.77324699977475], [-96.77839099988925, 32.77290599965325], [-96.7785709998143, 32.772587000135466], [-96.77876099978509, 32.77231799999205], [-96.77923199996329, 32.77285200002363], [-96.77938400029926, 32.77303499981076], [-96.78008499973289, 32.77382000027484], [-96.78049800018478, 32.774324000132715], [-96.7807469997068, 32.77462299963459], [-96.78085600038506, 32.774496000330146], [-96.78090700043869, 32.77445699987097], [-96.78158399958289, 32.774036000023926], [-96.78246900003786, 32.77507799980607], [-96.78298399969867, 32.774762999877005], [-96.78325800023337, 32.77509500021892], [-96.78430400034684, 32.776258000358524], [-96.78486300038857, 32.77578699991676], [-96.7852530003759, 32.77549499993214], [-96.7853579999579, 32.775427000077485], [-96.78544099979858, 32.7754640000715], [-96.78553799988295, 32.775502000069714], [-96.78568500019604, 32.77541199976938], [-96.78580999986953, 32.77534499987273], [-96.78591199997678, 32.77528600010232], [-96.78605000006903, 32.77537099966951], [-96.78621199955242, 32.775470000191554], [-96.78623400019205, 32.775485999754416], [-96.78631299983476, 32.77554000005168], [-96.78662500000429, 32.77574299993897], [-96.78686900040178, 32.7756300002226], [-96.78705900037257, 32.775560999696864], [-96.78719900011465, 32.77550600014809], [-96.78733399983386, 32.775461000011305], [-96.7876390003307, 32.77535500008592], [-96.78814099957273, 32.7752160000424], [-96.78871899988104, 32.7751139999212], [-96.78987200012463, 32.77492899982516], [-96.79010800012617, 32.77488900028458], [-96.7914839999525, 32.774598999678794], [-96.79287900004542, 32.77420299985173], [-96.79323800007062, 32.77411699988908], [-96.7937789996707, 32.77398799978932], [-96.79518700018241, 32.77364200003866], [-96.79555799990318, 32.77355200012318], [-96.7957849996839, 32.773509999879735], [-96.79688799969877, 32.773214999841024], [-96.79711299982965, 32.77303699990545], [-96.79723199965535, 32.77295599981261], [-96.79745599996134, 32.77291099989705], [-96.79768299974207, 32.772855000171795], [-96.79786500021525, 32.77279999970593], [-96.79808799979801, 32.772721000254506], [-96.79827000027122, 32.772645000132805], [-96.7985370002349, 32.772514000059], [-96.79867000030428, 32.772451999760754], [-96.79880099982554, 32.77238800006548], [-96.79889000041233, 32.77233600023202], [-96.7990729998121, 32.77221600032596], [-96.79932300005736, 32.77203799990299], [-96.79981299960383, 32.77164500019931], [-96.80016099975836, 32.771382999936336], [-96.80040199978279, 32.77118899978089], [-96.80031700029228, 32.77113399979613], [-96.80027299991134, 32.77110700020322], [-96.80023100007855, 32.77107600032475], [-96.79954200034048, 32.770570000051435], [-96.80000900032071, 32.77010300004111], [-96.80014599968975, 32.76996500018531], [-96.800283999782, 32.76983399994358], [-96.80035499992711, 32.76975799962272], [-96.80043600011797, 32.76968099990733], [-96.8005020002402, 32.76962100007307], [-96.80062400043894, 32.76951099964244], [-96.80076099980799, 32.76938100033171]]]}, "properties": {"zcta": "75215", "od2a_death_residence_rank_2016_2024": 3, "od2a_death_residence_count_2016_2024": null, "od2a_opioid_ed_visits_rank_2024": null, "od2a_opioid_ed_visits_count_2024": null, "in_required_baseline_12": true, "source": "DCHHS OD2A 2024 Annual Surveillance Report, p.9 (Figure 9)", "geometry_source": "US Census Bureau TIGERweb 2020 ZCTA (ArcGIS REST)", "retrieved": "2026-09-01"}}, {"type": "Feature", "geometry": {"type": "Polygon", "coordinates": [[[-96.82422500041908, 32.700990999622825], [-96.82366600037734, 32.699390999650085], [-96.82352599973693, 32.69894799991052], [-96.82345499959182, 32.69860799975884], [-96.82334099978901, 32.69806199988248], [-96.82324999955242, 32.69754200027871], [-96.82318400032848, 32.69702900016948], [-96.82313900012264, 32.69675900004183], [-96.82310399996254, 32.69645700032008], [-96.82307600037345, 32.69609799983226], [-96.82306899980244, 32.69574900024601], [-96.82308899989394, 32.694448999668026], [-96.8230730000004, 32.691550000089016], [-96.82306999962736, 32.69131599997668], [-96.82315500001617, 32.69131199989833], [-96.82327600039001, 32.69130799981982], [-96.82321799976536, 32.69069700027626], [-96.82316800043496, 32.6902639996617], [-96.82314900016839, 32.68996199989142], [-96.82312999990181, 32.68969500023754], [-96.8231149998332, 32.68913200009756], [-96.82312999990181, 32.688191999885646], [-96.82313699957452, 32.68761299987777], [-96.82312999990181, 32.687326000233135], [-96.82312599970385, 32.68710099966911], [-96.8228960004484, 32.687042999935805], [-96.82274099973938, 32.68700399975505], [-96.82264799985298, 32.686982000149605], [-96.82255199959351, 32.68695900028139], [-96.82186100020559, 32.68674000035172], [-96.82139199967722, 32.686580000218875], [-96.82130299998877, 32.68653799980577], [-96.82154300018829, 32.686145999785445], [-96.82159599989171, 32.68605899999699], [-96.82232200033805, 32.68501100009978], [-96.82241699987429, 32.6848589998725], [-96.82252200035458, 32.68464600027278], [-96.82257400023312, 32.68442699996287], [-96.82258099990582, 32.68420600005171], [-96.8225800000809, 32.68343799995638], [-96.82236599982065, 32.6836330001602], [-96.8222200002308, 32.68383200035185], [-96.82210800007779, 32.6839729998849], [-96.82190600041145, 32.68431299982723], [-96.82187399972608, 32.68438399976302], [-96.82187399972608, 32.68452499993663], [-96.8219730003586, 32.68472300012636], [-96.82199599992481, 32.68481700016202], [-96.82198900025212, 32.6848710002182], [-96.8219320003507, 32.68489699995358], [-96.82181599999974, 32.68490199984369], [-96.82170399984676, 32.68496699990141], [-96.82162000018117, 32.68504299995546], [-96.82159199969377, 32.68515599963768], [-96.82159099986886, 32.685377999741135], [-96.82158500002106, 32.68543299973253], [-96.82152700029475, 32.68546500019308], [-96.82140099989806, 32.68547699970127], [-96.82118599981291, 32.68550400028994], [-96.8211210004139, 32.685543000369755], [-96.82103100000221, 32.68564699999535], [-96.82098499997143, 32.68575400031248], [-96.82090799997854, 32.685851000072255], [-96.82088200003929, 32.68587299995636], [-96.82080099984843, 32.68600900021925], [-96.82073100042656, 32.68611300005818], [-96.81880900007894, 32.68489800023402], [-96.81798100042367, 32.68439799998861], [-96.81757200016976, 32.68416500032276], [-96.81719600042614, 32.68400099970667], [-96.81701499977785, 32.68393899981946], [-96.8168630003402, 32.68390499974109], [-96.81647300035287, 32.68382799993822], [-96.81638700013914, 32.68381900033004], [-96.81538899970626, 32.68378500020598], [-96.81452599989089, 32.683767999761066], [-96.81293800035245, 32.68378500020598], [-96.81100400030928, 32.68377599983743], [-96.81088100028563, 32.683767999761066], [-96.81050700019183, 32.6837150000877], [-96.81022299961138, 32.683667000342126], [-96.80984000019504, 32.683579999650604], [-96.80944099998688, 32.683449000196305], [-96.80851200004928, 32.683022999811286], [-96.80871500043888, 32.68271599973277], [-96.80894499969433, 32.682246000360934], [-96.80873299998223, 32.68216599970675], [-96.80850700002642, 32.682116000017544], [-96.80842599983555, 32.6821190001963], [-96.80834999966758, 32.68214100024369], [-96.80819300020704, 32.68216300028567], [-96.80812000041212, 32.68215000002092], [-96.80805799958954, 32.682129000287254], [-96.80799599966524, 32.682097999699174], [-96.80794100031198, 32.682046000103256], [-96.80790500032697, 32.68198699979802], [-96.80787500018974, 32.6818829996905], [-96.80787900038769, 32.681786999716394], [-96.80789000025835, 32.6816959997087], [-96.80792299987031, 32.68154200000785], [-96.80799099964239, 32.681344999890555], [-96.80789000025835, 32.681127999692066], [-96.80782499996103, 32.680973999767936], [-96.80778499977805, 32.68084199994565], [-96.80777800010536, 32.68076799999431], [-96.80777800010536, 32.68006799991469], [-96.80778499977805, 32.67990900026184], [-96.80781400009037, 32.67964399995936], [-96.80782699961084, 32.67913200018383], [-96.80632699993595, 32.67906000026358], [-96.80590500016156, 32.679049000239125], [-96.80589699976564, 32.67975000032594], [-96.80589299956767, 32.680667000206995], [-96.8058880004431, 32.680722000075434], [-96.80587099982635, 32.68086299998199], [-96.80585400010793, 32.680917000160775], [-96.80580600042735, 32.68099900031371], [-96.80569900029722, 32.68113700032749], [-96.8056470004187, 32.68119199990644], [-96.80527300032487, 32.681452000069584], [-96.80522999976887, 32.6815000002496], [-96.80519600033199, 32.68155400004317], [-96.80517399969236, 32.68161499975674], [-96.80516600019476, 32.681702000094276], [-96.80523399996683, 32.682161999974596], [-96.80510500009538, 32.6821730003717], [-96.80485800022318, 32.68220700035339], [-96.80457600019086, 32.68227700014152], [-96.80421700016568, 32.68234800018381], [-96.80299600015003, 32.68268000009038], [-96.8028949998677, 32.682712000025255], [-96.80217900036543, 32.68290999969826], [-96.80203399970216, 32.682947999852594], [-96.80184799992932, 32.68299400013716], [-96.80056599981431, 32.68331200027285], [-96.798572000395, 32.68384099995872], [-96.79660900003951, 32.68436500037142], [-96.79609199983057, 32.684492999895305], [-96.79563099969812, 32.68462400008639], [-96.79472299967692, 32.68486199995911], [-96.79457799991197, 32.68490499992879], [-96.79389699967149, 32.68506800011826], [-96.79397500038759, 32.68490199984369], [-96.79395299974799, 32.68482699995087], [-96.79385999986157, 32.68471099976076], [-96.79382499970147, 32.68466899998068], [-96.79361299998936, 32.6844949997092], [-96.79257600009673, 32.684113999951386], [-96.79252000002023, 32.68405800036985], [-96.79247499981439, 32.68296599999963], [-96.79293500012193, 32.682675999625154], [-96.79113199960001, 32.6831609997219], [-96.79123100023253, 32.68327799995576], [-96.79187399993985, 32.68455399986968], [-96.79215699979709, 32.6850960003528], [-96.79234299956991, 32.68548100004102], [-96.79185999969616, 32.68561200029484], [-96.79093199958346, 32.685851000072255], [-96.79079100001648, 32.68588599967915], [-96.78989999971371, 32.68611799988015], [-96.78974599972793, 32.68615799995818], [-96.78962199987937, 32.68619099966888], [-96.78915200042441, 32.68543899986701], [-96.78877599978244, 32.68482800023215], [-96.78873300012475, 32.68475500008527], [-96.78735700029839, 32.685374000152784], [-96.78749200001761, 32.68559200013577], [-96.7847529998854, 32.68695800002403], [-96.78361600043365, 32.68751400001768], [-96.78337399968602, 32.68718300019233], [-96.7798169999443, 32.68890400035361], [-96.78037400033622, 32.68963699992116], [-96.7798029997006, 32.689975999998445], [-96.78001600013592, 32.69030800027397], [-96.78014599983226, 32.69050999985116], [-96.77976300041594, 32.690683000282235], [-96.7772839996764, 32.691906000117505], [-96.77686899957472, 32.69210600021575], [-96.77626000020257, 32.6924000002347], [-96.77569000029018, 32.69269800005786], [-96.77535800002916, 32.69285799981121], [-96.77500700039988, 32.692343000360694], [-96.77445500003084, 32.69259400032899], [-96.7740990003787, 32.69209199968667], [-96.77287199961694, 32.69232000036141], [-96.77338299997811, 32.69311800002738], [-96.7723190003213, 32.693301999722785], [-96.77250400026922, 32.69362800014187], [-96.7717910002417, 32.69390599983703], [-96.7717209999215, 32.69368899992338], [-96.77167300024092, 32.69341000012333], [-96.77166599966992, 32.692979999628946], [-96.77168699958631, 32.69125299966717], [-96.77166200037027, 32.69103499989714], [-96.77158600020228, 32.69104599995723], [-96.77153299960051, 32.691055000349024], [-96.77117699994837, 32.6910839996733], [-96.77102100031277, 32.69111699983146], [-96.77085899993105, 32.69115699993805], [-96.77055699980727, 32.69127099965209], [-96.76875099981059, 32.69216300024109], [-96.7679759998588, 32.69255000008736], [-96.76700799956315, 32.693031000228366], [-96.76556499978966, 32.693698000048784], [-96.76513999964223, 32.693917000299386], [-96.76521099978734, 32.69402300035548], [-96.76535700027551, 32.69419499985054], [-96.76540999997896, 32.69427400013611], [-96.76545099998683, 32.694344999711056], [-96.76549600019268, 32.6944459999036], [-96.76552600032991, 32.69452499996698], [-96.76552600032991, 32.69462599995581], [-96.76549199999472, 32.69471799980875], [-96.76537200034413, 32.69508699995067], [-96.76534499968164, 32.695181999824264], [-96.76533399981098, 32.69527299969592], [-96.765341000382, 32.69537499975753], [-96.76537099962088, 32.69545600007913], [-96.76542400022265, 32.695555000204415], [-96.76547299972815, 32.69563400004232], [-96.76596800019578, 32.696322000249175], [-96.76454100031582, 32.69670800006037], [-96.76447799966832, 32.69672799999724], [-96.76423300034425, 32.696809999994095], [-96.76324900015507, 32.6971469997616], [-96.76170000007636, 32.697699000010175], [-96.76017699993693, 32.69826199979562], [-96.75921899968702, 32.696806000161935], [-96.75880500030854, 32.69601499978136], [-96.75785799992927, 32.696397000313745], [-96.75712599963518, 32.69706199964193], [-96.75734200044357, 32.697593999921835], [-96.75451700009764, 32.69896900022425], [-96.75479800030503, 32.69966900029544], [-96.75499099975058, 32.70017200001279], [-96.75502900028371, 32.70025999976363], [-96.75505699987279, 32.700328000301965], [-96.75387799968995, 32.700787000123796], [-96.75359700038088, 32.70088500028227], [-96.75336100037933, 32.700973000085995], [-96.7531410002713, 32.701058000260744], [-96.75299800015615, 32.701110000123165], [-96.7528530003912, 32.70116500024996], [-96.75323900018059, 32.70210299975045], [-96.75345500009065, 32.70267699986237], [-96.75358800016005, 32.703091000040175], [-96.75384500007799, 32.70404299987457], [-96.75426600002746, 32.70566900007967], [-96.75448299976246, 32.70648699984641], [-96.75529799989722, 32.70952200025569], [-96.75559800037121, 32.71066800037056], [-96.75588399970314, 32.71169100037385], [-96.7560910002907, 32.712394000334996], [-96.75620900029148, 32.712762999951025], [-96.75621000011638, 32.71277800022882], [-96.75612200025283, 32.71274299982867], [-96.75589399974888, 32.71269199991203], [-96.75556800023396, 32.71262399972593], [-96.75532200018667, 32.712564999978156], [-96.75518800029238, 32.71251799984371], [-96.75477599966541, 32.712402000113485], [-96.75448100011262, 32.71228500025882], [-96.7542960001647, 32.712209999941834], [-96.75406199981298, 32.71214000019372], [-96.75387600004014, 32.71214700001985], [-96.75360200040375, 32.71223600002861], [-96.75323300033281, 32.71237300015734], [-96.75327400034068, 32.71243699989159], [-96.7533260002192, 32.71252099975653], [-96.75349100007567, 32.7127869999408], [-96.75367799967341, 32.71308800036618], [-96.75451500044782, 32.71435300024305], [-96.7550710001165, 32.71515599987365], [-96.75534700030103, 32.715588999897236], [-96.75523900034601, 32.71563799979716], [-96.75516900002579, 32.715675999623905], [-96.75475999977188, 32.71589800015785], [-96.75376200023732, 32.71642700021757], [-96.75324199965532, 32.71668100024429], [-96.75211600007422, 32.71723199990762], [-96.7519870002028, 32.71728600000421], [-96.75171400039133, 32.71738500009636], [-96.75163200037557, 32.71741300001851], [-96.75145900012319, 32.71747300025403], [-96.75127099980223, 32.717118000100164], [-96.74989999999875, 32.71478700033121], [-96.74953299957762, 32.71415400006771], [-96.74875099995315, 32.712836999835716], [-96.7479400000163, 32.711435999759495], [-96.7476010000826, 32.710839000298826], [-96.7470949997443, 32.70997999964969], [-96.74660600002277, 32.70914500001351], [-96.74613999986744, 32.7083349998149], [-96.74565600016876, 32.70749599979135], [-96.74514099960965, 32.70662399973302], [-96.74479500000324, 32.70607999985287], [-96.74460300038263, 32.70583000006004], [-96.74445500024463, 32.705580000322676], [-96.74430200008374, 32.70531699996991], [-96.74420599982427, 32.7050549996525], [-96.74404400034088, 32.704706999622395], [-96.74395800012715, 32.70449299969454], [-96.74392299996705, 32.7044179996302], [-96.74389500037796, 32.7043540001906], [-96.74406699990709, 32.70428999994919], [-96.74334399983383, 32.703036000344476], [-96.7431720003047, 32.702737000182424], [-96.74141800018658, 32.699726000027134], [-96.74113699997919, 32.69925199975865], [-96.7400959998886, 32.697441999949405], [-96.7390969996308, 32.69571399996962], [-96.7370339997162, 32.69215299976178], [-96.73626299996235, 32.69083000010973], [-96.73564799984412, 32.689769000351866], [-96.73556599982835, 32.68963500022243], [-96.73547899978972, 32.68950099989188], [-96.73541199984257, 32.68939899992301], [-96.73403000016843, 32.686982000149605], [-96.73395499982536, 32.68685999969618], [-96.7301000001578, 32.68871200027683], [-96.72964099967518, 32.68894099999018], [-96.72753000008, 32.68994900000601], [-96.72567899987752, 32.69087000034496], [-96.72504200001796, 32.69114000014066], [-96.7245370004029, 32.69135400033387], [-96.72414200039269, 32.691550000089016], [-96.72368399973497, 32.691790000051746], [-96.72231100028169, 32.69248699989264], [-96.72214200022728, 32.69256700037228], [-96.72043699961465, 32.6933339996311], [-96.72027900032923, 32.693354999753694], [-96.71980200030325, 32.6934819998138], [-96.71914299980409, 32.6936690000616], [-96.71865499990744, 32.693736000148014], [-96.71788800035156, 32.69399700025353], [-96.71707800023965, 32.69405200022761], [-96.71591999997321, 32.69423500009001], [-96.71455500001751, 32.69464799994574], [-96.71305799981734, 32.69609899998722], [-96.71305100014465, 32.69640799971314], [-96.71361299966112, 32.69633999996801], [-96.71403799980857, 32.696302000221316], [-96.71438900033615, 32.69629499990806], [-96.71480199988972, 32.6962880003503], [-96.71552900016094, 32.69631600009007], [-96.71655799965767, 32.696412000319114], [-96.7172659996623, 32.69644500001962], [-96.7173710001426, 32.69644299971745], [-96.71785900003924, 32.69638100015408], [-96.71917399976623, 32.69634999997828], [-96.72020900000904, 32.69640899986466], [-96.72040800020065, 32.69642899986856], [-96.72101900012093, 32.6965129996848], [-96.72124000005385, 32.69655999993444], [-96.72177900000412, 32.69668499967383], [-96.72266500028401, 32.69688199996607], [-96.72313899993694, 32.697034000136185], [-96.72328299987699, 32.69708999989482], [-96.72352399990142, 32.697204999734616], [-96.72369100030599, 32.697300000377915], [-96.72418300040059, 32.69766700015475], [-96.72440500015843, 32.69782700007329], [-96.72480799966625, 32.698176999981804], [-96.7251149998129, 32.69843199993641], [-96.72535900021037, 32.69861499989065], [-96.72553999996035, 32.69872500016176], [-96.7256350003949, 32.698754000018226], [-96.72578000015984, 32.698775999746644], [-96.7262270000486, 32.698803000093164], [-96.72631599973705, 32.698800999843776], [-96.7268530000375, 32.698748000022604], [-96.72737899956896, 32.69868900017046], [-96.72774500016517, 32.698626999899346], [-96.72799700006024, 32.69855700007797], [-96.72830000000894, 32.69845499987283], [-96.72849500000261, 32.69839599982692], [-96.72856500032282, 32.698384999916556], [-96.72862399987406, 32.698384999916556], [-96.72868099977546, 32.69839300019514], [-96.72940300002382, 32.69855900033283], [-96.73059599955205, 32.69889400005297], [-96.73071299972791, 32.698933000331344], [-96.73167099997782, 32.69927699972246], [-96.7319930001931, 32.69936699983661], [-96.73218700036186, 32.69941699969277], [-96.73228699992097, 32.69943599966105], [-96.732358999891, 32.699442999727886], [-96.73288299977264, 32.69945400026383], [-96.73327699995794, 32.69944600008034], [-96.73335399995085, 32.69945699985995], [-96.73363400033331, 32.699530000081026], [-96.73370700012823, 32.699566999849274], [-96.7339149996424, 32.69971899998248], [-96.73403900038926, 32.69982299972549], [-96.73411800003198, 32.699913000045015], [-96.73437699959976, 32.70023799964505], [-96.73441699978272, 32.70030099966085], [-96.73447600023228, 32.7004200003253], [-96.73449799997357, 32.70047600022733], [-96.73455200040026, 32.7006589997702], [-96.73456599974564, 32.7007430001411], [-96.73459800043102, 32.70127200011093], [-96.73456099972277, 32.70166099995854], [-96.73436300025438, 32.70250399999872], [-96.73423600003277, 32.70318000001199], [-96.73422099996415, 32.70328899987354], [-96.7342030004208, 32.70353499969586], [-96.7342030004208, 32.7036580001086], [-96.73427799986555, 32.704178999669715], [-96.73434800018576, 32.70455799985052], [-96.7343649999042, 32.70463199973787], [-96.73448999957766, 32.704998000300904], [-96.73456400009583, 32.70520099994734], [-96.73460199973066, 32.7052940002902], [-96.73495400008316, 32.70599900010256], [-96.73503400044912, 32.70617900028779], [-96.73567999963117, 32.70749799984584], [-96.73577900026369, 32.70763499969187], [-96.73586899977705, 32.707896999992265], [-96.7359909999758, 32.708319000283744], [-96.73607700018952, 32.708653999647346], [-96.73613599974075, 32.70904199980659], [-96.73614099976362, 32.70933499996582], [-96.7361039999537, 32.709711000158535], [-96.73562399955468, 32.71101499983849], [-96.73556599982835, 32.7111349998066], [-96.73502199985523, 32.712096999738186], [-96.73409299991762, 32.71350599969423], [-96.73326199988932, 32.71485099984507], [-96.73238400000535, 32.71672400000167], [-96.73232899975378, 32.716890000048174], [-96.73186900034455, 32.71871300011406], [-96.73199400001802, 32.719934999870176], [-96.73205199974433, 32.720403999679164], [-96.7320710000109, 32.720484000072354], [-96.7320710000109, 32.72056500027445], [-96.73205199974433, 32.720856999739325], [-96.73205199974433, 32.721212999998606], [-96.7320710000109, 32.72132500011746], [-96.7321480000038, 32.7216009999449], [-96.73222499999672, 32.721812000044565], [-96.73264799959601, 32.722523999830074], [-96.73303299956045, 32.72289600017847], [-96.73341800042324, 32.7232359999765], [-96.73384100002254, 32.72352600006898], [-96.73389799992395, 32.723559000322034], [-96.73391800001545, 32.72357400029562], [-96.73404299968891, 32.72362599988219], [-96.73445000029301, 32.72382699977204], [-96.73453200030877, 32.7238609997575], [-96.73463600006583, 32.72388800007008], [-96.73526100022983, 32.72400700025889], [-96.73547100029212, 32.72403700005279], [-96.73575099977629, 32.72404799982354], [-96.73598000010514, 32.72402999964837], [-96.7378639999196, 32.72385099980758], [-96.73842600033439, 32.72375600022742], [-96.7395479997175, 32.72370200026981], [-96.74028500003449, 32.723708999944286], [-96.74121899999494, 32.72381500012975], [-96.74192100015182, 32.72391399977562], [-96.74279099963988, 32.723959000265396], [-96.74324000007677, 32.72398999991776], [-96.74365699982827, 32.72400499981887], [-96.74424099998437, 32.72388599962739], [-96.7447210003834, 32.72375100024672], [-96.74526600018145, 32.72360500008185], [-96.74546299982492, 32.72354100004814], [-96.74566299984149, 32.723506000092904], [-96.74585899966004, 32.723506000092904], [-96.74623699995182, 32.72353799975022], [-96.74661600006853, 32.723717000219345], [-96.74729399993593, 32.72420600036581], [-96.74764100026557, 32.72466300009989], [-96.74778500020561, 32.72493299967389], [-96.74796400030576, 32.725247999780876], [-96.74816699979704, 32.72547300014758], [-96.74836500016376, 32.725603000067125], [-96.74872800038692, 32.72578600021391], [-96.74904800005405, 32.7259310000098], [-96.74942200014786, 32.72605200013329], [-96.74985599961782, 32.726155000346346], [-96.75039600029132, 32.72619599967895], [-96.75059799995766, 32.7262319999069], [-96.750763999639, 32.726289999865735], [-96.75098299992213, 32.72640199965334], [-96.75143599965867, 32.72672999967952], [-96.75159999969019, 32.726851000230056], [-96.75187500004982, 32.727054000022896], [-96.75233600018225, 32.72745199979401], [-96.75316899986038, 32.728099000304894], [-96.75346199976335, 32.728225000238936], [-96.75377700030593, 32.72832699965924], [-96.75424699976088, 32.728381999631615], [-96.75464199977111, 32.72836900005343], [-96.7549930002987, 32.72836400033142], [-96.75508000033733, 32.72835800006006], [-96.75529700007232, 32.72834600027187], [-96.7561549998648, 32.72826699992548], [-96.75708399980239, 32.728167000027554], [-96.75775599982204, 32.72805599998678], [-96.7580060000673, 32.72801999973968], [-96.75815800040324, 32.727995000273225], [-96.75813800031177, 32.7282939996595], [-96.7580770002124, 32.72994200024435], [-96.75791300018088, 32.73257100024509], [-96.75792700042457, 32.732902999969255], [-96.75792400005153, 32.73311999972158], [-96.75798000012803, 32.733505999765285], [-96.7581550000302, 32.73487900024852], [-96.758168000449, 32.73507199969307], [-96.75814800035751, 32.73525200014521], [-96.7580410002274, 32.735624000280296], [-96.7580139995649, 32.735821999682486], [-96.7580269999837, 32.73601899969304], [-96.75808100041036, 32.73650999977267], [-96.75836900029046, 32.736831000233785], [-96.75861699998758, 32.737090000309124], [-96.76000399968456, 32.738351999919935], [-96.76120899980668, 32.73942100036257], [-96.768411000052, 32.74630799985206], [-96.76879699984137, 32.74667799999112], [-96.7680660002705, 32.74430000012737], [-96.7671869996633, 32.7415090001435], [-96.76650299994807, 32.73908600020818], [-96.76661799957581, 32.73921800002014], [-96.76687399966885, 32.739460999969744], [-96.76764600014593, 32.74012200000306], [-96.76788200014748, 32.74028499982234], [-96.76817699970026, 32.740446000027944], [-96.76831899999047, 32.74051299974151], [-96.76852700040294, 32.74062000000284], [-96.76882100013081, 32.740751999809284], [-96.76917000011028, 32.74083600020251], [-96.76949899999825, 32.740949000255775], [-96.7698069999698, 32.741107000310656], [-96.77009300020008, 32.74128699990746], [-96.77030800028523, 32.7414669998962], [-96.77053699971579, 32.74173299986874], [-96.77077299971734, 32.742063999824985], [-96.77089400009115, 32.742297000177615], [-96.77096600006118, 32.742509000040435], [-96.7710020000462, 32.74285200023998], [-96.77095900038849, 32.743392000209056], [-96.77101600028989, 32.74366999971735], [-96.7710589999476, 32.74381400026858], [-96.77120200006273, 32.74400700000749], [-96.77138799983558, 32.744217000348506], [-96.77211699975662, 32.745018000029916], [-96.77246800028422, 32.74531200020595], [-96.77282599958619, 32.74563699984726], [-96.77302599960274, 32.745757999664264], [-96.77319800003019, 32.74582400031939], [-96.77337700013032, 32.745860000175355], [-96.77363400004828, 32.74588299997072], [-96.77404199957897, 32.74588299997072], [-96.77442099969565, 32.74581199986051], [-96.7750430003849, 32.74574500035369], [-96.77542999999918, 32.74579299994907], [-96.77574399981853, 32.74588299997072], [-96.7758750002381, 32.74600299985822], [-96.77596499975148, 32.74617000013774], [-96.7760219996529, 32.746400000046535], [-96.7760009997365, 32.74665700033272], [-96.77593499961424, 32.74696600020388], [-96.77574600036668, 32.74738999987205], [-96.77553100028153, 32.7479329997681], [-96.77551200001494, 32.74810900013178], [-96.77555899987063, 32.74823299983571], [-96.77563800041165, 32.74836099990968], [-96.77669500039576, 32.74950499962743], [-96.77685600005422, 32.74964000004489], [-96.77700500001714, 32.74974300019781], [-96.7771199996449, 32.74979999965909], [-96.77727799982863, 32.7498480000917], [-96.77753300009677, 32.74991299967624], [-96.77841799965343, 32.747971000185146], [-96.7798450004317, 32.74493700013475], [-96.78007399986225, 32.744396999707206], [-96.78046700022263, 32.74358900010778], [-96.78071699956958, 32.74300300027272], [-96.78086899990555, 32.74252500023772], [-96.7810000003251, 32.7420860002054], [-96.78106499972411, 32.741645999877036], [-96.78110900010503, 32.74122499977671], [-96.78110900010503, 32.74081999970194], [-96.78106499972411, 32.74010499971266], [-96.7810000003251, 32.73962999975547], [-96.78091300028647, 32.739134000368495], [-96.78082600024783, 32.73871200005698], [-96.78064399977464, 32.73814400023577], [-96.78031099968872, 32.7373979996641], [-96.77825600017003, 32.73285299998973], [-96.77939099997194, 32.73231700014013], [-96.782027000172, 32.73104900037586], [-96.78264800013802, 32.730744000295154], [-96.78336799983825, 32.730406999723364], [-96.78448099989883, 32.72985400030073], [-96.78519099955332, 32.7295219998002], [-96.78539200029309, 32.72942799999835], [-96.78551699996656, 32.7293459997526], [-96.78653299994279, 32.728869000311256], [-96.78738200041276, 32.72847400019663], [-96.78844299969651, 32.727921999916894], [-96.78959299956705, 32.72740999972353], [-96.7903430003028, 32.72704299986726], [-96.78985200003314, 32.726725999677285], [-96.78958300041961, 32.726517000253835], [-96.78926600022723, 32.72631200036143], [-96.78903699989837, 32.72619700025232], [-96.78808500039453, 32.725743000291615], [-96.78796599967053, 32.72566499972941], [-96.78788299982988, 32.7255999998386], [-96.7878150000578, 32.72553599972531], [-96.78771999962325, 32.72543300030865], [-96.7876329995846, 32.72531299992837], [-96.78757300020845, 32.72519499979997], [-96.78750999956095, 32.724977999649326], [-96.78717400000029, 32.72299599994252], [-96.78710200003027, 32.72265599998507], [-96.78703099988516, 32.72243100006734], [-96.79201399968194, 32.720354000247255], [-96.79212500001003, 32.720284000088576], [-96.79222499956913, 32.720191000256946], [-96.79226800012516, 32.72010799994342], [-96.79226800012516, 32.72005499993044], [-96.79226099955414, 32.719999000224696], [-96.79220600020088, 32.71996899982806], [-96.79198600009285, 32.719934999870176], [-96.79125999964653, 32.719749000137874], [-96.7910320000409, 32.71967300016001], [-96.79049200026573, 32.71942299991508], [-96.79032700040929, 32.71936599991831], [-96.79037400026495, 32.719264999967166], [-96.79100299972859, 32.71949499977933], [-96.79162000039496, 32.71968899992205], [-96.7920039996362, 32.719778999852785], [-96.79223700016301, 32.719821999628046], [-96.79242200011093, 32.71984899965208], [-96.7925030003018, 32.71986099982813], [-96.79295600003833, 32.71988400028696], [-96.79340899977485, 32.71987599966799], [-96.79382899989943, 32.71983800011914], [-96.79438899976607, 32.719748000248], [-96.79524599973364, 32.719570999908896], [-96.7960089999899, 32.71944499983776], [-96.79606199969332, 32.71957899979944], [-96.7961010000514, 32.719635999660056], [-96.79614899973198, 32.71967599983217], [-96.79624599981635, 32.719723999863945], [-96.79641499987075, 32.719799999798354], [-96.79692399968377, 32.72002399966581], [-96.7976009997263, 32.72030099962469], [-96.79893399989493, 32.720854999984354], [-96.79977800034202, 32.721224000117736], [-96.80043699994289, 32.72151599969202], [-96.80054800027095, 32.72155300016771], [-96.80067600031748, 32.72157199995664], [-96.80053999987504, 32.7218149996448], [-96.80078699974725, 32.72156699985345], [-96.80090999977091, 32.72140899992537], [-96.80098199974091, 32.72133399972276], [-96.8010789998253, 32.72124499972301], [-96.80125299990257, 32.72111400037696], [-96.80118000010764, 32.72054499963426], [-96.8016210001486, 32.720539000348204], [-96.8025430004135, 32.720138000293296], [-96.80277400039219, 32.72014299972082], [-96.80316600002935, 32.72014199983536], [-96.80359399965151, 32.720156999627974], [-96.80366300014681, 32.720156999627974], [-96.80372699972091, 32.72015900015433], [-96.80362399978874, 32.72073199985247], [-96.80354900034399, 32.72110699974304], [-96.80341799992442, 32.721457999650774], [-96.80327800018235, 32.721772999941955], [-96.80313000004435, 32.72207400027222], [-96.80282899974546, 32.72270200021073], [-96.80235699974236, 32.72366400008409], [-96.80226600040407, 32.72381000015235], [-96.80215800044904, 32.723959000265396], [-96.80201100013595, 32.72414100016705], [-96.80183799988357, 32.724322999697264], [-96.80163899969195, 32.724516000080506], [-96.80143600020068, 32.7246829998165], [-96.8002260000557, 32.7255999998386], [-96.80003100006202, 32.72575700007526], [-96.79979699971028, 32.72594600034004], [-96.79964100007469, 32.72611000020916], [-96.79951200020325, 32.726263000280476], [-96.79970600037201, 32.72641600008924], [-96.79984600011409, 32.72654500033157], [-96.7998040002813, 32.726684000020455], [-96.79979699971028, 32.72680800006573], [-96.79976699957305, 32.726928999754676], [-96.79971899989248, 32.7270359996988], [-96.79968100025765, 32.72720900035387], [-96.79958800037123, 32.72737899974879], [-96.79946500034758, 32.727584000210605], [-96.79942000014174, 32.72790100037267], [-96.7993959998523, 32.72814599978532], [-96.7994169997687, 32.72834300013564], [-96.799482000066, 32.72849300002215], [-96.79949600030973, 32.728561000199946], [-96.79904000020015, 32.72873100003966], [-96.79897499990281, 32.72877099991038], [-96.79897900010077, 32.728792999793846], [-96.79909200007867, 32.72906999971687], [-96.79956800027973, 32.73007499977094], [-96.79971499969452, 32.730424000352244], [-96.79982799967242, 32.73074500006173], [-96.79990600038855, 32.73103599967516], [-96.80004399958248, 32.73168999967134], [-96.80012200029861, 32.732185999681136], [-96.80013900001704, 32.73231700014013], [-96.80014800023788, 32.73260100017993], [-96.80014800023788, 32.73291400015747], [-96.80013099962113, 32.733257000261254], [-96.79957499995244, 32.735401999740574], [-96.79952899992169, 32.73556700006176], [-96.79937900013384, 32.73616200005694], [-96.7992760002017, 32.7365240001323], [-96.79919300036102, 32.73679800035973], [-96.79902799960627, 32.73726699987224], [-96.7989809997506, 32.737414999715234], [-96.7989039997577, 32.737774999859376], [-96.79886299974982, 32.73798900002824], [-96.79884199983343, 32.73806199969646], [-96.79884000018359, 32.73808700011763], [-96.79877800025933, 32.73835699983737], [-96.79869000039578, 32.73878400021214], [-96.7986219997254, 32.73906100006721], [-96.79899599981921, 32.73910000016314], [-96.79937400011099, 32.73913000016723], [-96.79945399957863, 32.73913200026786], [-96.7996910003034, 32.738613000220965], [-96.80242299986459, 32.73860100030205], [-96.80232300030546, 32.73912699963833], [-96.80270099969894, 32.73913099983973], [-96.8029729996855, 32.739134000368495], [-96.80308200036374, 32.73911499978863], [-96.80318299974778, 32.7391050000386], [-96.80542300011271, 32.73911600021693], [-96.80543800018133, 32.738698000041076], [-96.80736399982858, 32.738695999930655], [-96.80734999958486, 32.73911499978863], [-96.80789699993106, 32.73911299968762], [-96.80845900034583, 32.73910900024099], [-96.80923799959727, 32.739123000192386], [-96.80976999987485, 32.73913299994039], [-96.81037199957429, 32.739134000368495], [-96.81032899991658, 32.73867000000261], [-96.81087799991259, 32.73866599978051], [-96.81087799991259, 32.73784299975689], [-96.8116179997043, 32.737786000201865], [-96.81167100030606, 32.738354000038086], [-96.81169399987228, 32.73850000022789], [-96.81172099963645, 32.73859999986796], [-96.81177099986517, 32.73871900006417], [-96.81198299957728, 32.73911299968762], [-96.81228200022633, 32.73977199994917], [-96.81235500002128, 32.74012499974284], [-96.81236699971683, 32.74023199971446], [-96.81241100009777, 32.74075700034761], [-96.81247800004492, 32.74109299991541], [-96.81363299993833, 32.74012200000306], [-96.81416799969062, 32.73966599984731], [-96.81460500043192, 32.73930599978609], [-96.81520899978119, 32.7388219999977], [-96.81886099995748, 32.73581599991314], [-96.81969500035882, 32.73514899986379], [-96.819826999705, 32.73503899992336], [-96.82172999978602, 32.733502999802724], [-96.8219520004422, 32.73335099980373], [-96.82220500016219, 32.73320899995824], [-96.82250599956274, 32.73307500007754], [-96.82270399992947, 32.733014999761146], [-96.82269600043186, 32.732778000345725], [-96.82269600043186, 32.73224500005015], [-96.82269999973151, 32.73195699986418], [-96.82270399992947, 32.73164500006106], [-96.82271700034826, 32.73143300004639], [-96.82272599967078, 32.73058200017479], [-96.82273300024177, 32.73019000016759], [-96.82224199997209, 32.73021900037555], [-96.82221400038301, 32.73021400000164], [-96.82226000041376, 32.728590000182194], [-96.82225700004071, 32.72854399997143], [-96.82222699990348, 32.72854399997143], [-96.82221699985774, 32.72745499996023], [-96.822206999812, 32.726367000065494], [-96.82160500011256, 32.726359000028204], [-96.82160000008967, 32.72511200036545], [-96.82162000018117, 32.72448700028452], [-96.82164500029553, 32.72387700027959], [-96.82164000027265, 32.72283099978052], [-96.82281299970941, 32.722813999970946], [-96.82282199993024, 32.72232999980876], [-96.82284100019682, 32.721496000020835], [-96.82284299984663, 32.72138200037359], [-96.82287399980876, 32.72042999964477], [-96.82287800000672, 32.72031799991341], [-96.82168100028053, 32.720275000377256], [-96.82168299993036, 32.71915500007736], [-96.82288700022757, 32.719167000346786], [-96.82289399990027, 32.71854100026127], [-96.82290099957295, 32.71793699985539], [-96.82290499977091, 32.717593999762144], [-96.8229170003648, 32.716811000132864], [-96.82251399995867, 32.716812000055725], [-96.82251399995867, 32.7166469997887], [-96.82231700031518, 32.716650000318474], [-96.82233800023157, 32.71503400013855], [-96.82292900006037, 32.71503799990951], [-96.82295800037268, 32.7131600000538], [-96.82296900024335, 32.712255000290774], [-96.8229740002662, 32.71136700014378], [-96.82297199971806, 32.71049000015888], [-96.82296300039555, 32.709575999728905], [-96.82295900019759, 32.70921999988391], [-96.82297099989316, 32.708146000020555], [-96.82297099989316, 32.70751999968631], [-96.82296800041841, 32.70721399997502], [-96.82298199976381, 32.70671199992445], [-96.82298500013685, 32.70595599971058], [-96.82297699974093, 32.70589700008836], [-96.82297500009112, 32.705837999671225], [-96.82272599967078, 32.70584099980867], [-96.82246499955485, 32.70585200031184], [-96.82234400007935, 32.70302500025007], [-96.82297199971806, 32.70302300009531], [-96.82296099984742, 32.70144400000004], [-96.8229459997788, 32.70099199972295], [-96.82422500041908, 32.700990999622825]]]}, "properties": {"zcta": "75216", "od2a_death_residence_rank_2016_2024": 2, "od2a_death_residence_count_2016_2024": null, "od2a_opioid_ed_visits_rank_2024": null, "od2a_opioid_ed_visits_count_2024": null, "in_required_baseline_12": true, "source": "DCHHS OD2A 2024 Annual Surveillance Report, p.9 (Figure 9)", "geometry_source": "US Census Bureau TIGERweb 2020 ZCTA (ArcGIS REST)", "retrieved": "2026-09-01"}}, {"type": "Feature", "geometry": {"type": "Polygon", "coordinates": [[[-96.7380260003013, 32.75548100020941], [-96.73807800017984, 32.75543700001528], [-96.737808999668, 32.75520800026804], [-96.72875100009564, 32.74744500016941], [-96.72897600022655, 32.74727999993106], [-96.72917899971782, 32.74707700011599], [-96.72924499984008, 32.74694800012343], [-96.729289000221, 32.74678999984871], [-96.72938200010742, 32.746268999888734], [-96.72946999997097, 32.74606699963131], [-96.7296070002383, 32.74591499990617], [-96.72974899963023, 32.745845999771376], [-96.72994100014915, 32.74578999964456], [-96.73048299957415, 32.745759000017976], [-96.72843300007834, 32.745498999849175], [-96.72810400019037, 32.74546600016288], [-96.72763800003504, 32.745382000356756], [-96.72736900042153, 32.7453200000533], [-96.72726800013919, 32.74530299999912], [-96.727241000375, 32.745205999894516], [-96.72720299984186, 32.7450949999179], [-96.72747099963046, 32.74515400005205], [-96.7279600002503, 32.74524799989049], [-96.73094899972948, 32.74562100020882], [-96.73086199969083, 32.745291999829], [-96.73079999976656, 32.745238000073144], [-96.73077800002524, 32.74519899964142], [-96.73067799956782, 32.74479699983445], [-96.73059999975001, 32.744530999942306], [-96.73057299998582, 32.74415300000197], [-96.73038399983994, 32.74340000022875], [-96.73017899980053, 32.742004000271166], [-96.73036799994642, 32.74193999984616], [-96.73046000000792, 32.74189199968619], [-96.73053600017592, 32.74183299965873], [-96.73058700022952, 32.74176600018208], [-96.7306480003289, 32.741571000076576], [-96.7306680004204, 32.74146400020161], [-96.73069600000947, 32.74134899999501], [-96.73063800028316, 32.74123299999103], [-96.73061099962067, 32.74120499999347], [-96.730563999765, 32.741183000151146], [-96.73033299978631, 32.741118000241855], [-96.73025699961835, 32.74108699974533], [-96.73017999962545, 32.74102700028918], [-96.73011199985339, 32.74094500013598], [-96.7300919997619, 32.74089599978728], [-96.73004400008132, 32.74064400005087], [-96.73002599963966, 32.740589000088626], [-96.72997999960891, 32.740505999875246], [-96.72993500030137, 32.74044500037014], [-96.72991199983684, 32.74042199992654], [-96.72989000009554, 32.740406000107235], [-96.72981200027773, 32.74037300004584], [-96.72972199986606, 32.74035399973017], [-96.72965200044416, 32.74035199965697], [-96.72951299962867, 32.7403689999002], [-96.72946699959792, 32.74038800021268], [-96.7293670000388, 32.740461000182435], [-96.72933100005379, 32.74048100013272], [-96.72927199960425, 32.74048800000089], [-96.72919499961135, 32.74048500027333], [-96.72913600006014, 32.74045400031214], [-96.72907699961057, 32.74040899983745], [-96.7290089998385, 32.74037099997302], [-96.72898600027229, 32.740346999851475], [-96.72896299980775, 32.74031599984228], [-96.72894100006646, 32.74026800031866], [-96.72890000005856, 32.74014899992417], [-96.72887300029439, 32.74004199985287], [-96.72886400007357, 32.739989000356076], [-96.72886800027152, 32.73990499992002], [-96.72888199961692, 32.7398629996723], [-96.72905900006722, 32.739522999816614], [-96.72922300009876, 32.73926899987793], [-96.72939899982586, 32.739075000026084], [-96.7294590001003, 32.73897599983772], [-96.72951299962867, 32.738852999771005], [-96.72956799988026, 32.7387050000493], [-96.72957200007822, 32.7386550003022], [-96.72956799988026, 32.738608000317896], [-96.72951799965153, 32.73844499969798], [-96.72950900032903, 32.738387000091535], [-96.72951799965153, 32.73833400036605], [-96.7295770001011, 32.738242000154706], [-96.72963999985029, 32.73816199982803], [-96.72967199963733, 32.73813000013057], [-96.72973699993464, 32.73809200004993], [-96.7298659998061, 32.73807300000354], [-96.72993600012629, 32.73808400030925], [-96.72998100033213, 32.738103000353355], [-96.73012199989913, 32.73820600024323], [-96.73017200012784, 32.7382329999893], [-96.73030400037231, 32.73828299997316], [-96.7303670001215, 32.73830100029298], [-96.73043599971848, 32.73831199981492], [-96.73049000014517, 32.73830900001412], [-96.73079399991877, 32.7382329999893], [-96.73085300036833, 32.73821399997296], [-96.73090299969871, 32.738175999928146], [-96.73097600039196, 32.73808700011763], [-96.73115299994397, 32.737965999706375], [-96.73119899997472, 32.73788199963022], [-96.73121800024131, 32.73783000004714], [-96.73123099976178, 32.73772699972264], [-96.73122699956382, 32.73766200031492], [-96.73121300021843, 32.73762699985858], [-96.73109500021764, 32.73745399977592], [-96.73103999996606, 32.73731800009098], [-96.73099499976023, 32.73723999983358], [-96.73098100041484, 32.73717500007066], [-96.73099099956227, 32.73713800003331], [-96.73104499998894, 32.736993000331154], [-96.73105900023263, 32.736939000079545], [-96.73107199975311, 32.73685600024469], [-96.73106799955515, 32.73679800035973], [-96.73105400020977, 32.73675199985089], [-96.73099499976023, 32.736660000273254], [-96.73095899977521, 32.73661800000743], [-96.73091799976734, 32.73659200022872], [-96.7307539997358, 32.736526999993195], [-96.73065400017667, 32.73647399991719], [-96.73054500039673, 32.73636999983326], [-96.73050400038886, 32.73633800024805], [-96.73041800017513, 32.73629700029037], [-96.73034500038021, 32.73627200012265], [-96.73014500036366, 32.736249999818114], [-96.72996000041573, 32.73623800033668], [-96.72991900040786, 32.73621500031848], [-96.72990099996619, 32.7361850000888], [-96.72988300042284, 32.73613399997734], [-96.72987300037711, 32.73606100024114], [-96.72987300037711, 32.73597499970924], [-96.72988300042284, 32.73592499994178], [-96.72991400038498, 32.73582600003228], [-96.72994199997407, 32.73579100036615], [-96.72999200020278, 32.73576000028338], [-96.73010099998272, 32.73572600030208], [-96.7301279997469, 32.73571100010617], [-96.73014600018857, 32.73569200030781], [-96.7303100002201, 32.735404999639236], [-96.73040499975635, 32.73517599978034], [-96.73042800022087, 32.735129000228234], [-96.73046900022877, 32.73507300016674], [-96.73050500021377, 32.7350309999087], [-96.73053700000082, 32.73500399994823], [-96.73067300044326, 32.73492000010285], [-96.73077700020035, 32.73483999981672], [-96.7308590002161, 32.73479399980853], [-96.7309730000189, 32.73474100021328], [-96.73099999978308, 32.73472099973045], [-96.73102300024763, 32.734695000154005], [-96.7310359997681, 32.73467199973768], [-96.73104499998894, 32.73461699986792], [-96.73103699959302, 32.73455199970325], [-96.7310140000268, 32.73449199962545], [-96.73095499957725, 32.73438399983702], [-96.73093299983593, 32.73432299991969], [-96.73086900026185, 32.7340700000027], [-96.73086400023897, 32.73401199981602], [-96.73086599988878, 32.73395800002519], [-96.73087299956148, 32.73392100016358], [-96.73089199982806, 32.733899000034384], [-96.7309229997902, 32.73387600016827], [-96.73106400025551, 32.73383400010176], [-96.7311909995788, 32.73377599976151], [-96.73130699992974, 32.73370300036094], [-96.73135999963321, 32.73368900031384], [-96.73145099986981, 32.733645999669534], [-96.7315069999463, 32.73358599973751], [-96.73156499967261, 32.73341800031744], [-96.73163499999282, 32.73327200011449], [-96.73173600027516, 32.733098999890515], [-96.73175399981851, 32.73307500007754], [-96.73178999980352, 32.73305299973953], [-96.7318309998114, 32.73304900002094], [-96.7321270000874, 32.73304900002094], [-96.73216700027038, 32.733034000130175], [-96.73219900005743, 32.73300200010285], [-96.73220800027826, 32.73296499984445], [-96.73220800027826, 32.732914999899705], [-96.73219499985947, 32.73286899965376], [-96.7321399996079, 32.73278800004999], [-96.73210399962288, 32.73275399969063], [-96.73166799960478, 32.7324589998953], [-96.73164099984061, 32.73242899991266], [-96.73162800032011, 32.73237799991901], [-96.73163199961976, 32.73232600014729], [-96.73164500003857, 32.73228499985541], [-96.73165900028226, 32.73226500033282], [-96.73169100006932, 32.73224200004514], [-96.73173600027516, 32.73222900027411], [-96.73200400006377, 32.73221499999543], [-96.73258099964886, 32.73222199975723], [-96.73262599985469, 32.73221400024535], [-96.73266299966461, 32.732190999944436], [-96.73267600008342, 32.73216799963764], [-96.73268100010627, 32.732138000312695], [-96.73260800031134, 32.73175799967747], [-96.73258999986969, 32.73169799998593], [-96.7324719998689, 32.73142300019011], [-96.73246699984603, 32.73136700006728], [-96.73255800008263, 32.73106500036364], [-96.73257599962598, 32.731027000293444], [-96.73260400011338, 32.730996000065055], [-96.7326400000984, 32.73097300020556], [-96.7328309998941, 32.73092999976238], [-96.73328399963063, 32.730876000371424], [-96.73337200039249, 32.73084500009058], [-96.7335489999445, 32.730806999926536], [-96.73361300041692, 32.730806999926536], [-96.73366299974731, 32.73078400001833], [-96.73370799995317, 32.73078400001833], [-96.733753000159, 32.730806999926536], [-96.7338719999847, 32.730913999750314], [-96.73395300017555, 32.73096300029768], [-96.73400300040426, 32.730970000157726], [-96.73403500019131, 32.730970000157726], [-96.73410299996338, 32.73096300029768], [-96.73417099973543, 32.73093899990959], [-96.73420800044369, 32.73092100036997], [-96.7342529997512, 32.73087899966672], [-96.73428500043657, 32.730818000373425], [-96.73429399975907, 32.730787000072425], [-96.73429899978196, 32.73074500006173], [-96.73429399975907, 32.730687999745754], [-96.7342669999949, 32.7306380000351], [-96.73419900022284, 32.73055799968412], [-96.7340900004429, 32.73046299969359], [-96.7339849999626, 32.73039800027809], [-96.73392200021341, 32.73036999989913], [-96.73384000019765, 32.73034799964913], [-96.73378999996893, 32.7303209997815], [-96.73376900005253, 32.73027900030694], [-96.73376900005253, 32.730220000148066], [-96.73379900018975, 32.73014300025336], [-96.73382599995395, 32.73010899964081], [-96.73386299976386, 32.73008199970072], [-96.73396200039637, 32.73005199967381], [-96.73418099978117, 32.729945000326765], [-96.73421199974332, 32.7299220001961], [-96.73432600044444, 32.7298720000558], [-96.73435300020861, 32.72984899990629], [-96.73436699955403, 32.72981899980096], [-96.73437599977484, 32.729742000315596], [-96.73437599977484, 32.729634999840755], [-96.73436699955403, 32.7295540003211], [-96.7343439999878, 32.72950499975494], [-96.73429899978196, 32.729452000037554], [-96.73398099976464, 32.72923900031386], [-96.73394899997759, 32.72920500011218], [-96.73391700019053, 32.729152000216445], [-96.73389499955091, 32.72908999995627], [-96.73388500040348, 32.72904499978915], [-96.73388500040348, 32.72898300021022], [-96.73389700009906, 32.72888199981657], [-96.73392600041136, 32.7287270001272], [-96.73392200021341, 32.72868199977684], [-96.73390799996969, 32.72863600036927], [-96.7338719999847, 32.72859099997297], [-96.73384900041847, 32.7285750002968], [-96.73374899996105, 32.7285379997122], [-96.7337039997552, 32.728526999739685], [-96.73364900040194, 32.72852200002657], [-96.73358999995239, 32.728530999661174], [-96.73349899971578, 32.728553000359526], [-96.73341900024816, 32.728609999773624], [-96.73333999970714, 32.72865200003444], [-96.73329100020166, 32.728673999947276], [-96.73324000014802, 32.728676000282604], [-96.73319499994217, 32.72867200036762], [-96.73314499971346, 32.72865999986597], [-96.7330769999414, 32.72863700015948], [-96.73303099991064, 32.72861500023751], [-96.73296800016146, 32.728576000087756], [-96.73290399968904, 32.72852200002657], [-96.73287299972691, 32.72848999989087], [-96.73285000016068, 32.72845399981903], [-96.7328090001528, 32.728365000124676], [-96.73278200038861, 32.728281999862695], [-96.73276800014492, 32.72818999985532], [-96.73276800014492, 32.72808599992974], [-96.73277800019066, 32.72802699983084], [-96.73281300035076, 32.72793699991216], [-96.73285000016068, 32.72788300021964], [-96.73286799970403, 32.72786400026405], [-96.73291299990989, 32.72783899999819], [-96.73294999971979, 32.727826000340784], [-96.7329999999485, 32.7278190002338], [-96.73308600016222, 32.727816000079834], [-96.73368600021185, 32.72776799986976], [-96.73374499976309, 32.72776799986976], [-96.73379099979384, 32.72777100002535], [-96.73399500000833, 32.72781299992576], [-96.73408100022208, 32.72783999979734], [-96.73437099975199, 32.728003999961025], [-96.73442600000357, 32.728026000033786], [-96.73446199998857, 32.72803499971845], [-96.73455700042314, 32.728045999751686], [-96.73464799976142, 32.72803899966196], [-96.73469799999013, 32.728026000033786], [-96.73474800021884, 32.728003999961025], [-96.73480299957211, 32.727970000044046], [-96.73483899955713, 32.72792800021759], [-96.73488899978584, 32.727826000340784], [-96.73495200043334, 32.727557000261555], [-96.73507100025903, 32.72731000037577], [-96.73510700024404, 32.72725300013058], [-96.73512999981025, 32.72722500027513], [-96.73518000003897, 32.7271799999224], [-96.73526100022983, 32.7271289999485], [-96.7356110000342, 32.72698899963326], [-96.73574699957832, 32.726951000092704], [-96.73588399984567, 32.726931999938486], [-96.73606100029599, 32.72689299980817], [-96.7361609998551, 32.72685500022675], [-96.73621100008381, 32.726824999869564], [-96.73624700006883, 32.726788999881045], [-96.73628300005383, 32.72676400006941], [-96.73636599989452, 32.72667299981924], [-96.73638400033617, 32.726635999956656], [-96.73639699985665, 32.72655000015555], [-96.73629800012245, 32.726495999622934], [-96.73627100035827, 32.72647399992836], [-96.73619400036539, 32.72643399978277], [-96.73615300035749, 32.726388999786465], [-96.73613499991583, 32.72635500000926], [-96.73609800010591, 32.726260000074156], [-96.73609399990795, 32.72621800019786], [-96.73609800010591, 32.72616400021989], [-96.73611599964926, 32.7260680002622], [-96.7361120003496, 32.72603400036264], [-96.73609399990795, 32.72598400030894], [-96.73605700009803, 32.72591899989494], [-96.73600400039459, 32.72584299988555], [-96.73592700040167, 32.72576699981143], [-96.73581299970056, 32.725690999672466], [-96.7357449999285, 32.72566300008228], [-96.7353859999033, 32.72558699985473], [-96.73530899991042, 32.725556000001845], [-96.73520400032841, 32.7254910000315], [-96.7351680003434, 32.72545399967845], [-96.73513599965804, 32.725399999993435], [-96.73512700033552, 32.72533400008212], [-96.73514099968091, 32.725281999980176], [-96.73519099990962, 32.72522099988008], [-96.73536800035995, 32.72491600026501], [-96.73539099992618, 32.724854999914506], [-96.7353859999033, 32.72479400027802], [-96.73537699968246, 32.72476599965038], [-96.73534999991828, 32.724717000231266], [-96.73529999968957, 32.72467499962811], [-96.73512300013755, 32.72458299967725], [-96.73503100007605, 32.724549999803195], [-96.73449999962341, 32.72441800018482], [-96.73420500007062, 32.724334000188485], [-96.73400199968104, 32.72428399993719], [-96.73397400009195, 32.7242659998096], [-96.73394700032777, 32.72423100013896], [-96.73393300008408, 32.72419700029463], [-96.7339149996424, 32.72411999973231], [-96.73390600031988, 32.72402100031511], [-96.73390799996969, 32.72394900032645], [-96.7339230000383, 32.723892000199704], [-96.73404299968891, 32.72362599988219], [-96.73391800001545, 32.72357400029562], [-96.73389799992395, 32.723559000322034], [-96.73384100002254, 32.72352600006898], [-96.73341800042324, 32.7232359999765], [-96.73303299956045, 32.72289600017847], [-96.73264799959601, 32.722523999830074], [-96.73222499999672, 32.721812000044565], [-96.7321480000038, 32.7216009999449], [-96.7320710000109, 32.72132500011746], [-96.73205199974433, 32.721212999998606], [-96.73205199974433, 32.720856999739325], [-96.7320710000109, 32.72056500027445], [-96.7320710000109, 32.720484000072354], [-96.73205199974433, 32.720403999679164], [-96.73199400001802, 32.719934999870176], [-96.73186900034455, 32.71871300011406], [-96.73232899975378, 32.716890000048174], [-96.73238400000535, 32.71672400000167], [-96.73326199988932, 32.71485099984507], [-96.73409299991762, 32.71350599969423], [-96.73502199985523, 32.712096999738186], [-96.73556599982835, 32.7111349998066], [-96.73562399955468, 32.71101499983849], [-96.7361039999537, 32.709711000158535], [-96.73614099976362, 32.70933499996582], [-96.73613599974075, 32.70904199980659], [-96.73607700018952, 32.708653999647346], [-96.7359909999758, 32.708319000283744], [-96.73586899977705, 32.707896999992265], [-96.73577900026369, 32.70763499969187], [-96.73567999963117, 32.70749799984584], [-96.73503400044912, 32.70617900028779], [-96.73495400008316, 32.70599900010256], [-96.73460199973066, 32.7052940002902], [-96.73456400009583, 32.70520099994734], [-96.73448999957766, 32.704998000300904], [-96.7343649999042, 32.70463199973787], [-96.73434800018576, 32.70455799985052], [-96.73427799986555, 32.704178999669715], [-96.7342030004208, 32.7036580001086], [-96.7342030004208, 32.70353499969586], [-96.73422099996415, 32.70328899987354], [-96.73423600003277, 32.70318000001199], [-96.73436300025438, 32.70250399999872], [-96.73456099972277, 32.70166099995854], [-96.73459800043102, 32.70127200011093], [-96.73456599974564, 32.7007430001411], [-96.73455200040026, 32.7006589997702], [-96.73449799997357, 32.70047600022733], [-96.73447600023228, 32.7004200003253], [-96.73441699978272, 32.70030099966085], [-96.73437699959976, 32.70023799964505], [-96.73411800003198, 32.699913000045015], [-96.73403900038926, 32.69982299972549], [-96.7339149996424, 32.69971899998248], [-96.73370700012823, 32.699566999849274], [-96.73363400033331, 32.699530000081026], [-96.73335399995085, 32.69945699985995], [-96.73327699995794, 32.69944600008034], [-96.73288299977264, 32.69945400026383], [-96.732358999891, 32.699442999727886], [-96.73228699992097, 32.69943599966105], [-96.73218700036186, 32.69941699969277], [-96.7319930001931, 32.69936699983661], [-96.73167099997782, 32.69927699972246], [-96.73071299972791, 32.698933000331344], [-96.73059599955205, 32.69889400005297], [-96.72940300002382, 32.69855900033283], [-96.72868099977546, 32.69839300019514], [-96.72862399987406, 32.698384999916556], [-96.72856500032282, 32.698384999916556], [-96.72849500000261, 32.69839599982692], [-96.72830000000894, 32.69845499987283], [-96.72799700006024, 32.69855700007797], [-96.72774500016517, 32.698626999899346], [-96.72737899956896, 32.69868900017046], [-96.7268530000375, 32.698748000022604], [-96.72631599973705, 32.698800999843776], [-96.7262270000486, 32.698803000093164], [-96.72578000015984, 32.698775999746644], [-96.7256350003949, 32.698754000018226], [-96.72553999996035, 32.69872500016176], [-96.72535900021037, 32.69861499989065], [-96.7251149998129, 32.69843199993641], [-96.72480799966625, 32.698176999981804], [-96.72440500015843, 32.69782700007329], [-96.72418300040059, 32.69766700015475], [-96.72369100030599, 32.697300000377915], [-96.72352399990142, 32.697204999734616], [-96.72328299987699, 32.69708999989482], [-96.72313899993694, 32.697034000136185], [-96.72266500028401, 32.69688199996607], [-96.72177900000412, 32.69668499967383], [-96.72124000005385, 32.69655999993444], [-96.72101900012093, 32.6965129996848], [-96.72040800020065, 32.69642899986856], [-96.72020900000904, 32.69640899986466], [-96.71917399976623, 32.69634999997828], [-96.71785900003924, 32.69638100015408], [-96.7173710001426, 32.69644299971745], [-96.7172659996623, 32.69644500001962], [-96.71655799965767, 32.696412000319114], [-96.71552900016094, 32.69631600009007], [-96.71480199988972, 32.6962880003503], [-96.71438900033615, 32.69629499990806], [-96.71403799980857, 32.696302000221316], [-96.71361299966112, 32.69633999996801], [-96.71305100014465, 32.69640799971314], [-96.71273800015021, 32.69644399986854], [-96.71240500006427, 32.6966239996717], [-96.7119840001148, 32.69689099976947], [-96.71154499972366, 32.69724799980757], [-96.71086799968114, 32.69768800001391], [-96.71043900023405, 32.697908999816406], [-96.70996800005587, 32.69816100014115], [-96.70912799980673, 32.698561999959026], [-96.70881599963718, 32.698697999791655], [-96.70858999968138, 32.69878299986526], [-96.70844900011438, 32.69882100006764], [-96.7079930000048, 32.69893200020809], [-96.70788900024773, 32.698951999646695], [-96.70763999982738, 32.69897099971391], [-96.7075000000853, 32.698984999919986], [-96.70733299968073, 32.69899400026733], [-96.7067669999663, 32.698982000308014], [-96.70669499999627, 32.69897400008222], [-96.70666300020922, 32.69897400008222], [-96.70601299993088, 32.698891999805674], [-96.7059090001738, 32.69888400032778], [-96.70561000042306, 32.69888400032778], [-96.70557400043806, 32.698886999943056], [-96.7054649997598, 32.698907000147656], [-96.70520799984186, 32.69896800010145], [-96.70504899983318, 32.69901399969203], [-96.70477099999884, 32.69911999974289], [-96.70470599970152, 32.69915099971258], [-96.70457400035535, 32.699226999787854], [-96.70449300016449, 32.69928399980177], [-96.70439899955485, 32.699388000051755], [-96.70431300023944, 32.699528999964464], [-96.70428099955407, 32.69960900018049], [-96.70426300001073, 32.69970800023518], [-96.70424499956907, 32.70044299974939], [-96.70423200004859, 32.70063300008937], [-96.70421399960692, 32.70070700020778], [-96.7041690002994, 32.70081399986193], [-96.70413699961404, 32.70087100037417], [-96.70410800020002, 32.70091500029381], [-96.70405899979622, 32.70098599987785], [-96.70399100002416, 32.701065000200366], [-96.70389899996265, 32.70113200002678], [-96.70381899959672, 32.70117499971962], [-96.70369300009834, 32.7012280003673], [-96.70363399964879, 32.701248000047286], [-96.70331300015674, 32.70131300029918], [-96.70316800039177, 32.701335000152746], [-96.70300500018517, 32.701330999767436], [-96.70288299998643, 32.701312000202584], [-96.70268200014497, 32.70125600006924], [-96.70260699980189, 32.7012280003673], [-96.70249899984687, 32.70117100008308], [-96.70244799979324, 32.70113200002678], [-96.70239000006693, 32.70107900007798], [-96.70230899987607, 32.70096800034001], [-96.70223899955587, 32.70084199969375], [-96.70207799989738, 32.70040899990849], [-96.70206500037692, 32.70036300028096], [-96.70205600015608, 32.70028199987678], [-96.70203000021681, 32.69979500032998], [-96.70201000012533, 32.69968499986576], [-96.701988000384, 32.699619999940005], [-96.70195700042187, 32.69954699979258], [-96.70184799974362, 32.69935700016436], [-96.70182000015453, 32.69932000030906], [-96.70172100042033, 32.69922500030393], [-96.70146299977915, 32.69902699976919], [-96.70140900025078, 32.69899699987895], [-96.70109600025634, 32.69886600036601], [-96.70071499959153, 32.69872099965946], [-96.70062300042832, 32.698701000169144], [-96.70048100013813, 32.698700000043345], [-96.70018599968701, 32.698742000026655], [-96.700121000288, 32.69876299963287], [-96.69999800026434, 32.69882700005835], [-96.6998540003243, 32.698927999715124], [-96.69904300038749, 32.69944399984538], [-96.69859300012568, 32.69965099973602], [-96.69805099980239, 32.6998680002746], [-96.69759600041604, 32.69998300031471], [-96.69743400003433, 32.699999999939976], [-96.69712199986479, 32.70001399998465], [-96.69701800010772, 32.70001399998465], [-96.69649400022608, 32.69996700004193], [-96.69643599960146, 32.699951999878046], [-96.6963050000802, 32.699898999984434], [-96.69624099960777, 32.699864999936274], [-96.69616899963775, 32.699816999801804], [-96.69612400033023, 32.699776999795986], [-96.6960459996141, 32.69969300002777], [-96.69597000034445, 32.699578000369875], [-96.69594699987991, 32.699514999843714], [-96.69588599978053, 32.69909100000534], [-96.69581200016069, 32.69870299966481], [-96.69577500035078, 32.698561999959026], [-96.69573000014492, 32.6984640002736], [-96.69568900013705, 32.69840199984619], [-96.69519600021755, 32.697745999635366], [-96.69516500025539, 32.69771200027892], [-96.69465899991711, 32.69727300033271], [-96.694595000343, 32.697234000084954], [-96.69445899990058, 32.69718600004738], [-96.69435099994553, 32.69717100017209], [-96.69420100015772, 32.69717200031508], [-96.69413900023342, 32.69718200023208], [-96.69361000032892, 32.69734299964914], [-96.69348800013019, 32.69739400002369], [-96.69344700012229, 32.69741700022759], [-96.69340600011442, 32.697451999836204], [-96.69326600037232, 32.697601000133155], [-96.69311700040943, 32.69772599992658], [-96.69304399971615, 32.697775999946096], [-96.69286799998906, 32.69787399963102], [-96.69278199977535, 32.697914999868416], [-96.69273200044495, 32.69793500029082], [-96.69265600027695, 32.69795200030613], [-96.69258699978168, 32.697957000221116], [-96.69213999989293, 32.697963999648], [-96.69201799969419, 32.69794000020672], [-96.69194599972418, 32.69791800027223], [-96.69186399970842, 32.69786899971143], [-96.6918279997234, 32.69783099985963], [-96.691778000393, 32.69775699962449], [-96.6917289999892, 32.69761700007414], [-96.69160599996555, 32.69694399993736], [-96.69159000007201, 32.696688000119], [-96.69156900015561, 32.69635299967871], [-96.69147700009411, 32.695415999630846], [-96.69151300007913, 32.69428700014769], [-96.69164199995055, 32.693456000310285], [-96.69164100012564, 32.69331499987591], [-96.69162699988195, 32.692979999628946], [-96.6915320003457, 32.692027000279595], [-96.69138900023056, 32.691331000079806], [-96.69112700028974, 32.6899270003702], [-96.69109999962726, 32.68980900030636], [-96.69091700022746, 32.68856799994828], [-96.69076099969352, 32.68750200002717], [-96.6905670004231, 32.68613400036716], [-96.690131000405, 32.68320100036837], [-96.68982599990817, 32.681071000183124], [-96.6907079999901, 32.68096299997921], [-96.69125199996321, 32.68090199982032], [-96.69347399988648, 32.68066599987917], [-96.69368899997164, 32.680644999796506], [-96.69371200043616, 32.68041799988419], [-96.69381899966798, 32.68015500024686], [-96.69390700042983, 32.679963000261225], [-96.6941650001727, 32.67948799981878], [-96.69438600010564, 32.67903400034108], [-96.69467800018367, 32.67869300036666], [-96.69502700016314, 32.67834099973485], [-96.69524399989812, 32.67804399998955], [-96.6953419998074, 32.67770100005021], [-96.69533900033267, 32.67728399973664], [-96.69515400038476, 32.67670999967498], [-96.69498899962998, 32.67646200003797], [-96.69460100019079, 32.67590600004484], [-96.69392300032335, 32.675430000325825], [-96.69320600009786, 32.67477800001283], [-96.69301899960182, 32.67448699987733], [-96.6929330002864, 32.67435599994093], [-96.692792999646, 32.673848000206156], [-96.69257500008611, 32.67315100006399], [-96.69228800003094, 32.67259600029845], [-96.69217599987793, 32.67246000002754], [-96.69187299992923, 32.672027999884286], [-96.69145700000263, 32.67192099975884], [-96.69089799996088, 32.67186099990095], [-96.68948000030176, 32.67183599982229], [-96.68897800016141, 32.671968999767365], [-96.68834799997457, 32.67227000022536], [-96.68798599957631, 32.67238399985269], [-96.68737300000622, 32.67259600029845], [-96.68558899975086, 32.67315100006399], [-96.68529900022098, 32.673149999651976], [-96.68500799996782, 32.67322700034255], [-96.68464200026993, 32.673396000103416], [-96.68423499966585, 32.673630999942], [-96.68126999957782, 32.67546599986582], [-96.68016499991313, 32.67604299998641], [-96.67968399968919, 32.676217999710936], [-96.67930499957252, 32.676307999630254], [-96.67880900017828, 32.67640200020527], [-96.67838800022881, 32.6764049998198], [-96.67798900002063, 32.67635600030627], [-96.67771500038424, 32.676263999681055], [-96.67738499977305, 32.67611500007013], [-96.67732700004672, 32.67608199966091], [-96.67698399991505, 32.6758199997369], [-96.6769310002116, 32.67577299991167], [-96.67688400035595, 32.675724000051474], [-96.67670100005783, 32.67551000020814], [-96.67666800044589, 32.67546199983363], [-96.67662300024003, 32.67536100009573], [-96.67654899972186, 32.67509700030124], [-96.67652399960751, 32.67468800006439], [-96.67652600015565, 32.6746420000389], [-96.67659800012568, 32.674372000266686], [-96.67664099978337, 32.67420799981622], [-96.67684099979992, 32.67377500015871], [-96.67844599995512, 32.672182000108414], [-96.67879199956153, 32.67172200025192], [-96.67904699982967, 32.67121600001845], [-96.67924699984619, 32.67075500004281], [-96.67936300019714, 32.670301000040276], [-96.6793380000828, 32.66986600021061], [-96.67922000008201, 32.66938400037017], [-96.67908199998976, 32.669090999899375], [-96.67895599959306, 32.66882199969221], [-96.67868100013176, 32.66843600032754], [-96.6786200000324, 32.66835199980998], [-96.67791299985265, 32.66758100036426], [-96.67779499985186, 32.66749300016638], [-96.67756600042132, 32.6673219996286], [-96.67731600017608, 32.66716399969877], [-96.67703199959563, 32.66705300014578], [-96.67671199992849, 32.66700799969502], [-96.6760580003505, 32.666894000014466], [-96.67552400042312, 32.666749000323435], [-96.67498999959741, 32.6665249998324], [-96.6747760002355, 32.66637899981101], [-96.67465599968658, 32.666209999633416], [-96.67457600021896, 32.6659850003239], [-96.67460299998314, 32.665749000298284], [-96.67471000011327, 32.66552500032555], [-96.67475100012113, 32.665488000063306], [-96.67493699989397, 32.665321999699835], [-96.67549299956266, 32.66504700025503], [-96.67611100005396, 32.6648170000283], [-96.67677899987564, 32.66465900020692], [-96.67713899972574, 32.66452399970739], [-96.67736600040479, 32.66441200014659], [-96.67761999994968, 32.664243000030396], [-96.67782699963891, 32.66409600030484], [-96.67801999998277, 32.66389399997379], [-96.67812700011288, 32.66364799983007], [-96.67822800039524, 32.66320399995953], [-96.67809699997566, 32.66290299996795], [-96.67788000024068, 32.66267499981971], [-96.67738300012323, 32.66233899981474], [-96.67706799958064, 32.66216499990994], [-96.67686300043955, 32.66198299990782], [-96.67673299984487, 32.66176300021664], [-96.67667900031653, 32.661372000161286], [-96.67676499963193, 32.660961000284225], [-96.67688400035595, 32.66074200014097], [-96.67706799958064, 32.660532999700735], [-96.67744800042055, 32.660214000355396], [-96.67763199964526, 32.66006799985562], [-96.67777300011056, 32.65988900029021], [-96.67791299985265, 32.65946599966873], [-96.67803199967832, 32.658900999944606], [-96.67809399960262, 32.65836099974845], [-96.67831399971065, 32.65752400018251], [-96.67872100031472, 32.65658800024183], [-96.67882900026976, 32.65622399984515], [-96.67894800009546, 32.6555579998621], [-96.67901199966956, 32.65540000031217], [-96.67904600000475, 32.655338000240185], [-96.67916099963246, 32.65517000021932], [-96.67954399994711, 32.65456400011408], [-96.68004199988948, 32.653955999941665], [-96.68139599997451, 32.65273100033613], [-96.68228499972913, 32.65195599968173], [-96.68249599961635, 32.65172400001416], [-96.68271300024962, 32.651389000344786], [-96.6829519997259, 32.650832000249814], [-96.68314000004689, 32.650274999710525], [-96.68316699981108, 32.65013699968155], [-96.68321000036708, 32.650036000062514], [-96.68322100023774, 32.649897999664674], [-96.68322100023774, 32.649779999670784], [-96.68320000032135, 32.64969900028355], [-96.68320000032135, 32.64960800011873], [-96.68314500006976, 32.649433999637196], [-96.68307099955162, 32.649310000252356], [-96.6830489998103, 32.64924799973911], [-96.68302600024407, 32.64920300015702], [-96.68299500028193, 32.64916100032496], [-96.68281000033402, 32.64900900037157], [-96.68269099961002, 32.64891800026095], [-96.68221699995709, 32.64860699975729], [-96.6820909995604, 32.648518999788166], [-96.68198599997841, 32.6484570002392], [-96.68173999993111, 32.64828900014743], [-96.681528000219, 32.64817899978123], [-96.68118199971428, 32.64794500027136], [-96.68083500028295, 32.64775100002592], [-96.6807110004344, 32.647675000017756], [-96.68059300043363, 32.64762399999603], [-96.68052800013629, 32.64760399965324], [-96.68040400028774, 32.64758200017868], [-96.68033800016549, 32.647575999770986], [-96.68025299977668, 32.647579000353055], [-96.68013099957795, 32.64756499965275], [-96.67992300006381, 32.647553000347365], [-96.67955999984063, 32.647545999995444], [-96.67939900018216, 32.64755600017386], [-96.67914800011198, 32.647585000004206], [-96.67890999956231, 32.64762399999603], [-96.67830899968777, 32.647739999929215], [-96.67823199969487, 32.64775900030169], [-96.67817800016653, 32.64776999963967], [-96.67803400022648, 32.64778199967229], [-96.67794700018783, 32.64777600003436], [-96.67765400028489, 32.6477269999507], [-96.67752700006326, 32.64769199976643], [-96.67743500000176, 32.6476580002659], [-96.67725300042689, 32.647571000061184], [-96.67703900016664, 32.64745799973856], [-96.67654600024714, 32.64716000027131], [-96.67631899956811, 32.64700699999401], [-96.67600399992384, 32.646813999933336], [-96.67575399967858, 32.64663400035184], [-96.6752409996676, 32.64628700029167], [-96.67497899972676, 32.646104999732756], [-96.67475199994605, 32.645907000191876], [-96.67456299980016, 32.645718999840106], [-96.67413699982782, 32.64537200001173], [-96.6739600002758, 32.64522099963762], [-96.67374000016777, 32.645023999622964], [-96.6735169996867, 32.644846000165685], [-96.67337000027192, 32.64470000028695], [-96.6731429995929, 32.644460000134046], [-96.67295099997227, 32.644320000251746], [-96.67283600034453, 32.644224000011334], [-96.67271999999359, 32.64410400013313], [-96.67231900013559, 32.64362999968338], [-96.67209999985248, 32.64340300029391], [-96.67190700040696, 32.643168999633744], [-96.67183000041405, 32.643058999777836], [-96.67177199978943, 32.64296399969021], [-96.67165600033678, 32.642791999888004], [-96.67147399986358, 32.642577999857025], [-96.67133900014436, 32.64245200004466], [-96.67106899980763, 32.642259999989314], [-96.67083100015627, 32.64207900031618], [-96.67043500032112, 32.64180999975749], [-96.67026100024387, 32.64167400029757], [-96.66977699964688, 32.641394999924046], [-96.66957699963034, 32.64126899995809], [-96.66926100016116, 32.64104499991666], [-96.66909200010676, 32.640950999975296], [-96.66895700038755, 32.640888999718506], [-96.66891300000663, 32.640873000206454], [-96.66884500023455, 32.640851999849794], [-96.66840300036867, 32.640674999673216], [-96.66796300015261, 32.64055100024697], [-96.66775800011321, 32.640488999712915], [-96.66738800021736, 32.64040800023153], [-96.66722699966056, 32.6403690001189], [-96.666814000107, 32.640294999935996], [-96.6666669997939, 32.6402720001529], [-96.66620099963858, 32.640229999908854], [-96.66600800019306, 32.640229999908854], [-96.66581900004716, 32.640239000124915], [-96.66564300032006, 32.640250999655144], [-96.66553799983977, 32.64026800005849], [-96.66540700031852, 32.640292999889326], [-96.66520700030198, 32.64035499980277], [-96.66500999976017, 32.64043099997965], [-96.66477399975861, 32.64050600007105], [-96.66470500016165, 32.64052099962792], [-96.66455500037381, 32.64053499991807], [-96.66445800028944, 32.64053199985607], [-96.66432299967191, 32.640518000321904], [-96.66402399992117, 32.64047000006532], [-96.66347999994804, 32.6403350001038], [-96.66327499990864, 32.64027800029424], [-96.66310199965626, 32.640222999740146], [-96.66296699993705, 32.64016099973523], [-96.66280799992839, 32.640096000367166], [-96.66257699994972, 32.64001999990566], [-96.66225399990952, 32.63993299983552], [-96.66198000027315, 32.63987799982578], [-96.66175599996716, 32.63981200022334], [-96.66116199976531, 32.63966399963123], [-96.66095900027405, 32.6396050000885], [-96.66058400035531, 32.63945599987767], [-96.66036099987424, 32.63935200019772], [-96.65999799965108, 32.639166999791755], [-96.6591470004296, 32.63875399988085], [-96.65860299955817, 32.638443999630915], [-96.65824400043128, 32.638229999788216], [-96.65784400039819, 32.637971000251824], [-96.65719300029495, 32.63760400031396], [-96.65693399982885, 32.63746400029138], [-96.65314199991052, 32.64072499985692], [-96.65298700009978, 32.640822000088086], [-96.65681900020114, 32.64210699965014], [-96.66106899987889, 32.643860999943506], [-96.66137699985048, 32.64398999998632], [-96.65862600002269, 32.64618300023377], [-96.6566200000095, 32.64777200027555], [-96.65691399973738, 32.64802199998698], [-96.65698200040775, 32.648080000092435], [-96.65706699989826, 32.64815200001454], [-96.65738300026574, 32.648419999719316], [-96.65746899958116, 32.64849399998738], [-96.65831999970095, 32.6492169998445], [-96.65950899992954, 32.65023199971341], [-96.65982799977178, 32.65049800017319], [-96.6632230000301, 32.65338699991989], [-96.66347300027536, 32.653599000052196], [-96.66362100041336, 32.65372599991567], [-96.66375199993462, 32.65384200025268], [-96.66675200018273, 32.65638800002447], [-96.66716599956119, 32.65605199983187], [-96.66866600013441, 32.657349000147455], [-96.66915499985595, 32.657768000130666], [-96.67017900022809, 32.65866299972796], [-96.67012800017449, 32.658682000048174], [-96.67069200023909, 32.659233999825986], [-96.67055400014684, 32.659488000000714], [-96.6697139998977, 32.6610279999515], [-96.66956599975968, 32.66183300014277], [-96.66918499999318, 32.663786000178554], [-96.66912999974159, 32.663940999997976], [-96.66905899959647, 32.66415300005739], [-96.66900000004524, 32.66410000008963], [-96.668757000371, 32.66390200031757], [-96.66768399959504, 32.66299100014826], [-96.66761699964789, 32.66295500011933], [-96.66756700031749, 32.66294299985438], [-96.66750000037035, 32.662941000314255], [-96.66739099969209, 32.662958999955194], [-96.66706500017716, 32.66317499990144], [-96.66700999992558, 32.66318600036788], [-96.66691700003916, 32.66318100001851], [-96.66682499997765, 32.66315299972075], [-96.66273400030855, 32.65966499999952], [-96.6624070000704, 32.65994300028984], [-96.65947499959435, 32.66234700029767], [-96.65753600042662, 32.66394600030483], [-96.65657499980365, 32.66471199984309], [-96.65566500013264, 32.66545200028402], [-96.65345499990494, 32.66728800003105], [-96.65331199978979, 32.667417000303885], [-96.65256199995237, 32.667995999656746], [-96.65249900020318, 32.6680669997071], [-96.65241499963928, 32.66830999989971], [-96.65244599960141, 32.66847500029796], [-96.65267099973231, 32.669144999632536], [-96.65298399972676, 32.67011499969953], [-96.65306200044287, 32.67037300021456], [-96.6491850001357, 32.6711159996959], [-96.64664600002004, 32.67040999996652], [-96.64218299990694, 32.669168000307145], [-96.64221899989195, 32.674846000300214], [-96.64222100044009, 32.6752359999924], [-96.64183899995035, 32.6752270002746], [-96.6417150001018, 32.67522399986441], [-96.64173299964514, 32.675332999833714], [-96.64175600010967, 32.6754719999138], [-96.64159799992593, 32.67546900026795], [-96.64107599969411, 32.67545700017119], [-96.64107599969411, 32.67565900007201], [-96.64110500000643, 32.6759620002009], [-96.6410539999528, 32.67621500009019], [-96.6408699998298, 32.67682700004215], [-96.64077500029354, 32.677073000198], [-96.64073699976039, 32.6771439998404], [-96.64051300035274, 32.67755199981172], [-96.64024499966582, 32.67809199973269], [-96.64018600011458, 32.678268999933124], [-96.64011999999234, 32.6787210003316], [-96.64010900012168, 32.679104999936975], [-96.64009999990085, 32.6807739996861], [-96.64009300022815, 32.68113600000491], [-96.64009200040326, 32.6814690001993], [-96.64069900012557, 32.6814690001993], [-96.6406940001027, 32.68187500020067], [-96.64121799998433, 32.68189799986611], [-96.64120999958841, 32.683127000103404], [-96.64165999985022, 32.683175999682916], [-96.64176399960729, 32.68396300000042], [-96.64209400021846, 32.68461400027481], [-96.64241499971052, 32.684630000275234], [-96.64254399958196, 32.68496699990141], [-96.6443429999059, 32.684516999927354], [-96.64431100011888, 32.683175999682916], [-96.64733700030625, 32.68319399978401], [-96.64742900036777, 32.6834360001188], [-96.64742000014694, 32.68354300006088], [-96.64741199975101, 32.6845070001038], [-96.6473559996745, 32.68459500017607], [-96.64720300041195, 32.68465499979755], [-96.64559999990657, 32.684987000200465], [-96.6452700001937, 32.685049000116145], [-96.64480300021346, 32.68507600007816], [-96.64071099982112, 32.68512399982247], [-96.64006200026601, 32.685104999832284], [-96.64005600041824, 32.6854450000011], [-96.64008300018241, 32.68599599975835], [-96.64010800029678, 32.68642799963818], [-96.64012900021316, 32.686725999737284], [-96.64015799962716, 32.687180000183766], [-96.64016400037326, 32.68725800037449], [-96.64017699989375, 32.6879199997541], [-96.64014900030465, 32.68927900021067], [-96.64012800038824, 32.68980800008088], [-96.64009400005307, 32.69002899973585], [-96.64002999958065, 32.690250000355825], [-96.63991800032596, 32.69047199989077], [-96.63781699987823, 32.69047199989077], [-96.63744000030968, 32.69047199989077], [-96.63711600044458, 32.690477999686635], [-96.63735900011882, 32.69065999985531], [-96.6378649995588, 32.69098700030624], [-96.63780000015979, 32.69156900021982], [-96.63770399990032, 32.692504000189565], [-96.63770999974811, 32.69256200015542], [-96.63774900010615, 32.69260299980871], [-96.63797599988688, 32.692692999848326], [-96.63782199990109, 32.69290099971025], [-96.6377390000604, 32.69302200003577], [-96.63766999956513, 32.693189999953354], [-96.63759400029545, 32.693427000244476], [-96.63755199956435, 32.69367199985212], [-96.63753200037118, 32.69388200006068], [-96.63753099964795, 32.694094000130065], [-96.63750399988378, 32.69430800004611], [-96.63748299996738, 32.69444800025053], [-96.63747999959433, 32.69450999964452], [-96.63744699998236, 32.69480900015349], [-96.63720199976, 32.69686099991722], [-96.63716999997294, 32.697210999833956], [-96.63708499958413, 32.69799600015291], [-96.63697900017722, 32.69852800015751], [-96.63684199990986, 32.69952600037076], [-96.63667799987834, 32.69953999973384], [-96.63567299977278, 32.699528999964464], [-96.63563900033589, 32.699913000045015], [-96.6356469998335, 32.701384999662295], [-96.63562699974202, 32.70352200027532], [-96.6356329995898, 32.70401699966781], [-96.63566000025229, 32.70426099962393], [-96.63568500036665, 32.704919999736745], [-96.63568899966629, 32.70503199990526], [-96.63769399985456, 32.7050329999601], [-96.63850200031665, 32.7050329999601], [-96.63847300000434, 32.70678999967795], [-96.6386660003482, 32.70679199974827], [-96.63868700026458, 32.70855899975256], [-96.63857799958633, 32.710307000369376], [-96.63841600010292, 32.71030500037785], [-96.63840799970701, 32.711135999793036], [-96.63839699983636, 32.712086000004994], [-96.63843799984424, 32.71509900017309], [-96.63850200031665, 32.719350999992656], [-96.63849800011869, 32.71942299991508], [-96.63852200040816, 32.71942600035146], [-96.63852300023305, 32.719508999788204], [-96.63849300009583, 32.72246900002275], [-96.63848700024803, 32.72309899990714], [-96.63846899980639, 32.72492500026367], [-96.63845399973776, 32.72639900020743], [-96.63845000043813, 32.726844000046576], [-96.63844299986711, 32.72758500001267], [-96.63843700001934, 32.7286019999376], [-96.63851200036241, 32.7286019999376], [-96.63849499974565, 32.729586000074825], [-96.63847800002722, 32.73049799994052], [-96.63817000005564, 32.730493000337894], [-96.63810099956035, 32.730491000043386], [-96.63808600039006, 32.73405699974267], [-96.6380899996897, 32.73421400019884], [-96.63860400042391, 32.734239999915594], [-96.63887600041048, 32.734239999915594], [-96.638884999733, 32.73453999999319], [-96.63888300008317, 32.73495399963598], [-96.63896199972588, 32.73500399994823], [-96.63903299987099, 32.73778900002027], [-96.63908399992462, 32.73778900002027], [-96.63910200036628, 32.73931600026919], [-96.6391170004349, 32.74051899995018], [-96.63911400006185, 32.74070100004462], [-96.6391109996888, 32.74088200011443], [-96.63910800021405, 32.74111099966756], [-96.6391030001912, 32.7414490002159], [-96.6391040000161, 32.74192600033739], [-96.63910499984101, 32.74208000010219], [-96.63910499984101, 32.743295000290615], [-96.63909499979528, 32.744674999857544], [-96.63910900003897, 32.74589999991422], [-96.63910599966592, 32.7485860001073], [-96.63910599966592, 32.748603000290565], [-96.63914099982603, 32.748603000290565], [-96.63914099982603, 32.74861500037355], [-96.6391400000011, 32.748636999891794], [-96.6391380003513, 32.748732000153204], [-96.63915900026768, 32.7487479999884], [-96.63927300007052, 32.74875199975793], [-96.63973900022583, 32.748770000229406], [-96.64100700009712, 32.74876199993632], [-96.64353899964179, 32.7487479999884], [-96.6461999999562, 32.748746999668256], [-96.64643099993488, 32.7487420003339], [-96.64664699984495, 32.74875399964257], [-96.64709799993165, 32.74880899985333], [-96.64751899988114, 32.748824000110965], [-96.64788700012716, 32.748831000079214], [-96.64826000039606, 32.748846000333124], [-96.64839900031323, 32.74884199981235], [-96.64895800035498, 32.748793000029025], [-96.64932099967983, 32.748770000229406], [-96.64969499977363, 32.748746999668256], [-96.65040799980116, 32.7487479999884], [-96.65156799971744, 32.74875899973184], [-96.65156299969456, 32.75135300033225], [-96.65158399961096, 32.751436999796766], [-96.65160899972533, 32.75146099995297], [-96.65165800012913, 32.75146599989031], [-96.65178899965038, 32.751462000242654], [-96.65188200043512, 32.75147000029319], [-96.65195500023005, 32.751490000038686], [-96.65202899984989, 32.75152400004899], [-96.6521069996677, 32.751572999841066], [-96.65214600002575, 32.75162200036165], [-96.65218000036094, 32.75165000010739], [-96.65238500040034, 32.75174899981235], [-96.65408799956654, 32.75247099972092], [-96.6541419999932, 32.75247399980037], [-96.65418600037414, 32.752446999836806], [-96.65485400019583, 32.751571000019666], [-96.65487299956408, 32.75153200009401], [-96.65487699976204, 32.75092099978444], [-96.65487199973917, 32.75084699977768], [-96.6550490001895, 32.750836999833304], [-96.6550490001895, 32.75026799994072], [-96.6550490001895, 32.74936200027731], [-96.65561599972884, 32.74943999974524], [-96.6557539998211, 32.749458999634335], [-96.65574499960026, 32.74925199974921], [-96.65572200003405, 32.74875300007802], [-96.65608600008213, 32.74875300007802], [-96.65660599976579, 32.74875300007802], [-96.6569079998896, 32.74876000005185], [-96.65686400040698, 32.75114600031544], [-96.65697900003471, 32.75114999997729], [-96.65708600016482, 32.75114300019126], [-96.65715700030994, 32.75113199998674], [-96.65730000042508, 32.75108199965813], [-96.65860000008342, 32.750555000335545], [-96.6590629998657, 32.75035600012588], [-96.65931200028605, 32.75027100009442], [-96.6595130001275, 32.75015900008027], [-96.6597049997481, 32.75002800016155], [-96.6599009995667, 32.74988599969184], [-96.66008300003989, 32.74968000035314], [-96.6601950001929, 32.7494739997825], [-96.6602880000793, 32.74921899994208], [-96.66030999982061, 32.74903899974851], [-96.66033300028514, 32.74890799969376], [-96.66034499998071, 32.74877399999788], [-96.66114599987179, 32.74877599988203], [-96.6618229999143, 32.748772999678025], [-96.6628439999134, 32.74877900008599], [-96.6628570003322, 32.74902900035669], [-96.6628640000049, 32.749323999698106], [-96.66287700042369, 32.74959499967661], [-96.66289800034009, 32.74983999989549], [-96.66296500028724, 32.75021400017901], [-96.6630189998156, 32.75039600011261], [-96.66308699958765, 32.7505659998558], [-96.6631820000222, 32.75076200021476], [-96.66325999984001, 32.75084999991189], [-96.66337399964283, 32.75094199994867], [-96.6635329996515, 32.751019000005016], [-96.66376100015543, 32.75111399999256], [-96.66396199999687, 32.75122899968284], [-96.6643989998399, 32.75144799996362], [-96.66449500009935, 32.751488999749334], [-96.66459499965848, 32.75150499984485], [-96.66480899991873, 32.75151999964848], [-96.66480499972077, 32.75115300010122], [-96.66484099970576, 32.751007000245885], [-96.665279000272, 32.74987000006098], [-96.665383999854, 32.74957099977317], [-96.66542499986187, 32.74943299982483], [-96.66545199962604, 32.74931400033829], [-96.66546400021994, 32.7489559998515], [-96.6654549999991, 32.74875399964257], [-96.66564099977194, 32.74875300007802], [-96.6687780002874, 32.748739000128694], [-96.66981699982986, 32.748739000128694], [-96.6716649996593, 32.748739000128694], [-96.67196199976021, 32.7487420003339], [-96.67195799956225, 32.74933099962707], [-96.67414199985068, 32.74936099996405], [-96.67413400035308, 32.748789000261404], [-96.67448599980726, 32.74879600023242], [-96.67456699999812, 32.74880100031928], [-96.67728500021393, 32.74883800004692], [-96.67796800010424, 32.74884399969502], [-96.67857900002451, 32.74885700006441], [-96.68006299980588, 32.74885799962785], [-96.68065799983265, 32.74886900011318], [-96.68279299971726, 32.74888699980549], [-96.6829519997259, 32.74889100032426], [-96.68374199974635, 32.74889100032426], [-96.6845069996524, 32.748903999931294], [-96.68538000041183, 32.748881999723395], [-96.68553400039761, 32.748900000168604], [-96.68570299955368, 32.7488939997688], [-96.68651900041169, 32.74891299977435], [-96.68762099970334, 32.74893800017314], [-96.68827199980659, 32.74893600029264], [-96.68861199956521, 32.7489439998145], [-96.68926199984355, 32.748936999855125], [-96.68965500020394, 32.74894199993408], [-96.6897720003798, 32.74893600029264], [-96.69062500014941, 32.748952999653554], [-96.69173800021002, 32.74896200024719], [-96.69177199964689, 32.748966000007044], [-96.69217800042608, 32.748966000007044], [-96.6930329998455, 32.74897600016146], [-96.69523399985236, 32.74899000007355], [-96.69628099979073, 32.74898800019416], [-96.69640700018743, 32.74898800019416], [-96.69670299956513, 32.74899800034611], [-96.69702599960532, 32.748995999711404], [-96.69731500020865, 32.74900599986247], [-96.69998300019574, 32.74900399998343], [-96.7002839995963, 32.7490070001797], [-96.70037599965781, 32.74901200025474], [-96.70045299965071, 32.74901200025474], [-96.70097800025557, 32.749019999769835], [-96.70121000005916, 32.74902100008692], [-96.70356500005182, 32.74911900013125], [-96.70421100013219, 32.74915199997549], [-96.70416799957617, 32.749242999940364], [-96.70410900002494, 32.74946499999614], [-96.7040219999863, 32.749709999817036], [-96.703992999674, 32.749907000100144], [-96.70393400012276, 32.75007899987601], [-96.70390499981045, 32.750251999623], [-96.70390499981045, 32.75034900027746], [-96.7038460002592, 32.75062099970329], [-96.7038460002592, 32.75081599964432], [-96.70381699994691, 32.751161999717105], [-96.70381699994691, 32.75153000027169], [-96.70378799963457, 32.75219400000426], [-96.70378799963457, 32.754037999782895], [-96.70375900022057, 32.75460399975956], [-96.70375900022057, 32.75558699962619], [-96.70378799963457, 32.75615200009808], [-96.70381600012198, 32.756399000124944], [-96.70381600012198, 32.756520999909974], [-96.7038749996732, 32.75679099966966], [-96.70393300029784, 32.75698800015578], [-96.70399199984908, 32.75716100008136], [-96.70404999957537, 32.75735700028093], [-96.70413800033727, 32.75755400027038], [-96.70419600006358, 32.757651999991594], [-96.70428399992713, 32.757823999919886], [-96.70451800027885, 32.75816899974967], [-96.70475199973227, 32.75846300033658], [-96.70489800022044, 32.758610999719956], [-96.70554099992778, 32.75915200030382], [-96.70598100014382, 32.7594309999319], [-96.70616500026684, 32.75955199989686], [-96.7100130002617, 32.76184699978087], [-96.71081800035074, 32.76233499978919], [-96.71129899967636, 32.76260500005005], [-96.71157200038614, 32.76277600006877], [-96.71222299959108, 32.76317399968424], [-96.71385299986063, 32.76415300029497], [-96.71432499986373, 32.76445099982823], [-96.7150749997012, 32.76488399984637], [-96.71525299997643, 32.76495999979626], [-96.7155390002067, 32.76509199979366], [-96.71594699973738, 32.765229999650266], [-96.71619799980755, 32.76529600022864], [-96.71666599961269, 32.7653740000937], [-96.71684800008589, 32.76539100009396], [-96.7170609996229, 32.765416999777024], [-96.71855199997529, 32.7655209999441], [-96.71946300036953, 32.76558000014473], [-96.72253499968936, 32.76574599984629], [-96.72398300038404, 32.76580399976916], [-96.72435599975462, 32.76581499967216], [-96.72464700000775, 32.76581800005746], [-96.72584799993191, 32.7658459998721], [-96.728155000244, 32.7659260002651], [-96.73079999976656, 32.76601000033597], [-96.73095999960013, 32.76601000033597], [-96.73088500015537, 32.765905999984696], [-96.7308590002161, 32.765877000061245], [-96.73078600042118, 32.76581099991362], [-96.73046800040385, 32.765604999641724], [-96.73001800014207, 32.765354999822975], [-96.72985499993543, 32.765235999704906], [-96.72977799994254, 32.76512700003482], [-96.72974100013262, 32.76503300002503], [-96.72971299964522, 32.764913000093365], [-96.72968699970593, 32.764759999908094], [-96.72966800033768, 32.76456900009776], [-96.72967900020834, 32.76406000016033], [-96.72968699970593, 32.7639170000075], [-96.72970400032268, 32.76382999977574], [-96.72976600024698, 32.76364400024533], [-96.72979200018625, 32.76359900015438], [-96.72989799959315, 32.76345800032638], [-96.72998299998194, 32.76336000019651], [-96.73031299969483, 32.763041999864726], [-96.73057299998582, 32.76275699999895], [-96.73066000002447, 32.76268599974206], [-96.73074299986514, 32.76260500005005], [-96.73079100044404, 32.762551000214515], [-96.73098200023973, 32.76230299970964], [-96.7310990004156, 32.76215999975638], [-96.73136100035643, 32.76187900002437], [-96.73143300032646, 32.761783000014844], [-96.73153299988556, 32.76171100031744], [-96.73176100038953, 32.76157799966371], [-96.73181099971991, 32.76146500009375], [-96.73181800029093, 32.76132699968911], [-96.7317889999786, 32.76115300012216], [-96.73180900007009, 32.76107400015444], [-96.73194999963708, 32.76098999995887], [-96.73199700039106, 32.76098400037352], [-96.73204099987367, 32.76097299987368], [-96.73227500022541, 32.76094299967094], [-96.73235300004322, 32.76092600033221], [-96.73240499992176, 32.76090000009305], [-96.73244500010473, 32.76086700006909], [-96.73249199996039, 32.76081900028711], [-96.7325270001205, 32.760775999893895], [-96.73263599990044, 32.7605790002337], [-96.73271899974111, 32.76044499996648], [-96.73278400003844, 32.760362000122676], [-96.73279300025926, 32.76033699990882], [-96.7327880002364, 32.760310000062766], [-96.7327749998176, 32.76028899984111], [-96.73217999979086, 32.75972900016128], [-96.73214100033111, 32.759679000126475], [-96.732106000171, 32.75962099999056], [-96.73208000023175, 32.75956100017486], [-96.73205400029248, 32.75945999968873], [-96.73202699962998, 32.75922900006107], [-96.73201199956137, 32.75896600006613], [-96.73201199956137, 32.758896000014104], [-96.7320209997822, 32.758838000123625], [-96.73203699967573, 32.75879900035834], [-96.73204699972146, 32.75877499991318], [-96.73214600035398, 32.75861000026604], [-96.73218599963863, 32.75856799977132], [-96.73263699972534, 32.75816000008643], [-96.73272100028925, 32.75809499972144], [-96.73277200034288, 32.75807900005436], [-96.73318400007153, 32.75804899963203], [-96.73322699972923, 32.75804100017244], [-96.73326299971423, 32.75802000017113], [-96.73331999961565, 32.757944000340736], [-96.73335499977574, 32.757881999715416], [-96.73340199963141, 32.75781900033955], [-96.73344099998947, 32.75778100034668], [-96.7334850003704, 32.757746000239514], [-96.73353300005098, 32.757721000046644], [-96.73360699967083, 32.75771400002157], [-96.73368500038696, 32.75771400002157], [-96.73374899996105, 32.75773200019283], [-96.73388899970314, 32.75780500030429], [-96.73412399987978, 32.75786099967661], [-96.7341759997583, 32.75786400032995], [-96.73426299979694, 32.757857000316136], [-96.73431399985057, 32.757830999936296], [-96.73435400003353, 32.75779499963024], [-96.73436699955403, 32.7577649998677], [-96.73437999997282, 32.7577040000928], [-96.73437099975199, 32.757633999804185], [-96.73433300011715, 32.757473999909244], [-96.73430600035297, 32.7574280002545], [-96.73427200001777, 32.75739700014531], [-96.73423600003277, 32.757370999631114], [-96.73409700011558, 32.75732300023098], [-96.7339149996424, 32.75727900019152], [-96.7338719999847, 32.7572620001533], [-96.73383299962663, 32.75723099998631], [-96.73379300034198, 32.75719500019312], [-96.73377599972522, 32.7571520003162], [-96.73377700044846, 32.75711500026494], [-96.7337940001669, 32.75706800019807], [-96.73381900028124, 32.75701299979896], [-96.73385000024338, 32.75696599967825], [-96.73388000038062, 32.75693200023447], [-96.73393200025914, 32.75689600032045], [-96.73398800033564, 32.75686999966004], [-96.7340760001992, 32.75684900013799], [-96.73418800035218, 32.75684499997665], [-96.73439300039159, 32.75687099988897], [-96.73444600009505, 32.756892999634445], [-96.7344710002094, 32.75691299967313], [-96.73451100039237, 32.75700599971826], [-96.73452399991285, 32.757094000045264], [-96.73453599960843, 32.757129999879226], [-96.73457599979139, 32.75716999984556], [-96.73464500028668, 32.757203999953944], [-96.73473999982292, 32.757209999793936], [-96.73481400034109, 32.75719200027271], [-96.73484399957998, 32.75717200029672], [-96.73487100024249, 32.75714500024646], [-96.73489700018175, 32.757094000045264], [-96.73492300012103, 32.75707100012272], [-96.73498000002243, 32.75705400004478], [-96.73503500027401, 32.757048000194224], [-96.73509700019831, 32.757058000196736], [-96.73512800016043, 32.75707200034938], [-96.73520599997825, 32.7571520003162], [-96.73524899963594, 32.7572110000191], [-96.73528799999401, 32.757236999824485], [-96.73534099969746, 32.7572520001737], [-96.73539199975107, 32.757253999867544], [-96.73545399967537, 32.75724299966231], [-96.73547499959176, 32.75723099998631], [-96.73550999975186, 32.75719599966299], [-96.7355270003686, 32.75715800015974], [-96.7355270003686, 32.75712699995656], [-96.73550100042934, 32.75699400001032], [-96.73549700023138, 32.75691099997163], [-96.73550999975186, 32.75686200009448], [-96.7355270003686, 32.75681900005676], [-96.73559299959253, 32.75674199972653], [-96.73564399964616, 32.75671100013401], [-96.73569200022504, 32.756695999693676], [-96.73594300029522, 32.75666699979217], [-96.7359709998843, 32.75664999963707], [-96.7359919998007, 32.756623000184014], [-96.73600100002155, 32.75655699997559], [-96.73595199961774, 32.75645800032674], [-96.7358779999979, 32.75636000004696], [-96.73574400010358, 32.7561959999389], [-96.73573599970767, 32.75615900024594], [-96.73573999990562, 32.75610100008369], [-96.7357580003473, 32.75606400035119], [-96.73580600002786, 32.756017999968115], [-96.73586100027946, 32.75597599976184], [-96.73590999978492, 32.755959000230355], [-96.73597599990718, 32.755947999865164], [-96.73604799987719, 32.75595099982755], [-96.73614499996158, 32.75597400003935], [-96.73622299977939, 32.755966999876975], [-96.73626200013746, 32.755966999876975], [-96.73629700029755, 32.75597899972328], [-96.73643600021472, 32.756159999727366], [-96.73649099956798, 32.75620300008329], [-96.73651700040557, 32.7562149998978], [-96.73654900019262, 32.756222000040694], [-96.73657900032984, 32.75622099980448], [-96.73662299981245, 32.75621099970799], [-96.73665200012478, 32.75618899979398], [-96.73670800020128, 32.756134000362955], [-96.73672300026989, 32.75609200021138], [-96.7367099998511, 32.75603800020326], [-96.73664299990395, 32.75592199968338], [-96.73656000006326, 32.755818999876674], [-96.73649499976594, 32.7557640002171], [-96.73634099978015, 32.75558600013833], [-96.73632800025968, 32.75555699987531], [-96.73632800025968, 32.75552100016094], [-96.7363369995822, 32.75549600009886], [-96.73635699967369, 32.755471000029814], [-96.73641399957509, 32.75543299979052], [-96.7364639998038, 32.75541600015538], [-96.73657299958376, 32.75538900032815], [-96.73673300031564, 32.75536199973736], [-96.73692199956321, 32.75533900012292], [-96.73711900010501, 32.75530800004203], [-96.73716299958764, 32.755312000272404], [-96.73720100012079, 32.755322999960676], [-96.73724700015154, 32.755360000001026], [-96.73738699989362, 32.7554519999122], [-96.73748800017594, 32.755493000121206], [-96.73756900036682, 32.75551099998584], [-96.73761299984943, 32.75551399996295], [-96.73794699976025, 32.75551099998584], [-96.7380260003013, 32.75548100020941]]]}, "properties": {"zcta": "75217", "od2a_death_residence_rank_2016_2024": 1, "od2a_death_residence_count_2016_2024": null, "od2a_opioid_ed_visits_rank_2024": 5, "od2a_opioid_ed_visits_count_2024": null, "in_required_baseline_12": true, "source": "DCHHS OD2A 2024 Annual Surveillance Report, p.9 (Figure 9); DCHHS OD2A 2024 Annual Surveillance Report, p.18 (Figure 21)", "geometry_source": "US Census Bureau TIGERweb 2020 ZCTA (ArcGIS REST)", "retrieved": "2026-09-01"}}, {"type": "Feature", "geometry": {"type": "MultiPolygon", "coordinates": [[[[-96.85718299972231, 32.7058099998952], [-96.85717900042266, 32.705685000086035], [-96.85714300043765, 32.70425099974415], [-96.85712199962293, 32.70340400004084], [-96.85711999997312, 32.70332799974312], [-96.85711599977516, 32.70251700032344], [-96.85711099975228, 32.70182399979284], [-96.85710900010247, 32.70128599995607], [-96.85710699955432, 32.700917999840826], [-96.85709599968366, 32.69993500024369], [-96.85709599968366, 32.699748000271924], [-96.85710200042975, 32.69828300027081], [-96.85710200042975, 32.69821099991702], [-96.85709599968366, 32.697305000329386], [-96.85709599968366, 32.69704600035739], [-96.85709099966078, 32.69559300026912], [-96.8570970004069, 32.695389999934584], [-96.85709400003384, 32.69485699995729], [-96.8571059997294, 32.69351399965757], [-96.85712300034616, 32.69195500017167], [-96.85713800041476, 32.69123400022513], [-96.85697600003306, 32.69123199980613], [-96.85606299998899, 32.69122000031531], [-96.85221800036719, 32.691187000195235], [-96.8489670000489, 32.69123499967855], [-96.84830000005212, 32.691241999632574], [-96.84791900028561, 32.691249000342026], [-96.84660399966035, 32.69126700032778], [-96.84650099972818, 32.69132199971584], [-96.846221000244, 32.6913579996543], [-96.84602799990016, 32.69135499978595], [-96.84577000015729, 32.691338000026256], [-96.84568200029375, 32.69127599994132], [-96.84430599956909, 32.69121200014987], [-96.84356400012757, 32.69121099994015], [-96.84298199962129, 32.691217999896004], [-96.84142199967194, 32.691208000066865], [-96.84132399976262, 32.69121200014987], [-96.84130799986912, 32.6897990003194], [-96.84129100015068, 32.689664000007944], [-96.84124500011993, 32.6895339998791], [-96.84117099960176, 32.689427999785174], [-96.84107600006553, 32.68934800027286], [-96.84098800020199, 32.68928800002456], [-96.84085599995748, 32.689220999624055], [-96.84069100010106, 32.689174000046556], [-96.84011100014293, 32.689175000279135], [-96.84030000028879, 32.69006100006132], [-96.84031199998437, 32.69017000006802], [-96.84033399972567, 32.69028499975044], [-96.84034799996938, 32.69039300002077], [-96.8403560003653, 32.6904970000456], [-96.84037300008374, 32.69116299968789], [-96.8403780001066, 32.691216999686354], [-96.8402430003874, 32.691216999686354], [-96.8399680000278, 32.69121200014987], [-96.83529800022546, 32.69123499967855], [-96.83471900009224, 32.69119599981685], [-96.83442299981623, 32.69116799998312], [-96.83410999982178, 32.69110899965678], [-96.83380699987306, 32.691019000288385], [-96.83346200009159, 32.69089999994256], [-96.83293800020992, 32.69069000027949], [-96.83200199970132, 32.690281999846086], [-96.83126600010758, 32.689966000030246], [-96.83090500043255, 32.68981299969599], [-96.8285789998539, 32.688814000274505], [-96.82761099955825, 32.688377999631975], [-96.82725300025629, 32.688238999980065], [-96.82707800035409, 32.688166999841435], [-96.82649300037309, 32.68799000035633], [-96.82573799961445, 32.68778700012197], [-96.82563100038264, 32.68775700023439], [-96.82502799995997, 32.68759199991664], [-96.82462100025418, 32.687482000291425], [-96.82406999971006, 32.6873449997508], [-96.82333900013919, 32.687154000357054], [-96.82324700007767, 32.687132000032506], [-96.82312599970385, 32.68710099966911], [-96.82312999990181, 32.687326000233135], [-96.82313699957452, 32.68761299987777], [-96.82312999990181, 32.688191999885646], [-96.8231149998332, 32.68913200009756], [-96.82312999990181, 32.68969500023754], [-96.82314900016839, 32.68996199989142], [-96.82316800043496, 32.6902639996617], [-96.82321799976536, 32.69069700027626], [-96.82327600039001, 32.69130799981982], [-96.82315500001617, 32.69131199989833], [-96.82306999962736, 32.69131599997668], [-96.8230730000004, 32.691550000089016], [-96.82308899989394, 32.694448999668026], [-96.82306899980244, 32.69574900024601], [-96.82307600037345, 32.69609799983226], [-96.82310399996254, 32.69645700032008], [-96.82313900012264, 32.69675900004183], [-96.82318400032848, 32.69702900016948], [-96.82324999955242, 32.69754200027871], [-96.82334099978901, 32.69806199988248], [-96.82345499959182, 32.69860799975884], [-96.82352599973693, 32.69894799991052], [-96.82366600037734, 32.699390999650085], [-96.82422500041908, 32.700990999622825], [-96.8229459997788, 32.70099199972295], [-96.82296099984742, 32.70144400000004], [-96.82297199971806, 32.70302300009531], [-96.82234400007935, 32.70302500025007], [-96.82246499955485, 32.70585200031184], [-96.82272599967078, 32.70584099980867], [-96.82297500009112, 32.705837999671225], [-96.82297699974093, 32.70589700008836], [-96.82298500013685, 32.70595599971058], [-96.82298199976381, 32.70671199992445], [-96.82296800041841, 32.70721399997502], [-96.82297099989316, 32.70751999968631], [-96.82297099989316, 32.708146000020555], [-96.82295900019759, 32.70921999988391], [-96.82296300039555, 32.709575999728905], [-96.82297199971806, 32.71049000015888], [-96.8229740002662, 32.71136700014378], [-96.82296900024335, 32.712255000290774], [-96.82295800037268, 32.7131600000538], [-96.82292900006037, 32.71503799990951], [-96.82233800023157, 32.71503400013855], [-96.82231700031518, 32.716650000318474], [-96.82251399995867, 32.7166469997887], [-96.82251399995867, 32.716812000055725], [-96.8229170003648, 32.716811000132864], [-96.82290499977091, 32.717593999762144], [-96.82290099957295, 32.71793699985539], [-96.82289399990027, 32.71854100026127], [-96.82288700022757, 32.719167000346786], [-96.82168299993036, 32.71915500007736], [-96.82168100028053, 32.720275000377256], [-96.82287800000672, 32.72031799991341], [-96.82287399980876, 32.72042999964477], [-96.82284299984663, 32.72138200037359], [-96.82284100019682, 32.721496000020835], [-96.82282199993024, 32.72232999980876], [-96.82281299970941, 32.722813999970946], [-96.82164000027265, 32.72283099978052], [-96.82164500029553, 32.72387700027959], [-96.82162000018117, 32.72448700028452], [-96.82160000008967, 32.72511200036545], [-96.82160500011256, 32.726359000028204], [-96.822206999812, 32.726367000065494], [-96.82221699985774, 32.72745499996023], [-96.82222699990348, 32.72854399997143], [-96.82225700004071, 32.72854399997143], [-96.82226000041376, 32.728590000182194], [-96.82221400038301, 32.73021400000164], [-96.82224199997209, 32.73021900037555], [-96.82273300024177, 32.73019000016759], [-96.82272599967078, 32.73058200017479], [-96.82271700034826, 32.73143300004639], [-96.82270399992947, 32.73164500006106], [-96.82269999973151, 32.73195699986418], [-96.82269600043186, 32.73224500005015], [-96.82269600043186, 32.732778000345725], [-96.82270399992947, 32.733014999761146], [-96.822903999946, 32.7329380000138], [-96.82332900009344, 32.73284100005093], [-96.82375300041596, 32.73279100003663], [-96.82413500000739, 32.73279300027957], [-96.82433699967376, 32.73281499992607], [-96.8244739999411, 32.73283100035261], [-96.82461100020845, 32.73284600027754], [-96.8252070000601, 32.73294799970012], [-96.82526700033459, 32.732955999901804], [-96.82533699975646, 32.732964000102776], [-96.82557500030615, 32.732994999646685], [-96.82585599961523, 32.73302599993555], [-96.8262620003944, 32.73304999976172], [-96.82725599973102, 32.73308100003139], [-96.82755799985482, 32.73310900031445], [-96.82797399978142, 32.73313000014315], [-96.82852399960233, 32.73315099996696], [-96.8287339996646, 32.73316800007252], [-96.82896299999346, 32.73321199993071], [-96.82917999972844, 32.73326199970885], [-96.82936300002655, 32.733310999721105], [-96.82954100030177, 32.73336499990392], [-96.82973100027259, 32.7334440002664], [-96.83014999967392, 32.73364199997754], [-96.83045199979772, 32.7338009998737], [-96.83096300015889, 32.73403399991732], [-96.8312590004349, 32.73412699966735], [-96.83155399998766, 32.734198000020626], [-96.83216200043321, 32.734312999631975], [-96.83244100009247, 32.73430399982544], [-96.83268700013976, 32.73428499972714], [-96.8330550003858, 32.73424700027398], [-96.8333230001744, 32.73420499962665], [-96.83430399999052, 32.73400899987048], [-96.83743800013296, 32.73331899989022], [-96.83762800010375, 32.7332800002871], [-96.8376959998758, 32.73326199970885], [-96.83776700002092, 32.733249999825105], [-96.83796399966442, 32.73320800021931], [-96.84004300037085, 32.732779999833284], [-96.84195300012458, 32.73241600016897], [-96.84262400031932, 32.7322690000866], [-96.84317400014024, 32.732121000010686], [-96.84358000002108, 32.73198600025304], [-96.84395099974185, 32.7318420002358], [-96.8442560002387, 32.73171200034575], [-96.84694299959405, 32.73032999999018], [-96.84929699976179, 32.72926599975351], [-96.85254700025516, 32.727997999665455], [-96.85294700028825, 32.72778699984581], [-96.85691199956065, 32.72542900024821], [-96.85707899996522, 32.72533000001725], [-96.85707300011745, 32.72500899970317], [-96.85707700031541, 32.72463799969213], [-96.85706899991949, 32.72447599981218], [-96.85707200029253, 32.724403000353185], [-96.85707999979014, 32.72391600021774], [-96.85707599959218, 32.72381199984105], [-96.85706899991949, 32.72376700003283], [-96.85707300011745, 32.723747999955854], [-96.8570699997444, 32.723266999880295], [-96.85707599959218, 32.72309800005477], [-96.85707599959218, 32.72283599981282], [-96.85708800018607, 32.72234400012828], [-96.85709300020893, 32.72194899982405], [-96.8570709995693, 32.72147700021572], [-96.8570839999881, 32.72034000037108], [-96.857084999813, 32.72022099982317], [-96.8570980002318, 32.71912999963691], [-96.8570980002318, 32.71850799966275], [-96.8570980002318, 32.71757699970997], [-96.85711300030042, 32.716808000364324], [-96.85710800027753, 32.71593599987383], [-96.85710699955432, 32.715871999626835], [-96.85710699955432, 32.71513700022947], [-96.85710699955432, 32.71503300019576], [-96.85710699955432, 32.71419600033539], [-96.8571180003233, 32.71309200022439], [-96.85712099979801, 32.7128030001823], [-96.85712300034616, 32.71203399973637], [-96.85712499999597, 32.71159100002712], [-96.85715299958507, 32.709682000083475], [-96.85718299972231, 32.7058099998952]]], [[[-96.86581299967249, 32.710850000185715], [-96.86582400044145, 32.71025999980108], [-96.86491700024516, 32.71024399985932], [-96.8603160000398, 32.7102119999671], [-96.86050900038364, 32.7138330003381], [-96.8610550000066, 32.71404200001306], [-96.86227699984717, 32.71411499963952], [-96.86578300043357, 32.714323000214655], [-96.86580400034997, 32.71322300001616], [-96.86582000024349, 32.713175000264826], [-96.86570800009048, 32.71302700023902], [-96.86569800004474, 32.71136700014378], [-96.86581299967249, 32.710850000185715]]]]}, "properties": {"zcta": "75224", "od2a_death_residence_rank_2016_2024": null, "od2a_death_residence_count_2016_2024": null, "od2a_opioid_ed_visits_rank_2024": null, "od2a_opioid_ed_visits_count_2024": null, "in_required_baseline_12": true, "source": null, "geometry_source": "US Census Bureau TIGERweb 2020 ZCTA (ArcGIS REST)", "retrieved": "2026-09-01"}}, {"type": "Feature", "geometry": {"type": "Polygon", "coordinates": [[[-96.79089700032168, 32.78409799968817], [-96.79099900042894, 32.78406699980388], [-96.79081199993288, 32.78395599993469], [-96.79060400041872, 32.78382499989725], [-96.79035300034855, 32.78369299973935], [-96.78974499990301, 32.783426999730175], [-96.78945799984783, 32.78331000022665], [-96.78918000001349, 32.783182999726456], [-96.78853499975803, 32.78294300030808], [-96.78789700007356, 32.782665000298294], [-96.78727699993246, 32.78239199988611], [-96.78655600040732, 32.78208199989896], [-96.78653899979057, 32.781927999825385], [-96.78652799991991, 32.78186200025172], [-96.78649899960759, 32.78169199984264], [-96.78649299975982, 32.7816499996649], [-96.78647199984341, 32.78156799990809], [-96.78644799955399, 32.78147699974868], [-96.78637700030718, 32.78130500020571], [-96.78627000017704, 32.78110400008142], [-96.78620499987973, 32.78100099995445], [-96.7858650001211, 32.78062299999183], [-96.78535600030807, 32.780054000121], [-96.78503499991771, 32.77969000028347], [-96.78484699959675, 32.77946900003322], [-96.78562999994448, 32.77891899998023], [-96.78542099970709, 32.77863099963719], [-96.78555799997444, 32.778579999660195], [-96.78549000020237, 32.77849200017918], [-96.7854070003617, 32.77838600008799], [-96.78595100033483, 32.77805099996707], [-96.78652999956975, 32.77769500020361], [-96.78639300020072, 32.777486000253866], [-96.78713100034258, 32.77693000000687], [-96.78697900000664, 32.77672999982374], [-96.78694600039466, 32.77667700025496], [-96.78685199978503, 32.77652799993018], [-96.78661400013365, 32.77608999984232], [-96.786527000095, 32.775958000293244], [-96.7864219996147, 32.7758359999522], [-96.78662500000429, 32.77574299993897], [-96.78631299983476, 32.77554000005168], [-96.78623400019205, 32.775485999754416], [-96.78621199955242, 32.775470000191554], [-96.78605000006903, 32.77537099966951], [-96.78591199997678, 32.77528600010232], [-96.78580999986953, 32.77534499987273], [-96.78568500019604, 32.77541199976938], [-96.78553799988295, 32.775502000069714], [-96.78544099979858, 32.7754640000715], [-96.7853579999579, 32.775427000077485], [-96.7852530003759, 32.77549499993214], [-96.78486300038857, 32.77578699991676], [-96.78430400034684, 32.776258000358524], [-96.78325800023337, 32.77509500021892], [-96.78298399969867, 32.774762999877005], [-96.78246900003786, 32.77507799980607], [-96.78158399958289, 32.774036000023926], [-96.78090700043869, 32.77445699987097], [-96.78085600038506, 32.774496000330146], [-96.7807469997068, 32.77462299963459], [-96.78049800018478, 32.774324000132715], [-96.78008499973289, 32.77382000027484], [-96.77938400029926, 32.77303499981076], [-96.77923199996329, 32.77285200002363], [-96.77876099978509, 32.77231799999205], [-96.7785709998143, 32.772587000135466], [-96.77839099988925, 32.77290599965325], [-96.77812499975046, 32.77324699977475], [-96.77777900014406, 32.77358399993568], [-96.77603199969863, 32.77607499964593], [-96.77547299965688, 32.77534199980852], [-96.77526000011986, 32.775035000257915], [-96.77515999966245, 32.7751540001159], [-96.77510100011122, 32.77521500001952], [-96.7748960000718, 32.77539500017235], [-96.77400999979191, 32.776107000061835], [-96.77316899971787, 32.776801000208344], [-96.77268900021716, 32.77722299981473], [-96.77262100044508, 32.77729899980323], [-96.77253000020849, 32.777439000367394], [-96.77245599969034, 32.77752700013456], [-96.77207499992383, 32.77783600013812], [-96.77094500014478, 32.77876799966749], [-96.7708689999768, 32.77885499964884], [-96.77081600027334, 32.778942000300475], [-96.76978100003055, 32.77806399984878], [-96.7696649996796, 32.77831800017672], [-96.769581000014, 32.778564999883585], [-96.76807799996605, 32.77817000032356], [-96.76781699985015, 32.77862699969926], [-96.76762199985649, 32.778570999794546], [-96.76767600028315, 32.7786729997295], [-96.76769899984937, 32.778734000241926], [-96.76771599956781, 32.778796999922484], [-96.76774499988014, 32.77902500019173], [-96.76777900021531, 32.77919299969832], [-96.76781900039829, 32.779309000107524], [-96.76787399975154, 32.7794050000975], [-96.76793900004887, 32.77949400016086], [-96.76802500026261, 32.77957800026628], [-96.76813900006542, 32.77966100031953], [-96.76820699983749, 32.7796950001461], [-96.76833999990687, 32.77974600023921], [-96.76909300011737, 32.77993599998821], [-96.76879400036663, 32.78065600024437], [-96.76874300031301, 32.780771000296355], [-96.76871900002357, 32.78083300008539], [-96.76846999960321, 32.78171300030174], [-96.76775400010096, 32.78150899973238], [-96.76719000003634, 32.78136800033159], [-96.76673800012473, 32.78127000028435], [-96.76633700026673, 32.78215599962375], [-96.7661940001516, 32.78239599965476], [-96.76597400004357, 32.78286000029561], [-96.76587699995919, 32.78306200016356], [-96.76562699971393, 32.78359599991616], [-96.76553499965243, 32.78378599975086], [-96.76619800034956, 32.78397599993495], [-96.76842000027281, 32.78451800034483], [-96.76852099965684, 32.78455099990786], [-96.76858900032722, 32.78456800002125], [-96.7687299998942, 32.78460400007288], [-96.76977699983259, 32.78487499991034], [-96.7691230002546, 32.785822999685195], [-96.76846799995339, 32.78671800030085], [-96.76723900044014, 32.788479000082724], [-96.76703799970038, 32.78861199980768], [-96.76635399998517, 32.78924800012088], [-96.7656459999805, 32.78994400018202], [-96.76569600020923, 32.789986000219784], [-96.76433999957605, 32.79108300025911], [-96.76427400035213, 32.791137000151885], [-96.76421900010055, 32.79109599974682], [-96.76411799981821, 32.79102100006208], [-96.76284099972607, 32.792070999709715], [-96.76214100011732, 32.79264899969561], [-96.76184599966624, 32.79290200009086], [-96.76140600034849, 32.79323899980984], [-96.76150000005983, 32.79330800021773], [-96.76165200039578, 32.79342800037277], [-96.76170699974905, 32.79347000027555], [-96.76190699976559, 32.7936440000928], [-96.76224700042253, 32.7939529999967], [-96.76246599980733, 32.79415799977797], [-96.76283099968032, 32.794452000042845], [-96.76315000042086, 32.79471900011154], [-96.76360099960927, 32.795107999888316], [-96.76368500017317, 32.79519799989707], [-96.7642080002299, 32.79566500034268], [-96.76525599999317, 32.794823999817154], [-96.76629000041106, 32.794004000222216], [-96.76573100036933, 32.793512000158415], [-96.76673700029981, 32.79266800018008], [-96.76729700016645, 32.79314299964574], [-96.76780400032968, 32.79271799980613], [-96.76832599966318, 32.79226799989434], [-96.76826299991399, 32.79218399968884], [-96.76908999974434, 32.791491000063274], [-96.76991599974976, 32.7907819997387], [-96.77163999973064, 32.789354999972396], [-96.77219899977239, 32.789867999667685], [-96.77325699958142, 32.78894700018681], [-96.77451799978003, 32.78790000030273], [-96.77399899992126, 32.78743499963262], [-96.77522900015772, 32.78640000035233], [-96.77531399964822, 32.786372000207436], [-96.77534100031073, 32.78635999992684], [-96.77559599968053, 32.78642200035215], [-96.77595800007879, 32.786520999906244], [-96.77606199983586, 32.78654399977165], [-96.77618599968442, 32.786565999735856], [-96.77698800029873, 32.78672899988451], [-96.77762699980809, 32.78685499996149], [-96.77797199958957, 32.78688200006266], [-96.77842000020155, 32.7869010002688], [-96.77945799991909, 32.78696300031702], [-96.77946200011705, 32.78702399967666], [-96.77947600036076, 32.787165999819194], [-96.77951800019355, 32.787249000345334], [-96.77954400013282, 32.78729100014528], [-96.77961699992774, 32.78736500006829], [-96.77974900017225, 32.78748099963997], [-96.78006999966429, 32.78775400029404], [-96.78046800004755, 32.78811200034391], [-96.7808730001035, 32.78847599970622], [-96.78148900004665, 32.789005999960615], [-96.78212099988332, 32.78954299986566], [-96.7825069996727, 32.78989200003589], [-96.78332400035562, 32.78928999973211], [-96.78373299971122, 32.78900500009278], [-96.78433899960864, 32.788569000003505], [-96.78538399989716, 32.78782400030745], [-96.78627000017704, 32.787218999936606], [-96.78588100001464, 32.786838000285215], [-96.78612700006192, 32.78666900021661], [-96.78641699959184, 32.78646199999454], [-96.7866600001644, 32.786270999935105], [-96.78706699987018, 32.78661699966617], [-96.78715499973373, 32.78654800010885], [-96.78806799977778, 32.78574700018091], [-96.7877239998212, 32.785456000316], [-96.78786699993634, 32.7853949998811], [-96.78799499998286, 32.78531900001114], [-96.78816599968708, 32.785235000039556], [-96.78846500033613, 32.78548599980887], [-96.7888219998132, 32.78578099994728], [-96.78933900002215, 32.78535100012329], [-96.78942500023588, 32.78528599997779], [-96.78958500006944, 32.78518300016129], [-96.78954700043461, 32.78483199981009], [-96.789532000366, 32.784730000139035], [-96.78950899990147, 32.78456800002125], [-96.7899700000339, 32.78436799963667], [-96.79017300042351, 32.784297000003725], [-96.79032300021133, 32.784251999781574], [-96.79058799962688, 32.78419299987535], [-96.79089700032168, 32.78409799968817]]]}, "properties": {"zcta": "75226", "od2a_death_residence_rank_2016_2024": null, "od2a_death_residence_count_2016_2024": null, "od2a_opioid_ed_visits_rank_2024": null, "od2a_opioid_ed_visits_count_2024": null, "in_required_baseline_12": true, "source": null, "geometry_source": "US Census Bureau TIGERweb 2020 ZCTA (ArcGIS REST)", "retrieved": "2026-09-01"}}, {"type": "Feature", "geometry": {"type": "Polygon", "coordinates": [[[-96.7339849999626, 32.77897800036294], [-96.73420099987267, 32.77771500010079], [-96.73361000004388, 32.777644999685705], [-96.733168000178, 32.777613999818776], [-96.73308199996427, 32.777613999818776], [-96.73289299981838, 32.7776029998634], [-96.73230600018755, 32.777579999952316], [-96.73123800033278, 32.77755800003181], [-96.73080599961433, 32.777576999963465], [-96.73061200034388, 32.77757199998183], [-96.72846099966743, 32.77779699963221], [-96.7284580001927, 32.77774399994369], [-96.72816899958939, 32.777767999806585], [-96.728155000244, 32.777718000084946], [-96.72816000026687, 32.77752900012823], [-96.72812799958149, 32.777229999816434], [-96.72813299960437, 32.77710099969745], [-96.72816899958939, 32.77695700009911], [-96.72821399979522, 32.77688099981854], [-96.72827700044273, 32.776794000172956], [-96.72843499972817, 32.77666800019684], [-96.72858799988904, 32.7765239998978], [-96.72864599961534, 32.77646000010964], [-96.72871400028573, 32.77638700018892], [-96.72875500029363, 32.77631600022931], [-96.72877299983696, 32.77622399997391], [-96.72879999960115, 32.77613000035364], [-96.72882700026364, 32.77596699966788], [-96.72878700008066, 32.775799000112904], [-96.72878700008066, 32.775709000112954], [-96.7287820000578, 32.775633000277054], [-96.72879100027862, 32.77560199970918], [-96.72891699977701, 32.77554800020485], [-96.72889099983774, 32.775433000200024], [-96.72884300015717, 32.77517899994526], [-96.7288599998756, 32.77488700023151], [-96.7289589996098, 32.77413699983512], [-96.7291979999844, 32.77186999972883], [-96.7293799995593, 32.76975500012553], [-96.72941399989446, 32.769481000050796], [-96.72946699959792, 32.769165999950914], [-96.72951099997884, 32.769038000320755], [-96.72956700005535, 32.76890299985046], [-96.72961899993389, 32.76879400013823], [-96.729902999616, 32.768299000084546], [-96.73010099998272, 32.767977999709146], [-96.73021800015859, 32.767775000239126], [-96.73043099969561, 32.767388999861836], [-96.73076899980443, 32.766797999659275], [-96.73090799972158, 32.76654200020311], [-96.73093200001104, 32.76639300028399], [-96.73095499957725, 32.76633999984703], [-96.73095499957725, 32.7662469997309], [-96.73096299997317, 32.766129000174736], [-96.73095999960013, 32.76601000033597], [-96.73079999976656, 32.76601000033597], [-96.728155000244, 32.7659260002651], [-96.72584799993191, 32.7658459998721], [-96.72464700000775, 32.76581800005746], [-96.72435599975462, 32.76581499967216], [-96.72398300038404, 32.76580399976916], [-96.72253499968936, 32.76574599984629], [-96.71946300036953, 32.76558000014473], [-96.71855199997529, 32.7655209999441], [-96.7170609996229, 32.765416999777024], [-96.71684800008589, 32.76539100009396], [-96.71666599961269, 32.7653740000937], [-96.71619799980755, 32.76529600022864], [-96.71594699973738, 32.765229999650266], [-96.7155390002067, 32.76509199979366], [-96.71525299997643, 32.76495999979626], [-96.7150749997012, 32.76488399984637], [-96.71432499986373, 32.76445099982823], [-96.71385299986063, 32.76415300029497], [-96.71222299959108, 32.76317399968424], [-96.71157200038614, 32.76277600006877], [-96.71129899967636, 32.76260500005005], [-96.71081800035074, 32.76233499978919], [-96.7100130002617, 32.76184699978087], [-96.70616500026684, 32.75955199989686], [-96.70598100014382, 32.7594309999319], [-96.70554099992778, 32.75915200030382], [-96.70489800022044, 32.758610999719956], [-96.70475199973227, 32.75846300033658], [-96.70451800027885, 32.75816899974967], [-96.70428399992713, 32.757823999919886], [-96.70419600006358, 32.757651999991594], [-96.70413800033727, 32.75755400027038], [-96.70404999957537, 32.75735700028093], [-96.70399199984908, 32.75716100008136], [-96.70393300029784, 32.75698800015578], [-96.7038749996732, 32.75679099966966], [-96.70381600012198, 32.756520999909974], [-96.70381600012198, 32.756399000124944], [-96.70378799963457, 32.75615200009808], [-96.70375900022057, 32.75558699962619], [-96.70375900022057, 32.75460399975956], [-96.70378799963457, 32.754037999782895], [-96.70378799963457, 32.75219400000426], [-96.70381699994691, 32.75153000027169], [-96.70381699994691, 32.751161999717105], [-96.7038460002592, 32.75081599964432], [-96.7038460002592, 32.75062099970329], [-96.70390499981045, 32.75034900027746], [-96.70390499981045, 32.750251999623], [-96.70393400012276, 32.75007899987601], [-96.703992999674, 32.749907000100144], [-96.7040219999863, 32.749709999817036], [-96.70410900002494, 32.74946499999614], [-96.70416799957617, 32.749242999940364], [-96.70421100013219, 32.74915199997549], [-96.70356500005182, 32.74911900013125], [-96.70121000005916, 32.74902100008692], [-96.70097800025557, 32.749019999769835], [-96.70045299965071, 32.74901200025474], [-96.70037599965781, 32.74901200025474], [-96.7002839995963, 32.7490070001797], [-96.69998300019574, 32.74900399998343], [-96.69731500020865, 32.74900599986247], [-96.69702599960532, 32.748995999711404], [-96.69670299956513, 32.74899800034611], [-96.69640700018743, 32.74898800019416], [-96.69628099979073, 32.74898800019416], [-96.69523399985236, 32.74899000007355], [-96.6930329998455, 32.74897600016146], [-96.69217800042608, 32.748966000007044], [-96.69177199964689, 32.748966000007044], [-96.69173800021002, 32.74896200024719], [-96.69062500014941, 32.748952999653554], [-96.6897720003798, 32.74893600029264], [-96.68965500020394, 32.74894199993408], [-96.68926199984355, 32.748936999855125], [-96.68861199956521, 32.7489439998145], [-96.68827199980659, 32.74893600029264], [-96.68762099970334, 32.74893800017314], [-96.68651900041169, 32.74891299977435], [-96.68570299955368, 32.7488939997688], [-96.68553400039761, 32.748900000168604], [-96.68538000041183, 32.748881999723395], [-96.6845069996524, 32.748903999931294], [-96.68374199974635, 32.74889100032426], [-96.6829519997259, 32.74889100032426], [-96.68279299971726, 32.74888699980549], [-96.68065799983265, 32.74886900011318], [-96.68006299980588, 32.74885799962785], [-96.67857900002451, 32.74885700006441], [-96.67796800010424, 32.74884399969502], [-96.67728500021393, 32.74883800004692], [-96.67456699999812, 32.74880100031928], [-96.67448599980726, 32.74879600023242], [-96.67413400035308, 32.748789000261404], [-96.67414199985068, 32.74936099996405], [-96.67195799956225, 32.74933099962707], [-96.67196199976021, 32.7487420003339], [-96.6716649996593, 32.748739000128694], [-96.66981699982986, 32.748739000128694], [-96.6687780002874, 32.748739000128694], [-96.66564099977194, 32.74875300007802], [-96.6654549999991, 32.74875399964257], [-96.66546400021994, 32.7489559998515], [-96.66545199962604, 32.74931400033829], [-96.66542499986187, 32.74943299982483], [-96.665383999854, 32.74957099977317], [-96.665279000272, 32.74987000006098], [-96.66484099970576, 32.751007000245885], [-96.66480499972077, 32.75115300010122], [-96.66480899991873, 32.75151999964848], [-96.66459499965848, 32.75150499984485], [-96.66449500009935, 32.751488999749334], [-96.6643989998399, 32.75144799996362], [-96.66396199999687, 32.75122899968284], [-96.66376100015543, 32.75111399999256], [-96.6635329996515, 32.751019000005016], [-96.66337399964283, 32.75094199994867], [-96.66325999984001, 32.75084999991189], [-96.6631820000222, 32.75076200021476], [-96.66308699958765, 32.7505659998558], [-96.6630189998156, 32.75039600011261], [-96.66296500028724, 32.75021400017901], [-96.66289800034009, 32.74983999989549], [-96.66287700042369, 32.74959499967661], [-96.6628640000049, 32.749323999698106], [-96.6628570003322, 32.74902900035669], [-96.6628439999134, 32.74877900008599], [-96.6618229999143, 32.748772999678025], [-96.66114599987179, 32.74877599988203], [-96.66034499998071, 32.74877399999788], [-96.66033300028514, 32.74890799969376], [-96.66030999982061, 32.74903899974851], [-96.6602880000793, 32.74921899994208], [-96.6601950001929, 32.7494739997825], [-96.66008300003989, 32.74968000035314], [-96.6599009995667, 32.74988599969184], [-96.6597049997481, 32.75002800016155], [-96.6595130001275, 32.75015900008027], [-96.65931200028605, 32.75027100009442], [-96.6590629998657, 32.75035600012588], [-96.65860000008342, 32.750555000335545], [-96.65730000042508, 32.75108199965813], [-96.65715700030994, 32.75113199998674], [-96.65708600016482, 32.75114300019126], [-96.65697900003471, 32.75114999997729], [-96.65686400040698, 32.75114600031544], [-96.6569079998896, 32.74876000005185], [-96.65660599976579, 32.74875300007802], [-96.65608600008213, 32.74875300007802], [-96.65572200003405, 32.74875300007802], [-96.65574499960026, 32.74925199974921], [-96.6557539998211, 32.749458999634335], [-96.65561599972884, 32.74943999974524], [-96.6550490001895, 32.74936200027731], [-96.6550490001895, 32.75026799994072], [-96.6550490001895, 32.750836999833304], [-96.65487199973917, 32.75084699977768], [-96.65487699976204, 32.75092099978444], [-96.65487299956408, 32.75153200009401], [-96.65485400019583, 32.751571000019666], [-96.65418600037414, 32.752446999836806], [-96.6541419999932, 32.75247399980037], [-96.65408799956654, 32.75247099972092], [-96.65238500040034, 32.75174899981235], [-96.65218000036094, 32.75165000010739], [-96.65214600002575, 32.75162200036165], [-96.6521069996677, 32.751572999841066], [-96.65202899984989, 32.75152400004899], [-96.65195500023005, 32.751490000038686], [-96.65188200043512, 32.75147000029319], [-96.65178899965038, 32.751462000242654], [-96.65165800012913, 32.75146599989031], [-96.65160899972533, 32.75146099995297], [-96.65158399961096, 32.751436999796766], [-96.65156299969456, 32.75135300033225], [-96.65156799971744, 32.74875899973184], [-96.65040799980116, 32.7487479999884], [-96.64969499977363, 32.748746999668256], [-96.64932099967983, 32.748770000229406], [-96.64895800035498, 32.748793000029025], [-96.64839900031323, 32.74884199981235], [-96.64826000039606, 32.748846000333124], [-96.64788700012716, 32.748831000079214], [-96.64751899988114, 32.748824000110965], [-96.64709799993165, 32.74880899985333], [-96.64664699984495, 32.74875399964257], [-96.64643099993488, 32.7487420003339], [-96.6461999999562, 32.748746999668256], [-96.64353899964179, 32.7487479999884], [-96.64100700009712, 32.74876199993632], [-96.63973900022583, 32.748770000229406], [-96.63927300007052, 32.74875199975793], [-96.63915900026768, 32.7487479999884], [-96.6391380003513, 32.748732000153204], [-96.63913699962808, 32.74880100031928], [-96.63912800030555, 32.75013799973137], [-96.63905700016045, 32.75344700010491], [-96.63904399974166, 32.75408600019809], [-96.63904299991673, 32.75412499976098], [-96.63901500032765, 32.755386999837], [-96.6390119999546, 32.7555150002071], [-96.63927399989541, 32.755732000042435], [-96.63971300028656, 32.75610599976048], [-96.64011599979438, 32.75645299991417], [-96.6420540000355, 32.75811599970507], [-96.6423910003194, 32.75841399980255], [-96.64277000043609, 32.75873700032833], [-96.64300899991237, 32.758951000005645], [-96.64307199966157, 32.75901400009157], [-96.64315000037767, 32.759110000064815], [-96.64327300040132, 32.75929600000172], [-96.64335299986895, 32.75943900002206], [-96.64338399983109, 32.75950700000403], [-96.64342800021203, 32.75964200036975], [-96.643721000115, 32.76102400011951], [-96.64397899985785, 32.76229200012814], [-96.64400599962202, 32.762374999683686], [-96.6440319995613, 32.76244500002228], [-96.644045999805, 32.76251999962258], [-96.6441310001938, 32.762969999674645], [-96.64416299998085, 32.763088999800004], [-96.64420999983653, 32.7632079997663], [-96.64424099979867, 32.76325599977116], [-96.64433000038545, 32.763361999753194], [-96.64437700024111, 32.76340999967502], [-96.64465000005258, 32.763638000083446], [-96.64576899996098, 32.76461700012423], [-96.6460230004042, 32.76482499993994], [-96.64608500032847, 32.764875000106436], [-96.64635800013995, 32.76510399992103], [-96.64665100004291, 32.7653240002074], [-96.64744400043637, 32.76605800034083], [-96.6475380001477, 32.76613199979411], [-96.64764600010274, 32.766227000278036], [-96.64861199985026, 32.76701800029156], [-96.6487359996988, 32.76712499968494], [-96.64892400001979, 32.7672850003663], [-96.65000699994317, 32.76820900005375], [-96.6501009996545, 32.76828199988431], [-96.6501860000433, 32.76834999991054], [-96.65024200011982, 32.76840000036329], [-96.6503609999455, 32.76850999990079], [-96.6511359998973, 32.76916800013249], [-96.65306099971964, 32.77082700008101], [-96.65442099965246, 32.77198399974672], [-96.65446099983544, 32.77202199972024], [-96.65592600024856, 32.77328299987522], [-96.6563599997185, 32.7736600000108], [-96.65650100018382, 32.77376400036622], [-96.65672399976657, 32.7739400002841], [-96.65720300034069, 32.774367000024434], [-96.65741900025075, 32.774544000290746], [-96.65963399960302, 32.77640799963428], [-96.65995900019132, 32.77666300016413], [-96.66074900021177, 32.777321999786984], [-96.6613650001549, 32.77785200003087], [-96.6614499996454, 32.777918000313306], [-96.66294400037084, 32.77793200020675], [-96.66307700044023, 32.77796699993066], [-96.66319600026591, 32.777890999757425], [-96.66415100014278, 32.77787299988573], [-96.66516999959374, 32.77786699992771], [-96.66525699963238, 32.77785899998307], [-96.66534799986898, 32.77786399994858], [-96.66534399967102, 32.77793200020675], [-96.66533899964814, 32.77799899966617], [-96.66534000037137, 32.7786239997457], [-96.66537200015841, 32.77958100018762], [-96.66541700036426, 32.779881000122465], [-96.66546300039501, 32.78008399992497], [-96.66555299990839, 32.780336999808114], [-96.66558999971829, 32.78044299984085], [-96.66561599965758, 32.7805320003764], [-96.6656449999699, 32.780600000106126], [-96.66569799967334, 32.78071800011355], [-96.66575100027511, 32.78081300013383], [-96.6658719997506, 32.78103500002421], [-96.66600300017018, 32.781236000304396], [-96.66605900024668, 32.78131199988628], [-96.66619700033894, 32.78150000016294], [-96.66637800008891, 32.78169900024802], [-96.66685000009201, 32.782134000079424], [-96.66696700026787, 32.782239000293025], [-96.66740199956274, 32.782629000217206], [-96.66749399962426, 32.78271600019946], [-96.66776800015894, 32.7830140002664], [-96.6677790000296, 32.78303499965819], [-96.6677920004484, 32.78305100012648], [-96.66799199956664, 32.783323000095216], [-96.668236999789, 32.78332100023172], [-96.66897999995378, 32.78402400006831], [-96.6714310002059, 32.7865410000851], [-96.6730239997672, 32.78746699973872], [-96.67305300007952, 32.787490999999584], [-96.67305499972933, 32.78773500027011], [-96.67308800023962, 32.78914799995972], [-96.67309499991231, 32.789461999695256], [-96.6731009997601, 32.789801000084495], [-96.67311300035398, 32.79042499971509], [-96.67312000002667, 32.790843000255116], [-96.67313400027038, 32.79129299982572], [-96.6733750002948, 32.79154600030278], [-96.67382100035863, 32.791547000142046], [-96.67381999963541, 32.7916160003524], [-96.67500499966604, 32.7916320000324], [-96.67509799955246, 32.79163299987069], [-96.67527500000277, 32.79163500030244], [-96.67578800001377, 32.791642999763475], [-96.67592199990807, 32.791644000356825], [-96.67764300041424, 32.79164900030276], [-96.67763199964526, 32.79227699988466], [-96.67887899960017, 32.792293000200935], [-96.67998099979012, 32.79230600026691], [-96.68031200022622, 32.79232199982278], [-96.68248700029382, 32.79234700011414], [-96.68262000036323, 32.79235000036006], [-96.68268399993731, 32.79234700011414], [-96.68353199968405, 32.79235500026631], [-96.68368999986781, 32.79235500026631], [-96.68420999955148, 32.792361999832494], [-96.68501600036376, 32.7923719996433], [-96.68504499977776, 32.792445999869855], [-96.68507300026513, 32.79252199969152], [-96.68817800009526, 32.792556999716716], [-96.68832799988307, 32.79249099972245], [-96.69122600002396, 32.792525999759796], [-96.6923070002975, 32.79253799996364], [-96.6935170004425, 32.792558000299785], [-96.69425800005912, 32.79256899991633], [-96.69474400030593, 32.792558000299785], [-96.69539100021122, 32.7925159999663], [-96.69606700042881, 32.79245899991353], [-96.69579100024428, 32.79114899978793], [-96.69835100027636, 32.79081400015099], [-96.69840599962964, 32.790575999876715], [-96.69841599967538, 32.790618000371154], [-96.69842999991907, 32.790655000089146], [-96.69847500012492, 32.79068000009393], [-96.69851899960754, 32.7906840002451], [-96.69930199995527, 32.79058099988264], [-96.69940999991029, 32.790560000006735], [-96.69944000004752, 32.79053499996821], [-96.69945900031409, 32.790498000200294], [-96.69948899955301, 32.789636999663266], [-96.69994600038582, 32.789636999663266], [-96.699937000165, 32.79044300006792], [-96.69990899967758, 32.79200900020152], [-96.69999499989129, 32.79198799990762], [-96.70007799973199, 32.791972000291715], [-96.70081300039912, 32.79185300027327], [-96.7017559996821, 32.79175899979711], [-96.70214099964657, 32.79174200030294], [-96.70280000014574, 32.79177000026772], [-96.70326600030106, 32.791796999632055], [-96.70363600019692, 32.791834000369846], [-96.70396900028285, 32.79187399984387], [-96.70467499973938, 32.79193799987115], [-96.70917399983747, 32.79228699970509], [-96.7098659999486, 32.79235500026631], [-96.71042699964018, 32.792417000288445], [-96.71053200012047, 32.79243399965365], [-96.71187299978672, 32.79269199979267], [-96.71233200026934, 32.7928030000876], [-96.71233800011711, 32.792377000303475], [-96.71233800011711, 32.79189799967074], [-96.71232300004851, 32.79068099994293], [-96.71232300004851, 32.79023600032187], [-96.71232499969832, 32.78946500003856], [-96.71232600042157, 32.78913799978641], [-96.71320500013044, 32.78915100031355], [-96.71387499960196, 32.789160999730264], [-96.71413300024312, 32.78916499994976], [-96.71412599967212, 32.78903400003156], [-96.71433300025966, 32.78903999999169], [-96.71638699995343, 32.78909600010334], [-96.71639399962612, 32.78961200012044], [-96.71715600005746, 32.789597999799454], [-96.71715500023255, 32.789824999715584], [-96.71716199990524, 32.790690000093925], [-96.71717699997386, 32.792339999791594], [-96.71717799979876, 32.79244400021153], [-96.71718299982165, 32.79263099978934], [-96.71719200004247, 32.793544000343545], [-96.7174690000519, 32.79356399969827], [-96.71785700038943, 32.793565000270014], [-96.7181660001859, 32.79355999967669], [-96.71855199997529, 32.7935459999772], [-96.71871500018192, 32.793529000069405], [-96.71881700028915, 32.793528000252415], [-96.72124000005385, 32.793342000114514], [-96.72342099996925, 32.79320300023241], [-96.72392599958431, 32.793167999706355], [-96.72411999975309, 32.79315200030268], [-96.72446299988474, 32.79313399974305], [-96.72474499991706, 32.79311599993493], [-96.7255519996559, 32.79307499968708], [-96.72642200004226, 32.79302500026174], [-96.72709400006191, 32.79299100024382], [-96.72729400007846, 32.79298600037333], [-96.72748599969907, 32.79298200032576], [-96.72767800021802, 32.79284799975949], [-96.72791000002161, 32.79269999991381], [-96.72812500010677, 32.79257899970392], [-96.72831799955229, 32.7924760000258], [-96.72870900026285, 32.79229200037], [-96.72894100006646, 32.79219800035793], [-96.72917799989293, 32.79211099983237], [-96.72918299991579, 32.7920080003674], [-96.72918899976358, 32.7918929997388], [-96.72939100032823, 32.79184000014103], [-96.72977499956949, 32.79174200030294], [-96.73000499972326, 32.79168800002233], [-96.73035299987781, 32.7916180000294], [-96.73054799987149, 32.79158299963465], [-96.73072899962145, 32.791558999722824], [-96.7311060000883, 32.791535999643926], [-96.73189899958346, 32.791508000360594], [-96.73202599980506, 32.790775000048164], [-96.73243900025695, 32.78824800024674], [-96.7329010002143, 32.78551899976802], [-96.73307000026871, 32.78417000015737], [-96.73313499966773, 32.783730000072275], [-96.73211899969148, 32.78371099994406], [-96.73108799964666, 32.78370199984219], [-96.72908699965632, 32.78369299973935], [-96.72908099980853, 32.783636000074104], [-96.72908099980853, 32.783579000372264], [-96.73210899964575, 32.78359699984479], [-96.73315700030733, 32.78361999971097], [-96.73317300020088, 32.783455999977086], [-96.73329299985147, 32.78289500034671], [-96.73341000002733, 32.78260700003464], [-96.73353800007385, 32.78182999963973], [-96.73361000004388, 32.78138800015845], [-96.73365799972446, 32.78107899965089], [-96.7337809997481, 32.78031899967603], [-96.7339849999626, 32.77897800036294]]]}, "properties": {"zcta": "75227", "od2a_death_residence_rank_2016_2024": null, "od2a_death_residence_count_2016_2024": null, "od2a_opioid_ed_visits_rank_2024": null, "od2a_opioid_ed_visits_count_2024": null, "in_required_baseline_12": true, "source": null, "geometry_source": "US Census Bureau TIGERweb 2020 ZCTA (ArcGIS REST)", "retrieved": "2026-09-01"}}, {"type": "Feature", "geometry": {"type": "Polygon", "coordinates": [[[-96.73147400033434, 32.79294900011484], [-96.73185000007797, 32.7917129997368], [-96.73139800016637, 32.79171799967885], [-96.73112199998182, 32.79173199966613], [-96.7308230002311, 32.79175600028643], [-96.73027699970982, 32.791825000334626], [-96.72997299993621, 32.79188899964199], [-96.72969900029983, 32.79195400024835], [-96.72950599995599, 32.79201000003559], [-96.72933400042685, 32.79206700037614], [-96.72917799989293, 32.79211099983237], [-96.72894100006646, 32.79219800035793], [-96.72870900026285, 32.79229200037], [-96.72831799955229, 32.7924760000258], [-96.72812500010677, 32.79257899970392], [-96.72791000002161, 32.79269999991381], [-96.72767800021802, 32.79284799975949], [-96.72748599969907, 32.79298200032576], [-96.72729400007846, 32.79298600037333], [-96.72709400006191, 32.79299100024382], [-96.72642200004226, 32.79302500026174], [-96.7255519996559, 32.79307499968708], [-96.72474499991706, 32.79311599993493], [-96.72446299988474, 32.79313399974305], [-96.72411999975309, 32.79315200030268], [-96.72392599958431, 32.793167999706355], [-96.72342099996925, 32.79320300023241], [-96.72124000005385, 32.793342000114514], [-96.71881700028915, 32.793528000252415], [-96.71871500018192, 32.793529000069405], [-96.71855199997529, 32.7935459999772], [-96.7181660001859, 32.79355999967669], [-96.71785700038943, 32.793565000270014], [-96.7174690000519, 32.79356399969827], [-96.71719200004247, 32.793544000343545], [-96.71718299982165, 32.79263099978934], [-96.71717799979876, 32.79244400021153], [-96.71717699997386, 32.792339999791594], [-96.71716199990524, 32.790690000093925], [-96.71715500023255, 32.789824999715584], [-96.71715600005746, 32.789597999799454], [-96.71639399962612, 32.78961200012044], [-96.71638699995343, 32.78909600010334], [-96.71433300025966, 32.78903999999169], [-96.71412599967212, 32.78903400003156], [-96.71413300024312, 32.78916499994976], [-96.71387499960196, 32.789160999730264], [-96.71320500013044, 32.78915100031355], [-96.71232600042157, 32.78913799978641], [-96.71232499969832, 32.78946500003856], [-96.71232300004851, 32.79023600032187], [-96.71232300004851, 32.79068099994293], [-96.71233800011711, 32.79189799967074], [-96.71233800011711, 32.792377000303475], [-96.71233200026934, 32.7928030000876], [-96.71187299978672, 32.79269199979267], [-96.71053200012047, 32.79243399965365], [-96.71042699964018, 32.792417000288445], [-96.7098659999486, 32.79235500026631], [-96.70917399983747, 32.79228699970509], [-96.70467499973938, 32.79193799987115], [-96.70396900028285, 32.79187399984387], [-96.70363600019692, 32.791834000369846], [-96.70326600030106, 32.791796999632055], [-96.70280000014574, 32.79177000026772], [-96.70214099964657, 32.79174200030294], [-96.7017559996821, 32.79175899979711], [-96.70081300039912, 32.79185300027327], [-96.70007799973199, 32.791972000291715], [-96.69999499989129, 32.79198799990762], [-96.69990899967758, 32.79200900020152], [-96.699937000165, 32.79044300006792], [-96.69994600038582, 32.789636999663266], [-96.69948899955301, 32.789636999663266], [-96.69945900031409, 32.790498000200294], [-96.69944000004752, 32.79053499996821], [-96.69940999991029, 32.790560000006735], [-96.69930199995527, 32.79058099988264], [-96.69851899960754, 32.7906840002451], [-96.69847500012492, 32.79068000009393], [-96.69842999991907, 32.790655000089146], [-96.69841599967538, 32.790618000371154], [-96.69840599962964, 32.790575999876715], [-96.69835100027636, 32.79081400015099], [-96.69579100024428, 32.79114899978793], [-96.69606700042881, 32.79245899991353], [-96.69539100021122, 32.7925159999663], [-96.69474400030593, 32.792558000299785], [-96.69425800005912, 32.79256899991633], [-96.6935170004425, 32.792558000299785], [-96.6923070002975, 32.79253799996364], [-96.69122600002396, 32.792525999759796], [-96.68832799988307, 32.79249099972245], [-96.68817800009526, 32.792556999716716], [-96.68507300026513, 32.79252199969152], [-96.6850759997399, 32.79288400023574], [-96.6850280000593, 32.79332699980629], [-96.68497199998282, 32.79357700033366], [-96.6848439999363, 32.793920999958736], [-96.68475199987478, 32.79413600018139], [-96.68467499988189, 32.79424600037527], [-96.68436199988744, 32.794618000256186], [-96.68390999997584, 32.795096999830676], [-96.68333599986548, 32.79577100023326], [-96.6831540002906, 32.79600900019688], [-96.68289599964942, 32.796417999839306], [-96.68280199993809, 32.796658999681995], [-96.68276299958002, 32.79679500010699], [-96.68272900014317, 32.796931000323966], [-96.68268499976223, 32.79714200020454], [-96.6826470001274, 32.797241999683145], [-96.68263700008164, 32.797310000230915], [-96.68259600007376, 32.79759600021089], [-96.68258600002802, 32.79782300009989], [-96.68259100005089, 32.79800699963782], [-96.68240500027805, 32.79805700003745], [-96.68191099963532, 32.79819500011855], [-96.68162500030337, 32.79826500022006], [-96.68134400009599, 32.79833299998546], [-96.68052899996121, 32.79853299992676], [-96.67927000031072, 32.79881400020558], [-96.67853200016884, 32.798997000202476], [-96.67791200002773, 32.799166000253024], [-96.67729199988662, 32.7993629998215], [-96.67662999991273, 32.79963799974256], [-96.67642800024636, 32.79972999994635], [-96.67612699994747, 32.799869999942494], [-96.675565000431, 32.80011700021262], [-96.67468800037194, 32.80061100020422], [-96.67428099976786, 32.80081400026713], [-96.67416600014013, 32.80087700016637], [-96.67416299976706, 32.80096899984315], [-96.67416000029235, 32.80107399971902], [-96.67384399992486, 32.80152500009842], [-96.67390900022217, 32.801497999912385], [-96.67416699996502, 32.80138799962911], [-96.67435199991297, 32.801306999676676], [-96.6746790001511, 32.80115799983248], [-96.67502599958243, 32.801086000279426], [-96.67537299991208, 32.801022999773245], [-96.67533399955401, 32.8026109998595], [-96.6753040003151, 32.80273799980015], [-96.67522800014711, 32.802839999959986], [-96.67505499989475, 32.80302599986134], [-96.67480399982459, 32.803297999901346], [-96.67454600008173, 32.803666999799454], [-96.67446999991374, 32.803828000159044], [-96.67439499957068, 32.80401200010507], [-96.67425800020163, 32.80441899978576], [-96.67412000010938, 32.8047400000635], [-96.67371699970325, 32.8056670001656], [-96.67362600036495, 32.805963999912755], [-96.67360500044856, 32.806879000308626], [-96.67355699986967, 32.806879999975486], [-96.67312500004954, 32.80688699990832], [-96.67001299964842, 32.80690999979153], [-96.67001299964842, 32.806959000048124], [-96.66829600023856, 32.806959000048124], [-96.66810600026774, 32.80701799995143], [-96.66576999964336, 32.80703500030019], [-96.6656600000385, 32.80702600029364], [-96.6655610003043, 32.80705199989072], [-96.66550699987764, 32.80709400015311], [-96.66542400003696, 32.80714300030825], [-96.66538300002907, 32.80720899999683], [-96.66534500039423, 32.807501999727364], [-96.66534100019628, 32.808841000045305], [-96.66535799991472, 32.80957299976967], [-96.66535700008981, 32.80969299986715], [-96.66538899987685, 32.80976499999892], [-96.66545300034927, 32.809831999639144], [-96.66555000043367, 32.80990799969956], [-96.66569900039657, 32.810003000249935], [-96.66541099961817, 32.81042799976006], [-96.66527300042422, 32.81079999988206], [-96.66525699963238, 32.81095100017122], [-96.66544300030354, 32.81097799975089], [-96.66538600040212, 32.81131099968058], [-96.66536899978537, 32.811989999779335], [-96.66539100042499, 32.81229999969948], [-96.66536899978537, 32.81324899962698], [-96.66538800005195, 32.81416800036845], [-96.66538100037924, 32.81472600026483], [-96.66542400003696, 32.815390000332734], [-96.66542900005983, 32.81547500007641], [-96.66542800023493, 32.81553600025982], [-96.66525400015765, 32.8155369998293], [-96.66233500010038, 32.81553800015373], [-96.66226399995529, 32.815541000371994], [-96.66226300013037, 32.815996999907846], [-96.66226399995529, 32.81684899982226], [-96.6622589999324, 32.8177220001305], [-96.66225399990952, 32.81858599981922], [-96.6622589999324, 32.81872500002427], [-96.66232199968158, 32.818952999840874], [-96.66232099985668, 32.81902500001899], [-96.66217400044191, 32.819031999750116], [-96.66162200007285, 32.81906300027823], [-96.66168300017223, 32.82139100001792], [-96.66065899980008, 32.8213879999972], [-96.6596679999382, 32.82138300021409], [-96.65929399984438, 32.821360999806146], [-96.65860400028139, 32.82139200027644], [-96.65859000003768, 32.821506000232645], [-96.65805100008744, 32.821532999624715], [-96.65787100016239, 32.82154100016996], [-96.6578719999873, 32.824823999860655], [-96.65813800012606, 32.827689000056225], [-96.65816400006534, 32.827824000370114], [-96.65814300014894, 32.82867399972966], [-96.65817800030904, 32.82952900009159], [-96.65816499989025, 32.83038200021044], [-96.65818499998173, 32.830756000122044], [-96.65819000000461, 32.830852999819626], [-96.65820699972303, 32.830868999985235], [-96.65832300007399, 32.83204899991258], [-96.65835900005901, 32.83380000022681], [-96.65836400008187, 32.83403999972679], [-96.6587249997569, 32.83434900033543], [-96.65876699958969, 32.83438999965875], [-96.65886100019935, 32.83452599970867], [-96.65558599959162, 32.83734500029569], [-96.65526299955143, 32.837638000271006], [-96.65303300013055, 32.83572499968165], [-96.65255600010458, 32.8353159997862], [-96.65217000031521, 32.83562599982626], [-96.64899599998981, 32.83833400030777], [-96.64889100040783, 32.838432000095914], [-96.64873700042205, 32.83855299976984], [-96.6484460001689, 32.838785000261474], [-96.64798699968627, 32.83838299983803], [-96.64722900035122, 32.83770999964295], [-96.64717999994741, 32.837667000192816], [-96.64639199957682, 32.837954000183245], [-96.64573299997598, 32.838233000204944], [-96.64466799959592, 32.838646999814365], [-96.64384800033659, 32.8389739998202], [-96.64357799999985, 32.83909100002828], [-96.64349400033427, 32.83912799994586], [-96.64267599982644, 32.83945200027887], [-96.64240999968766, 32.83955299974957], [-96.64230699975549, 32.8395929996352], [-96.64189599985177, 32.839695999805], [-96.64157199998665, 32.83975599990741], [-96.64116000025801, 32.839777000235614], [-96.64095799969334, 32.839770999926714], [-96.64043600035983, 32.8397569999591], [-96.6396739999285, 32.83965199975444], [-96.6389490002054, 32.840276999645376], [-96.63838900033875, 32.84076100012298], [-96.63781699987823, 32.84125399978481], [-96.63733999985224, 32.84166700036991], [-96.63692399992563, 32.84200300005519], [-96.63598199956924, 32.84281499964121], [-96.63586799976645, 32.84292499995815], [-96.63576599965917, 32.84300999976665], [-96.63549399967262, 32.84323099979342], [-96.63539800031148, 32.84331300002881], [-96.63537599967185, 32.84333200024741], [-96.63522599988401, 32.84346300013447], [-96.63485400033835, 32.843784999726566], [-96.6349000003691, 32.84385700015058], [-96.63511799992898, 32.8441969998543], [-96.63540199961112, 32.844600000360145], [-96.63559599977987, 32.84483800010842], [-96.63602299957714, 32.845342999632706], [-96.63617300026327, 32.84550599991188], [-96.6363859998003, 32.845727999745726], [-96.63719199971426, 32.84648299985237], [-96.64251400034306, 32.85108000015952], [-96.64273799975071, 32.85127500023694], [-96.64534499963845, 32.8535370000028], [-96.64571899973225, 32.853854999694114], [-96.64606199986393, 32.854124999776126], [-96.64640599982052, 32.854375999677096], [-96.64681000005157, 32.854652999624534], [-96.64795800027227, 32.85537299984199], [-96.6480870001437, 32.85545400030255], [-96.64869399986603, 32.855858000116726], [-96.64883899963097, 32.855952999813304], [-96.6494179997642, 32.856326000037086], [-96.64982700001812, 32.856584000291946], [-96.65023700009694, 32.856840999937376], [-96.65293199984822, 32.8585419998884], [-96.65307099976539, 32.85862900026284], [-96.65685299963802, 32.86101599965939], [-96.65720699964034, 32.86125499970634], [-96.65812700025542, 32.86183899966896], [-96.658507000197, 32.86207699996188], [-96.65889100033657, 32.862308000278944], [-96.65910999972137, 32.8624540000286], [-96.65988899987113, 32.862943999778], [-96.66028399988133, 32.86320199964838], [-96.66085499961865, 32.86358799977266], [-96.66158100006497, 32.864036000324454], [-96.66167800014934, 32.86408800008693], [-96.66177100003577, 32.86415099962779], [-96.66241299991819, 32.86455600035026], [-96.66519399988317, 32.8663409998274], [-96.6654909999841, 32.86653799981325], [-96.66556999962683, 32.86657600010867], [-96.6656249998784, 32.866613999633344], [-96.66599999979714, 32.866846999698495], [-96.66610699992725, 32.866911000043174], [-96.66740099973782, 32.86771699962818], [-96.66766799970154, 32.86788600021844], [-96.66786000022047, 32.86800800020781], [-96.66788899963447, 32.86803100010657], [-96.668052999666, 32.86812600034697], [-96.66826399955319, 32.86781399967596], [-96.66854499976058, 32.867416999679925], [-96.66905600012176, 32.86672900012092], [-96.6691449998102, 32.86660799963008], [-96.669186999643, 32.86654399982125], [-96.6694250001927, 32.86616999980273], [-96.66988100030225, 32.86551200001676], [-96.67011399993076, 32.86514199999023], [-96.67070700030771, 32.86424799980343], [-96.6707569996381, 32.864155000243855], [-96.67079000014837, 32.864101000211456], [-96.67081699991255, 32.86405100001237], [-96.67094800033212, 32.86383999984276], [-96.67119699985416, 32.86342800037462], [-96.67348599972456, 32.860198999996506], [-96.67373699979473, 32.85985899972954], [-96.67427400009517, 32.859144000375906], [-96.67478299990819, 32.858513999836525], [-96.67586599983157, 32.85714200004938], [-96.67689400040169, 32.85568700025555], [-96.67693500040956, 32.855637999713856], [-96.67685900024156, 32.855637999713856], [-96.67676600035517, 32.85563300035005], [-96.67656799998844, 32.85564299983199], [-96.67693899970921, 32.85497099984364], [-96.679985999813, 32.85069300001375], [-96.68448499991109, 32.84423699991142], [-96.68511300044811, 32.843000999630924], [-96.68663599968924, 32.84028199987433], [-96.6867029996364, 32.84016299963231], [-96.68853799994537, 32.83692700031867], [-96.68860300024271, 32.83679300034281], [-96.68871899969534, 32.83655700033289], [-96.68883400022138, 32.83629899996883], [-96.68888199990195, 32.83612100026358], [-96.68891100021426, 32.835984000298325], [-96.6889410003515, 32.83589500017454], [-96.69036099966046, 32.83344400025189], [-96.69053300008791, 32.83326899972602], [-96.69132399993325, 32.83185600014563], [-96.69410700044638, 32.82688800016268], [-96.69550900021198, 32.824324000240836], [-96.69569800035786, 32.8240020002699], [-96.69573699981763, 32.82393900015552], [-96.69578000037363, 32.82385899984992], [-96.69595299972768, 32.82354399983362], [-96.69610599988856, 32.823271000375314], [-96.696567000021, 32.82244000004572], [-96.69702700032855, 32.82148300035259], [-96.69771900043968, 32.82054900029126], [-96.69817800002399, 32.820053000349965], [-96.6987069999285, 32.819559999986616], [-96.70510800028273, 32.81521900027343], [-96.70941999988477, 32.81226600025784], [-96.71884800025128, 32.80601000015092], [-96.72091399964063, 32.80504899991328], [-96.72345100010648, 32.80447200019143], [-96.72581600014486, 32.80437800021957], [-96.72741299990415, 32.804249999905274], [-96.72831799955229, 32.80425999988928], [-96.72887900014217, 32.804287999687446], [-96.72888499998997, 32.803114999696774], [-96.72886800027152, 32.803017999914175], [-96.7288740001193, 32.80287399998729], [-96.72909099985428, 32.801662000356615], [-96.73058600040463, 32.79611799979618], [-96.73147400033434, 32.79294900011484]]]}, "properties": {"zcta": "75228", "od2a_death_residence_rank_2016_2024": null, "od2a_death_residence_count_2016_2024": null, "od2a_opioid_ed_visits_rank_2024": 3, "od2a_opioid_ed_visits_count_2024": null, "in_required_baseline_12": false, "source": "DCHHS OD2A 2024 Annual Surveillance Report, p.18 (Figure 21)", "geometry_source": "US Census Bureau TIGERweb 2020 ZCTA (ArcGIS REST)", "retrieved": "2026-09-01"}}, {"type": "Feature", "geometry": {"type": "Polygon", "coordinates": [[[-96.81874600032975, 32.92146899983958], [-96.81882699962229, 32.92147800030488], [-96.81825500006008, 32.919832000102815], [-96.81804699964762, 32.919232999815144], [-96.81799599959398, 32.91907199992018], [-96.81768599997258, 32.918255000023336], [-96.81767299955379, 32.91821899986175], [-96.81760099958376, 32.91800799970969], [-96.81734799986378, 32.91721600036574], [-96.81714600019741, 32.91668699994392], [-96.81667199964618, 32.91537700030685], [-96.81613699989389, 32.913801000002024], [-96.8159419999002, 32.91325799985553], [-96.81593699987734, 32.91323399965139], [-96.81507200041217, 32.91078299968384], [-96.81474400034911, 32.909875000375685], [-96.81464399989169, 32.90958500002823], [-96.8145600002261, 32.90958099995438], [-96.814484999883, 32.909579999935936], [-96.81443100035466, 32.90944400033268], [-96.814012000055, 32.90831499993053], [-96.81345399983817, 32.90678199975151], [-96.81342299987604, 32.90669499987527], [-96.81324399977589, 32.90622200009262], [-96.8118429998352, 32.90225400028724], [-96.81184100018537, 32.90223100021844], [-96.81170499974294, 32.90191299980304], [-96.81080900031563, 32.89934400029495], [-96.81015599966423, 32.89746799963227], [-96.80998699960982, 32.896990000297926], [-96.80958800029997, 32.895844999748284], [-96.80925699986385, 32.894923000069355], [-96.80920499998533, 32.894776000050825], [-96.80907799976373, 32.89441600036068], [-96.8088939996407, 32.89377399992237], [-96.80877099961705, 32.89326799987472], [-96.808710000416, 32.892949999713416], [-96.8086259998521, 32.89245699997735], [-96.80855999972984, 32.89195500006628], [-96.80851200004928, 32.891491999972295], [-96.8084719998663, 32.890923999859325], [-96.80845900034583, 32.89055799971119], [-96.80846299964549, 32.8901630002127], [-96.80846099999566, 32.89006800020431], [-96.80847699988918, 32.88945400003568], [-96.8085349996155, 32.88873300019119], [-96.80872899978426, 32.88684600035279], [-96.80876800014232, 32.88658600008145], [-96.80883699973928, 32.88609299963374], [-96.80934599955232, 32.882212000196716], [-96.80941199967455, 32.88171200024184], [-96.80956099963747, 32.88017699986013], [-96.80931799996323, 32.88018299969959], [-96.80839499987341, 32.8801480002532], [-96.80656700013544, 32.8801480002532], [-96.80635100022538, 32.8801480002532], [-96.8042969996333, 32.88011899988229], [-96.80403999971536, 32.88011399963529], [-96.80405099958601, 32.87999199970728], [-96.80406200035497, 32.87915700012569], [-96.80394299963098, 32.87915700012569], [-96.79979599988539, 32.879141999975474], [-96.79979699971028, 32.87936499973438], [-96.79980299955805, 32.87942300020563], [-96.79982199982464, 32.879499999901114], [-96.79986500038066, 32.8796060000779], [-96.79988399974893, 32.879721000311335], [-96.79988999959672, 32.879810000232176], [-96.79988399974893, 32.879966999942454], [-96.79648099999301, 32.879966999942454], [-96.79648699984078, 32.87985700028997], [-96.79648699984078, 32.879627000026666], [-96.7964679995742, 32.879522000232896], [-96.79643099976427, 32.87942300020563], [-96.79635600031952, 32.879270999826595], [-96.79623699959552, 32.87912899979292], [-96.79360999961631, 32.87904399988702], [-96.79023399962455, 32.87904300027816], [-96.79023100014982, 32.87982300031485], [-96.78996400018613, 32.87982100036028], [-96.7870550001746, 32.879891000251966], [-96.78679999990648, 32.87988999989823], [-96.78666199981421, 32.87990200037001], [-96.78666199981421, 32.88003200022159], [-96.78604699969598, 32.88002399966755], [-96.78549299967712, 32.88003200022159], [-96.78484999996978, 32.88006600011653], [-96.7844420004391, 32.88010399989489], [-96.78407300036817, 32.880126999673394], [-96.78355799980903, 32.88014100006048], [-96.78311099992028, 32.88013199991965], [-96.78270199966637, 32.88014100006048], [-96.77867499957136, 32.88016100028631], [-96.77868200014238, 32.88002399966755], [-96.77753100044694, 32.88002300006975], [-96.77506599995112, 32.88001799981733], [-96.77490799976736, 32.88001799981733], [-96.77427599993068, 32.880026999969694], [-96.77374399965314, 32.88002399966755], [-96.77378200018629, 32.87936400012914], [-96.77354399963659, 32.87912299988212], [-96.77351699987241, 32.87914500030747], [-96.77343400003173, 32.87919900023107], [-96.77300399986142, 32.87934300011806], [-96.77276500038512, 32.87939100002836], [-96.77249199967534, 32.879396000316156], [-96.77234199988752, 32.87940899970512], [-96.7719329996336, 32.8794239998102], [-96.77175000023382, 32.879452000049774], [-96.77166400002008, 32.879452000049774], [-96.77158200000432, 32.8794369999495], [-96.7714949999657, 32.87937300034796], [-96.77145200030797, 32.87931600020422], [-96.77140899975197, 32.87923499965894], [-96.77138799983558, 32.87910599975539], [-96.77134000015498, 32.87910300017651], [-96.77125999978905, 32.87910599975539], [-96.77119799986477, 32.879097999872194], [-96.77097600010691, 32.87910300017651], [-96.77092699970311, 32.87911399963791], [-96.77089099971809, 32.87912899979292], [-96.7708689999768, 32.87915100021678], [-96.77085599955801, 32.87922200024446], [-96.77084300003753, 32.879255000089216], [-96.77083399981672, 32.879350999979145], [-96.77083399981672, 32.879438000308326], [-96.77080700005253, 32.879594999923114], [-96.77078899961086, 32.87965799976242], [-96.77075799964872, 32.87969199980077], [-96.77070999996815, 32.879721000311335], [-96.77071199961796, 32.880010000016405], [-96.77071300034119, 32.88015000020034], [-96.77036500018664, 32.88015499969094], [-96.77024899983569, 32.88015000020034], [-96.77024499963773, 32.880297000344164], [-96.77023999961486, 32.88052200015359], [-96.77027300012513, 32.88109300006998], [-96.77024399981282, 32.88202999999952], [-96.7702210002466, 32.88430699997177], [-96.77020500035306, 32.885194999815646], [-96.77020399962984, 32.88579199972413], [-96.7702079998278, 32.886039999668704], [-96.77018600008651, 32.886532000132526], [-96.77012599981204, 32.88707499971331], [-96.77008200032942, 32.88743300003134], [-96.77007399993352, 32.887519999970195], [-96.77004499962119, 32.887734999912354], [-96.77000799981126, 32.887963999992735], [-96.76987100044224, 32.88877100002495], [-96.76970599968747, 32.88987199994448], [-96.76963399971747, 32.89029799977152], [-96.7699119995518, 32.890306000152385], [-96.76984299995482, 32.890897999931674], [-96.76973099980182, 32.89164300029003], [-96.76962000037206, 32.89221599988372], [-96.7696029997553, 32.89265699988277], [-96.7695659999454, 32.89356699963504], [-96.76955800044779, 32.89375700034332], [-96.76955500007473, 32.89384500030304], [-96.76954300037917, 32.89421499970862], [-96.77065200024181, 32.89422100010623], [-96.77072800040979, 32.89446300021468], [-96.77085399990818, 32.89486899992154], [-96.77091599983247, 32.89495300030482], [-96.77107300019131, 32.895164999768625], [-96.77107999986399, 32.895278999996286], [-96.77100799989397, 32.89551600009938], [-96.77090300031199, 32.89552600036345], [-96.77080799987743, 32.89553599987215], [-96.77085100043347, 32.89623699980493], [-96.77069099970157, 32.89627500019149], [-96.77049200040825, 32.89631299980752], [-96.77022399972132, 32.896352000329436], [-96.76988700033576, 32.89636500024815], [-96.7694889999525, 32.89637199991351], [-96.76935900025616, 32.896370000332425], [-96.76924000043046, 32.89636799999701], [-96.76920500027038, 32.89816199983709], [-96.76920199989732, 32.898450000349285], [-96.76920000024748, 32.89857400004043], [-96.76919699987445, 32.89871300016915], [-96.76920299972224, 32.898848000275215], [-96.7691580004147, 32.901775000277816], [-96.76932999994382, 32.90174999987081], [-96.76943000040127, 32.90173599988113], [-96.7694479999446, 32.90173300031406], [-96.76944600029479, 32.90201999966943], [-96.76943899972379, 32.903349999624304], [-96.76942000035552, 32.90412799972317], [-96.76977900038072, 32.90411400010942], [-96.7699259997955, 32.90411400010942], [-96.77008999982702, 32.90407999963762], [-96.77013300038305, 32.90462200019119], [-96.77141700014788, 32.9057299996244], [-96.77152900030087, 32.90564699972042], [-96.77166099964704, 32.90576400021679], [-96.77176799977715, 32.90576400021679], [-96.77180200011234, 32.905925000182975], [-96.77081600027334, 32.906324999810835], [-96.77068700040192, 32.906483000105005], [-96.77049200040825, 32.90617699980466], [-96.77025100038384, 32.905880999804374], [-96.76999199991774, 32.905728000254584], [-96.76967300007551, 32.905602999957885], [-96.76938699984524, 32.90554299990363], [-96.76936199973088, 32.90663299970328], [-96.76935400023329, 32.90742300013152], [-96.76936199973088, 32.90819799978834], [-96.76939400041626, 32.90875799977055], [-96.76940000026404, 32.90885900025622], [-96.76939199986812, 32.909188000113545], [-96.76913400012526, 32.909197000319416], [-96.76903200001802, 32.909195000273726], [-96.76903200001802, 32.90934699984479], [-96.76902699999513, 32.90952100033333], [-96.76900799972856, 32.90978399970319], [-96.76898400033741, 32.91039699996477], [-96.76897199974354, 32.91070800003814], [-96.76890899999437, 32.91112999995239], [-96.76878900034376, 32.911780999709954], [-96.76898500016235, 32.91209400018055], [-96.76910300016313, 32.91170000018853], [-96.7691299999273, 32.911613999861444], [-96.76923399968437, 32.91121999999552], [-96.76932599974587, 32.910839999945146], [-96.76934699966228, 32.91040400002935], [-96.77097299973387, 32.91043200028216], [-96.77095099999256, 32.91050000010519], [-96.77096199986322, 32.91076400034266], [-96.77096199986322, 32.91091800024331], [-96.7709459999697, 32.91192800016035], [-96.77093500009904, 32.91202400009188], [-96.7709459999697, 32.9120870002496], [-96.77101000044212, 32.91217700007395], [-96.77101299991685, 32.91354199964071], [-96.77183800009736, 32.91353499982426], [-96.77233299966669, 32.91354199964071], [-96.77238799991827, 32.913555000052554], [-96.77243099957597, 32.91357500027628], [-96.7725169997897, 32.91367699976345], [-96.77266900012567, 32.91362099979342], [-96.77293400043953, 32.91352800000723], [-96.77310299959562, 32.91348800028811], [-96.77337499958217, 32.913469000019255], [-96.77382499984398, 32.91347399989196], [-96.77456700018382, 32.91349000023682], [-96.77525300044717, 32.91348800028811], [-96.77575499968918, 32.913499000005295], [-96.77594600038321, 32.91353499982426], [-96.775988000216, 32.91355200013172], [-96.77602800039898, 32.91276200009547], [-96.77599700043685, 32.91236900004699], [-96.77596999977436, 32.91225000000671], [-96.77593799998729, 32.912155000309696], [-96.77542099977835, 32.911121999944115], [-96.77528299968608, 32.91095000034579], [-96.77515299998974, 32.91084899998309], [-96.77491299979023, 32.91070099999759], [-96.77477499969797, 32.91063800036184], [-96.77446900027454, 32.91051600023341], [-96.774297999672, 32.9104130001116], [-96.77414700005927, 32.910310999880174], [-96.77410299967835, 32.91027200022641], [-96.77397100033218, 32.91013800020227], [-96.77385699963104, 32.90998199967105], [-96.77378399983611, 32.90983799980691], [-96.7737479998511, 32.90971400005047], [-96.77421300018149, 32.90975299994999], [-96.77447900032028, 32.909767000180494], [-96.77509600008834, 32.909770000229585], [-96.77554899982486, 32.910299999766806], [-96.77632100030193, 32.91120799999504], [-96.77641800038631, 32.91132999992399], [-96.77642699970885, 32.91136699986921], [-96.77644699980031, 32.911509000269554], [-96.77647100008977, 32.9115690000516], [-96.77651399974746, 32.91162599980683], [-96.77675099957393, 32.91183700008983], [-96.77687199994777, 32.91190100037294], [-96.7770080003902, 32.9120160001644], [-96.7770369998042, 32.912072999631874], [-96.77709000040596, 32.91221499965391], [-96.77712300001794, 32.91237599995566], [-96.77713300006367, 32.91265199968396], [-96.77710899977423, 32.91293599990505], [-96.77708000036023, 32.91309399971329], [-96.77702699975846, 32.91321200014981], [-96.77683799961258, 32.913435000123414], [-96.77676499981764, 32.913540999667], [-96.7767320002057, 32.91374200019601], [-96.77674100042651, 32.91384600018556], [-96.77677499986338, 32.91392799997509], [-96.77686199990202, 32.91408500030744], [-96.77692499965121, 32.91423599981207], [-96.77694899994066, 32.91440200002899], [-96.77693899989492, 32.91454400008557], [-96.77690000043516, 32.91464500000314], [-96.77674499972615, 32.9148779997243], [-96.77657599967176, 32.91528300014918], [-96.77638800024909, 32.9155230001131], [-96.77621400017182, 32.91589500009077], [-96.77618900005746, 32.91602599985867], [-96.77620900014895, 32.9161190000367], [-96.77627100007322, 32.91623099979708], [-96.77634399986815, 32.91634400011197], [-96.776493999656, 32.91647400002882], [-96.77664400034212, 32.91657500000644], [-96.77674499972615, 32.91660700032624], [-96.77722799959992, 32.916587000033466], [-96.77733499973004, 32.91660700032624], [-96.7773740000881, 32.91662799979925], [-96.77739800037754, 32.91667300005374], [-96.77739800037754, 32.916785999804326], [-96.77734899997374, 32.91689600035722], [-96.77721400025453, 32.91701400024996], [-96.7772040002088, 32.917056999686004], [-96.77722799959992, 32.917143000003776], [-96.77728200002659, 32.917280999707614], [-96.77737300026318, 32.91741099975644], [-96.77752300005103, 32.91747599970922], [-96.77796800028993, 32.91755200033598], [-96.77822900040584, 32.91752899971662], [-96.77849899984427, 32.917415000230534], [-96.77862500024096, 32.917383000202925], [-96.77890499972514, 32.91742299967007], [-96.77905100021331, 32.91749900034235], [-96.77912800020623, 32.91757199965658], [-96.77915199959735, 32.91761399964796], [-96.77915699962023, 32.91767100003525], [-96.77915199959735, 32.91774799966671], [-96.77902600009897, 32.91797100027801], [-96.7789730003955, 32.91817399963925], [-96.77895900015181, 32.91843300002042], [-96.77900199980952, 32.91865700032993], [-96.77897800041838, 32.91875000000568], [-96.77891499977088, 32.91880699966139], [-96.77889100037976, 32.91881000015822], [-96.77864899963211, 32.919005999719325], [-96.77853800020233, 32.91912700030131], [-96.77849899984427, 32.91919199974791], [-96.77822799968261, 32.91988600010955], [-96.77807399969683, 32.92023900027746], [-96.77800000007699, 32.92051199993304], [-96.77798500000836, 32.92061700015642], [-96.77799500005413, 32.92073100004241], [-96.77802400036644, 32.92088499994622], [-96.77806700002414, 32.92097200020433], [-96.77817300032935, 32.92104499967024], [-96.77830899987347, 32.921053000289774], [-96.77853099963133, 32.92101699975825], [-96.77894699955793, 32.920939999954676], [-96.77960400040729, 32.92083400022323], [-96.77975900021798, 32.92084200010777], [-96.77991400002867, 32.92086699964814], [-96.78003399967928, 32.92091999988701], [-96.78014500000737, 32.921069999907296], [-96.78016400027393, 32.921163000063636], [-96.78018900038829, 32.92143500000049], [-96.78020799975656, 32.92151999995068], [-96.78024200009173, 32.92156499998002], [-96.7803669997652, 32.92164199999379], [-96.78057099997972, 32.921792000298396], [-96.78074900025493, 32.92190600017882], [-96.78090400006565, 32.921964999821135], [-96.78103899978485, 32.92203000019957], [-96.78106800009716, 32.92203500034269], [-96.78111699960265, 32.92206399980998], [-96.7811750002273, 32.92213300037651], [-96.78136299964996, 32.92240100009957], [-96.78139199996225, 32.922437000068044], [-96.78145499971144, 32.92249000012063], [-96.78157600008528, 32.922575999683204], [-96.78163899983447, 32.922660000174794], [-96.78165399990309, 32.92270100014344], [-96.78169200043622, 32.92277799992279], [-96.7816969995608, 32.92287199966061], [-96.78166300012391, 32.923050000173944], [-96.78161000042049, 32.923229000193544], [-96.78138299974144, 32.9235570003176], [-96.78130400009871, 32.92377999986398], [-96.78432799973797, 32.92411099977083], [-96.78502499987196, 32.924185000270846], [-96.78555100030175, 32.92422899984598], [-96.78584800040268, 32.9242420001961], [-96.78614999962815, 32.92425599964298], [-96.78614399978036, 32.92464399969749], [-96.78622999999409, 32.92464699999639], [-96.78630699998698, 32.924657999834814], [-96.78630500033715, 32.92426099966032], [-96.78820400022023, 32.924248999919826], [-96.79060500024363, 32.924250999625315], [-96.79401600039549, 32.92424499975459], [-96.79722900018062, 32.924239999736365], [-96.79723099983043, 32.924152999675044], [-96.7972419997011, 32.92358000012437], [-96.79725099992194, 32.92253600028284], [-96.79998199965821, 32.92253399978453], [-96.80120799969674, 32.92253499965669], [-96.80288999984482, 32.92254699962961], [-96.80355199981871, 32.922544999885616], [-96.80356900043547, 32.924227999992965], [-96.80357799975799, 32.92499900017892], [-96.80393699978319, 32.92504899991988], [-96.80454699987855, 32.92513400016876], [-96.80509300039982, 32.92522000017769], [-96.80606800036816, 32.92536099962579], [-96.80644499993673, 32.92540900023695], [-96.80711600013146, 32.925490999869744], [-96.80740300018662, 32.92551099965832], [-96.80762400011957, 32.9255210003049], [-96.80802300032774, 32.92552299998171], [-96.80901800038757, 32.92554699986954], [-96.80917400002319, 32.92554699986954], [-96.80949500041356, 32.925538999656325], [-96.81083400042996, 32.925509999819795], [-96.81114499987626, 32.92550300019584], [-96.81115900011999, 32.925105000199494], [-96.81122900044016, 32.92489200018593], [-96.81123299973981, 32.92446899967948], [-96.81502999968106, 32.92448399969457], [-96.8150320002292, 32.92415799969819], [-96.81503600042716, 32.923587999760706], [-96.81504200027493, 32.92263200001981], [-96.81504399992477, 32.92223200017742], [-96.8152790001014, 32.92215599979934], [-96.81586699955716, 32.92204100036325], [-96.81615600016046, 32.921975999992966], [-96.81786500007274, 32.92160200017125], [-96.81837100041102, 32.921514999778466], [-96.8186380003747, 32.92148099995707], [-96.81874600032975, 32.92146899983958]]]}, "properties": {"zcta": "75230", "od2a_death_residence_rank_2016_2024": null, "od2a_death_residence_count_2016_2024": null, "od2a_opioid_ed_visits_rank_2024": 6, "od2a_opioid_ed_visits_count_2024": null, "in_required_baseline_12": false, "source": "DCHHS OD2A 2024 Annual Surveillance Report, p.18 (Figure 21)", "geometry_source": "US Census Bureau TIGERweb 2020 ZCTA (ArcGIS REST)", "retrieved": "2026-09-01"}}, {"type": "Feature", "geometry": {"type": "Polygon", "coordinates": [[[-96.87390299984749, 32.84900499982642], [-96.87336300007233, 32.84838000026483], [-96.8727279998626, 32.84773500008661], [-96.87220800017892, 32.84727299993472], [-96.87140499973971, 32.84666599978078], [-96.87008300034005, 32.84588600015954], [-96.87015100011212, 32.845806999987765], [-96.87022899992992, 32.84574700020205], [-96.87027499996067, 32.84571899988563], [-96.87036600019725, 32.84568599963618], [-96.87054199992436, 32.84564300027606], [-96.87075199998662, 32.845609999998345], [-96.87140999976259, 32.845576999708314], [-96.87158100036513, 32.84554000021479], [-96.87167099987849, 32.845507999885605], [-96.87172199993212, 32.845478000274134], [-96.87199399991867, 32.8452499998764], [-96.87208099995732, 32.84517099989323], [-96.87213500038399, 32.84513400023044], [-96.87218999973726, 32.84508699988179], [-96.87221700039974, 32.84504900019188], [-96.87222900009532, 32.84500999973853], [-96.87226799955506, 32.844800000311956], [-96.87234999957083, 32.84457999966093], [-96.87237499968519, 32.84452999977998], [-96.87244099980742, 32.84446999988563], [-96.87251199995254, 32.84442599993736], [-96.87272100018991, 32.8443439999755], [-96.87275200015205, 32.8443229999731], [-96.8728619997569, 32.844276999950466], [-96.87289899956683, 32.84424599992175], [-96.87291000033579, 32.84421899988793], [-96.87291000033579, 32.84407400032052], [-96.87292600022933, 32.844029000172384], [-96.87301699956761, 32.84392999976616], [-96.87310399960623, 32.84386700020486], [-96.87252399964811, 32.84336199982956], [-96.87123599968533, 32.84226399976182], [-96.87035799980134, 32.841478999784464], [-96.86973000016262, 32.840936000221475], [-96.8697069996981, 32.84092099964428], [-96.86845700026845, 32.83981299981623], [-96.8682770003434, 32.839654999912966], [-96.8679479995571, 32.83940199977355], [-96.8679259998158, 32.83938999985939], [-96.8669969998782, 32.83860299999863], [-96.8660400003515, 32.837757000123965], [-96.86595199958964, 32.83768500003536], [-96.86547399973877, 32.8372889996365], [-96.86555400010471, 32.837250999627344], [-96.86562500024982, 32.8372210002442], [-96.86585299985545, 32.83706300025636], [-96.8659690002064, 32.837000000349924], [-96.86605399969689, 32.83697499978766], [-96.86609899990275, 32.83696499971172], [-96.86625500043668, 32.83695799988432], [-96.86695300039558, 32.83697499978766], [-96.86717699980325, 32.836981000285554], [-96.86779299974641, 32.836984999862466], [-96.86889499993636, 32.836979000119634], [-96.87020399981554, 32.83697599987067], [-96.87059299997799, 32.836979000119634], [-96.87143700042508, 32.83697200029334], [-96.87143700042508, 32.83683799963061], [-96.87200399996443, 32.83683799963061], [-96.8722270004455, 32.83683500013168], [-96.87236600036266, 32.83682399995525], [-96.87249100003613, 32.836801000268146], [-96.87263400015127, 32.83676400013551], [-96.87274600030428, 32.836725999901645], [-96.8726149998847, 32.83645400029501], [-96.87256999967886, 32.83637099967195], [-96.8725520001355, 32.8362889998168], [-96.87254299991469, 32.8361350000498], [-96.87251199995254, 32.835992999635884], [-96.87256499965598, 32.835737000091214], [-96.87249400040919, 32.83545899987345], [-96.87258300009766, 32.83533999995945], [-96.87260599966388, 32.8352610002139], [-96.87260599966388, 32.835191999919964], [-96.87258300009766, 32.83510999973071], [-96.87254799993755, 32.835028000220525], [-96.87253899971672, 32.83497800024266], [-96.87254799993755, 32.83490099963299], [-96.8727839999391, 32.83431599963285], [-96.87281999992412, 32.83425599962778], [-96.87294499959758, 32.833961999696264], [-96.87296300003923, 32.83389899985384], [-96.87296700023721, 32.83381300026038], [-96.87287799965043, 32.83316799989967], [-96.87284099984052, 32.83286200009796], [-96.87276700022068, 32.8325829998037], [-96.87272100018991, 32.832468999723375], [-96.87262699958028, 32.83228200017516], [-96.87254999958736, 32.832188000184914], [-96.87247199976956, 32.832112999695724], [-96.87205300036823, 32.831798000270595], [-96.87200700033748, 32.83175900003399], [-96.87196399978146, 32.831697000280656], [-96.87194799988792, 32.83166199981639], [-96.87192600014662, 32.83156699978072], [-96.87190699988004, 32.83136999989131], [-96.87175000041952, 32.83019100015863], [-96.8716929996198, 32.82994800033672], [-96.87162599967266, 32.82975800027055], [-96.87146300036434, 32.829376000091216], [-96.87141999980832, 32.82928599996787], [-96.87131000020347, 32.829133000303706], [-96.87123999988327, 32.82905400031964], [-96.87010099988339, 32.82797300004222], [-96.87002999973828, 32.82795400031068], [-96.869827000247, 32.82781800000826], [-96.86961800000964, 32.827735999802975], [-96.86777299965492, 32.827315000060736], [-96.867010000297, 32.82712300001229], [-96.8661519996062, 32.82685899973979], [-96.86590100043433, 32.8267479996997], [-96.8653420003926, 32.826434000317526], [-96.86524699995805, 32.82628699998004], [-96.86524699995805, 32.82622599962993], [-96.86526899969935, 32.82617099971141], [-96.86528299994306, 32.826053999840184], [-96.86525399963074, 32.825943999756106], [-96.86515999991941, 32.82584000003176], [-96.86375599960567, 32.82444999987884], [-96.8623920003732, 32.82298600021159], [-96.86229299974069, 32.82288999971217], [-96.86211100016581, 32.822666999897365], [-96.86206199976199, 32.82260900006028], [-96.86202400012716, 32.82254899969437], [-96.86197700027151, 32.82242800010395], [-96.86193100024076, 32.82227399970051], [-96.86167900034567, 32.822270999709616], [-96.86168500019346, 32.82210799980008], [-96.86171199995763, 32.82196500010545], [-96.86181499988979, 32.821778999831], [-96.86195999965474, 32.821536999897425], [-96.86204900024153, 32.82133999965185], [-96.86211799983849, 32.82114299972437], [-96.8621660004174, 32.82090699964227], [-96.86217300009008, 32.82075699992956], [-96.86214499960269, 32.82061300005763], [-96.86206299958691, 32.82042800024132], [-96.86174700011773, 32.81989000014516], [-96.86160900002548, 32.819577999724906], [-96.86155899979676, 32.81949499993677], [-96.861512999766, 32.81945099969016], [-96.86146500008543, 32.81941699996507], [-96.86140999983384, 32.819386999841605], [-96.86128900035833, 32.81936299988651], [-96.8611679999845, 32.819353000092015], [-96.860202000237, 32.81934099973324], [-96.85622299982256, 32.819308000248036], [-96.85623799989118, 32.81848199978423], [-96.85621299977683, 32.817624999681016], [-96.85618799966247, 32.81745299984554], [-96.85616300044643, 32.817375000345926], [-96.85611900006549, 32.817300000181724], [-96.85648999978626, 32.81718799996964], [-96.8566539998178, 32.81741700025921], [-96.85671599974206, 32.81748600001976], [-96.8569359998501, 32.817632000277364], [-96.85706700026965, 32.817713999996236], [-96.85727899998177, 32.8178360002665], [-96.85767099961892, 32.81802199973739], [-96.85772099984764, 32.81803499981569], [-96.85779899966545, 32.81803999978728], [-96.85787300018362, 32.818036000112], [-96.85793599993279, 32.81802199973739], [-96.85798100013864, 32.818001999845436], [-96.85802299997144, 32.81797699997414], [-96.85806800017728, 32.81793700016548], [-96.85810099978924, 32.81790100002036], [-96.85816299971351, 32.8178210003166], [-96.85856899959438, 32.817211000206754], [-96.85870000001395, 32.817049999932124], [-96.85876799978601, 32.816977999663365], [-96.85890000003049, 32.81688400008437], [-96.85908400015352, 32.81679099996143], [-96.85930000006358, 32.81670400009916], [-96.8595190003467, 32.816649000324524], [-96.85974799977723, 32.81662200020304], [-96.8599560001897, 32.81660300030838], [-96.86104699961068, 32.816629000123505], [-96.86130400042694, 32.81662000033353], [-96.86140099961301, 32.81660899991799], [-96.86150400044347, 32.816578000043485], [-96.86157700023843, 32.8165520002135], [-96.86166699975178, 32.81650499983361], [-96.86174299991977, 32.81643999981346], [-96.86199999983772, 32.81618000001218], [-96.86212899970914, 32.81607100009856], [-96.86253100029039, 32.8157620000668], [-96.86261099975799, 32.81571699991387], [-96.86286900039919, 32.81561799964826], [-96.86299800027061, 32.81558500029017], [-96.86313999966251, 32.8155540000584], [-96.86378300026816, 32.81547899986699], [-96.86436099967815, 32.81538500021207], [-96.86457400011349, 32.815376000296155], [-96.86479500004643, 32.815396000024236], [-96.8649830003674, 32.815431999674466], [-96.86516099974432, 32.8155030001163], [-96.8652369999123, 32.81555499962766], [-96.8653070002325, 32.81560899975589], [-96.86538300040047, 32.81564899985765], [-96.8655189999446, 32.815797000002206], [-96.86564899964094, 32.815958999847176], [-96.86590100043433, 32.81579800032371], [-96.86613599971265, 32.81571399970155], [-96.8668000002347, 32.81557300017736], [-96.86648899989008, 32.81522699987738], [-96.86621100005574, 32.81492100016953], [-96.86614999995638, 32.814805000157776], [-96.86605799989488, 32.81468100034218], [-96.86567899977818, 32.81429900024892], [-96.86535800028614, 32.81399399995193], [-96.86500699975852, 32.81367299987754], [-96.86449600029569, 32.81331700000996], [-96.86442599997548, 32.813279000313074], [-96.86195700018001, 32.8132180000902], [-96.86149900042062, 32.8132149997935], [-96.86096399977, 32.81316999986064], [-96.86059600042229, 32.81314999963151], [-96.85983499981587, 32.81314599973616], [-96.85364500024716, 32.81303899982567], [-96.85296999985447, 32.81300299996093], [-96.8524169996605, 32.812957999920705], [-96.8517899998467, 32.81288699971022], [-96.84980599957483, 32.81259199965319], [-96.8495579998777, 32.81253900031461], [-96.84886900013962, 32.81236499972822], [-96.84928099986826, 32.81173900007711], [-96.84952699991557, 32.81136599973935], [-96.84965999998495, 32.81113000011165], [-96.8494959999534, 32.81107099991806], [-96.84935100018848, 32.81129499976691], [-96.84920700024841, 32.81154599996827], [-96.84899999966088, 32.81192900018163], [-96.84886400011676, 32.812193000280324], [-96.84877200005522, 32.812341000141274], [-96.84731500003804, 32.81194899993055], [-96.84674299957751, 32.81176299982659], [-96.84582000038603, 32.81145599989941], [-96.84432499983566, 32.810907000223466], [-96.84356499995248, 32.81051099971322], [-96.84268299987056, 32.81011899973521], [-96.84240199966315, 32.809989999751444], [-96.84106600001978, 32.80934799971637], [-96.84059800021463, 32.80913999979468], [-96.84051100017601, 32.80909099998547], [-96.8404400000309, 32.80904299979176], [-96.84037100043392, 32.80898100003802], [-96.83729500001782, 32.80792600021689], [-96.83720600032936, 32.8080090002416], [-96.83709199962821, 32.80804400021059], [-96.83697700000049, 32.80814099979374], [-96.83651800041619, 32.80796300028295], [-96.8364149995857, 32.80792299974152], [-96.83594000010788, 32.8077390003411], [-96.83536500017262, 32.80751699990919], [-96.83410300014907, 32.807011999694325], [-96.8336119998794, 32.80683000000794], [-96.83272899997256, 32.80651200025055], [-96.8322169997865, 32.80633799994443], [-96.83166699996556, 32.806157000063024], [-96.83105100002243, 32.80596899980852], [-96.83053100033875, 32.80582599981049], [-96.8299429999847, 32.80567499987436], [-96.8299920003885, 32.805726000171454], [-96.82998800019053, 32.80577399989144], [-96.83000999993185, 32.80588100024347], [-96.83000200043423, 32.805968000131365], [-96.82995800005331, 32.80606100025586], [-96.82990500034985, 32.80615000007276], [-96.82980900009039, 32.80611200033148], [-96.82912100017722, 32.80586599978556], [-96.82907500014647, 32.805853000192045], [-96.82890299971902, 32.805804999759715], [-96.82848400031766, 32.80617100004201], [-96.82820899995805, 32.80640000003184], [-96.82758600034221, 32.806986000085494], [-96.82739399982329, 32.807170000289744], [-96.82732299967817, 32.807237000376205], [-96.82739899984614, 32.80726599965416], [-96.82768400025151, 32.80730700015337], [-96.82772500025939, 32.80732399969183], [-96.82775100019866, 32.807338999903735], [-96.82783400003933, 32.807407999939684], [-96.82798399982717, 32.807558000292566], [-96.82811699989655, 32.80774600020628], [-96.828141000186, 32.80780199986275], [-96.82815299988157, 32.80786700016129], [-96.82815899972934, 32.808027999708756], [-96.82817700017101, 32.80831199988304], [-96.82818600039182, 32.80834899978841], [-96.82820099956213, 32.80838299997358], [-96.82824300029324, 32.80843800033437], [-96.82832299976087, 32.808492000257424], [-96.82839899992885, 32.80850900032425], [-96.82845900020331, 32.808512000024805], [-96.82857300000613, 32.80852000023254], [-96.82866400024271, 32.808524000336114], [-96.82877200019774, 32.80854899984698], [-96.82883800032, 32.80857000000441], [-96.8288800001528, 32.808593999854715], [-96.8289160001378, 32.80862999999553], [-96.8289520001228, 32.808681000107136], [-96.82898599955969, 32.80874000037742], [-96.8290359997884, 32.80892300032669], [-96.82907199977342, 32.808998999654385], [-96.82913200004786, 32.80908000014785], [-96.82922900013224, 32.80918100018438], [-96.82925900026949, 32.809229999943966], [-96.82927099996503, 32.80927699964177], [-96.82926500011726, 32.80931700032883], [-96.82922900013224, 32.80935799988186], [-96.82894600027502, 32.80954500012629], [-96.82889799969614, 32.80958499993772], [-96.8288449999927, 32.80963800028303], [-96.82881099965749, 32.80968200010405], [-96.82878100041859, 32.80974499975842], [-96.82875700012914, 32.80982099989324], [-96.82874399971034, 32.809983999695], [-96.82875700012914, 32.81006999971075], [-96.8287820002435, 32.810142000292096], [-96.82878700026637, 32.810191000276795], [-96.8287749996725, 32.81024600027372], [-96.82875999960388, 32.8102739996963], [-96.82869199983182, 32.810356000165505], [-96.82861300018911, 32.81043199977781], [-96.82836399976875, 32.81075500023629], [-96.82818600039182, 32.81110600019116], [-96.82801899998726, 32.81141600017509], [-96.82793100012371, 32.81161899972227], [-96.82789699978852, 32.811752000319686], [-96.82789000011581, 32.81181500001666], [-96.82788000007008, 32.8118949998431], [-96.82789199976565, 32.81200899990544], [-96.82792000025306, 32.81217000025432], [-96.82792600010083, 32.812241000282626], [-96.82792600010083, 32.81231299986005], [-96.8279019998114, 32.81237799987927], [-96.82786599982639, 32.812423999817696], [-96.82782399999358, 32.81245799995382], [-96.82773600013005, 32.81250799977515], [-96.82764499989345, 32.81254100027597], [-96.82758899981695, 32.81257000008826], [-96.82755200000702, 32.81261000004814], [-96.82753199991554, 32.81264899963301], [-96.82751500019711, 32.81272199999095], [-96.82752100004488, 32.81282099970829], [-96.8275770001214, 32.81308300022781], [-96.8275770001214, 32.813139000296296], [-96.82756600025073, 32.813192000031975], [-96.82752600006776, 32.81325700016329], [-96.82737600027993, 32.81340299982018], [-96.82735399964031, 32.8134450001011], [-96.82733600009695, 32.813515999865736], [-96.82732400040139, 32.81365600004354], [-96.82733500027206, 32.813751000362075], [-96.82735199999048, 32.813836999752304], [-96.82737600027993, 32.81390400009743], [-96.82741100044004, 32.81399599988055], [-96.82741800011271, 32.8140139999911], [-96.82745999994552, 32.814150999874165], [-96.82748699970968, 32.814268000323466], [-96.82749599993052, 32.81438299994385], [-96.82748699970968, 32.814570999764314], [-96.82747199964109, 32.81467299993414], [-96.82746400014346, 32.81476299976469], [-96.82743800020421, 32.81495899991915], [-96.82735500036353, 32.815406999834984], [-96.82724499986037, 32.81574800008877], [-96.82714600012616, 32.81601500036801], [-96.82704800021688, 32.816217999978335], [-96.82696299982805, 32.81635899998889], [-96.82687900016246, 32.81646000005703], [-96.82677399968217, 32.81655799982648], [-96.82668699964353, 32.81662200020304], [-96.8265870000844, 32.816678000305984], [-96.82649500002292, 32.81671799992656], [-96.82640100031158, 32.81675199992952], [-96.82621899983839, 32.81680600008522], [-96.82606900005055, 32.816826999801414], [-96.82613199979974, 32.816948999779754], [-96.82620100029504, 32.81704499990486], [-96.82630599987702, 32.81716600003273], [-96.82658999955916, 32.81741599995592], [-96.82632699979341, 32.8174820003196], [-96.8261150000813, 32.817554999726696], [-96.8255290002754, 32.81780800020694], [-96.82529599974858, 32.817942999684995], [-96.82500799986849, 32.8181610000699], [-96.8247839995625, 32.81839000011642], [-96.82428700034336, 32.817942999684995], [-96.82422200004603, 32.81802699970966], [-96.82415099990091, 32.81809399991504], [-96.8240720002582, 32.818156000105176], [-96.82397699982364, 32.81821000016249], [-96.82386899986862, 32.81825999976682], [-96.82380799976924, 32.81828299972643], [-96.82371499988281, 32.81831899971676], [-96.82352499991202, 32.818377999627515], [-96.82366300000429, 32.81867399963757], [-96.82389700035603, 32.819177999731906], [-96.82303299981743, 32.81969999970033], [-96.82299600000752, 32.81965999991249], [-96.82296300039555, 32.81962399971055], [-96.82271899999807, 32.819841000224294], [-96.82242100007225, 32.819934000174335], [-96.82224199997209, 32.81979599987257], [-96.82198000003129, 32.82016000011797], [-96.82151200022614, 32.81970400005559], [-96.82148499956364, 32.819740999747225], [-96.82194300022135, 32.82023899970882], [-96.82208999963615, 32.82039899997403], [-96.82227299993426, 32.8205869998986], [-96.8223819997142, 32.82067900031096], [-96.82193499982544, 32.82143300029741], [-96.8218679998783, 32.821565000291564], [-96.82176099974818, 32.82177500032405], [-96.82150499965513, 32.82225500025975], [-96.8212999996157, 32.82208000033196], [-96.82108999955342, 32.82188700003781], [-96.82093800011579, 32.82174099997862], [-96.81989200000231, 32.82081800026099], [-96.81940400010569, 32.82046899995229], [-96.81926900038648, 32.820725999992526], [-96.81894600034629, 32.821336999629416], [-96.8188199999496, 32.82157499983702], [-96.81865000007028, 32.8218179999208], [-96.81856999970434, 32.821915999819325], [-96.8184890004118, 32.822004000113644], [-96.81811299976984, 32.82234999968789], [-96.8179899997462, 32.82245300023244], [-96.81822499992285, 32.82265300025251], [-96.81863900019962, 32.82301199966846], [-96.81973100034384, 32.82395399982731], [-96.8198619998651, 32.823848999806664], [-96.82010200006461, 32.82367200028894], [-96.82068500039578, 32.82319199970639], [-96.82097599975062, 32.82341299999642], [-96.82244799983643, 32.824024000023755], [-96.82171700026555, 32.82463000002226], [-96.82109399975138, 32.8251480003036], [-96.82175400007547, 32.82573799984992], [-96.82164600012042, 32.825824999923576], [-96.82237199966845, 32.82647000002419], [-96.82279799964078, 32.8268530000676], [-96.82300600005325, 32.82703000004018], [-96.82365100030871, 32.82758200029906], [-96.82399199989226, 32.82788000020526], [-96.82440299979598, 32.82824499996411], [-96.82598399966174, 32.829595999924855], [-96.8262899999835, 32.82986400026225], [-96.82634199986204, 32.8299010002509], [-96.82639999958835, 32.82996000001735], [-96.82679299994874, 32.83032900016217], [-96.82696799985094, 32.83049999981981], [-96.82709000004967, 32.83062900021768], [-96.82730799960956, 32.830878999992926], [-96.8275779999463, 32.831220999880074], [-96.82782300016866, 32.83155199988497], [-96.82831199989022, 32.83223900036061], [-96.82859399992253, 32.832592000240815], [-96.82899999980339, 32.83314000014418], [-96.82944500004231, 32.8337500003123], [-96.82967799967082, 32.834071999661376], [-96.83064599996648, 32.835350000218426], [-96.83128500037415, 32.83618400003896], [-96.83155599963749, 32.8365239996962], [-96.83163900037648, 32.83662699965287], [-96.8317320002629, 32.83673100033055], [-96.83233999981013, 32.8373309999455], [-96.83323500031085, 32.838284999995736], [-96.83400900043775, 32.83912799994586], [-96.83410899999686, 32.839246000008366], [-96.83418500016484, 32.83935099993854], [-96.83425100028708, 32.83945699979952], [-96.83432699955675, 32.83960100006305], [-96.83435900024212, 32.839678000370164], [-96.83438699983121, 32.8397679997721], [-96.83440799974761, 32.83986600024144], [-96.8344420000828, 32.84009700027289], [-96.83448800011355, 32.840530000309975], [-96.83448599956542, 32.84085700017227], [-96.83447100039511, 32.841681000036296], [-96.83447100039511, 32.84248600015754], [-96.8344639998241, 32.843670999690524], [-96.83446800002206, 32.84383500002722], [-96.83449099958827, 32.844117999688564], [-96.83452900012144, 32.844287999958084], [-96.83457099995422, 32.84442799993548], [-96.8346680000386, 32.844679000096846], [-96.83474900022945, 32.84485200002938], [-96.83482899969708, 32.84502199964761], [-96.83492099975858, 32.84517999980889], [-96.83500399959927, 32.84530300007403], [-96.83510800025465, 32.84544399994742], [-96.8352320001032, 32.84558500035153], [-96.83537799969308, 32.84573600037527], [-96.83553900024988, 32.845892000055024], [-96.83650199962436, 32.846739000104726], [-96.83709900019923, 32.84724300016511], [-96.83763499977645, 32.8477179999799], [-96.83830400032136, 32.84829199969532], [-96.8385119998355, 32.84847099985293], [-96.83869599995852, 32.8486329997181], [-96.8411510004086, 32.85073500001759], [-96.84120099973899, 32.8507909997403], [-96.84126199983837, 32.850839000013515], [-96.84136899996848, 32.85093399980163], [-96.84221500006541, 32.85167499979001], [-96.84257400009061, 32.85198599996617], [-96.84287299984135, 32.85225000023327], [-96.8437149997403, 32.852965000062184], [-96.84407100029077, 32.85327399969124], [-96.84499400038058, 32.854069999784144], [-96.84570800023303, 32.854684999674404], [-96.84582299986074, 32.854781999637225], [-96.84688300021791, 32.855690999744176], [-96.84983599971204, 32.85824799965719], [-96.85010199985084, 32.85847099990133], [-96.85020700033112, 32.85855000011726], [-96.85060399999115, 32.85882199992143], [-96.85097600043515, 32.8590360002131], [-96.85113299989567, 32.85911199967064], [-96.85130299977497, 32.8591879998176], [-96.85141199955493, 32.859228999740765], [-96.85156999973867, 32.859299000044345], [-96.85203400024417, 32.85944799970882], [-96.85210700003911, 32.8594680000752], [-96.85247799975987, 32.85953800019018], [-96.85270799991363, 32.85956500009037], [-96.85305400041837, 32.859619999694], [-96.8532960002677, 32.859671999781845], [-96.85342299959099, 32.85971199965448], [-96.85355099963752, 32.859757999976246], [-96.85365399956969, 32.85980299969378], [-96.85376900009572, 32.85986500018945], [-96.85391399986068, 32.85995699989578], [-96.85410800002943, 32.86008899996397], [-96.85440500013036, 32.859991999767225], [-96.85446500040482, 32.859972000273586], [-96.85452399995604, 32.85996300034906], [-96.85470800007906, 32.85995200002085], [-96.85531300015154, 32.859895000219005], [-96.85569599956787, 32.85983299974429], [-96.85607100038493, 32.859715999716244], [-96.85624700011202, 32.859630000235654], [-96.85630900003629, 32.85961599962797], [-96.85639000022715, 32.85959199998239], [-96.85645399980125, 32.85957199964397], [-96.85660899961194, 32.85954300008845], [-96.85679299973495, 32.85951799983958], [-96.85698600007882, 32.85949599982601], [-96.85616300044643, 32.85915299962892], [-96.856351999694, 32.85909500023448], [-96.85655900028154, 32.85901900000783], [-96.85685700020738, 32.85887399972243], [-96.85724999966946, 32.85866600033544], [-96.85760600021992, 32.858471999742115], [-96.85765499972541, 32.858454000342334], [-96.85783200017572, 32.85841600033983], [-96.85797600011577, 32.858400999698944], [-96.85804300006292, 32.85840899994046], [-96.85812599990359, 32.85844699994596], [-96.85815000019305, 32.858447999787025], [-96.85818000033026, 32.85842999962776], [-96.85818500035315, 32.85838599981008], [-96.85815199984286, 32.858158999975146], [-96.85816899956131, 32.85810300037532], [-96.85819500039888, 32.85806500022246], [-96.8582380000566, 32.858017999931455], [-96.85853900035546, 32.857785000063835], [-96.85865599963302, 32.85769800037094], [-96.85880799996897, 32.85757099977255], [-96.85898799989404, 32.857386999842824], [-96.85915100010067, 32.8572040001411], [-96.85919399975836, 32.857147999938405], [-96.85977700008955, 32.85629899990566], [-96.85996600023543, 32.85599199998498], [-96.86006599979454, 32.85580799979867], [-96.86015299983319, 32.85553900018468], [-96.8602879995524, 32.85519499990225], [-96.86032699991046, 32.85511599971705], [-96.86036799991834, 32.85506300009785], [-96.860751000233, 32.85469799966779], [-96.86084099974636, 32.85461899979468], [-96.86102200039464, 32.854498000139195], [-96.86117499965721, 32.85438799982896], [-96.86146000006255, 32.854218000041726], [-96.8617739998819, 32.85406700011289], [-96.86233600029671, 32.85382499988588], [-96.86273600032978, 32.853678000376796], [-96.86283900026194, 32.853626999689375], [-96.86292999960021, 32.85357200014334], [-96.86321800037864, 32.85337200034035], [-96.86349299983993, 32.853109000294296], [-96.86357400003078, 32.8529780003076], [-96.86359199957413, 32.85294100012657], [-96.8636240002595, 32.85282300015995], [-96.86364199980285, 32.85278899962886], [-96.86371399977288, 32.852702000319006], [-96.86379499996372, 32.85253899967371], [-96.8638219997279, 32.852496999769045], [-96.86386799975865, 32.85246600034778], [-96.86414200029336, 32.85233899980611], [-96.86418999997395, 32.85230699966472], [-96.86446699998336, 32.85206100026772], [-96.86475300021364, 32.851747999766665], [-96.86493300013869, 32.851497999897006], [-96.86498099981927, 32.85139800035569], [-96.86500799958344, 32.85129799994693], [-96.86509499962209, 32.85076899982648], [-96.86512200028459, 32.8503300003378], [-96.86513300015523, 32.85028700020923], [-96.86514900004876, 32.850247999793744], [-96.8651669995921, 32.85022499981159], [-96.86519400025459, 32.85020600031402], [-96.86541099998958, 32.85014199999051], [-96.86543799975375, 32.850122999720554], [-96.86546000039338, 32.850098999770836], [-96.86554999990675, 32.84995599987315], [-96.8656090003563, 32.849883999869164], [-96.8657309996567, 32.849762999793676], [-96.86577099983968, 32.849709999995554], [-96.86581699987043, 32.84963400003041], [-96.86587100029712, 32.84949699978988], [-96.8658980000613, 32.84945200012747], [-96.86601500023716, 32.84933400004891], [-96.86610499975053, 32.84926899990668], [-96.86614999995638, 32.84925899970643], [-96.86620000018509, 32.84926200029487], [-96.86624000036807, 32.849277000217036], [-96.86628600039882, 32.8493109998299], [-96.86662799980726, 32.84961499965163], [-96.86670499980015, 32.849672000021116], [-96.86680400043267, 32.84972499984195], [-96.86690300016687, 32.849763999732616], [-96.86761700001932, 32.849977000052014], [-96.86772099977638, 32.849998000225895], [-96.86788300015809, 32.85002100026684], [-96.86819000030475, 32.850050999852], [-96.86830300028267, 32.85005399965904], [-96.86888499989061, 32.85003699999657], [-96.86893500011932, 32.850033000253084], [-96.86898000032518, 32.85002500001088], [-96.86933199977936, 32.84989899968614], [-96.86955699991026, 32.84984599996925], [-96.86988599979824, 32.84979999979062], [-96.86992900035426, 32.84980099972913], [-96.87003599958608, 32.84978699983421], [-96.87037899971773, 32.84976199985473], [-96.87040999967986, 32.84974700001459], [-96.8704330001444, 32.849700999784595], [-96.87041499970275, 32.84952700030683], [-96.87042100044884, 32.84946200030596], [-96.87043700034236, 32.84942799999627], [-96.87045999990858, 32.84939800020055], [-96.8707489996136, 32.849128000073016], [-96.87079800001739, 32.849090999795884], [-96.87084300022325, 32.84906399972672], [-96.87087900020826, 32.849048999768584], [-96.871037000392, 32.849033999807865], [-96.87107800039988, 32.849010000318366], [-96.87133299976968, 32.84883600024031], [-96.87128599991402, 32.84875000002371], [-96.87125300030208, 32.84866599962641], [-96.87163800026653, 32.84848400000213], [-96.87186599987216, 32.84842199985412], [-96.8720240000559, 32.84839299967268], [-96.87217300001882, 32.848370999919034], [-96.87235200011897, 32.848353999934155], [-96.87261900008265, 32.84835899970803], [-96.87282699959681, 32.84838400008284], [-96.87313000044382, 32.84848400000213], [-96.87334299998084, 32.84855900024494], [-96.87390299984749, 32.84900499982642]], [[-96.84529499978116, 32.814037000294846], [-96.84554699967623, 32.81442999993626], [-96.84490499979381, 32.8146800000081], [-96.84418000007071, 32.815006999937296], [-96.84379400028133, 32.815163000005896], [-96.84354200038625, 32.815283999676915], [-96.84320599992726, 32.81549600010719], [-96.84269799993916, 32.815849000096485], [-96.8425049995953, 32.81598400028625], [-96.84232399984535, 32.81584500032257], [-96.84113899981472, 32.8148780002544], [-96.84031700000723, 32.81427499967439], [-96.83995899980695, 32.8139829999662], [-96.83947500010828, 32.81358700032858], [-96.83961099965241, 32.81345200027179], [-96.83970500026204, 32.81340899964584], [-96.83978300007986, 32.81339199976134], [-96.83991500032434, 32.813380000107365], [-96.84002900012715, 32.813393999703486], [-96.84023499999147, 32.81343299969929], [-96.84043599983293, 32.81347199967801], [-96.8406020004126, 32.81348600001465], [-96.84075600039837, 32.81348799995469], [-96.84093999962307, 32.81346900014481], [-96.84109899963174, 32.81343999987099], [-96.84205500023182, 32.81310900031793], [-96.84226799976884, 32.81301299971512], [-96.84239300034064, 32.812916999763544], [-96.84250700014346, 32.812812000287614], [-96.84261599992341, 32.81267000033168], [-96.84306100016234, 32.811846999653845], [-96.8438279997182, 32.81221400033174], [-96.84412399999421, 32.81243499999642], [-96.84435300032307, 32.81271000024648], [-96.84519900042, 32.813948000071235], [-96.84524100025278, 32.8139810000373], [-96.84529499978116, 32.814037000294846]]]}, "properties": {"zcta": "75235", "od2a_death_residence_rank_2016_2024": null, "od2a_death_residence_count_2016_2024": null, "od2a_opioid_ed_visits_rank_2024": 1, "od2a_opioid_ed_visits_count_2024": null, "in_required_baseline_12": false, "source": "DCHHS OD2A 2024 Annual Surveillance Report, p.18 (Figure 21)", "geometry_source": "US Census Bureau TIGERweb 2020 ZCTA (ArcGIS REST)", "retrieved": "2026-09-01"}}, {"type": "Feature", "geometry": {"type": "Polygon", "coordinates": [[[-96.77180200011234, 32.905925000182975], [-96.77176799977715, 32.90576400021679], [-96.77166099964704, 32.90576400021679], [-96.77152900030087, 32.90564699972042], [-96.77141700014788, 32.9057299996244], [-96.77013300038305, 32.90462200019119], [-96.77008999982702, 32.90407999963762], [-96.7699259997955, 32.90411400010942], [-96.76977900038072, 32.90411400010942], [-96.76942000035552, 32.90412799972317], [-96.76943899972379, 32.903349999624304], [-96.76944600029479, 32.90201999966943], [-96.7694479999446, 32.90173300031406], [-96.76943000040127, 32.90173599988113], [-96.76932999994382, 32.90174999987081], [-96.7691580004147, 32.901775000277816], [-96.76920299972224, 32.898848000275215], [-96.76919699987445, 32.89871300016915], [-96.76893300028381, 32.89871099988665], [-96.76866799996994, 32.898703999651914], [-96.76844000036431, 32.89869100007649], [-96.76834999995262, 32.89868499998168], [-96.76817400022551, 32.89868499998168], [-96.76642299958213, 32.89865699978542], [-96.76631200015238, 32.89865400011403], [-96.7660600002573, 32.89864900015867], [-96.76601599987636, 32.898648000016706], [-96.76366799955642, 32.89863099986455], [-96.76338999972207, 32.89863099986455], [-96.76332600014796, 32.89851100007304], [-96.76323400008646, 32.898325000338914], [-96.76319300007857, 32.89820399998586], [-96.7630680004051, 32.897947000308285], [-96.76303099969687, 32.897837000347515], [-96.76286199964245, 32.89758099975909], [-96.7628280002056, 32.8975509996594], [-96.76277499960383, 32.89752199970419], [-96.76270600000686, 32.89750600024501], [-96.7626370004099, 32.89749899991504], [-96.76257200011256, 32.89750299978041], [-96.76234000030895, 32.89750600024501], [-96.76227599983655, 32.89749899991504], [-96.76222800015596, 32.897481000141475], [-96.76217600027742, 32.89745499987545], [-96.7621319998965, 32.89741900030679], [-96.76204400003296, 32.89731999990896], [-96.76194100010079, 32.897214999960376], [-96.76183599962049, 32.89709800023737], [-96.76171500014497, 32.89695200021804], [-96.76159299994623, 32.89682100013537], [-96.76148800036425, 32.896659000047286], [-96.76146099970177, 32.89660199970841], [-96.7614499998311, 32.89654500008708], [-96.76145499985398, 32.896492000340096], [-96.7614919996639, 32.896430999980154], [-96.761534000395, 32.89637800016495], [-96.76171500014497, 32.89617700019348], [-96.76180200018362, 32.896061000024886], [-96.76181899990205, 32.8960170000252], [-96.76185400006216, 32.895957999682814], [-96.7618709997806, 32.895899000055415], [-96.76188400019937, 32.89583400010078], [-96.7618709997806, 32.89573900013928], [-96.76184700038945, 32.89562300015138], [-96.76180200018362, 32.89549100018843], [-96.76176700002351, 32.89541699983745], [-96.76170099990128, 32.89532499996726], [-96.76166200044153, 32.895285999747465], [-96.76159299994623, 32.89522699967242], [-96.76136699999043, 32.895080000158416], [-96.76114000020972, 32.894949999753734], [-96.76093299962217, 32.89486399975252], [-96.76077500033672, 32.89481800029651], [-96.76037399958042, 32.894685999888296], [-96.76032199970189, 32.89465699974939], [-96.7602870004401, 32.89461299980661], [-96.76026999982335, 32.89453999966484], [-96.76026999982335, 32.89448099984722], [-96.76029099973974, 32.894397999960624], [-96.76032199970189, 32.894336000230865], [-96.76035699986198, 32.894246999812914], [-96.76041600031154, 32.894143000185956], [-96.76049599977915, 32.89398499975022], [-96.76051500004573, 32.89392399992671], [-96.76053199976417, 32.89384199971443], [-96.76053699978702, 32.89376800024878], [-96.76054900038092, 32.89369299976915], [-96.76051400022081, 32.89338600033204], [-96.76049599977915, 32.89328400009933], [-96.76044399990063, 32.89315199966825], [-96.76037399958042, 32.89307899983108], [-96.7601829997847, 32.89290400001784], [-96.76010800033995, 32.892825999692285], [-96.76007200035494, 32.892757999874604], [-96.76001399973032, 32.892670999798874], [-96.75998299976816, 32.89259800031968], [-96.75993900028554, 32.89245100021458], [-96.7599219996688, 32.89234800020086], [-96.75986999979025, 32.89217299969794], [-96.75983499963017, 32.89208500034023], [-96.75976500020828, 32.89199700014086], [-96.75969599971299, 32.89193900035597], [-96.75952199963571, 32.89183699996581], [-96.7594000003353, 32.89174800005454], [-96.75931300029666, 32.891674999814796], [-96.75922600025802, 32.89158800018412], [-96.75917400037949, 32.89148600014423], [-96.75913900021939, 32.89139800010413], [-96.75912099977772, 32.89128100024127], [-96.75913099982347, 32.89117100030012], [-96.75919100009793, 32.89098800017096], [-96.75920799981637, 32.89090099986566], [-96.75920799981637, 32.89078299987003], [-96.7591890004481, 32.89067000012318], [-96.75915599993783, 32.89059399980518], [-96.75911599975485, 32.89053500037685], [-96.75906899989918, 32.89047799986906], [-96.75891200043867, 32.89036100029987], [-96.75854099981959, 32.890118000062614], [-96.75812900009095, 32.88989299972366], [-96.75793800029523, 32.88983399982857], [-96.75769899992063, 32.88976899994974], [-96.75748499966038, 32.8897020002917], [-96.75743199995694, 32.88967899998084], [-96.75738500010128, 32.88964900022229], [-96.75734599974321, 32.88961500023227], [-96.75727600032133, 32.88954199974364], [-96.75713700040416, 32.889381000168754], [-96.75694599971013, 32.889189999633054], [-96.75688899980872, 32.889150999729786], [-96.75680599996805, 32.889104000074965], [-96.75668799996727, 32.88904299990796], [-96.75591700021342, 32.88998900015943], [-96.75576700042559, 32.89015199985967], [-96.75539300033178, 32.89048399976545], [-96.75500499999427, 32.89082100033324], [-96.75478300023642, 32.89108100024672], [-96.7547110002664, 32.89117700014957], [-96.75459599974036, 32.89135100013268], [-96.75450299985393, 32.891514999812536], [-96.75405000011739, 32.89242600019295], [-96.75401999998019, 32.89249400026543], [-96.7537820003288, 32.89295499999046], [-96.75348199985483, 32.89352100025978], [-96.75341200043295, 32.89366199966296], [-96.75328699986117, 32.89361100009736], [-96.75313399970028, 32.89355400006002], [-96.7529939999582, 32.8935100003237], [-96.75268799963644, 32.893431000330835], [-96.75216600030294, 32.893348999662216], [-96.75183499986684, 32.89331800018995], [-96.75151699984953, 32.89330700022865], [-96.75116700004514, 32.89332900014993], [-96.75076000033937, 32.89339099983017], [-96.74947499985133, 32.893627999704364], [-96.74837199983645, 32.89382200031344], [-96.74809800020006, 32.89386400025714], [-96.74780299974897, 32.89389800012517], [-96.74725399975297, 32.893949000279854], [-96.74612599962374, 32.89399599962737], [-96.7457289999637, 32.89398999996883], [-96.74533099958046, 32.89397699970157], [-96.74479699965306, 32.89394299986389], [-96.74438499992442, 32.893906000180934], [-96.74394600043159, 32.89385200016753], [-96.74333799998605, 32.893763000017636], [-96.74274600033235, 32.893661000219], [-96.74243699963753, 32.89360000017239], [-96.74150400040031, 32.89334700001289], [-96.74088199971105, 32.89316600026046], [-96.74073000027342, 32.893122000331424], [-96.74078899982464, 32.89301100020766], [-96.74099899988693, 32.89256100007504], [-96.7411450003751, 32.89224600028165], [-96.74127800044451, 32.891967999875995], [-96.7413699996077, 32.89174999973996], [-96.7414540001716, 32.89147799986986], [-96.7415450004082, 32.891141999764876], [-96.74158800006589, 32.89089399976805], [-96.7416020003096, 32.890615999645895], [-96.74160499978433, 32.89033800016005], [-96.74101099958249, 32.890345999783015], [-96.74095299985618, 32.89100100012252], [-96.74091699987116, 32.891211000294504], [-96.74084599972605, 32.89126100026214], [-96.7407650004335, 32.89129199969985], [-96.74066599980098, 32.89129999999096], [-96.73681199995835, 32.891252999967456], [-96.73679900043788, 32.8916940002343], [-96.73678500019416, 32.89183199962566], [-96.73676199972964, 32.89196499997808], [-96.73671099967599, 32.89213899992214], [-96.73664700010191, 32.892352999757556], [-96.73663700005618, 32.89243399962739], [-96.73663299985822, 32.89253300020578], [-96.73663700005618, 32.89261799999699], [-96.73665100029986, 32.89270699978858], [-96.73670300017841, 32.89286400003353], [-96.73676299955456, 32.89299200007054], [-96.73650999983455, 32.89310899993673], [-96.73629099955146, 32.893225000199564], [-96.73600699986932, 32.89340899968058], [-96.73579699980702, 32.89353699968444], [-96.73559199976762, 32.893661000219], [-96.73506100021329, 32.8940049998687], [-96.73493099961863, 32.89407399967707], [-96.73468799994438, 32.894182000154686], [-96.73446899966127, 32.8942739997034], [-96.73428399971334, 32.8943430000565], [-96.73409200009273, 32.89440099977611], [-96.73389999957378, 32.894447000202966], [-96.73372200019686, 32.894470000030275], [-96.73351399978439, 32.89448600003785], [-96.73345699988299, 32.89449999966492], [-96.73312999964485, 32.89452300023278], [-96.73268100010627, 32.8945300000437], [-96.73232000043124, 32.89453400004314], [-96.73193000044391, 32.89453400004314], [-96.73102099969948, 32.89453400004314], [-96.7307610003068, 32.894514000044076], [-96.73046900022877, 32.89449999966492], [-96.73031400041808, 32.894495000229384], [-96.7302819997327, 32.89449999966492], [-96.7301200002493, 32.89449999966492], [-96.72891500012717, 32.89454799966263], [-96.72850300039855, 32.89456799965401], [-96.72803800006811, 32.894560999846085], [-96.72718799977324, 32.89457800002515], [-96.72602899968189, 32.89457699983721], [-96.72511200033819, 32.894582000022424], [-96.72444799981614, 32.89458799964086], [-96.72423600010403, 32.89459100020421], [-96.72375300023027, 32.89458799964086], [-96.72290799995825, 32.89457900021302], [-96.72273200023116, 32.89457500021561], [-96.72264699984235, 32.89457599964926], [-96.72259800033686, 32.89456799965401], [-96.72186799969259, 32.89454799966263], [-96.72140200043556, 32.89483400024122], [-96.72092899970926, 32.895072000208614], [-96.72052700002634, 32.89525199965789], [-96.7199820002283, 32.89546299973671], [-96.71788699962832, 32.896138000348806], [-96.71782300005424, 32.89616400024713], [-96.71775500028217, 32.89618899996815], [-96.71501299977692, 32.897028000361445], [-96.71398900030307, 32.89734100018543], [-96.71389499969342, 32.89737000019986], [-96.71371499976837, 32.89742700004457], [-96.71288499956499, 32.89768300032381], [-96.71100499994849, 32.89826300034074], [-96.71061499996114, 32.89838399985894], [-96.70060499998665, 32.90143900001], [-96.70044500015311, 32.90148800012843], [-96.69797700018255, 32.90226800019503], [-96.69783999991519, 32.9088860002172], [-96.6982340001005, 32.90888000005901], [-96.6982349999254, 32.90901099964997], [-96.7004090001681, 32.90901799982414], [-96.7005439998873, 32.90902499999776], [-96.70054200023748, 32.90916500033748], [-96.7005079999023, 32.911133999956256], [-96.70048000031319, 32.91193500010388], [-96.70045799967357, 32.91282099980052], [-96.70044799962783, 32.9134189997686], [-96.70043000008448, 32.91450400007142], [-96.7003899999015, 32.916562000038184], [-96.7018670000102, 32.91656900036939], [-96.7032119998744, 32.916573000127485], [-96.70446300002727, 32.91658799997281], [-96.70566399995143, 32.91659800011966], [-96.70576500023375, 32.916600999937245], [-96.705823999785, 32.916603999754734], [-96.7058799998615, 32.916603999754734], [-96.70587900003657, 32.91670800015207], [-96.70587200036388, 32.917546999939525], [-96.70584899989936, 32.92161299963413], [-96.7057600002109, 32.92414299962783], [-96.70587900003657, 32.92761400000073], [-96.70590400015094, 32.93123199997265], [-96.7064580001698, 32.93124700034914], [-96.7071750003953, 32.93123800012356], [-96.70914700007329, 32.93123299974652], [-96.70930600008195, 32.931245999821435], [-96.70982800031379, 32.93124999967012], [-96.71041199957155, 32.93124700034914], [-96.71085199978762, 32.931244000274035], [-96.71110000038304, 32.93125199997137], [-96.7120970000927, 32.93125199997137], [-96.7121880003293, 32.931251000197776], [-96.71298099982445, 32.93123800012356], [-96.7137099997455, 32.93125199997137], [-96.71410599958064, 32.93125999966804], [-96.71501399960182, 32.931261000195526], [-96.71554400022956, 32.931261000195526], [-96.7166439998714, 32.93127400026638], [-96.71796299979631, 32.931279999660426], [-96.71812500017802, 32.9312910001821], [-96.7181379996985, 32.9293319998315], [-96.7181379996985, 32.92899699990233], [-96.7181440004446, 32.92760000033114], [-96.71815000029238, 32.92647699974738], [-96.7181510001173, 32.92586800010029], [-96.71814699991934, 32.92543200031635], [-96.71821700023953, 32.92543200031635], [-96.71904900009275, 32.92543700026722], [-96.72284500020906, 32.92546000033935], [-96.72374900003231, 32.925465000288646], [-96.72394700039902, 32.92552799992744], [-96.72410700023259, 32.92554000024852], [-96.72416699960873, 32.925545000193345], [-96.7244460001663, 32.92553299987294], [-96.72938200010742, 32.92556099986399], [-96.72938399975725, 32.925490999869744], [-96.72940600039686, 32.92538500031161], [-96.72954699996386, 32.925386000151555], [-96.72981300010264, 32.92538899967126], [-96.72999499967752, 32.92538799983141], [-96.73110000024053, 32.92537899976375], [-96.73213899978298, 32.925371000289374], [-96.73249799980816, 32.925330000049854], [-96.73281900019855, 32.92529399975029], [-96.73316700035309, 32.92521199993491], [-96.73351499960931, 32.925111999854934], [-96.73373300006752, 32.92503300015665], [-96.73399400018343, 32.92492899974007], [-96.73549100038359, 32.924138000357836], [-96.73578699976129, 32.92394600027731], [-96.73593900009725, 32.92386999986331], [-96.73687100040789, 32.92344800036529], [-96.73718699987708, 32.92334699993678], [-96.737483999978, 32.92325399981358], [-96.73764100033684, 32.923211000372206], [-96.73799899963882, 32.92315200005253], [-96.73830300031075, 32.92312200032226], [-96.73866399998576, 32.92310199999369], [-96.73874600000153, 32.92310199999369], [-96.73879500040532, 32.92310700007622], [-96.74019399979788, 32.92307900006268], [-96.74040600040831, 32.923073999978506], [-96.74034100011097, 32.923212000236724], [-96.74031199979865, 32.92328299963547], [-96.73988199962835, 32.92432599986023], [-96.73923399989816, 32.92587600028376], [-96.73790400010257, 32.92899699990233], [-96.73674300036137, 32.93172099962558], [-96.73643399966657, 32.932448999879824], [-96.73623200000021, 32.932926000273184], [-96.73537199965959, 32.935107999840056], [-96.73532900000188, 32.93521999969226], [-96.73649599959086, 32.93558800014679], [-96.73692699958609, 32.93577399999887], [-96.73807800017984, 32.93614099993784], [-96.73849400010644, 32.93621099979843], [-96.73871500003938, 32.936220000271966], [-96.73898200000308, 32.936210000080834], [-96.7392370002712, 32.93618899997748], [-96.7396020001442, 32.93614699975574], [-96.73998799993356, 32.93611000036962], [-96.74035600017959, 32.936073000214066], [-96.74041700027897, 32.93598100037149], [-96.7404270003247, 32.93596399984923], [-96.74090900037355, 32.935227999783976], [-96.74110400036723, 32.93492799999583], [-96.74122900004069, 32.93473200026827], [-96.74145199962346, 32.93474900027337], [-96.74233299988047, 32.9348189997278], [-96.74307199984727, 32.93487799980659], [-96.74318599965008, 32.934888000148256], [-96.74326500019112, 32.934764999787376], [-96.74352700013195, 32.934357000344555], [-96.7436440003078, 32.93425499981284], [-96.74390700007353, 32.934074999740616], [-96.74412100033378, 32.933979000356544], [-96.74433300004588, 32.93391699969365], [-96.74462099992596, 32.93386599994275], [-96.74489000043779, 32.933871000170946], [-96.74547600024371, 32.93391200022203], [-96.74559599989432, 32.93392199991901], [-96.74678900032086, 32.93399899973417], [-96.74838400043033, 32.9341370002927], [-96.74836799963848, 32.93422299984353], [-96.74820299978205, 32.93513200014342], [-96.74819100008648, 32.93523599987497], [-96.74816599997213, 32.9354049998376], [-96.74815799957621, 32.935727000210974], [-96.74815299955333, 32.93640799973354], [-96.7481500000786, 32.9367909999588], [-96.74814599988063, 32.93694799968606], [-96.7481359998349, 32.937327000260936], [-96.74813099981202, 32.93760700013974], [-96.74812300031441, 32.93770599996556], [-96.74809999984988, 32.93800399998317], [-96.74807599956044, 32.93831399984669], [-96.74812800033729, 32.938566999671714], [-96.74813800038302, 32.93859500006077], [-96.74814300040592, 32.938828000046826], [-96.74814699970555, 32.93942399980945], [-96.7481359998349, 32.939973999960564], [-96.7486570002418, 32.93997800016847], [-96.74877400041767, 32.939973999960564], [-96.74948499989706, 32.939973999960564], [-96.75072099998131, 32.93997100018147], [-96.7511210000144, 32.93997100018147], [-96.75193699997408, 32.939973999960564], [-96.75193199995121, 32.93939299988413], [-96.7519799996318, 32.938428999993924], [-96.75200100044651, 32.938323999799856], [-96.75203800025642, 32.938227999750275], [-96.75205400014995, 32.93819799985472], [-96.75211500024933, 32.9381239997674], [-96.75281300020823, 32.937582000051975], [-96.7530640002784, 32.93737399995245], [-96.75327099996764, 32.93719299973604], [-96.75367600002359, 32.93686600011781], [-96.75426400037765, 32.93639999974851], [-96.75417399996596, 32.936359000096836], [-96.75404699974436, 32.93627600026564], [-96.7537610004124, 32.93602700030473], [-96.7527539997587, 32.935107999840056], [-96.75293399968375, 32.93496700009372], [-96.75322099973891, 32.934741999872536], [-96.75350699996919, 32.934485999695525], [-96.7537610004124, 32.93424299991994], [-96.75395600040608, 32.93407199976144], [-96.75441300034055, 32.93370800027643], [-96.75468899962677, 32.933479999869185], [-96.7553740000652, 32.93295799995776], [-96.75576900007542, 32.93276999994866], [-96.75595200037354, 32.93266400006415], [-96.75622699983482, 32.932461000016104], [-96.75665799983003, 32.93211399969089], [-96.75670200021096, 32.93219299985201], [-96.75674999989154, 32.932491000349685], [-96.75675099971646, 32.9325700001741], [-96.75674599969359, 32.93266600033343], [-96.75675400008951, 32.93270199989509], [-96.75679000007452, 32.93271799977936], [-96.75684000030324, 32.93272999987916], [-96.75726899975031, 32.93273299990384], [-96.75751999982047, 32.93272399982946], [-96.75766999960831, 32.932707000189126], [-96.75770300011858, 32.93272699985435], [-96.75774499995138, 32.93273800019608], [-96.7582310001982, 32.932744000244824], [-96.75844399973522, 32.932744000244824], [-96.75855300041347, 32.931961000247156], [-96.75859400042135, 32.9317559998039], [-96.75869800017843, 32.93135899981238], [-96.75879500026281, 32.93107799998177], [-96.75884600031641, 32.930976999969396], [-96.75891800028644, 32.93086400024446], [-96.75902500041657, 32.93073200004268], [-96.7591600001358, 32.93059100010651], [-96.7595629996436, 32.93020999974845], [-96.7596820003676, 32.93007800007878], [-96.75972900022329, 32.93001400012233], [-96.75977600007893, 32.929932999946146], [-96.7598580000947, 32.92975200033622], [-96.75991900019407, 32.92964199993003], [-96.75997400044565, 32.92953699986024], [-96.75999899966169, 32.92947799998891], [-96.7600129999054, 32.929415999941156], [-96.7600120000805, 32.929311000357124], [-96.7600060002327, 32.92922099986042], [-96.75998699996615, 32.92901500005456], [-96.75996400039992, 32.92875899989088], [-96.76010699961672, 32.92862499995755], [-96.7606599998107, 32.92810899965782], [-96.76088699959142, 32.92789799971308], [-96.76184599966624, 32.926914000236565], [-96.76225400009523, 32.92644400015252], [-96.76286800038855, 32.925754000046], [-96.76319899992636, 32.9253409998033], [-96.76344699962347, 32.92499800033462], [-96.76357300002016, 32.924824000109], [-96.76368900037113, 32.92466399967752], [-96.76373000037901, 32.92461299987034], [-96.7637930001282, 32.924535000330145], [-96.76400300019046, 32.924285999742835], [-96.76408600003116, 32.92417899964166], [-96.76418300011554, 32.92401199980999], [-96.76426900032926, 32.92387400004543], [-96.76433899975113, 32.923762000154795], [-96.76439099962967, 32.92366899971372], [-96.76444000003349, 32.92358000012437], [-96.76449500028507, 32.92348399990781], [-96.76454899981343, 32.92338699972459], [-96.76478099961702, 32.922885000210044], [-96.7650180003418, 32.922317999990725], [-96.76507299969505, 32.92219000011547], [-96.76525400034335, 32.92173999970884], [-96.76563900030781, 32.92068100012373], [-96.76613100040241, 32.91948300020028], [-96.76655099962866, 32.9182930000104], [-96.76690800000404, 32.91819299965219], [-96.76739699972558, 32.91807599974572], [-96.76775199955283, 32.91803900034253], [-96.7682429998225, 32.91801400000328], [-96.76835800034854, 32.91801699977288], [-96.76868399986346, 32.91804900032542], [-96.76889899994862, 32.9180800001898], [-96.76911800023174, 32.91812100001809], [-96.76913300030034, 32.91765399976482], [-96.76918199980582, 32.91482800026954], [-96.76924399973011, 32.91384000036348], [-96.76926499964651, 32.91371100032054], [-96.7693190000732, 32.91355200013172], [-96.76924499955503, 32.91349400013405], [-96.76921799979084, 32.91343200019852], [-96.76919100002667, 32.91317600019949], [-96.76917099993517, 32.912964000111224], [-96.76915099984369, 32.91257000022066], [-96.76909899996517, 32.91234800031764], [-96.76906499962998, 32.9122559999365], [-96.76898500016235, 32.91209400018055], [-96.76878900034376, 32.911780999709954], [-96.76890899999437, 32.91112999995239], [-96.76897199974354, 32.91070800003814], [-96.76898400033741, 32.91039699996477], [-96.76900799972856, 32.90978399970319], [-96.76902699999513, 32.90952100033333], [-96.76903200001802, 32.90934699984479], [-96.76903200001802, 32.909195000273726], [-96.76913400012526, 32.909197000319416], [-96.76939199986812, 32.909188000113545], [-96.76940000026404, 32.90885900025622], [-96.76939400041626, 32.90875799977055], [-96.76936199973088, 32.90819799978834], [-96.76935400023329, 32.90742300013152], [-96.76936199973088, 32.90663299970328], [-96.76938699984524, 32.90554299990363], [-96.76967300007551, 32.905602999957885], [-96.76999199991774, 32.905728000254584], [-96.77025100038384, 32.905880999804374], [-96.77049200040825, 32.90617699980466], [-96.77068700040192, 32.906483000105005], [-96.77081600027334, 32.906324999810835], [-96.77180200011234, 32.905925000182975]]]}, "properties": {"zcta": "75243", "od2a_death_residence_rank_2016_2024": null, "od2a_death_residence_count_2016_2024": null, "od2a_opioid_ed_visits_rank_2024": 2, "od2a_opioid_ed_visits_count_2024": null, "in_required_baseline_12": false, "source": "DCHHS OD2A 2024 Annual Surveillance Report, p.18 (Figure 21)", "geometry_source": "US Census Bureau TIGERweb 2020 ZCTA (ArcGIS REST)", "retrieved": "2026-09-01"}}]}