name,address,zip,category,source,lat,lon,geoid,open_24h,n_source_rows_merged
LA JOVA HAIR & NAIL GALLERY,1128 W CAMP WISDOM RD,75232,barbershop_beauty,CO,32.662098,-96.840482,48113011101,,1
CROWN SPIRITS & BEVERAGES,8451 PARK LANE,75231,liquor_store,CO;TABC,32.871092,-96.759518,48113007821,,2
BARRY'S BOOTCAMP,3600 MCKINNEY AVE Ste:150,75204,barbershop_beauty,CO,32.807443,-96.797332,48113000704,,1
EL MAYOREO MEAT MARKET,1105 S WALTON WALKER BLVD,75211,convenience_corner_store,CO,32.735976,-96.920375,48113021200,,1
BOOST,3225 FORT WORTH AVE Ste:160,75211,convenience_corner_store,CO,32.75407,-96.873157,48113006900,,1
"BSY DALLAS, LLC",5118 W LOVERS LN,75209,barbershop_beauty,CO,32.851173,-96.822855,48113007102,,1
1 QUICK STOP,3525 W LEDBETTER DR Ste:A,75233,convenience_corner_store,CO,32.691306,-96.879131,48113010806,,1
GENJI SUSHI,2118 ABRAMS RD Ste:100,75214,convenience_corner_store,CO,32.81566,-96.752887,48113000100,,1
DOMINO'S,13410 PRESTON RD Ste:B,75240,convenience_corner_store,CO,32.930325,-96.803464,48113013608,,1
LIDO,7035 JOHN W CARPENTER FWY,75247,other_storefront,CO,32.815235,-96.868242,48113010003,,1
YOU SALON,4828 COLUMBIA AVE Ste:220,75226,barbershop_beauty,CO,32.794984,-96.763711,48113001502,,1
DOMINO'S,6045 SHERRY LN,75225,convenience_corner_store,CO,32.862156,-96.80744,48113007301,,1
POSTURE PERFECT WELLNESS CENTER,15110 DALLAS PKWY Ste:102,75248,barbershop_beauty,CO,32.955184,-96.821642,48113013620,,1
SAMS CLUB 6182,3972 N CENTRAL EXPY,75204,convenience_corner_store,CO,32.808151,-96.792705,48113000802,,1
SAM,3964 N CENTRAL EXPY,75204,convenience_corner_store,CO,32.809735,-96.792067,48113000802,,1
SALON A' LA MODE,7989 BELT LINE RD Ste:139 1C,75248,barbershop_beauty,CO,32.950892,-96.769409,48113013607,,1
STUDIO 6 FITNESS,7317 GASTON AVE Ste:150,75214,barbershop_beauty,CO,32.812005,-96.730969,48113000100,,1
HUB CITY PRODUCTIONS,830 EXPOSITION AVE Ste:214,75226,barbershop_beauty,CO,32.782366,-96.767136,48113020300,,1
F45 TRAINING DALLAS MAIN STREET,1517 MAIN ST,75201,barbershop_beauty,CO,32.780726,-96.798809,48113003103,,1
ETCETERA REAL ESTATE,1034 W CAMP WISDOM RD,,barbershop_beauty,CO,32.644055,-97.015995,48113016417,,1
ZACK CHEVRON AND DELI,17604 DAVENPORT RD,,convenience_corner_store,CO,28.501693,-81.65082,,,1
BELLA'S NUTRITION,2304 W CLARENDON DR,75208,barbershop_beauty,CO,32.734641,-96.855531,48113005200,,1
REDDY & GO CONVENIENT,1616 S EWING AVE,75216,convenience_corner_store,CO,32.727495,-96.811411,48113005500,,1
MD & ASSOCIATES,3535 MARVIN D LOVE FWY Ste:100,75224,other_storefront,CO,32.700491,-96.83721,48113006001,,1
AT&T AUTHORIZED RETAILER #2406,5521 GREENVILLE AVE Ste:101,,convenience_corner_store,CO,32.853854,-96.769369,48113007909,,1
ELLIS HILL LLC,5001 W LOVERS LN,75209,convenience_corner_store,CO,32.851271,-96.825005,48113007302,,1
FOOD PLUS 3,9602 SCYENE RD,75227,convenience_corner_store,CO,32.762615,-96.656349,48113012000,,1
LONDON BARBERS,8632 SKILLMAN ST,75243,barbershop_beauty,CO,32.895645,-96.722919,48113007835,,1
JUST LIQUOR,6106 SKILLMAN ST,75231,liquor_store,CO;TABC,32.863031,-96.748745,48113007809,,2
GUY MEZGER'S COMBAT SPORTS CLUB,13344 PRESTON RD,75240,barbershop_beauty,CO,32.928612,-96.803458,48113013608,,1
METRO BY T-MOBILE,4022 W CAMP WISDOM RD,75237,convenience_corner_store,CO,32.661914,-96.885352,48113010904,,1
THE SUPER CLEANERS,2411 W KIEST BLVD,75233,laundromat,CO,32.705772,-96.857935,48113010806,,1
THERAPEUTIC SPA,13237 MONTFORT DR Ste:A,75240,barbershop_beauty,CO,32.928667,-96.811367,48113013628,,1
HAIRSTORY,1906 N HENDERSON AVE Ste:A,75206,barbershop_beauty,CO,32.811358,-96.774503,48113000902,,1
LUXX SPORTS NUTRITION,508 W JEFFERSON BLVD,75208,convenience_corner_store,CO,32.743116,-96.830672,48113005000,,1
LOWER GREENVILLE BARBER SHOP,2915 GREENVILLE AVE,75206,barbershop_beauty,CO,32.823646,-96.770146,48113000202,,1
URBAN AIR DALLAS,14902 PRESTON RD Ste:1100,,other_storefront,CO,32.951326,-96.803474,48113013606,,1
DRY CLEAN SUPERCENTER,9111 FOREST LN,75243,laundromat,CO,32.909224,-96.746496,48113007810,,1
REFINED FITNESS,3612 GREENVILLE AVE,75206,barbershop_beauty,CO,32.831728,-96.770143,48113000202,,1
BEST ONE BROW ART & SALON,2723 S BUCKNER BLVD,75227,barbershop_beauty,CO,32.758749,-96.682882,48113009101,,1
RELAX AND HEAL MASSAGE,5440 HARVEST HILL RD Ste:167,75230,barbershop_beauty,CO,32.92204,-96.815899,48113009604,,1
I&L THRIFT STORE,4138 S LANCASTER RD,75216,convenience_corner_store,CO,32.698749,-96.795345,48113005700,,1
MAMA DONUTS,1219 E RED BIRD LN,75241,convenience_corner_store,CO,32.674971,-96.805168,48113011300,,1
J'S MINI MART,9595 SCYENE RD,75227,convenience_corner_store,CO,32.763206,-96.657437,48113012102,,1
O'REILLY AUTO PARTS,9835 WALNUT HILL LN,75238,grocery_food_mart,CO,32.878981,-96.716508,48113013009,,1
EL CORRAL WESTERN BOOTS,11117 HARRY HINES BLVD Ste:120,75229,grocery_food_mart,CO,32.887441,-96.888192,48113009900,,1
SPA IN THE CITY,5009 W LOVERS LN,75209,barbershop_beauty,CO,32.851268,-96.824786,48113007302,,1
CIAO BY CIVELLO'S,1318 N PEAK ST,75204,convenience_corner_store,CO,32.79836,-96.778762,48113001503,,1
LAVANDERIA,8202 SPRING VALLEY RD Ste:400,75240,laundromat,CO,32.939801,-96.762903,48113019208,,1
BLOW SALON,5770 ABRAMS RD,75214,barbershop_beauty,CO,32.855466,-96.75116,48113007902,,1
PALELERIA Y NEVERIA LA MICHOACANA,8086 SPRING VALLEY RD,75240,convenience_corner_store,CO,32.939819,-96.766759,48113019208,,1
EL REY BANQUET HALL,14010 C F HAWN FWY,75253,other_storefront,CO,32.673334,-96.597038,48113017005,,1
THE MODA,8096 SPRING VALLEY RD,75240,convenience_corner_store,CO,32.93982,-96.76647,48113019208,,1
UNIQUE BOUTIQUE AND MORE,1412 BONNIE VIEW RD,75203,convenience_corner_store,CO,32.732189,-96.793562,48113005500,,1
3D SMOKE SHOP #4,9008 GARLAND RD,75218,other_storefront,CO,32.827402,-96.709684,48113008102,,1
LEAGCY BARBER,1809 BALBOA PL,75224,barbershop_beauty,CO,32.727084,-96.843726,48113006302,,1
THE HOUSE OF BEAUTY QUEENS,412 N TYLER ST,75208,barbershop_beauty,CO,32.748214,-96.837591,48113004600,,1
JOSIE ICE CREAM & FRUIT,500 S FITZHUGH AVE,75223,convenience_corner_store,CO,32.792427,-96.760508,48113002400,,1
FOUNDRY COMMERCIAL,8144 WALNUT HILL LN Ste:140,75231,barbershop_beauty,CO,32.8813,-96.766354,48113007822,,1
FRIENDLY FOOD MART DELI,2200 CEDAR CREST BLVD,75203,convenience_corner_store,CO,32.730958,-96.794746,48113005500,,1
PLACIDA COCINA,6939 SCYENE RD Ste:A,75227,convenience_corner_store,CO,32.763516,-96.700988,48113008401,,1
LAWSON CONVENIENCE STORE,421 W LAWSON RD Ste:40,75253,convenience_corner_store,CO;TABC,32.697049,-96.577079,48113017101,,2
AMIGO FOOD STORE,722 S BEACON ST Ste:100,75223,convenience_corner_store,CO,32.796818,-96.750938,48113002400,,1
SLEEP NUMBER,8421 PRESTON RD,75225,convenience_corner_store,CO,32.865246,-96.804171,48113019501,,1
EL CHIROLO,2244 GUS THOMASSON RD,75228,convenience_corner_store,CO,32.834757,-96.676789,48113012400,,1
SINGLETON TATTOO,435 SINGLETON BLVD,75212,barbershop_beauty,CO,32.778595,-96.83138,48113010102,,1
MAGIC HOUR,421 N TYLER ST,75208,convenience_corner_store,CO,32.748288,-96.837591,48113004600,,1
CLASS CYCLE CLUB,2801 N CENTRAL EXPY Ste:100,75204,barbershop_beauty,CO,32.806373,-96.793729,48113000704,,1
MARK MERCHANT - HIGHER TRUTH TATTOO,9105 DICEMAN DR,75218,barbershop_beauty,CO,32.824271,-96.703251,48113008102,,1
COUNTRY BOY CONVENIENCE STORE,733 S BUCKNER BLVD,75217,convenience_corner_store,CO,32.724981,-96.683023,48113009301,,1
PARLIAMENT,2418 ALLEN ST,75204,other_storefront,CO,32.798473,-96.799408,48113001703,,1
THE SWEAT SHOP,202 S TYLER ST,75208,barbershop_beauty,CO,32.744169,-96.837617,48113004600,,1
LASHELL'S BEDSHEETS + COMFORTERS,2454 W KIEST BLVD,75233,convenience_corner_store,CO,32.705646,-96.858496,48113010806,,1
RISE NATION,4640 MCKINNEY AVE Ste:140,75205,barbershop_beauty,CO,32.823431,-96.787148,48113000706,,1
LEELA'S/MILLI,1914 GREENVILLE AVE,75206,other_storefront,CO,32.813321,-96.770205,48113001002,,1
SQUEEZED,5964 W NORTHWEST HWY,75225,convenience_corner_store,CO,32.865492,-96.805522,48113007301,,1
SOPHIA SALON SUITES & SPA,15340 DALLAS PKWY Ste:2220,75248,barbershop_beauty,CO,32.958318,-96.820952,48113013620,,1
RASIKMANI GROUP,325 N ST PAUL ST Ste:C3,75201,convenience_corner_store,CO,32.783366,-96.796939,48113002100,,1
7-ELEVEN CONVENIENCE STORE #39059B,3976 ROSEMEADE PKWY,,convenience_corner_store,CO,33.010419,-96.844048,,,1
DANIEL YANEZ (ELEVATE),1005 W JEFFERSON BLVD Ste:402,75208,barbershop_beauty,CO,32.743247,-96.839941,48113004600,,1
THE COZY COTTAGE CHILDREN'S BOUTIQUE,2525 W JEFFERSON BLVD,75211,convenience_corner_store,CO,32.748185,-96.859874,48113004500,,1
PARK LANE PHARMACY,8405 PARK LN Ste:100,75231,convenience_corner_store,CO,32.871164,-96.760169,48113007830,,1
DAIRY MART #2,5112 W DAVIS ST,75211,convenience_corner_store,CO;TABC,32.749516,-96.911073,48113010701,,2
U BREAK I FIX,3406 OAK LAWN AVE,75219,barbershop_beauty,CO,32.811254,-96.806365,48113000605,,1
GATEWAY 24,3915 LINFIELD RD,75216,convenience_corner_store,CO;TABC,32.714292,-96.758079,48113021100,,2
UPTOWN RX PHARMACY & NUTRITION,3408 OAK LAWN AVE,75219,convenience_corner_store,CO,32.811348,-96.806253,48113000605,,1
PRETTY MONEY STYLE'Z,4126 METROPOLITAN AVE,75210,barbershop_beauty,CO,32.774707,-96.750109,48113002703,,1
DALLAS NAIL BAR,9051 GARLAND RD,75218,barbershop_beauty,CO,32.828337,-96.709075,48113008101,,1
FREE MY MUSIC,1914 ABRAMS PKWY,75214,convenience_corner_store,CO,32.813594,-96.752726,48113001400,,1
FAMILY DOLLAR STORE #6957,10909 WEBB CHAPEL RD Ste:150,75229,grocery_food_mart,CO,32.897168,-96.871008,48113009611,,1
Y DONUTS,1904 RECORD CROSSING RD,75235,convenience_corner_store,CO,32.817586,-96.850761,48113010001,,1
THE ALCOVE,2907 STATE ST,75204,liquor_store,CO;TABC,32.797689,-96.79749,48113001703,,2
IVORY AUSTIN BEAUTY SALON,2411 ANN ARBOR AVE,75216,barbershop_beauty,CO,32.699312,-96.782291,48113008703,,1
ST NAILS AND SPA,14760 PRESTON RD Ste:112,75254,barbershop_beauty,CO,32.948886,-96.803457,48113013608,,1
THE GENT'S PLACE - UPTOWN,3227 MCKINNEY AVE Ste:103,75204,barbershop_beauty,CO,32.803959,-96.799603,48113001801,,1
ELITE PHARMACY,1709 MARTIN LUTHER KING JR BLVD Ste:C,75215,convenience_corner_store,CO,32.762337,-96.776373,48113020900,,1
MILL CITY KUTTZ,2212 LAGOW ST,75210,barbershop_beauty,CO,32.775298,-96.750535,48113002703,,1
EUROMART,12243 E NORTHWEST HWY Ste:103,75228,convenience_corner_store,CO,32.86418,-96.668456,48113012701,,1
"BAD AXE THROWING USA, INC.",5438 EAST GRAND AVE,75223,other_storefront,CO,32.792753,-96.748438,48113001202,,1
BLUE SKY BEAUTY SALON,3203 N WESTMORELAND RD,75212,barbershop_beauty,CO,32.780788,-96.87389,48113010500,,1
DALLAS CABARET,2438 WALNUT RIDGE ST,75229,other_storefront,CO,32.883909,-96.896262,48113009900,,2
BELLS AND BARBELLS LLC,5033 WILLIS AVE Ste:B,75206,barbershop_beauty,CO,32.82019,-96.785279,48113000901,,1
TEXAS ICE VENDING,3021 N BUCKNER BLVD,75228,convenience_corner_store,CO,32.809027,-96.683759,48113012210,,1
NICE BRAIDS AND BEAUTY SUPPLY,9243 SKILLMAN ST Ste:104,75243,convenience_corner_store,CO,32.903482,-96.71395,48113018505,,1
CYCLE GEAR,1310 N RIVERFRONT BLVD,75207,grocery_food_mart,CO,32.789237,-96.819565,48113010003,,1
UNCLE LEE GROCERY,3839 DIXON AVE,75210,convenience_corner_store,CO;TABC,32.765672,-96.733645,48113011500,,2
THE BLACK IVY,3002 COMMERCE ST,75226,barbershop_beauty,CO,32.78374,-96.780354,48113020401,,1
"SRI AGS, INC",8240 SCYENE RD Ste:110,75227,convenience_corner_store,CO,32.763402,-96.678405,48113009001,,1
THE LOFT SALON,4215 HERSCHEL AVE Ste:C,75219,barbershop_beauty,CO,32.820662,-96.803881,48113000607,,1
CK WASH & DRY LAVANDERIA,3734 W CLARENDON DR,75211,laundromat,CO,32.734918,-96.882548,48113006501,,1
DTC BARBER & BEUTY SALON,1116 E RED BIRD LN,75241,barbershop_beauty,CO,32.674864,-96.807421,48113011202,,1
HAIR,4209 HERSCHEL AVE,75219,barbershop_beauty,CO,32.820662,-96.804042,48113000607,,1
SOCIETY OF VENCENT DE PAUL,5750 PINELAND DR Ste:280,75231,convenience_corner_store,CO,32.878281,-96.757738,48113007815,,1
BOARD ROOM SALON FOR MEN,8031 WALNUT HILL LN Ste:1100,75231,barbershop_beauty,CO,32.880752,-96.76723,48113007822,,1
MASTERS LAVANDERIAS,1346 N MASTERS DR Ste:300,,laundromat,CO,32.736104,-96.648265,48113011902,,1
PIZZA HUT #034493,9310 E R L THORNTON FWY Ste:106,75228,convenience_corner_store,CO,32.796769,-96.686365,48113012207,,1
ABRAMS FOOD BEER & WINE,12121 ABRAMS RD,75243,liquor_store,CO;TABC,32.913495,-96.73552,48113019035,,2
PIZZA HUT #034527,2343 GUS THOMASSON RD,75228,convenience_corner_store,CO,32.83487,-96.674217,48113012702,,1
FAMILY DOLLAR STORE,2618 S LANCASTER RD,75216,grocery_food_mart,CO,32.71645,-96.804321,48113008801,,1
MY HEARING CENTER -CENTRO DE AUDIOLOGIA,2426 W KIEST BLVD,75233,convenience_corner_store,CO,32.705646,-96.858082,48113010806,,1
MOD GALLERY,1802 MCMILLAN AVE Ste:A,75206,convenience_corner_store,CO,32.811717,-96.774743,48113001002,,1
"SHAMAR LLC, (ARMSTRONG MCCALL)",13394 PRESTON RD,75240,convenience_corner_store,CO,32.929798,-96.803462,48113013608,,1
VANITY LIFE STUDIO,1505 FEDERAL ST Ste:400,75201,other_storefront,CO,32.78327,-96.799569,48113002100,,1
GLOBAL PHARMACY,2231 SINGLETON BLVD Ste:101,75212,convenience_corner_store,CO,32.778774,-96.858248,48113020500,,1
HEROES SPORT GRILL,3094 N STEMMONS FWY,75247,other_storefront,CO,32.812433,-96.860873,48113010001,,1
BOOST MOBILE,2266 GUS THOMASSON RD,75228,convenience_corner_store,CO,32.834758,-96.676577,48113012400,,1
VAPOR ZONE,1707 BARNES BRIDGE RD,75228,convenience_corner_store,CO,32.850675,-96.678906,48113012701,,1
THE COROLINE NAIL AND BEAUTY LOUNGE,715 FORT WORTH AVE,75208,barbershop_beauty,CO,32.770788,-96.834938,48113004300,,1
JEFFERSON BRIDAL,215 W JEFFERSON BLVD Ste:B,75208,convenience_corner_store,CO,32.743165,-96.825294,48113004700,,1
AFC SUSHI @ROSS TOWER CAFE,500 N AKARD ST,75201,convenience_corner_store,CO,32.78429,-96.800619,48113002100,,1
THIS & THAT,3152 E LEDBETTER DR,75216,convenience_corner_store,CO,32.697423,-96.766167,48113008701,,1
SUNSHINE BEAUTIFUL OLD & NEW,619 E JEFFERSON BLVD,75203,convenience_corner_store,CO,32.747543,-96.815063,48113004800,,1
DELIA'S PLACE,915 W JEFFERSON BLVD,75208,convenience_corner_store,CO,32.743233,-96.838414,48113004600,,1
PLAY STREET MUSEUM,7130 SKILLMAN ST Ste:150,75231,other_storefront,CO,32.876469,-96.734751,48113007826,,1
THE GAS PIPE,9515 SKILLMAN ST,75243,other_storefront,CO,32.906272,-96.710682,48113018505,,1
THE GAS PIPE,2053 W NORTHWEST HWY Ste:87,75220,other_storefront,CO,32.866718,-96.906496,48113009900,,1
THE GAS PIPE,4420 MAPLE AVE,75219,other_storefront,CO,32.810779,-96.821791,48113000405,,1
THE GAS PIPE #6,5506 E R L THORNTON FWY,75223,other_storefront,CO,32.790881,-96.747445,48113002500,,1
AVE MARIA CATHOLIC BOOKS AND GIFTS,2353 GUS THOMASSON RD,75228,convenience_corner_store,CO,32.834871,-96.674413,48113012702,,1
3606,3606 GREENVILLE AVE Ste:B,75206,other_storefront,CO,32.831822,-96.770144,48113000202,,1
DALLAS LDS BOOK LLC,13536 PRESTON RD Ste:100,75240,convenience_corner_store,CO,32.93183,-96.803471,48113013608,,1
SUPER TRACK,3809 E KIEST BLVD,75203,convenience_corner_store,CO,32.738752,-96.788694,48113021100,,1
REFRESQUERIA LA BOTANA,11200 HARRY HINES BLVD Ste:H3,75229,convenience_corner_store,CO,32.889045,-96.888727,48113009900,,1
MOYA SCHOOL OF WRESTLING,2112 S COCKRELL HILL RD Ste:A,75211,barbershop_beauty,CO,32.72281,-96.891423,48113006502,,1
LEAVE YOUR HAT BARBER SHOP,3511 SUNNYVALE ST,75216,barbershop_beauty,CO,32.712104,-96.784434,48113008802,,1
SCHAFFINO'S HAIR STUDIO,12959 JUPITER RD Ste:130,75238,barbershop_beauty,CO,32.872351,-96.683181,48113013010,,1
S & J SHOP,3618 S TYLER ST,75224,convenience_corner_store,CO,32.699433,-96.837188,48113006002,,1
POWER HOUSE PHARMACY RX LLC,2726 W MOCKINGBIRD LN,75235,convenience_corner_store,CO,32.82997,-96.841928,48113000409,,1
"HUMBLE, SIMPLY GOOD PIES",9014 GARLAND RD,75218,convenience_corner_store,CO,32.827573,-96.709481,48113008102,,1
SAVVY'S SALES,610 N TYLER ST,75208,convenience_corner_store,CO,32.749988,-96.837581,48113004202,,1
POETIC TRAUMA THERAPY CENTER,1627 PACIFIC AVE Ste:B2,75201,barbershop_beauty,CO,32.782386,-96.798474,48113003103,,1
FLEA STYLE,3009 COMMERCE ST,75226,grocery_food_mart,CO,32.783816,-96.779931,48113020401,,1
ERRICK GAME ROOM,3509 FORDHAM RD,75216,other_storefront,CO,32.71522,-96.764398,48113008701,,1
WALGREENS #03956,1104 S WESTMORELAND RD,75211,grocery_food_mart,CO;TABC,32.73399,-96.874185,48113006402,,2
STUDIO 4250,4250 S FITZHUGH AVE Ste:A,75210,barbershop_beauty,CO,32.777241,-96.751283,48113002703,,1
BIO MECHANICS,8222 DOUGLAS AVE Ste:670,75225,barbershop_beauty,CO,32.862994,-96.808509,48113007301,,1
DULCERIA Y PINATERIA ROSS,2256 GUS THOMASSON RD,75228,convenience_corner_store,CO,32.834757,-96.676659,48113012400,,1
HEY BEAUTY,6181 BONNIE VIEW RD Ste:140,75241,convenience_corner_store,CO,32.671291,-96.762035,48113020200,,1
LOS REGIONALES,5530 MILITARY PKWY,75227,other_storefront,CO,32.781577,-96.724347,48113008402,,1
7-ELEVEN CONVENIENCE STORE #35400A,10208 LAKE JUNE RD,75217,grocery_food_mart,CO,32.733986,-96.647726,48113011801,,1
DALLAS SHIRT PRINTING,11349 HARRY HINES BLVD,75229,convenience_corner_store,CO,32.894109,-96.890953,48113009900,,1
REAL HAIR BEAUTY BAR,3229 W CAMP WISDOM RD,75237,barbershop_beauty,CO,32.662517,-96.873021,48113010904,,1
NEW QUICK WAY MART NO.3,3322 SYLVAN AVE,75212,convenience_corner_store,CO,32.782242,-96.83573,48113010102,,1
INDOCHINO,3119 KNOX ST,75205,convenience_corner_store,CO,32.822747,-96.787802,48113000705,,1
ANATOLIA RUG GALLERY,401 W MOCKINGBIRD LN,75247,convenience_corner_store,CO,32.805157,-96.873752,48113010003,,1
7-ELEVEN CONVENIENCE STORE #21368C,2120 GREENVILLE AVE,75206,grocery_food_mart,CO,32.81569,-96.770184,48113001002,,1
S & K GROCERY,2801 S MARSALIS AVE,75216,grocery_food_mart,CO;TABC,32.71296,-96.81463,48113005600,,2
DAISY CAKES,5200 LEMMON AVE Ste:101,75209,convenience_corner_store,CO,32.825413,-96.821217,48113000611,,1
DURO PILATES REFORMED,1314 W DAVIS ST Ste:120,75208,barbershop_beauty,CO,32.749513,-96.843698,48113004202,,1
DEES WAY GROCERY,112 N COLLETT AVE Ste:132,75214,convenience_corner_store,CO;OSM;TABC,32.796966,-96.762422,48113001302,,3
BLADE CRAFT BARBER ACADEMY,2719 MAIN ST,75226,barbershop_beauty,CO,32.783873,-96.783642,48113020401,,1
ROOTS AND WATER LLC,2200 VANTAGE ST Ste:100,75207,other_storefront,CO,32.798792,-96.833342,48113010003,,1
L & M LUXURY BALLROOM,11538 HARRY HINES BLVD Ste:B4,75229,other_storefront,CO,32.901525,-96.893045,48113009900,,1
WAIKIKI TERIYAKI,4344 S HAMPTON RD Ste:150,,convenience_corner_store,CO,32.690596,-96.856994,48113011004,,1
ABOVE N BEYOND,111 E SANER AVE,75216,barbershop_beauty,CO,32.713134,-96.822378,48113005600,,1
JOY WASH N DRY #1,2605 FORT WORTH AVE Ste:500,75211,laundromat,CO,32.758222,-96.864764,48113006800,,1
DQ DESIGNS,1505 S EWING AVE Ste:100,75216,barbershop_beauty,CO,32.729276,-96.811445,48113005400,,1
HARDYS LOUNGE,3628 SAMUELL BLVD,75223,other_storefront,CO,32.792965,-96.732948,48113001202,,1
CREAMISTRY,1929 GREENVILLE AVE,75206,convenience_corner_store,CO,32.814422,-96.770195,48113001101,,1
7-ELEVEN CONVENIENCE STORE #35409B,1607 INWOOD RD,75247,grocery_food_mart,CO;TABC,32.811771,-96.849259,48113010001,,2
BOOST MOBILE,3402 N BUCKNER BLVD Ste:307,75228,convenience_corner_store,CO,32.804593,-96.682396,48113012302,,1
7-ELEVEN CONVENIENCE STORE #24579B,3733 W NORTHWEST HWY,75220,convenience_corner_store,CO;TABC,32.860961,-96.855705,48113009802,,2
FRANKIES FOOD MART,6449 GREENVILLE AVE,75206,convenience_corner_store,CO,32.863098,-96.767426,48113007912,,1
ERVAY THEATER,1707 S ERVAY ST,75215,other_storefront,CO,32.770741,-96.788296,48113020402,,1
STRETCH ZONE,8307 PRESTON RD,75225,barbershop_beauty,CO,32.864145,-96.804178,48113019501,,1
410 MARKET,410 N BISHOP AVE,75208,convenience_corner_store,CO,32.748697,-96.828314,48113004700,,1
HEAVEN BRIDAL QUINCEANERAS FORMAL WEAR,318 W JEFFERSON BLVD Ste:A,75208,convenience_corner_store,CO,32.743097,-96.826795,48113005000,,1
GEN MERCH-CLOTHING STORE,3326 ELSIE FAYE HEGGINS ST Ste:120,75215,other_storefront,CO,32.760847,-96.746971,48113020800,,1
CATLIN WILSON DESIGN LLC,5037 WILLIS AVE,75206,grocery_food_mart,CO,32.820186,-96.785559,48113000901,,1
SAM'S CHEVRON,3100 W MOCKINGBIRD LN,75235,convenience_corner_store,CO,32.832633,-96.83871,48113000409,,1
TOWER CLEANERS,1509 JACKSON ST Ste:130,75201,barbershop_beauty,CO,32.779362,-96.798017,48113003103,,1
LONE STAR SHOP,7629 MILITARY PKWY,75227,barbershop_beauty,CO,32.771064,-96.690219,48113008500,,1
O'REILLY AUTO PARTS,4016 W ILLINOIS AVE,75211,grocery_food_mart,CO,32.72029,-96.885211,48113006502,,2
CIRCLE K / VALERO # 2741592,3010 N WESTMORELAND RD,75212,grocery_food_mart,CO,32.778894,-96.873754,48113020500,,1
PLANET BARDOT,3117 KNOX ST,75205,convenience_corner_store,CO,32.822737,-96.787773,48113000705,,1
SMOKE N PEACE,10531 E NORTHWEST HWY Ste:D,75238,convenience_corner_store,CO,32.864302,-96.702751,48113013005,,1
THE TRAINING ROOM DALLAS,128 N PEAK ST,75226,barbershop_beauty,CO,32.790569,-96.769722,48113001502,,1
JUPITER GARDENS EVENT CENTER,11325 PEGASUS ST Ste:E118,75238,other_storefront,CO,32.875477,-96.685057,48113013011,,1
FRANK'S BARBER SHOP,1424 FERNDALE AVE,75224,barbershop_beauty,CO,32.726243,-96.845703,48113006302,,1
SALON DV8,509 W DAVIS ST Ste:100,75208,barbershop_beauty,CO,32.749468,-96.830781,48113004201,,1
JUSTINK,4110 W CAMP WISDOM RD Ste:B,75237,barbershop_beauty,CO,32.661908,-96.886841,48113010904,,1
DUNHILL PARTNERS,1250 SLOCUM ST Ste:750C,75207,convenience_corner_store,CO,32.789582,-96.816348,48113010003,,1
HICKORY STREET ANNEX,501 2ND AVE Ste:B100,75226,other_storefront,CO,32.782144,-96.772429,48113020401,,1
MY MERMAID HAIR SALON,4301 BELMONT AVE,75204,barbershop_beauty,CO,32.8079,-96.789509,48113000802,,1
TACOS SAZON,4441 LAWNVIEW AVE Ste:A,75227,convenience_corner_store,CO,32.783248,-96.721429,48113008402,,1
AL 100,4814 S LAMAR ST,75215,other_storefront,CO,32.746552,-96.762703,48113020900,,1
SIGEL'S WINE & SPIRITS #97,2960 ANODE LN,75220,liquor_store,CO,32.876723,-96.878514,48113009803,,1
AUTHORIZED DEALER OF METRO BY T-MOBILE,2912 S BUCKNER BLVD,75227,convenience_corner_store,CO,32.761688,-96.68268,48113009001,,1
SMOOTHIE KING,3233 W WHEATLAND RD,75237,grocery_food_mart,CO,32.647567,-96.873505,48113016635,,1
SMOOTHIE KING,3560 FRANKFORD RD,,convenience_corner_store,CO,43.476192,-83.285456,,,1
CHILL 360 DOH,2646 ELM ST Ste:170,75226,convenience_corner_store,CO,32.784434,-96.78469,48113020401,,1
COX FARMS MARKET,778 FORT WORTH AVE Ste:100,75208,grocery_food_mart,CO,32.769918,-96.835695,48113004300,,1
KIEST SHELL,4411 W KIEST BLVD,75236,convenience_corner_store,CO;TABC,32.70582,-96.891871,48113010807,,2
"1107 DRAGON, LLC",1107 DRAGON ST,75207,other_storefront,CO,32.78794,-96.817134,48113010003,,1
LUCKY DOG BOOKS,10534 GARLAND RD,75218,grocery_food_mart,CO,32.843244,-96.690439,48113012802,,1
A-1 AUTO,5900 W DAVIS ST,75211,grocery_food_mart,CO,32.749588,-96.921796,48113010701,,1
INDEPENDENCE FUEL SYSTEMS,8181 S LANCASTER RD,75241,gas_station,CO,32.649109,-96.781884,48113016711,True,1
SANTA MARIA HAIR SALON,5423 EAST GRAND AVE,75223,barbershop_beauty,CO,32.792511,-96.748702,48113001202,,1
ELOISA'S STORE,130 N PEAK ST,75226,convenience_corner_store,CO,32.790574,-96.769729,48113001502,,1
JP DISCOUNT BEER & WINE,9757 WEBB CHAPEL RD,75220,convenience_corner_store,CO,32.868548,-96.864806,48113009804,,1
BODY TECH LLC,12829 PRESTON RD Ste:401,75230,barbershop_beauty,CO,32.923668,-96.803627,48113009604,,1
RH,4529 MCKINNEY AVE,75205,grocery_food_mart,CO,32.821472,-96.788162,48113000705,,1
RICHARD BROOKS FABRICS,1645 N STEMMONS FWY Ste:C2,75207,convenience_corner_store,CO,32.797608,-96.818037,48113010003,,1
ROBS CHOP SHOP,3613 PARRY AVE Ste:A,75226,barbershop_beauty,CO,32.781862,-96.766453,48113020300,,1
YUMI YOGURT,600 N PEARL ST Ste:G202,,convenience_corner_store,CO,42.673699,-73.739269,,,1
GATEWAY NEWSTANDS,1950 N STEMMONS FWY,75207,convenience_corner_store,CO,32.800461,-96.821476,48113010001,,1
EL ANTOJO #2,6867 GREENVILLE AVE,75231,convenience_corner_store,CO,32.870932,-96.765746,48113007822,,1
BLISS NAIL BAR,2019 ABRAMS PKWY,75214,barbershop_beauty,CO,32.814623,-96.752978,48113001102,,1
B.M.W. EVENT CENTER,1510 S EWING AVE,75216,other_storefront,CO,32.729084,-96.811439,48113005400,,1
ROYAL SIGNS DALLAS,2633 ROYAL LN Ste:101A,75229,convenience_corner_store,CO,32.895309,-96.889459,48113009900,,1
BEAUTY SALON & BARBER SHOP NUEVA IMAGEN,4010 URBAN AVE,75227,barbershop_beauty,CO,32.772658,-96.696518,48113008500,,1
GHETTO DREAMS PRODUCTION,6714 BEXAR ST,75215,barbershop_beauty,CO,32.736387,-96.753512,48113011500,,1
SUBURBAN OPTICAL OF DALLAS,6114 LUTHER LN,75225,convenience_corner_store,CO,32.863613,-96.805918,48113007301,,1
TEXACO S & A FOOD MART,11770 FERGUSON RD,75228,convenience_corner_store,CO,32.855189,-96.649531,48113012604,,1
NIKE DALLAS FOOTBALL WAREHOUSE,423 SINGLETON BLVD Ste:100,75212,grocery_food_mart,CO,32.778597,-96.830896,48113010102,,1
ADORE ORGANIC SPA,2410 ALLEN ST,75204,barbershop_beauty,CO,32.797743,-96.798532,48113001703,,1
YAMI'S GO CLIPS SALON,2150 FORT WORTH AVE,75211,barbershop_beauty,CO,32.761556,-96.857704,48113006800,,1
HIGH END LASH LOUNGE,836 W 7TH ST,75208,barbershop_beauty,CO,32.748973,-96.836334,48113004700,,1
BEAUTY SALON LA MODA & BARBER SHOP,4005 URBAN AVE Ste:A,75227,barbershop_beauty,CO,32.77254,-96.696523,48113008500,,1
ADAMS APPLICANCES,1102 S EWING AVE,75216,convenience_corner_store,CO,32.736204,-96.811444,48113021000,,1
SWEAT DANCE MOVEMENT,3207 W CAMP WISDOM RD,75237,barbershop_beauty,CO,32.662458,-96.872669,48113010904,,1
DLM SUPPLY LLC,835 W DAVIS ST,75208,convenience_corner_store,CO,32.749487,-96.83727,48113004201,,1
BERKLEY'S MARKET,1800 MAIN ST Ste:124,75201,grocery_food_mart,CO,32.781142,-96.796818,48113003103,,1
DEARL'S GROCERY,9223 ELAM RD,75217,convenience_corner_store,CO;TABC,32.719574,-96.661769,48113011701,,2
TIGER MART 90,4880 MOUNTAIN CREEK PKWY Ste:100,75236,grocery_food_mart,CO,32.676054,-96.967332,48113016521,,1
SPIRIT HALLOWEEEN,1152 N BUCKNER BLVD Ste:105,75218,grocery_food_mart,CO,32.834265,-96.702851,48113008200,,1
STAR STUDIO SPA,7203 JOHN W CARPENTER FWY Ste:100,75247,barbershop_beauty,CO,32.816437,-96.870039,48113010003,,1
METRO PCS,2131 E LEDBETTER DR,,convenience_corner_store,CO,32.686768,-96.788224,48113008705,,1
LINA THRIFT STORE,623 E JEFFERSON BLVD,75203,convenience_corner_store,CO,32.747649,-96.81486,48113004800,,1
RUBENS GROCERY,1207 E RED BIRD LN,75241,convenience_corner_store,CO,32.674979,-96.804849,48113011300,,1
5 STAR NUTRITION LLC,11260 N CENTRAL EXPY Ste:200,75243,convenience_corner_store,CO,32.901071,-96.768622,48113007823,,1
GALLO NERO ITALIAN BISTRO,1905 GREENVILLE AVE,75206,grocery_food_mart,CO,32.814173,-96.770197,48113001101,,1
AUTHORIZED DEALER OF METRO BY T-MOBILE,2131 E LEDBETTER DR,75216,convenience_corner_store,CO,32.686768,-96.788224,48113008705,,1
THE EIGHT WONDER/ANATOLIAN'S TREASURY,2823 N HENDERSON AVE,75206,convenience_corner_store,CO,32.819643,-96.784041,48113000901,,1
ULTIMATE IMAGE MED SPA,8604 GREENVILLE AVE Ste:102,75243,barbershop_beauty,CO,32.89457,-96.752572,48113007812,,1
CARTER MALOUF PRIVATE JEWELER,12720 HILLCREST RD Ste:380,75230,convenience_corner_store,CO,32.922291,-96.786172,48113013202,,1
7-ELEVEN CONVIENCE STORE #38255A,2691 JOHN WEST RD,75228,convenience_corner_store,CO,32.807062,-96.66839,48113012302,,1
RANDY'S,1600 STOREY LN Ste:100,75220,other_storefront,CO,32.852182,-96.887233,48113010003,,1
DIAMOND FIT CLUB,11231 ALVIN ST Ste:1,75218,barbershop_beauty,CO,32.846277,-96.683687,48113012802,,1
BIDA RANG DONG,10546 WALNUT ST Ste:120,75243,liquor_store,CO;TABC,32.916554,-96.703038,48113019019,,2
PICKLETOPIA,4812 BRYAN ST Ste:102,,convenience_corner_store,CO,32.803371,-96.77405,48113001503,,1
ACE HARDWARE,7586 MOUNTAIN CREEK PKWY,75249,grocery_food_mart,CO,32.632649,-96.944597,48113016526,,1
BOTTLED BLONDE DALLAS - THE BOTTLED BLONDE,505 N GOOD LATIMER EXPY,75204,other_storefront,CO,32.785945,-96.788992,48113002200,,1
VAPE CRAFT CO,4509 LEMMON AVE Ste:100,75219,convenience_corner_store,CO,32.819127,-96.814093,48113000608,,1
SNAPO MART INC.,2613 S LANCASTER RD,75216,convenience_corner_store,CO;TABC,32.715424,-96.80453,48113008801,,2
7-ELEVEN CONVENIENCE STORE #26771C,18118 MIDWAY RD,,convenience_corner_store,CO,32.996971,-96.843771,,,1
PANCHAKANYA ENTERPRISES LLC,7419 S WESTMORELAND RD,75237,convenience_corner_store,CO,32.655779,-96.885172,48113016607,,1
365 FOOD & FUEL #3,353 SINGLETON BLVD,75212,convenience_corner_store,CO;TABC,32.778594,-96.829855,48113010102,,2
HOLLYWOOD FEED,5545 W LOVERS LN,75209,convenience_corner_store,CO,32.851181,-96.817709,48113007301,,1
FOUNTAIN PLACE SUNDRY SHOP,1445 ROSS AVE Ste:B101,75202,convenience_corner_store,CO,32.784457,-96.802201,48113002100,,1
SOULTOPIA,900 W DAVIS ST,75208,convenience_corner_store,CO,32.749489,-96.837782,48113004202,,1
CVS #10948,108 W DAVIS ST,75208,convenience_corner_store,CO,32.749411,-96.823383,48113004700,,1
FAMILY DOLLAR,9554 SCYENE RD,75227,grocery_food_mart,CO,32.763088,-96.657528,48113012000,,1
PRISTINE INK,114 PARKHOUSE ST,75207,barbershop_beauty,CO,32.783383,-96.819144,48113010003,,1
ACID CANDY PRODUCTIONS LLC,3609 PARRY AVE,75226,convenience_corner_store,CO,32.780744,-96.767048,48113020300,,1
BOWLOUNGE,167 TURTLE CREEK BLVD Ste:103,,other_storefront,CO,32.793219,-96.827115,48113010003,,1
M & M FOOD MART,3223 N WESTMORELAND RD,75212,convenience_corner_store,CO;TABC,32.781515,-96.873886,48113010500,,2
BANG BANG BILLIARD INC,2560 ROYAL LN Ste:118,75229,other_storefront,CO,32.895928,-96.893076,48113009900,,1
K-STORY,2548 ROYAL LN,75229,convenience_corner_store,CO,32.895941,-96.893437,48113009900,,1
YIDDISHE KUP,12324 MERIT DR Ste:E100,75251,convenience_corner_store,CO,32.915142,-96.771808,48113013202,,1
REGIO BALLROOM,5115 EAST GRAND AVE Ste:B,75223,other_storefront,CO,32.789502,-96.751996,48113002500,,1
PAUL'S FOOD & FUEL MART,11115 GARLAND RD,75218,convenience_corner_store,CO;TABC,32.847336,-96.685636,48113012802,,2
CAVENDER'S,2475 N STEMMONS FWY,75207,grocery_food_mart,CO,32.804852,-96.837535,48113010003,,1
TEXAS ICE VENDING,6500 SKILLMAN ST Ste:A,75231,convenience_corner_store,CO,32.865103,-96.743538,48113007809,,1
LANCASTER GROCERY,7552 S LANCASTER RD,75241,convenience_corner_store,CO,32.654386,-96.782798,48113016711,,1
KID BIZ,5370 W LOVERS LN Ste:314,75209,grocery_food_mart,CO,32.851136,-96.820037,48113007101,,1
"TEXAS ICE VENDING ,LLC",12175 GARLAND RD,75218,convenience_corner_store,CO,32.863044,-96.671514,48113012801,,1
EL JALE CLUB,1910 S HARWOOD ST,75215,other_storefront,CO,32.772385,-96.783711,48113020402,,1
GIUSEPPE'S ITALIAN KITCHEN,4900 BRYAN ST Ste:A,75206,convenience_corner_store,CO,32.803914,-96.7734,48113001503,,1
SIGNARAMA WHITE ROCK,10618 GARLAND RD,75218,convenience_corner_store,CO,32.843871,-96.689671,48113012802,,1
ZION'S SALON & BOUTIQUE,9730 ABRAMS RD Ste:101,75243,barbershop_beauty,CO,32.908596,-96.735371,48113007810,,1
PLUS 2 BARBER SHOP,7111 MARVIN D LOVE FWY Ste:103,75237,barbershop_beauty,CO,32.661586,-96.871024,48113010904,,1
COLORADO STOP INC,837 N LANCASTER AVE,75203,other_storefront,CO,32.758559,-96.814165,48113002001,,1
SPIRIT HOLLOWEEN,13846 DALLAS PKWY,75240,grocery_food_mart,CO,32.934549,-96.821633,48113013626,,1
SPEED KING WASH & DRY,10100 BRUTON RD Ste:301,75217,laundromat,CO,32.748688,-96.648708,48113011901,,1
GOLD STAR FOOD,2837 E LEDBETTER DR,75216,convenience_corner_store,CO,32.694043,-96.773219,48113008705,,1
ZUMBA THE MAGIC,4850 EAST GRAND AVE Ste:A,75223,barbershop_beauty,CO,32.78765,-96.75408,48113002500,,1
METRO BY T-MOBILE,2318 OATES DR,75228,convenience_corner_store,CO,32.82144,-96.676311,48113012301,,1
GINAZ DREAM HAIR,2606 MARTIN LUTHER KING JR BLVD Ste:216,75215,barbershop_beauty,CO,32.767405,-96.770386,48113020300,,1
DOMINO'S,2419 W ILLINOIS AVE,75233,convenience_corner_store,CO,32.720332,-96.857962,48113010804,,1
TROPHY FITNESS,2812 VINE ST Ste:300,75204,barbershop_beauty,CO,32.799773,-96.801813,48113001801,,1
STUDIO FTLO,1300 S POLK ST Ste:255,75224,barbershop_beauty,CO,32.732483,-96.840052,48113006302,,1
MCFLY'S CLASSIC CUTS,3229 DAWES DR,75211,barbershop_beauty,CO,32.727097,-96.873489,48113006402,,1
TOM THUMB #5803 FUEL CENTER,2720 LIVE OAK ST,75204,grocery_food_mart,CO,32.789145,-96.788715,48113002200,,1
"RC BUSINESS, LLC",8426 LAKE JUNE RD,75217,convenience_corner_store,CO,32.73413,-96.675931,48113009202,,1
KINDRED SPIRITS & WINE,3610 INWOOD RD,75209,liquor_store,CO;TABC,32.831679,-96.825013,48113000609,,2
PIZZA HUT #034543,3439 OAK LAWN AVE Ste:B,75219,convenience_corner_store,CO,32.811789,-96.805828,48113000605,,1
VANES BEAUTY SALON,8428 LAKE JUNE RD,75217,barbershop_beauty,CO,32.734129,-96.675902,48113009202,,1
PHONE-FIX.COM LLC,4321 LEMMON AVE,75219,convenience_corner_store,CO,32.817083,-96.811743,48113000608,,1
CONOCO,9763 WEBB CHAPEL RD,75220,grocery_food_mart,CO,32.869076,-96.864801,48113009804,,1
OLD HAG'S PIZZA & PASTA,1315 W DAVIS ST,75208,convenience_corner_store,CO,32.74951,-96.843533,48113004202,,1
MURPHY EXPRESS,12505 E NORTHWEST HWY,75228,grocery_food_mart,CO,32.864169,-96.66448,48113012601,,1
ORALE LIQUOR STORE,9702 BROCKBANK DR Ste:120,75220,liquor_store,CO,32.866938,-96.875352,48113009804,,1
BONITO FOOD STORE,7020 FAIR OAKS AVE Ste:100 A,75231,convenience_corner_store,CO,32.871699,-96.759574,48113007815,,1
MARKET PLACE,7659 MCCALLUM BLVD Ste:101,,convenience_corner_store,CO,32.987996,-96.775685,,,1
HAMPTON FOOD MART,1232 S HAMPTON RD,75208,grocery_food_mart,CO;TABC,32.732144,-96.856889,48113005300,,2
JBC MARKET,6411 BEXAR ST,75215,convenience_corner_store,CO;TABC,32.738858,-96.753471,48113020800,,2
ARTISAN VAPOR,18352 DALLAS PKWY Ste:124,,convenience_corner_store,CO,32.999145,-96.828957,,,1
2301 FLOE WORLDWIDE,2301 MAY ST,75208,barbershop_beauty,CO,32.772361,-96.827489,48113004300,,1
ALDI FOOD STORE #42,4120 GASTON AVE,75246,grocery_food_mart,CO,32.79465,-96.775941,48113001502,,1
TRINITY CIDER,2656 MAIN ST Ste:120,75226,other_storefront,CO,32.783758,-96.784264,48113020401,,1
A.M. SPORTS,7007 LAKE JUNE RD Ste:150,75217,convenience_corner_store,CO,32.734369,-96.701686,48113009301,,1
PIZZA HUT #034516,603 S TYLER ST Ste:100,75208,convenience_corner_store,CO,32.740057,-96.837643,48113005100,,1
MY PETS WELLNESS,3014 GREENVILLE AVE,75206,convenience_corner_store,CO,32.82575,-96.770159,48113000202,,1
ONE SETTE,2614 MCKINNEY AVE,75204,other_storefront,CO,32.797087,-96.801533,48113001802,,1
FIRST CASH PAWN,11140 HARRY HINES BLVD Ste:150,75229,other_storefront,CO,32.887768,-96.888155,48113009900,,1
TARGET,320 E JEFFERSON BLVD,75203,grocery_food_mart,CO,32.745079,-96.819704,48113004800,,1
DALLAS GENTS,8499 GREENVILLE AVE Ste:108,75231,barbershop_beauty,CO,32.893456,-96.753517,48113007805,,1
PS SALON & SPA,12271 COIT RD Ste:2005,75251,barbershop_beauty,CO,32.916413,-96.769283,48113013202,,1
TEXAS ICE VENDING LLC,6171 BONNIE VIEW RD Ste:BU1,75241,convenience_corner_store,CO,32.671702,-96.762298,48113020200,,1
RICH RAGS CLOTHING STORE,3634 SAMUELL BLVD,75223,convenience_corner_store,CO,32.792965,-96.732142,48113001202,,1
TEXAS ICE VENDING LLC,3221 FALLS DR,75211,convenience_corner_store,CO,32.726341,-96.873595,48113006402,,1
T & K CORNER STORE,116 N BARRY AVE,75214,convenience_corner_store,CO,32.796435,-96.762749,48113001302,,1
HELLO FOOD MART,6411 GREAT TRINITY FOREST WAY,75217,convenience_corner_store,CO,32.712687,-96.711224,48113011601,,1
TOP STAR LLC,2018 W NORTHWEST HWY Ste:110,75220,barbershop_beauty,CO,32.867382,-96.908935,48113009900,,1
G'S VAPE STORE,1504 CENTERVILLE RD,75228,convenience_corner_store,CO,32.842998,-96.68486,48113012702,,1
STUDIO 1216,7303 FERGUSON RD Ste:130,75228,barbershop_beauty,CO,32.796476,-96.720534,48113012208,,1
NEIGHBORHOOD FOOD MART,1802 S DENLEY DR,75216,convenience_corner_store,CO;TABC,32.725565,-96.805562,48113005500,,2
PARK CENTRAL STYLIST,12700 PARK CENTRAL DR Ste:106,75251,barbershop_beauty,CO,32.920818,-96.777031,48113013202,,1
CELESTIAL BEERWORKS,2530 BUTLER ST,75235,liquor_store,CO;TABC,32.820057,-96.833183,48113000407,,2
STAINLESS TATTOO STUDIOS,101 S MUNGER BLVD,75214,barbershop_beauty,CO,32.796213,-96.761074,48113002400,,1
SAM'S,2218 GREENVILLE AVE,75206,grocery_food_mart,CO,32.816304,-96.770181,48113001002,,1
BUILD A BEAR WORKSHOP,1521 N COCKRELL HILL RD Ste:H,75211,grocery_food_mart,CO,32.763549,-96.895452,48113010701,,1
TEXAS ESKIMO,2747 CEDARDALE RD,75241,convenience_corner_store,CO,32.641709,-96.77694,48113016709,,1
VILLAGE SALON,6939 GREENVILLE AVE Ste:B,75231,barbershop_beauty,CO,32.872882,-96.763631,48113007822,,1
TERES WESTERN & BOOTS,8033 LAKE JUNE RD,75217,convenience_corner_store,CO,32.734302,-96.683774,48113009301,,1
BELLA'S GLAM BEAUTY SALON,9620 LAKE JUNE RD Ste:1,75217,barbershop_beauty,CO,32.733999,-96.655892,48113011802,,1
AMIGO SUPERMART,3726 W DAVIS ST,75211,convenience_corner_store,CO;TABC,32.749555,-96.880361,48113006702,,2
7-ELEVEN CONVENIENCE STORE #33494C,18008 PRESTON RD,,convenience_corner_store,CO,32.998063,-96.797708,,,1
FELIX CULPA,3001 N HENDERSON AVE,75206,other_storefront,CO,32.821376,-96.785455,48113000901,,1
PIZZA AZTECA,2914 W DAVIS ST,75211,convenience_corner_store,CO,32.749529,-96.869464,48113004500,,1
QUICK CHANGE ARTIST,820 S CARROLL AVE,75223,barbershop_beauty,CO,32.786861,-96.762097,48113002500,,1
QUEST DIAGNOSTICS,7075 W WHEATLAND RD Ste:110,75249,convenience_corner_store,CO,32.647214,-96.945003,48113016528,,1
GREY GARDENS,1900 S HARWOOD ST,75215,other_storefront,CO,32.772622,-96.783899,48113020402,,1
FAMILY DOLLAR,4947 SINGLETON BLVD,75212,grocery_food_mart,CO,32.778637,-96.90325,48113010601,,1
GRAPHIC END,1910 PACIFIC AVE Ste:2030,75201,convenience_corner_store,CO,32.783023,-96.795516,48113002100,,1
DOLLAR TREE,6301 ABRAMS RD Ste:110,75231,grocery_food_mart,CO,32.860812,-96.745209,48113007809,,1
PRETTY DOLLS BEAUTY BAR,2823 Live Oak Street,75204,barbershop_beauty,CO;OSM,32.789684,-96.788065,48113002200,,2
DALLAS HAIR BY JAY,2805 ALLEN ST Ste:117,75204,barbershop_beauty,CO,32.800889,-96.801262,48113001801,,1
DISCOUNT FOOD MART,7491 S WESTMORELAND RD,75237,convenience_corner_store,CO;TABC,32.655175,-96.885541,48113016607,,2
DEEP ELLUM DENIM,3107 COMMERCE ST,75226,convenience_corner_store,CO,32.784068,-96.778546,48113020401,,1
HEB CENTRAL MARKET #747,4349 W NORTHWEST HWY,75220,grocery_food_mart,CO;TABC,32.863921,-96.83612,48113020600,,2
THE ASHE,5621 W LOVERS LN,75209,convenience_corner_store,CO,32.851174,-96.816652,48113007301,,1
CYCLE BAR,2020 CEDAR SPRINGS RD Ste:180,75201,barbershop_beauty,CO,32.791067,-96.804989,48113001901,,1
BOOST MOBILE,9784 FOREST LN,75243,convenience_corner_store,CO,32.909412,-96.718541,48113018507,,1
"MAD PIE COMPANY, LLC",2420 VICTORY PARK LN,75201,convenience_corner_store,CO,32.787727,-96.809304,48113001902,,1
SMART SET BOUTIQUE,1145 E RED BIRD LN,75241,barbershop_beauty,CO,32.674965,-96.806944,48113011202,,1
RINCON HISPANO,13331 PRESTON RD Ste:2062,75240,convenience_corner_store,CO,32.929466,-96.803616,48113013615,,1
7-ELEVEN CONVENIENCE STORE #17433C,8440 PARK LN,75231,convenience_corner_store,CO;TABC,32.871032,-96.759176,48113007821,,2
WHITEROCK CENTER OF HOPE,10021 GARLAND RD Ste:A,75218,grocery_food_mart,CO,32.839301,-96.695469,48113008200,,1
CONDOM SENSE,2140 W NORTHWEST HWY,75220,convenience_corner_store,CO,32.865247,-96.902467,48113009900,,1
THE HILLS BOUTIQUE,2819 LIVE OAK ST,75204,convenience_corner_store,CO,32.789927,-96.787777,48113002200,,1
THE STUDIO,13336 PRESTON RD,75240,barbershop_beauty,CO,32.928585,-96.803457,48113013608,,1
SPEEDMAX,5931 S R L THORNTON FWY,75232,convenience_corner_store,CO;TABC,32.675093,-96.822954,48113011002,,2
F45 TRAINING (VICTORY PLACE),1775 PAYNE ST Ste:150,75201,barbershop_beauty,CO,32.791725,-96.808266,48113001902,,1
IMPRESSIVE,4711 S LANCASTER RD Ste:A,75216,convenience_corner_store,CO,32.691266,-96.792006,48113008704,,1
NEW FOOT REFLEXOLOGY,2257 ROYAL LN Ste:103,75229,barbershop_beauty,CO,32.895626,-96.902439,48113009900,,1
HEAVENLY NAILS & DAY SPA,7738 FOREST LN,75230,barbershop_beauty,CO,32.909499,-96.773212,48113013101,,1
THE INTERIOR,7807 INWOOD RD,75209,grocery_food_mart,CO,32.850509,-96.821309,48113007101,,1
KIEST FOOD MART,2419 W KIEST BLVD,75233,convenience_corner_store,CO,32.705773,-96.858,48113010806,,1
COLETTE,10821 COMPOSITE DR Ste:300,75220,other_storefront,CO,32.878221,-96.895993,48113009900,,1
F AND B FOODMART,7500 S WESTMORELAND RD,75237,convenience_corner_store,CO,32.654493,-96.885785,48113016607,,1
SEXY NAILS OF DALLAS,2719 S BUCKNER BLVD Ste:100,75227,barbershop_beauty,CO,32.758328,-96.682887,48113009101,,1
DEP LASHES,4123 CEDAR SPRINGS RD Ste:107,75219,barbershop_beauty,CO,32.812419,-96.813057,48113000501,,1
PAN-AFRICAN CONNECTION BOOKSTORE,4466 S MARSALIS AVE,75216,other_storefront,CO,32.690437,-96.814572,48113005901,,1
YOUNGER NAILS & SPA,2713 S LANCASTER RD,75216,barbershop_beauty,CO,32.715113,-96.804533,48113008801,,1
HOLIDAYS BY J. P.,600 N PEARL ST Ste:G201,75201,convenience_corner_store,CO,32.786073,-96.79513,48113001705,,1
K S BEAUTY SUPPLY,9191 FOREST LN Ste:4A,75243,convenience_corner_store,CO,32.909225,-96.743667,48113007810,,1
7-ELEVEN CONVENIENCE STORE #12202A,4438 LEMMON AVE,75219,convenience_corner_store,CO,32.818886,-96.813619,48113000608,,1
SALO BY M & R,1618 MARKET CENTER BLVD,75207,barbershop_beauty,CO,32.792639,-96.82192,48113010003,,1
ASMARA GROCERY,5338 LINDSLEY AVE,75223,convenience_corner_store,CO;TABC,32.794004,-96.753554,48113002400,,2
OH DONUTS,2236 S BUCKNER BLVD,75227,convenience_corner_store,CO,32.751506,-96.682808,48113009101,,1
MY OFFICE,10228 E NORTHWEST HWY,75218,barbershop_beauty,CO,32.864086,-96.709686,48113012900,,1
7-ELEVEN CONVENIENCE STORE #33624A,1722 ROUTH ST Ste:100,75201,convenience_corner_store,CO;TABC,32.791226,-96.795569,48113001705,,2
NELLY'S BARBERSHOP AND BEAUTY SALON #2,1515 S BUCKNER BLVD Ste:149,75217,barbershop_beauty,CO,32.738039,-96.682974,48113009105,,1
NOGOOD'S BARBER LOUNGE,3727 DILIDO RD Ste:120,75228,barbershop_beauty,CO,32.799759,-96.688213,48113012211,,1
BOOST MOBILE,13505 MONTFORT PL Ste:102,75240,convenience_corner_store,CO,32.931433,-96.811483,48113013615,,1
LA MONARCA PALETERIA & FRUTERIA,8432 LAKE JUNE RD,75217,convenience_corner_store,CO,32.734128,-96.675853,48113009202,,1
VERBENA,2626 HOWELL ST Ste:166,75204,barbershop_beauty,CO,32.799319,-96.802132,48113001802,,1
JAMES HEPTIG HOTWORX STUDIO,15250 DALLAS PKWY Ste:500,75248,barbershop_beauty,CO,32.957042,-96.821223,48113013620,,1
I REPAIR PHONES,3651 W CAMP WISDOM RD,75237,convenience_corner_store,CO,32.662167,-96.87897,48113010904,,1
7-ELEVEN CONVENIENCE STORE# 33116B,6881 GREENVILLE AVE,75231,convenience_corner_store,CO,32.871299,-96.765387,48113007822,,1
NEXT DOOR GOOD TIME CLUB,6644 MAPLE AVE,75235,other_storefront,CO,32.829053,-96.845687,48113000409,,1
OCK BIILIARDS,10217 HARRY HINES BLVD Ste:104,75220,other_storefront,CO,32.862326,-96.880895,48113009900,,1
THE POINT SKATE SHOP,2820 MAIN ST,75226,other_storefront,CO,32.784099,-96.782472,48113020401,,1
FUJISAN FRANSHISING CORP,2900 W WHEATLAND RD Ste:100,75237,convenience_corner_store,CO,32.647455,-96.866883,48113016635,,1
"DOOT'S CAFE 'NEW ORLEANS STYLE""",2729 ELSIE FAYE HEGGINS ST Ste:B,75215,convenience_corner_store,CO,32.755539,-96.753825,48113020800,,1
AUTREY'S GROCERY STORE,4903 S LANCASTER RD,75216,convenience_corner_store,CO;TABC,32.68876,-96.790898,48113008704,,2
TAQUERIA MI ZACATECAS,1913 S EDGEFIELD AVE,75224,convenience_corner_store,CO,32.726577,-96.844607,48113006302,,1
BELVEDERE,825 VERMONT AVE,75216,convenience_corner_store,CO,32.72715,-96.812107,48113005400,,1
TIP TOE  TOBACCO & SNACKS,317 E SANER AVE,75216,convenience_corner_store,CO,32.71314,-96.819852,48113005600,,1
TWICE THE ICE,19002 MIDWAY RD,,convenience_corner_store,CO,42.45231,-83.230723,,,1
A & A PIZZA,900 S CORINTH ST RD,75203,convenience_corner_store,CO,32.738933,-96.798513,48113021100,,1
VERIZON WIRELESS,7190 SKILLMAN ST Ste:100,75231,convenience_corner_store,CO,32.877627,-96.73482,48113007826,,1
MOKA LOKA INC,7150 CHAUCER PL Ste:104,75237,convenience_corner_store,CO,32.661431,-96.867869,48113010906,,1
BIAGIO WINE & SPIRITS,2404 VICTORY PARK LN,75201,liquor_store,CO,32.787455,-96.809278,48113001902,,1
WESTLAKE BREWING COMPANY,2814 COMMERCE ST,75226,other_storefront,CO,32.783318,-96.782578,48113020401,,1
TWICE THE ICE,9231 SKILLMAN ST,75243,convenience_corner_store,CO,32.903034,-96.714475,48113018506,,1
RAINBOW,4241 W CAMP WISDOM RD Ste:B,75237,grocery_food_mart,CO,32.662024,-96.888151,48113010903,,1
MINYARD FUEL,2111 SINGLETON BLVD,75212,gas_station,CO,32.77878,-96.857409,48113020500,True,1
OK FOOD MART 6,1227 MORRELL AVE,75203,convenience_corner_store,CO;TABC,32.739144,-96.805778,48113021000,,2
TWICE THE ICE,9041 FOREST LN,75243,convenience_corner_store,CO,32.909214,-96.747745,48113007805,,1
HOEBER MEDIA LLC,2655 MYRTLE SPRINGS AVE,75220,barbershop_beauty,CO,32.868517,-96.885944,48113009900,,1
HEMPORI,17481 PRESTON RD,,convenience_corner_store,CO,32.990629,-96.801576,,,1
SCARLET REAGAN,5812 LIVE OAK ST,75214,other_storefront,CO,32.812099,-96.761442,48113001102,,1
UNCLE DAN OUTLET,1057 W MOCKINGBIRD LN,75247,other_storefront,CO,32.816619,-96.871901,48113010003,,1
R.C. BUCKNER LODGE #1176,4912 S BUCKNER BLVD,75227,other_storefront,CO,32.782827,-96.682887,48113012207,,1
BEAUTIQUE NAIL LOUNGE,5111 GREENVILLE AVE Ste:130,75206,barbershop_beauty,CO,32.849906,-96.770146,48113007913,,1
TERRY'S DONUT,9496 WEBB CHAPEL RD,75220,convenience_corner_store,CO,32.862998,-96.860172,48113009802,,1
"M STREET BODY ART, LLC",3613 GREENVILLE AVE Ste:A,75206,barbershop_beauty,CO,32.831487,-96.770142,48113000202,,1
AL'S STOP & SHOP,7926 LAKE JUNE RD,75217,convenience_corner_store,CO,32.734173,-96.68531,48113009301,,1
ELEVATE MASSAGE,4904 GREENVILLE AVE,75206,barbershop_beauty,CO,32.847291,-96.769985,48113007913,,1
PK'S FINE WINE & SPIRITS,2474 MANANA DR Ste:123,75220,liquor_store,CO,32.87386,-96.894076,48113009900,,1
NICK'S SPORTS CARDS,7612 CAMPBELL RD Ste:200,75248,convenience_corner_store,CO,32.978202,-96.769833,48113013605,,1
OAK CLIFF DANCE,539 W COMMERCE ST,75208,barbershop_beauty,CO,32.772989,-96.8332,48113004300,,1
SALON TURNAGE,8201 PRESTON RD Ste:110,75225,barbershop_beauty,CO,32.862626,-96.804131,48113019501,,1
LIVE OAK SMOKE SHOP,4102 LIVE OAK ST,75204,convenience_corner_store,CO,32.796858,-96.779377,48113001504,,1
LAKE HIGHLANDS SHOOTING CENTER,10757 MAPLERIDGE DR,75238,other_storefront,CO,32.881341,-96.697452,48113013011,,1
PAPA JOHNS'S,6045 FOREST LN,75230,convenience_corner_store,CO,32.909514,-96.802557,48113013300,,1
BRITTANY DEEN & CO,1902 S HARWOOD ST,75215,barbershop_beauty,CO,32.772528,-96.783827,48113020402,,1
F45 TRAINING BISHOP ARTS,810 W DAVIS ST,75208,barbershop_beauty,CO,32.749483,-96.836238,48113004201,,1
DALLAS PETAL PUSHER,3819 FAIRMOUNT ST,75219,convenience_corner_store,CO,32.805545,-96.81377,48113000502,,1
UPTOWN BARBER SHOP,3424 OAK LAWN AVE,75219,barbershop_beauty,CO,32.811572,-96.805985,48113000605,,1
CHELY'S BEAUTY SALON,1304 NEWPORT AVE,75224,barbershop_beauty,CO,32.725542,-96.8441,48113006302,,1
BILLY DONUT,406 S HAMPTON RD,75208,convenience_corner_store,CO,32.741941,-96.856748,48113005200,,1
GATEWAY OF GRACE,8515 GREENVILLE AVE Ste:205,75243,barbershop_beauty,CO,32.894082,-96.753175,48113007805,,1
JAMAICA CABANA,1835 S HARWOOD ST,75215,convenience_corner_store,CO,32.772709,-96.783992,48113020402,,1
STONE'S ACE HARDWARE,2433 GUS THOMASSON RD,75228,grocery_food_mart,CO,32.834869,-96.673953,48113012702,,1
Z WASH N DRY,220 SUNSET AVE,75208,laundromat,CO,32.744143,-96.825626,48113004700,,1
LUXURY,11250 HARRY HINES BLVD Ste:116,75229,barbershop_beauty,CO,32.891027,-96.889608,48113009900,,1
RELAXATION,10606 SHADY TRL Ste:112,75220,barbershop_beauty,CO,32.869883,-96.890497,48113009900,,1
7 ELEVEN CONVENIENCE STORE #12300B,835 W 9TH ST,75203,convenience_corner_store,CO,32.746412,-96.836921,48113004700,,1
JWC JEWELRY,2911 ROYAL LN Ste:A,75229,convenience_corner_store,CO,32.895218,-96.881041,48113009701,,1
CHOI'S DONUTS,2636 FRANKFORD RD Ste:105,,convenience_corner_store,CO,32.996972,-96.867036,,,1
ACCESSORIES & MORE,10333 DENTON DR Ste:2,75220,convenience_corner_store,CO,32.864401,-96.87905,48113009900,,1
AMEX PHARMACY,7150 GREENVILLE AVE Ste:107,75231,convenience_corner_store,CO,32.877032,-96.761231,48113007815,,1
SEAGOVILLE EXPRESS,16201 SEAGOVILLE RD,75253,grocery_food_mart,CO,32.677381,-96.578455,48113017007,,1
QUICKWAY FOOD MART,1402 N CARROLL AVE,75204,convenience_corner_store,CO,32.800349,-96.777714,48113001503,,1
STEWARTS DRIVE IN,3700 IRVING BLVD,75247,convenience_corner_store,CO,32.807975,-96.880256,48113010003,,1
TORITOS VIP,7930 LAKE JUNE RD,75217,other_storefront,CO,32.734172,-96.685125,48113009301,,1
LASHING OUT,2512 OAK LAWN AVE,75219,barbershop_beauty,CO,32.805193,-96.813116,48113000502,,1
"TALL COTTON PROPERTIES, LTD",3309 ELM ST,75226,barbershop_beauty,CO,32.785908,-96.777341,48113020401,,1
BURMESE ASIAN GROCERY STORE,8361 PARK LN Ste:100,75231,convenience_corner_store,CO,32.871067,-96.760535,48113007815,,1
"TINT WORLD, LLC",4238 MAPLE AVE,75219,grocery_food_mart,CO,32.808391,-96.818962,48113000401,,1
LULY'S FITNESS,407 CENTRE ST,75208,barbershop_beauty,CO,32.742274,-96.828754,48113005000,,1
FAST & QUALITY CLEANERS,1544 S BUCKNER BLVD,75217,laundromat,CO,32.739214,-96.682831,48113009105,,1
SEAN HORTON (PRESENTS),905 W JEFFERSON BLVD,75208,convenience_corner_store,CO,32.743229,-96.837898,48113004600,,1
"ALEX BHORE RECORDING, LLC",1814 BALBOA DR,75224,barbershop_beauty,CO,32.727231,-96.8438,48113006302,,1
THE PARLOR BARBER SHOP,219 W JEFFERSON BLVD,75208,barbershop_beauty,CO,32.743167,-96.825457,48113004700,,1
SUPERCUTS,5470 W LOVERS LN Ste:334,75209,barbershop_beauty,CO,32.851163,-96.819309,48113007101,,1
NAILS SALON,3200 W WHEATLAND RD,75237,barbershop_beauty,CO,32.647592,-96.872163,48113016635,,1
AFC SUSHI,5809 E LOVERS LN Ste:130,75206,grocery_food_mart,CO,32.851099,-96.766828,48113007909,,1
SUPER SAVE STORE,1727 BARNES BRIDGE RD,75228,convenience_corner_store,CO;TABC,32.850675,-96.678804,48113012701,,2
PHILADEPHIA WATER ICE,4417 S LANCASTER RD Ste:2280,75216,convenience_corner_store,CO,32.694837,-96.793589,48113005700,,1
SUN & MOON,11363 DENTON DR Ste:117,75229,other_storefront,CO,32.896865,-96.888747,48113009900,,1
DFW KEYS AND REMOTES,2515 W JEFFERSON BLVD Ste:311,75211,convenience_corner_store,CO,32.748152,-96.858914,48113004500,,1
OAK LAWN PHARMACY,4003 LEMMON AVE,75219,convenience_corner_store,CO,32.814007,-96.80818,48113000605,,1
MR FORMAL TUXEDO,3217 W CAMP WISDOM RD,75237,convenience_corner_store,CO,32.662485,-96.872825,48113010904,,1
NOMAD'S LOOM INC,1525 SLOCUM ST,75207,grocery_food_mart,CO,32.793071,-96.818439,48113010003,,1
BEVERLEY'S,3215 N FITZHUGH AVE,75204,other_storefront,CO,32.816865,-96.793429,48113000703,,1
INTEGRAL LASER SPA,2836 W CLARENDON DR,75211,barbershop_beauty,CO,32.734396,-96.8683,48113005300,,1
HOUSE OF PRESERVATION,3219 N FITZHUGH AVE,75204,barbershop_beauty,CO,32.816787,-96.793212,48113000703,,1
7-ELEVEN STORE #1040422,4710 S BUCKNER BLVD,75227,grocery_food_mart,CO,32.778362,-96.682646,48113012207,,1
SAV MOR FOOD MART,3510 S BUCKNER BLVD Ste:A,,convenience_corner_store,CO,32.76794,-96.682623,48113009001,,1
TIMBER'S BEVERAGE,18611 MARSH LN,,convenience_corner_store,CO,33.003256,-96.857321,,,1
A1 FOOD STORE,2938 STOREY LN,75220,convenience_corner_store,CO;TABC,32.861907,-96.875304,48113007204,,2
PENA BOXING CLUB,7840 CARR ST Ste:A,75227,barbershop_beauty,CO,32.77315,-96.686935,48113008500,,1
7-ELEVEN CONVENIENCE STORE # 38111A,9707 WEBB CHAPEL ROAD,75220,convenience_corner_store,CO;TABC,32.866141,-96.863937,48113007206,,2
S & N ART STUDIO,3639 COLONIAL AVE,75215,barbershop_beauty,CO,32.757169,-96.771362,48113020900,,1
TAQUERIA CHARLY,12516 E NORTHWEST HWY Ste:100,75228,convenience_corner_store,CO,32.864022,-96.665224,48113012601,,1
UNCLE DANS PAWN SHOP,2210 LOMBARDY LN,75220,other_storefront,CO,32.866655,-96.905004,48113009900,,1
GC DELIVERY LLC,8422 LAKE JUNE RD,75217,convenience_corner_store,CO,32.734131,-96.675988,48113009202,,1
SANKOKA LLC,3333 W CAMP WISDOM RD Ste:122,75237,convenience_corner_store,CO,32.662678,-96.875092,48113010904,,1
GASMART,6005 S R L THORNTON FWY,75232,gas_station,CO,32.674414,-96.82302,48113011103,True,1
7-ELEVEN,7650 CAMPBELL RD,75248,grocery_food_mart,CO,32.978214,-96.768539,48113013605,,1
SHIRA DIAMONDS,18333 PRESTON RD Ste:215,,other_storefront,CO,33.000454,-96.796761,,,1
"DALLAS WELNNES CENTER, PC",4144 N CENTRAL EXPY Ste:405,75204,barbershop_beauty,CO,32.814231,-96.789747,48113000802,,1
FOX FUELS #8 LAVANDERIA,5001 S BUCKNER BLVD Ste:100,75227,laundromat,CO,32.784966,-96.684185,48113012207,,1
PRISM HEALTH PHARMACY,4907 SPRING AVE Ste:101,75210,convenience_corner_store,CO,32.777471,-96.738517,48113002703,,1
TIENDA SALVADORENA LA TIENDONA,8424 LAKE JUNE RD,75217,convenience_corner_store,CO,32.73413,-96.675959,48113009202,,1
MI TIENDA SALVADORENA,9505 LARGA DR,75220,convenience_corner_store,CO,32.865104,-96.862161,48113009802,,1
FALLAS PAREDES #7245,2223 S BUCKNER BLVD Ste:225,75227,grocery_food_mart,CO,32.750717,-96.682965,48113009101,,1
VILLA NAIL SPA,2403 GUS THOMASSON RD,,barbershop_beauty,CO,32.797127,-96.634209,48113017815,,1
OASIS PLANT SHOP,416 W 8TH ST,75208,convenience_corner_store,CO,32.748066,-96.829136,48113004700,,1
METRO BY T-MOBILE,6889 SHADY BROOK LN,75231,other_storefront,CO,32.870843,-96.762679,48113007819,,1
DALLAS WASH & DRY LAVANDERIA,1130 S BELTLINE RD Ste:200,75253,laundromat,CO,32.686399,-96.589941,48113017010,,1
I LOVE JUICE BAR,8018 PARK LN Ste:120,75231,convenience_corner_store,CO,32.87181,-96.769306,48113007822,,1
MUSUME SPEAKEASY,1740 CROCKETT ST,75201,other_storefront,CO,32.789062,-96.797618,48113001705,,1
THE STAR,13411 KLEBERG RD,75253,convenience_corner_store,CO,32.668995,-96.613677,48113017102,,1
LIBERTY DELI,17330 PRESTON RD Ste:101D,,convenience_corner_store,CO,32.987963,-96.802694,,,1
FRIENDLY 2 MART,3287 S POLK ST,75224,convenience_corner_store,CO;TABC,32.704637,-96.840165,48113006001,,2
LUZ E SANDOVAL DBA TAQUERIA EL AGUILA REAL,616 SCHOOLDELL DR,75211,convenience_corner_store,CO,32.739724,-96.87395,48113004500,,1
OCAMPO HAIR STYLES,736 W JEFFERSON BLVD,75208,barbershop_beauty,CO,32.743126,-96.834634,48113005000,,1
FAMILY NUTRITION,515 HARTSDALE DR,75211,barbershop_beauty,CO,32.748891,-96.868744,48113004500,,1
DALLAS INKK,3223 W CAMP WISDOM RD,75237,barbershop_beauty,CO,32.662501,-96.872923,48113010904,,1
7-ELEVEN CONVENIENCE STORE #35414K,15707 HILLCREST RD,75248,grocery_food_mart,CO,32.962545,-96.786459,48113013605,,1
THE LABORATORY,1931 GREENVILLE AVE Ste:100,75206,convenience_corner_store,CO,32.814423,-96.770195,48113001101,,1
HOT OFF THE PRESS DALLAS,1920 MAIN ST,75201,convenience_corner_store,CO,32.781595,-96.794702,48113003103,,1
O'REILLY AUTO PARTS,9025 FOREST LN Ste:110,75243,grocery_food_mart,CO,32.909213,-96.747958,48113007805,,1
DOMINO'S,4880 SUNNYVALE ST,75216,convenience_corner_store,CO,32.695182,-96.772426,48113008704,,1
"KOLDER, INC DBA TALKING OUT OF TURN",841 W DAVIS ST,75208,convenience_corner_store,CO,32.749486,-96.83729,48113004201,,1
EL MANGO,10110 GARLAND RD,75218,convenience_corner_store,CO,32.839641,-96.694839,48113008200,,1
DAIQUIRI DAZE LLC,2400 N HENDERSON AVE Ste:C,75206,convenience_corner_store,CO,32.814976,-96.778671,48113000901,,1
DAILY STOP,3621 SUNNYVALE ST Ste:A,75216,convenience_corner_store,CO;TABC,32.711134,-96.783777,48113008802,,2
D. W. AESTHETICS & ARTISTRY,5035 WILLIS AVE,75206,barbershop_beauty,CO,32.820184,-96.785689,48113000901,,1
ACADEMY SPORTS & OUTDOORS,6375 E NORTHWEST HWY,75231,grocery_food_mart,CO,32.861437,-96.756172,48113007819,,1
SCULPTHOUSE,5550 W LOVERS LN Ste:146,75209,barbershop_beauty,CO,32.851181,-96.818254,48113007301,,1
CK 103,10433 GARLAND RD,75218,gas_station,CO,32.842818,-96.691175,48113008200,True,1
V EYE P EYE CARE & EYE WARE,7859 WALNUT HILL LN Ste:185,75230,convenience_corner_store,CO,32.880136,-96.772196,,,1
BLANC EVENT CENTER,1440 REGAL ROW Ste:250,75247,other_storefront,CO,32.833443,-96.87846,48113010003,,1
VTWIN TATTOO,436 CENTRE ST Ste:100,75208,barbershop_beauty,CO,32.742255,-96.829767,48113005000,,1
DALLAS PRINTING,6162 SHERRY LN,75225,grocery_food_mart,CO,32.86215,-96.804974,48113007301,,1
CORNER STORE,2215 OATES DR Ste:A,75228,convenience_corner_store,CO,32.82157,-96.677656,48113012502,,1
ROLINGO DALLAS LLC,6110 GREENVILLE AVE Ste:100,75206,convenience_corner_store,CO,32.859711,-96.767962,48113007912,,1
7-11 CONVENIENCE STORE #35395,3300 W ILLINOIS AVE,75211,convenience_corner_store,CO,32.720235,-96.875119,48113006502,,1
PIZZA HUT,222 CONTINENTAL AVE Ste:100,75207,convenience_corner_store,CO,32.78378,-96.814079,48113010003,,1
BEAUTY BAR,2805 MAIN ST,75226,other_storefront,CO,32.783956,-96.783201,48113020401,,1
BRASS TACKS BARBER SHOP,330 W DAVIS ST,75208,barbershop_beauty,CO,32.749457,-96.828075,48113004201,,1
UPS,9100 FOREST LN,75243,barbershop_beauty,CO,32.909064,-96.746578,48113007810,,1
HUGO GOMEZ,8207 SCYENE RD,75227,laundromat,CO,32.763391,-96.679582,48113009001,,1
D XPRESS,1632 STOREY LN,75220,grocery_food_mart,CO;TABC,32.852581,-96.886802,48113010003,,2
VOGUE HAIR STUDIO,3014 COMMERCE ST,75226,other_storefront,CO,32.783865,-96.77966,48113020401,,1
TACQUERIA LA FAMOSITA,11716 FERGUSON RD,75228,convenience_corner_store,CO,32.854634,-96.650188,48113012604,,1
FRUTERIA CANO,110 S CARROLL AVE,75226,convenience_corner_store,CO,32.791249,-96.76718,48113001502,,1
ZUMBA MOVIMIENTO,9721 RUSTOWN DR,75228,barbershop_beauty,CO,32.820748,-96.677609,48113012301,,1
CONSEJERA Y CURANDERA LUZ,7922 LAKE JUNE RD Ste:102,75217,convenience_corner_store,CO,32.734175,-96.685494,48113009301,,1
YG DANCE STUDIO,1908 ROYAL LN Ste:400,75229,barbershop_beauty,CO,32.895483,-96.913943,48113009900,,1
LOUPE JEWELRY AND WATCH REPAIR,4210 W LOVERS LN,75209,barbershop_beauty,CO,32.851179,-96.839022,48113007302,,1
EL  REY  MATACRUDAS,2132 W NORTHWEST HWY,75220,other_storefront,CO,32.865379,-96.902867,48113009900,,1
"REVOLT BARBERSHOP, LLC",113 W JEFFERSON BLVD Ste:A,75208,barbershop_beauty,CO,32.74348,-96.82303,48113004700,,1
STUDIO 4853,10907 SHADY TRL Ste:106,75220,barbershop_beauty,CO,32.878661,-96.89023,48113009900,,1
LAVISH ORGANIC,2611 WORTHINGTON ST,75204,barbershop_beauty,CO,32.798793,-96.801498,48113001802,,1
VIP FOOD MART,4140 W CAMP WISDOM RD Ste:B,75237,convenience_corner_store,CO,32.661899,-96.887619,48113010904,,1
365 TOBACCO & MORE,305 E SANER AVE Ste:B,75216,convenience_corner_store,CO,32.71314,-96.820259,48113005600,,1
TRADEMARK PROPERTIES,2324 VICTORY PARK LN,,convenience_corner_store,CO,32.786539,-96.809305,48113001902,,1
E-Z TRIP # 18,3130 N BUCKNER BLVD,75228,convenience_corner_store,CO,32.807287,-96.682718,48113012302,,1
CAMP SUPER WASH & DRY,1052 W CAMP WISDOM RD,,laundromat,CO,32.644133,-97.016302,48113016417,,1
"JY ART'S, INC.",2216 ROYAL LN Ste:111,75229,barbershop_beauty,CO,32.895495,-96.904081,48113009900,,1
QUEEN CITY BARBER SHOP,2731 WARREN AVE,75215,barbershop_beauty,CO,32.765906,-96.76573,48113003700,,1
BEST COIN LAUNDRY,9210 SKILLMAN ST,75243,laundromat,CO,32.902615,-96.714874,48113018506,,1
STORE T-24,11740 FERGUSON RD,75228,convenience_corner_store,CO;TABC,32.854779,-96.650016,48113012604,,2
LEGENDARY ART TATTOO STUDIO,4099 W CAMP WISDOM RD Ste:119,75237,barbershop_beauty,CO,32.662042,-96.885752,48113010903,,1
JMS WHOLESALE/VAPOR A DAY,11429 HARRY HINES BLVD Ste:190,75229,convenience_corner_store,CO,32.897265,-96.891948,48113009900,,1
STAR LIQUOR,4340 HARRY HINES BLVD Ste:B,75219,liquor_store,CO,32.805308,-96.825459,48113000401,,1
TEXAS WIRELESS SUPPLY,6525 ABRAMS RD,75231,convenience_corner_store,CO,32.862947,-96.744438,48113007809,,1
FOODPLUS 4,10819 ELAM RD,75217,convenience_corner_store,CO,32.719492,-96.639507,48113011702,,1
AFC SUSHI,3757 FOREST LN Ste:C,75244,convenience_corner_store,CO,32.909618,-96.852935,48113009609,,1
DOMINO'S PIZZA,8446 PARK LN,75231,convenience_corner_store,CO,32.871003,-96.758994,48113007821,,1
KORNER FOOD STORE,8502 LAKE JUNE RD,75217,convenience_corner_store,CO;TABC,32.734103,-96.673995,48113009202,,2
CITA'S SALSA,2234 GUS THOMASSON RD,75228,convenience_corner_store,CO,32.834757,-96.676897,48113012400,,1
JOSE SWEING SERVICE,9959 ROYAL LN Ste:1,75231,barbershop_beauty,CO,32.894567,-96.719162,48113013008,,1
CRESCENDO CHIROPRACTIC LLC,5646 MILTON ST Ste:326,75206,barbershop_beauty,CO,32.848823,-96.770825,48113007913,,1
RENAISSANCE CONVENIENCE CENTER,1201 ELM ST Ste:LL17,75202,convenience_corner_store,CO,32.780883,-96.801887,48113003102,,1
JEFFERSON TUXEDOS,310 W JEFFERSON BLVD,75208,convenience_corner_store,CO,32.743097,-96.826981,48113005000,,1
VERIZON,2337 W MOCKINGBIRD LN Ste:150,75235,convenience_corner_store,CO,32.826076,-96.847033,48113000409,,1
AMERICAN AIRLINE CENTER - FLAGSHIP SUITES LEVEL CLUB,2500 VICTORY AVE,75201,other_storefront,CO,32.79008,-96.811316,48113001902,,1
ZERO DOJO-OAKCLIFF,3007 W DAVIS ST,75211,barbershop_beauty,CO,32.749534,-96.8704,48113004500,,1
KRISTINE BOUTIQUE,420 W JEFFERSON BLVD,75208,grocery_food_mart,CO,32.743108,-96.829286,48113005000,,1
NOBLE HAIR SALON,11414 AUDELIA RD,75243,barbershop_beauty,CO,32.904825,-96.71767,48113018505,,1
FRUTTI,2915 COMMUNITY DR Ste:103,75220,convenience_corner_store,CO,32.859094,-96.872318,48113007204,,1
CENTRAL MARKET,5750 E LOVERS LN,75206,grocery_food_mart,CO,32.851001,-96.768981,48113007909,,1
DOMINO'S PIZZA,4414 GASTON AVE,75246,convenience_corner_store,CO,32.796371,-96.773873,48113001502,,1
S6 BOUTIQUE,1128 E RED BIRD LN,75241,convenience_corner_store,CO,32.674854,-96.806977,48113011202,,1
LVL 101 HAIR STUDIO,2928 MAIN ST Ste:101,75226,barbershop_beauty,CO,32.784373,-96.781079,48113020401,,1
BOXER PROPERTY MANAGEMENT CORPORATION,2351 W NORTHWEST HWY Ste:1103,75220,convenience_corner_store,CO,32.859975,-96.886096,48113009900,,1
HIPPO MART #1,8003 FERGUSON RD,75228,convenience_corner_store,CO,32.802084,-96.713696,48113012213,,1
PLAYMATES LOUNGE CABARET,11505 ANAHEIM DR Ste:200,75229,other_storefront,CO,32.907307,-96.890509,48113009610,,1
FLASH MART #2,1805 SYLVAN AVE,75208,convenience_corner_store,CO,32.767931,-96.835774,48113004300,,1
7-ELEVEN,1805 SYLVAN AVE,75220,convenience_corner_store,CO,32.767931,-96.835774,48113004300,,1
BELOW 5,1032 W CAMP WISDOM RD,75232,convenience_corner_store,CO,32.662105,-96.839099,48113011104,,1
DOLLY,315 N BISHOP AVE,75208,convenience_corner_store,CO,32.747515,-96.828305,48113004700,,1
MUSEUM OF MEMORY'S,4428 MAIN ST Ste:200,75226,other_storefront,CO,32.790817,-96.767852,48113001502,,1
WORKOUT ANYTIME,2425 GUS THOMASSON RD,75228,barbershop_beauty,CO,32.834869,-96.673999,48113012702,,1
PURELY CBD,19129 PRESTON RD Ste:120,,convenience_corner_store,CO,33.008423,-96.795568,,,1
REY CASTILLA SALON,10121 LAKE JUNE RD Ste:101,75217,barbershop_beauty,CO,32.734115,-96.649944,48113011802,,1
MIKE'S GEMINI TWIN LOUNGE,1906 S HARWOOD ST,75215,other_storefront,CO,32.772499,-96.783803,48113020402,,1
TOWN SHOP C-STORE,8242 SCYENE RD,75227,convenience_corner_store,CO,32.763395,-96.679194,48113009001,,1
SMOKE & VAPES,2842 W DAVIS ST,75211,convenience_corner_store,CO,32.749529,-96.868455,48113004500,,1
THE BROW PROJECT,1904 S HARWOOD ST,75215,barbershop_beauty,CO,32.772528,-96.783827,48113020402,,1
STYLE MASSAGE,18217 MIDWAY RD Ste:106,,barbershop_beauty,CO,32.998406,-96.843912,,,1
SHOES 4 YOU,4207 W ILLINOIS AVE Ste:100,75211,convenience_corner_store,CO,32.720428,-96.88868,48113006502,,1
HARMONY,11111 SHADY TRL Ste:100,,barbershop_beauty,CO,32.884538,-96.89043,48113009900,,1
DIAMOND NAILS,10031 MARSH LN Ste:114A,75229,barbershop_beauty,CO,32.880966,-96.856273,48113009702,,1
KALUA DISCOTHEQUE,2435 W NORTHWEST HWY Ste:101,75220,other_storefront,CO,32.858799,-96.882629,48113009900,,1
M & J MICROBLADING SKINCARE LLC,10705 PLANO RD Ste:100,75238,barbershop_beauty,CO,32.895591,-96.700628,48113018506,,1
"COREPOWER YOGA, LLC",1700 CEDAR SPRINGS RD Ste:110,75202,barbershop_beauty,CO,32.788802,-96.80572,48113001901,,1
THE ROOM ON DRAGON,1500 DRAGON ST Ste:C,75207,other_storefront,CO,32.792176,-96.820278,48113010003,,1
7-ELEVEN CONVENIENCE STORE #35386B,2503 LEMMON AVE,75204,convenience_corner_store,CO;TABC,32.802827,-96.791805,48113001601,,2
FAMILY DOLLAR STORE #31581,200 E CAMP WISDOM RD,75241,grocery_food_mart,CO,32.662208,-96.821312,48113011201,,1
THE ARTISTRY BARBER STUDIO,2100 W CLARENDON DR,75208,barbershop_beauty,CO,32.734817,-96.853166,48113005300,,1
LIFT HOUSE FITNESS,6015 BERKSHIRE LN,75225,barbershop_beauty,CO,32.864885,-96.807987,48113007301,,1
PLANET FITNESS,4800 COLUMBIA AVE Ste:100,75226,barbershop_beauty,CO,32.79465,-96.764117,48113001502,,1
7-ELEVEN #35394,9501 FOREST LN,,grocery_food_mart,CO,32.909201,-96.730795,48113018507,,1
GOOD NEWS BOOK STORE,3617 S LANCASTER RD,75216,convenience_corner_store,CO,32.704406,-96.799414,48113005700,,1
POLK BEAUTY CENTER,1111 W CAMP WISDOM RD Ste:B,75232,barbershop_beauty,CO,32.662226,-96.84065,48113011101,,1
NA,118 E JEFFERSON BLVD,75203,convenience_corner_store,CO,32.74386,-96.822073,48113004800,,1
MUNDO DE ORO JEWELRY INC,332 W JEFFERSON BLVD,75208,convenience_corner_store,CO,32.743099,-96.827934,48113005000,,1
SISTER BELLA PALM READER,126 W ILLINOIS AVE,75224,barbershop_beauty,CO,32.720317,-96.824022,48113005600,,1
RED ARROW GROCERY,3522 RAMONA AVE,75216,convenience_corner_store,CO,32.701725,-96.806309,48113005700,,1
WESTMORELAND FLEA MARKET,2929 S WESTMORELAND RD,75233,grocery_food_mart,CO,32.71393,-96.87431,48113010805,,1
NEVERIA TROPICANA,9430 LARGA DR Ste:201,75220,convenience_corner_store,CO,32.863378,-96.863646,48113007206,,1
ONE STOP FOOD STORE,5314 2ND AVE Ste:1,75210,convenience_corner_store,CO,32.757659,-96.740472,48113011500,,1
Q F BALLROOM LLC,5757 SAMUELL BLVD Ste:100,75228,other_storefront,CO,32.791835,-96.70199,48113012206,,1
EAGLE FORD,1601 CHALK HILL RD,75212,other_storefront,CO,32.763548,-96.902345,48113010701,,1
RUBY ROOM STUDIO,833 EXPOSITION AVE,75226,barbershop_beauty,CO,32.78224,-96.766661,48113020300,,1
"2355 LOUNGE, LLC",2323 N AKARD ST Ste:803,75201,other_storefront,CO,32.789735,-96.805416,48113001901,,1
AT&T STORE,6471 E NORTHWEST HWY Ste:110,75231,convenience_corner_store,CO,32.857143,-96.750111,48113007809,,1
Q COIN LAUNDRY,9245 SKILLMAN ST Ste:101,75243,laundromat,CO,32.903535,-96.713889,48113018505,,1
THE LUXURY CONSIGNMENT,2926 OAK LAWN AVE,75219,convenience_corner_store,CO,32.80819,-96.809509,48113000501,,1
CELL PHONE ACCESSORIES,2827 CEDAR CREST BLVD,75203,convenience_corner_store,CO,32.740784,-96.788832,48113021100,,1
"CROZIER HALL, LLC.",2218 BRYAN ST Ste:100,75201,other_storefront,CO,32.786089,-96.794821,48113001705,,1
FAMILY DOLLAR STORE #08276,8550 S POLK ST,75232,grocery_food_mart,CO,32.645811,-96.839974,48113011104,,1
AMERICAN SHAMAN OF LAKE HIGHLANDS,10242 E NORTHWEST HWY,75218,convenience_corner_store,CO,32.864088,-96.709477,48113012900,,1
MI TIENDITA,620 E 10TH ST,75203,other_storefront,CO,32.748255,-96.814573,48113004800,,1
VOICEBOX,1906 GREENVILLE AVE,75206,other_storefront,CO,32.812972,-96.770202,,,1
SWEET TOOTH HOTEL,2316 VICTORY PARK LN Ste:H5,75202,other_storefront,CO,32.78646,-96.809312,48113001902,,2
DIXON GROCERY,3752 DIXON AVE,75210,convenience_corner_store,CO;TABC,32.763949,-96.735497,48113011500,,2
PALACIOS THRIFT STORE,416 N GILPIN AVE,75211,convenience_corner_store,CO,32.748183,-96.88064,48113006701,,1
"ALVLA COLECTIVE, LLC",4325 ELM ST Ste:110,75226,barbershop_beauty,CO,32.791358,-96.769221,48113001502,,1
TWINS THRIFT STORE,612 E 10TH ST,75203,convenience_corner_store,CO,32.748254,-96.815453,48113004800,,1
TAQUERIA TAXCO,3025 WEBB CHAPEL EXT Ste:103,75220,convenience_corner_store,CO,32.858596,-96.868645,48113007204,,1
13209,13209 C F HAWN FWY,75253,other_storefront,CO,32.6775,-96.604348,48113017101,,1
HOMEMADE DONUTS,5515 EAST GRAND AVE,75223,convenience_corner_store,CO,32.793423,-96.7477,48113001202,,1
WHITE ROCK TUMBLE & CHEER,6510 ABRAMS RD Ste:100,75231,barbershop_beauty,CO,32.86326,-96.744169,48113007809,,1
SNEAKER POLITICS,2822 MAIN ST,75226,convenience_corner_store,CO,32.784105,-96.782441,48113020401,,1
BISHOP CIDER COMPANY LLC,2777 IRVING BLVD Ste:200,75207,other_storefront,CO,32.806164,-96.845837,48113010003,,1
BIKE FRIENDLY SOUTH DALLAS,1616 AL LIPSCOMB WAY,75215,other_storefront,CO,32.763869,-96.780821,48113020900,,1
ROSS DRESS FOR LESS,9222 E R L THORNTON FWY,75228,convenience_corner_store,CO,32.796515,-96.687324,48113012207,,1
THE CLOVER CLUB,2404 CEDAR SPRINGS RD Ste:400,75201,other_storefront,CO,32.796424,-96.805307,48113001802,,1
SNAZZY CLEANERS,8786 FERGUSON RD Ste:106,75228,laundromat,CO,32.812826,-96.698576,48113012210,,1
RICE BOWL EXPRESS,7027 S R L THORNTON FWY Ste:BU 1,75232,convenience_corner_store,CO,32.662653,-96.823479,48113011103,,1
CC BILLIARDS,2552 JOE FIELD RD Ste:#A,75229,other_storefront,CO,32.89282,-96.891802,48113009900,,1
ADRENITY BODY & GLOW STUDIO,815 W JEFFERSON BLVD,75208,barbershop_beauty,CO,32.743215,-96.836047,48113004700,,1
BEAUTY SNOBS,4106 LIVE OAK ST,75204,barbershop_beauty,CO,32.796761,-96.779495,48113001504,,1
BIG M EXPRESS,2207 E LEDBETTER DR Ste:A,75216,convenience_corner_store,CO;TABC,32.687409,-96.787187,48113008704,,2
YOLO FRUITS AND SNACKS,7038 MILITARY PKWY,75227,convenience_corner_store,CO,32.772256,-96.69888,48113008500,,1
THE EVENT CENTER,3100 S LANCASTER RD,75216,other_storefront,CO,32.708353,-96.80177,48113008802,,1
SUNSET ART STUDIOS,1813 BALBOA PL Ste:201,75224,barbershop_beauty,CO,32.72707,-96.843736,48113006302,,2
TIENDA HISPANA,2535 W JEFFERSON BLVD,75211,convenience_corner_store,CO,32.748183,-96.860123,48113004500,,1
LAKEWOOD EXXON,1701 SKILLMAN ST,75206,convenience_corner_store,CO;TABC,32.811821,-96.761873,48113001102,,2
Payless Food & Beer & Wine,3249 DAWES DR,75211,convenience_corner_store,CO;TABC,32.727096,-96.873621,48113006402,,2
FUEL STOP,5816 KEENELAND PKWY,75211,convenience_corner_store,CO;TABC,32.736336,-96.920794,48113021200,,2
PUNCH BOWL SOCIAL DALLAS,2600 MAIN ST,75226,other_storefront,CO,32.783384,-96.78614,48113020401,,1
MATTISON AVENUE SALON SUITES & SPA,9850 N CENTRAL EXPY Ste:101,75231,barbershop_beauty,CO,32.882315,-96.769724,48113007822,,1
OMAR EXPRESS FOOD,8618 S LANCASTER ROAD,75241,convenience_corner_store,CO;TABC,32.64299,-96.779504,48113016709,,2
HOLA CAFE DALLAS LLC,416 N TYLER ST,75208,convenience_corner_store,CO;TABC,32.748251,-96.837591,48113004600,,2
STARTING STRENTH DALLAS,6109 GREENVILLE AVE Ste:B,75206,barbershop_beauty,CO,32.859993,-96.768074,48113007912,,1
CLASASSY LASH LOUNGE,3525 MARVIN D LOVE FWY Ste:104,75224,barbershop_beauty,CO,32.70075,-96.83687,48113006001,,1
LINARES GUANAJUATO TACOS,1101 S HASKELL AVE Ste:A,75223,convenience_corner_store,CO,32.783918,-96.76094,48113002500,,1
PERIQUE ROOM LLC,2017 S RIVERFRONT BLVD,75207,convenience_corner_store,CO,32.759931,-96.794455,48113020402,,1
VEN AQUI BEAUTY SALONG,2102 EMPIRE CENTRAL Ste:100,75235,barbershop_beauty,CO,32.827774,-96.852734,48113000409,,1
SHARETEA,13350 DALLAS PKWY Ste:410,,convenience_corner_store,CO,32.930161,-96.820963,48113013628,,1
HEAVEN N SKY INC,11410 HARRY HINES BLVD Ste:4,75229,convenience_corner_store,CO,32.896457,-96.891484,48113009900,,1
AUTOZONE AUTO PARTS,10418 GARLAND RD,75218,grocery_food_mart,CO,32.842052,-96.691908,48113008200,,1
REY-FAIR INC DBA KHARISMA EVENT HALL,1818 STOREY LN Ste:900,75220,other_storefront,CO,32.854088,-96.88525,48113009900,,1
2 AND 1 CONVENIENCE STORE,3641 COLONIAL AVE,75215,convenience_corner_store,CO,32.75658,-96.770672,48113020900,,1
RODEO WEST DALLAS,704 S WALTON WALKER BLVD Ste:140,75211,other_storefront,CO,32.737173,-96.920345,48113021200,,1
DOLLAR TREE,904 FORT WORTH AVE,75208,grocery_food_mart,CO,32.76894,-96.83724,48113004300,,1
EL BARBERO DALLAS BARBER LOUNGE,2232 S BUCKNER BLVD,75227,barbershop_beauty,CO,32.75129,-96.68281,48113009101,,1
SUSHI TIA,14211 COIT RD,75254,convenience_corner_store,CO,32.942267,-96.768991,48113019214,,1
CARLA MCPIKE,10100 N CENTRAL EXPY Ste:318,75231,barbershop_beauty,CO,32.884625,-96.769678,48113007822,,1
SERENE BEAUTY & NAILS,5631 W LOVERS LN Ste:100,75209,barbershop_beauty,CO,32.851173,-96.816382,48113007301,,1
DOLLAR  GENERAL,2511 S BELT LINE RD,75253,grocery_food_mart,CO,32.6671,-96.61305,48113017102,,1
FLAMINGO,10242 N WALTON WALKER BLVD,75220,other_storefront,CO,32.863474,-96.900165,48113009900,,1
FM FOOD MART,9761 WALNUT ST,75243,convenience_corner_store,CO;TABC,32.923573,-96.719298,48113019034,,2
SHOE PALACE,9683 WEBB CHAPEL RD,75220,grocery_food_mart,CO,32.865812,-96.863521,48113007206,,1
DALLAS STRENGTH AND CONDITIONING,1625 W MOCKINGBIRD LN,75235,barbershop_beauty,CO,32.822262,-96.857314,48113010001,,1
7-ELEVEN CONVENIENCE STORE #27372C,2635 WILLOWBROOK RD,75220,convenience_corner_store,CO,32.86155,-96.881532,48113009900,,1
CLIPPERS & SCISSORS,7904 LAKE JUNE RD,75217,barbershop_beauty,CO,32.734184,-96.686287,48113009301,,1
BELLA AND BRAWN,1925 GREENVILLE AVE,75206,convenience_corner_store,CO,32.814327,-96.770196,48113001101,,1
BENNY JACK ANTIQUES,1026 N RIVERFRONT BLVD Ste:00SAS,75207,grocery_food_mart,CO,32.78707,-96.81798,48113010003,,1
METRO BY TMOBILE,404 S HAMPTON RD,75208,convenience_corner_store,CO,32.742099,-96.85675,48113005200,,1
7-ELEVEN CONVENIENCE STORE #38438A,555 W MOCKINGBIRD LN,75247,convenience_corner_store,CO;TABC,32.807349,-96.873743,48113010003,,2
ROOTS JUICES,4023 OAK LAWN AVE,75219,convenience_corner_store,CO,32.817954,-96.802436,48113000607,,1
PIZZA PIE,2500 SWISS AVE,75204,convenience_corner_store,CO,32.785595,-96.789756,48113002200,,1
OVME,3888 OAK LAWN AVE Ste:108,75219,barbershop_beauty,CO,32.816303,-96.802317,48113000606,,1
GREATER THAN PERFORMANCE & REHAB,7035 GREENVILLE AVE Ste:101,75231,barbershop_beauty,CO,32.874323,-96.7627,48113007822,,1
BLACK HORSE SMOKING SHOP,3744 W LEDBETTER DR Ste:100,75237,convenience_corner_store,CO,32.691257,-96.882786,48113010903,,1
LA ONDA DALLAS,4234 HARRY HINES BLVD Ste:B,75219,other_storefront,CO,32.804835,-96.822676,48113000401,,1
AMORE,430 W JEFFERSON BLVD Ste:102,75208,barbershop_beauty,CO,32.743112,-96.8297,48113005000,,1
E Z STOP #3,8092 FERGUSON RD,75228,grocery_food_mart,CO,32.803259,-96.712041,48113012213,,1
OK BEER & WINE,1101 South Beacon Street,75223,liquor_store,CO;OSM;TABC,32.794313,-96.748066,48113002400,,3
OK FOOD MART 8,4328 S MARSALIS AVENUE,75216,convenience_corner_store,CO;TABC,32.691529,-96.814625,48113005901,,2
THE NETWORK BAR BEVERAGE COMPANY,331 SINGLETON BLVD Ste:210,75212,convenience_corner_store,CO,32.778588,-96.829048,48113010102,,1
OUR COMMUNITY PANTRY,1502 PENNSYLVANIA AVE,75215,convenience_corner_store,CO,32.759026,-96.776503,48113020900,,1
KWIKMART CHURCH'S,10201 C F HAWN FWY,75217,convenience_corner_store,CO,32.700247,-96.64837,48113011702,,1
IMAGIONAIRE,2410 EMMETT ST,75211,barbershop_beauty,CO,32.732995,-96.857165,48113005300,,1
PRO COLOR & SUPPLY,9543 LAKE JUNE RD Ste:300,75217,convenience_corner_store,CO,32.734145,-96.657376,48113011802,,1
SPIRIT HALLOWEEN,2415 N HASKELL AVE Ste:106,75204,grocery_food_mart,CO,32.804118,-96.789112,48113001601,,1
"LEONARD SLOAN & ASSOC., INC.",4200 HARRY HINES BLVD,75219,grocery_food_mart,CO,32.80451,-96.82148,48113000401,,1
SENSEI'S BARBERSHOP,8020 S POLK ST Ste:A,75232,barbershop_beauty,CO,32.649108,-96.839963,48113011104,,1
CHOP N BLADES,2805 W CLARENDON DR,75211,barbershop_beauty,CO,32.734579,-96.86682,48113005300,,1
YELLOW GREEN,10969 SHADY TRL Ste:101,75220,barbershop_beauty,CO,32.880211,-96.890224,48113009900,,1
ADONAY'S CLEANERS CORPORATION,4411 LEMMON AVE Ste:107,75219,laundromat,CO,32.818352,-96.813196,48113000608,,1
UPS,8302 ABRAMS RD Ste:A,75243,barbershop_beauty,CO,32.893534,-96.740507,48113007825,,1
MARA'S MED SPA,6110 LUTHER LN,75225,barbershop_beauty,CO,32.863614,-96.806005,48113007301,,1
"DRAGONSTONE, INC",4430 MAPLE AVE Ste:100,75219,barbershop_beauty,CO,32.810992,-96.822044,48113000401,,1
KISSED,2320 N HOUSTON ST Ste:100,75202,barbershop_beauty,CO,32.785679,-96.808818,48113001902,,1
GS UPHOLSTERY,117 N MARLBOROUGH AVE,75208,barbershop_beauty,CO,32.745982,-96.851468,48113005200,,1
SK DONUTS,5181 KELLER SPRINGS RD Ste:103,75248,convenience_corner_store,CO,32.968598,-96.820292,48113013611,,1
RIVERA WESTERN WEAR INC,635 N WESTMORELAND RD,75211,grocery_food_mart,CO,32.750415,-96.874185,48113006800,,1
"FPG CT OWNER, LP",2200 ROSS AVE Ste:R1,75201,barbershop_beauty,CO,32.788305,-96.79761,48113001705,,1
BRIANNAS WAREHOUSE,931 W JEFFERSON BLVD Ste:A,75208,convenience_corner_store,CO,32.743237,-96.838976,48113004600,,1
DON MORPHY LLC,1500 HI LINE DR Ste:A,75207,convenience_corner_store,CO,32.794917,-96.81712,48113010003,,1
"WHITE ROCK NUTRITION, LLC",10238 E NORTHWEST HWY,75218,convenience_corner_store,CO,32.864087,-96.709537,48113012900,,1
SOVEREIGN,216 S MADISON AVE,75208,convenience_corner_store,CO,32.743636,-96.826479,48113004700,,1
SHERWIN WILLIAMS,4826 GREENVILLE AVE,75206,convenience_corner_store,CO,32.846452,-96.769994,48113007913,,1
FLOWER STORY FLORIST,11500 N STEMMONS FWY Ste:145,75229,convenience_corner_store,CO,32.901287,-96.89586,48113009900,,1
SALT INTERTNATIONAL BUSINESS GROUP LLC,9720 SKILLMAN ST,,barbershop_beauty,CO,32.908235,-96.707274,48113018506,,1
JOHNNY PAYLESS LIQUOR,3202 SAMUELL BLVD,75223,liquor_store,CO,32.792945,-96.740456,48113001202,,1
CASH AMERICA,14031 COIT RD,75240,other_storefront,CO,32.939001,-96.769002,48113013610,,1
OAK CLIFF BARBERS,1323 W DAVIS ST,75208,barbershop_beauty,CO,32.74951,-96.843509,48113004202,,1
7-ELEVEN CONVENIENCE STORE #12301B,2911 E LEDBETTER DR,75216,convenience_corner_store,CO,32.694857,-96.771562,48113008701,,1
MAS GUAP@S #2,1642 S BUCKNER BLVD Ste:180,75217,barbershop_beauty,CO,32.740877,-96.682817,48113009203,,1
7-ELEVEN CONVENIENCE STORE #38412A,2935 W CAMP WISDOM ROAD,75237,convenience_corner_store,CO;TABC,32.662175,-96.868531,48113010906,,2
TX FOOD MART,13350 AUDELIA RD Ste:110,75243,convenience_corner_store,CO;TABC,32.931073,-96.717957,48113019018,,2
METRO BY T-MOBILE,9671 WEBB CHAPEL RD,75220,convenience_corner_store,CO,32.865671,-96.863352,48113009802,,1
BOWLSKI'S,1825 ABRAMS PKWY,75214,other_storefront,CO,32.812183,-96.752899,48113001400,,1
LUCKY LIQUOR,2835 North Henderson Avenue,75206,liquor_store,CO;OSM;TABC,32.819916,-96.784353,48113000901,,3
JAM BOX FITNESS LOUNGE,921 N RIVERFRONT BLVD Ste:400,75207,barbershop_beauty,CO,32.785854,-96.817278,48113010003,,1
BERKLEY'S MARKET,2001 ROSS AVE Ste:150,75201,convenience_corner_store,CO,32.78728,-96.798821,48113002100,,1
BERKLEY'S MARKET,634 W DAVIS ST,75208,grocery_food_mart,CO,32.749466,-96.832826,48113004201,,1
THE SPACE ON OAK LAWN,171 OAK LAWN AVE,75207,other_storefront,CO,32.791709,-96.823566,48113010003,,1
KD NAILS,801 W JEFFERSON BLVD,75208,barbershop_beauty,CO,32.743214,-96.835961,48113004700,,1
POPOKE HAWAIIAN STREET FOOD,650 N PEARL ST Ste:FC1,75201,convenience_corner_store,CO,32.786526,-96.79566,48113001705,,1
METRO PCS,8128 S POLK ST,75232,convenience_corner_store,CO,32.648436,-96.839965,48113011104,,1
PREMIER 360,10954 SHADY TRL Ste:105,75220,other_storefront,CO,32.880038,-96.890225,48113009900,,1
SPINSTER RECORDS,408 N BISHOP AVE Ste:102,75208,convenience_corner_store,CO,32.748346,-96.82831,48113004700,,1
OVATIONS BOUTIQUES - LAKEWOOD,7324 GASTON AVE Ste:300,75214,barbershop_beauty,CO,32.811644,-96.73049,48113000100,,1
CRICKET WIRELESS,10704 GARLAND RD Ste:110,75218,convenience_corner_store,CO,32.844487,-96.688914,48113012802,,1
"HIGHLAND PARK DANCE COMPANY, LLC",8300 DOUGLAS AVE Ste:150,75225,barbershop_beauty,CO,32.863723,-96.808503,48113007301,,1
AMIGOS GROCERY STORE,8517 DENTON DR,75235,convenience_corner_store,CO,32.841374,-96.859139,48113000410,,1
COSTCO BUSINESS CENTER,8282 PARK LN,75231,grocery_food_mart,CO,32.871324,-96.762457,48113007815,,1
LA POPULAR TOMALE HOUSE,4823 BRYAN ST Ste:100,75204,convenience_corner_store,CO,32.803609,-96.773765,48113001504,,1
HOOKAH CITY,4820 GASTON AVE,75246,other_storefront,CO,32.799593,-96.769958,48113001504,,1
COMET CLEANERS,2404 N HALL ST,,laundromat,CO,32.800306,-96.794805,48113001703,,1
CORNERSTONE BAPTIST LAUNDROMAT,1621 SOUTH BLVD,75215,laundromat,CO,32.762986,-96.779947,48113020900,,1
ALPHAGRAPHICS 416,5275 SPRING VALLEY RD,75254,barbershop_beauty,CO,32.939561,-96.818274,48113013625,,1
CB2,4510 MCKINNEY AVE,75205,grocery_food_mart,CO,32.8214,-96.788201,48113000705,,1
FORGE TPR,5615 DYER ST Ste:100,75206,barbershop_beauty,CO,32.843133,-96.771981,48113007914,,1
ALL GOOD THINGS,336 W DAVIS ST,75208,convenience_corner_store,CO,32.749458,-96.828001,48113004201,,1
SMILE DIRECT CLUB,14041 NOEL RD Ste:100,75240,convenience_corner_store,CO,32.938433,-96.818001,48113013626,,1
YAYA FOOT SPA,5635 W LOVERS LN,75209,barbershop_beauty,CO,32.851171,-96.816145,48113007301,,1
UPTOWN PUP,2905 THOMAS AVE,75204,convenience_corner_store,CO,32.796782,-96.796927,48113001703,,1
MINI MART CONVENIENCE STORE,300 S ST AUGUSTINE RD,75217,convenience_corner_store,CO,32.708449,-96.657045,48113011701,,1
KOKOPELLI,1718 N MARKET ST,75202,convenience_corner_store,CO,32.782162,-96.806935,48113002100,,1
"CHEERS LIQUOR, BEER & WINE",5460 LEMMON AVENUE,75209,liquor_store,CO;TABC,32.828052,-96.824215,48113000610,,2
CARROLL NIGHT CLUB,821 S CARROLL AVE,75223,other_storefront,CO,32.787291,-96.762592,48113002500,,1
PET SUPPLIES PLUS,2461 GUS THOMASSON RD,75228,grocery_food_mart,CO,32.834868,-96.673792,48113012702,,1
"ROYAL JELLY, LLC",1403 SLOCUM ST Ste:107,75207,barbershop_beauty,CO,32.791792,-96.817796,48113010003,,1
HIBERNIA SALON,2600 HIBERNIA ST,75201,barbershop_beauty,CO,32.796006,-96.801136,48113001705,,1
TRI-OPS INC.,1919 S BUCKNER BLVD Ste:110,75217,convenience_corner_store,CO,32.745018,-96.682965,48113009104,,1
NAMA FITNESS,5619 DYER ST Ste:105,75206,barbershop_beauty,CO,32.84313,-96.771738,48113007914,,1
TEXAS FAMILY FITNESS,6465 E MOCKINGBIRD LN Ste:310,,barbershop_beauty,CO,28.782178,-82.32731,,,1
BIG C FOOD MART,2240 IRVING BOULEVARD,75207,convenience_corner_store,CO;TABC,32.79616,-96.834867,48113010003,,2
24 HR FITNESS,2300 FORT WORTH AVE,75211,barbershop_beauty,CO,32.76039,-96.860084,48113006800,,1
AWAD DAIQUIRI AND MORE,8008 S POLK ST Ste:101,75232,convenience_corner_store,CO,32.649504,-96.839962,48113011104,,1
BENGAL FOOD STORE,3003 S BUCKNER BOULEVARD,75227,convenience_corner_store,CO;TABC,32.763586,-96.682694,48113008500,,2
TEXAS STAR CLEANERS,2408 N HASKELL AVE,75204,laundromat,CO,32.804525,-96.789139,48113000801,,1
RED BIRD TELEMART,3220 W DAVIS ST,75211,convenience_corner_store,CO,32.74953,-96.873087,48113004500,,1
THE TRUE GEM,2626 COLE AVE Ste:800,75204,grocery_food_mart,CO,32.800147,-96.804198,48113001802,,1
WILLIEJAXON LLC,1216 W COMMERCE ST,75208,other_storefront,CO,32.772856,-96.84054,48113004300,,1
TALLEY DUNN GALLERY,5020 TRACY ST,75205,other_storefront,CO,32.82862,-96.785181,48113000706,,1
COBBS PLACE,10695 ALEDO DR,75228,other_storefront,CO,32.842809,-96.683458,48113012702,,1
JOY ROOM,2014 S BUCKNER BLVD Ste:150,75217,other_storefront,CO,32.746773,-96.682807,48113009104,,1
STOP N GO 2,4102 S LANCASTER RD Ste:BU 2,75216,convenience_corner_store,CO,32.699618,-96.795905,48113005700,,1
ELECTRO CONNECTION,2908 S BUCKNER BLVD,75227,other_storefront,CO,32.761648,-96.68268,48113009001,,1
STUDIO 1141 BARBER SHOP,1141 E RED BIRD LN,75241,barbershop_beauty,CO,32.674966,-96.807018,48113011202,,1
EVENT CENTER,7330 S WESTMORELAND RD Ste:140,75237,other_storefront,CO,32.658266,-96.883475,48113010904,,1
THE SKELLIG,2409 N HENDERSON AVE,75206,other_storefront,CO,32.815119,-96.778839,48113000901,,1
INFINITY & BEYOND,5621 EAST GRAND AVE,75223,convenience_corner_store,CO,32.794099,-96.746982,48113001204,,1
IREPAIR DFW,9410 WALNUT ST Ste:118,75243,convenience_corner_store,CO,32.923599,-96.736531,48113019016,,1
DICK'S SPORTING GOODS / GOLF GALAXY,9358 N CENTRAL EXPY,75231,grocery_food_mart,CO,32.875018,-96.769793,48113007822,,1
CHARLIES,1506 CENTERVILLE RD,75228,other_storefront,CO,32.842997,-96.684596,48113012702,,1
"3 DIRTY HEADS TRANSPORT & MORE, LLC",3334 BANNING ST Ste:100,75233,convenience_corner_store,CO,32.716873,-96.875262,48113010805,,1
FURNITURE AND RUGS OUTLET,10831 HARRY HINES BLVD,75220,convenience_corner_store,CO,32.876204,-96.884395,48113009900,,1
V. M. G.,2801 REED LN,75215,barbershop_beauty,CO,32.759015,-96.756522,48113020800,,1
LUIS TACO TO GO,6412 SKILLMAN ST,75231,convenience_corner_store,CO,32.864286,-96.745021,48113007809,,1
NEW YORK NAILS AND SPA,111 South Field Street,75202,barbershop_beauty,CO;OSM,32.779539,-96.800712,48113003102,,2
1 ABC BEER WINE,9625 WEBB CHAPEL ROAD SUITE 100A,75220,convenience_corner_store,CO;TABC,32.864564,-96.8621,48113007206,,2
KAHLO'S MS BEAUTY SALON,1133 N ZANG BLVD Ste:104,75203,barbershop_beauty,CO,32.757112,-96.822157,48113002001,,1
DOLLAR TREE STORES INC,4421 W KIEST BLVD,75236,grocery_food_mart,CO,32.705793,-96.893566,48113010807,,1
ASPCARES,4309 LEMMON AVE,75219,convenience_corner_store,CO,32.816966,-96.811609,48113000608,,1
CLIPPIN CROWNZ 4 CHRIST,1628 MARTIN LUTHER KING JR BLVD,75215,barbershop_beauty,CO,32.761544,-96.777216,48113020900,,1
HOTWORX,2808 MCKINNEY AVE Ste:109,75204,barbershop_beauty,CO,32.798816,-96.801075,48113001705,,1
HUF,2646 MAIN ST Ste:110,75226,convenience_corner_store,CO,32.783561,-96.785252,48113020401,,1
MURPHY'S DELI,4925 GREENVILLE AVE Ste:132,75206,convenience_corner_store,CO,32.847048,-96.770142,48113007913,,1
PLANET FITNESS,11835 GREENVILLE AVE,75243,barbershop_beauty,CO,32.909906,-96.746709,48113007810,,1
BAR CHARLES,1624 MARKET CENTER BLVD,75207,other_storefront,CO,32.792855,-96.82204,48113010003,,1
DIAMOND EMPIRE FITNESS,4442 LAWNVIEW AVE Ste:160,75227,barbershop_beauty,CO,32.783673,-96.72196,48113008402,,1
OSAKA FOOT REFLEXOLOGY,11449 DENTON DR,75229,barbershop_beauty,CO,32.899366,-96.889529,48113009900,,1
PROFILE BY SANFORD,6451 E NORTHWEST HWY Ste:100,75231,barbershop_beauty,CO,32.857325,-96.750499,48113007809,,1
ALL THE STARS,12412 JUPITER RD,75218,grocery_food_mart,CO,32.863154,-96.683068,48113012801,,1
MURPHY'S RESTAURANT & LOUNGE,10051 WHITEHURST DR Ste:100,75243,other_storefront,CO,32.899582,-96.72067,48113007835,,1
SIRENA'S,10830 HARRY HINES BLVD,75220,other_storefront,CO,32.875103,-96.883957,48113009900,,1
QUATRO Y 20,420 W DAVIS ST,75208,convenience_corner_store,CO,32.749462,-96.829288,48113004201,,1
CBD STORE AMERICAN SHAMAN,11635 HARRY HINES BLVD Ste:100,75229,convenience_corner_store,CO,32.905554,-96.894487,48113009900,,1
"SKILLMAN ENTERTAINMENT, LLC",6416 SKILLMAN ST,75231,other_storefront,CO,32.864073,-96.745546,48113007809,,1
AFRICAN MARKET ON PARK LANE,8224 PARK LN Ste:100A,75231,convenience_corner_store,CO,32.871446,-96.763199,48113007815,,1
MUKTA INVESTMENTS,3900 N HAMPTON RD,75212,convenience_corner_store,CO,32.789761,-96.85641,48113010101,,1
ICE BOX BEVERAGES,6410 SKILLMAN STREET,75231,liquor_store,CO;TABC,32.864298,-96.744991,48113007809,,2
LONGHORN ICEHOUSE,1901 W NORTHWEST HWY,75220,other_storefront,CO,32.86913,-96.913053,48113009900,,1
7-ELEVEN CONVENIENCE STORE #27427B,3602 S LANCASTER RD,75216,convenience_corner_store,CO,32.704451,-96.799182,48113005700,,1
BEVERAGE DEPT #5,10222 N STEMMONS FWY,75220,liquor_store,CO,32.863104,-96.89364,48113009900,,1
H & Y LIQUIDATIONS,4540 LAWNVIEW AVE Ste:111,75227,convenience_corner_store,CO,32.784666,-96.722618,48113008402,,1
THRYV ORGANICS,9219 GARLAND RD Ste:1105,75218,convenience_corner_store,CO,32.830519,-96.706433,48113008101,,1
LOST HAIRDRESSERS,2402 VICTORY PARK LN,75201,barbershop_beauty,CO,32.787421,-96.809275,48113001902,,1
CLEAN CUTS & STYLES,1611 SINGLETON BLVD,75212,barbershop_beauty,CO,32.778528,-96.846148,48113010101,,1
RACTRAC,1015 W MOCKINGBIRD LN,75247,grocery_food_mart,CO,32.815969,-96.872499,48113010003,,1
BRIT ROSE,2004 GREENVILLE AVE,75206,grocery_food_mart,CO,32.813956,-96.770197,48113001101,,1
CLASS STUDIO,6116 LUTHER LN,75225,barbershop_beauty,CO,32.863613,-96.805826,48113007301,,1
RED BIRD,3641 W NORTHWEST HWY Ste:140,75220,grocery_food_mart,CO,32.860046,-96.858942,48113007206,,1
WHITE ROCK ROWING,2810 WHITE ROCK RD,75214,barbershop_beauty,CO,32.819252,-96.732543,48113000100,,1
URBAN OWL,415 N BISHOP AVE,75208,convenience_corner_store,CO,32.748197,-96.828308,48113004700,,1
LACED BY LONICE,2504 KIMSEY DR,75235,barbershop_beauty,CO,32.823526,-96.838563,48113000409,,1
HILL PARK CLEANERS,2920 OAK LAWN AVE,75219,barbershop_beauty,CO,32.80812,-96.809594,48113000501,,1
SMOOTH OPERATORS HAIR SALON,1201 MAIN ST Ste:P340,75202,barbershop_beauty,CO,32.780072,-96.801967,48113003102,,1
FRY DADDY'S,10350 SCYENE RD Ste:100,75227,convenience_corner_store,CO,32.762333,-96.644281,48113017605,,1
PERFURMS AGUIRRE,3460 WEBB CHAPEL EXT Ste:5,75220,convenience_corner_store,CO,32.865566,-96.864797,48113007205,,1
PILATES BY NATURE,2222 MCKINNEY AVE Ste:160,75201,barbershop_beauty,CO,32.793312,-96.80271,48113001705,,1
BERNIE'S,6211 W NORTHWEST HWY Ste:C150,,other_storefront,CO,32.865729,-96.799915,48113007702,,1
THE ACE BARBERSHOP,629 N WESTMORELAND RD,75211,barbershop_beauty,CO,32.750377,-96.874185,48113006800,,1
VM HAIR DRESSING,2507 N FITZHUGH AVE,75204,barbershop_beauty,CO,32.8123,-96.783375,48113000802,,1
CAPSULE CARE,2909 MCKINNEY AVE,75204,convenience_corner_store,CO,32.799895,-96.800829,48113001703,,1
BLUSH DALLAS SALON,1212 S RIVERFRONT BLVD Ste:150,75207,barbershop_beauty,CO,32.764094,-96.801312,48113020402,,1
SWEET PARTY,8430 LAKE JUNE RD,75217,convenience_corner_store,CO,32.734129,-96.675902,48113009202,,1
"J AND HOSSENS, INC",11181 HARRY HINES BLVD Ste:140,75229,other_storefront,CO,32.889371,-96.889057,48113009900,,1
K9 CLUB 2,9016 GARLAND RD,75218,barbershop_beauty,CO,32.827621,-96.709424,48113008102,,1
WSS SHOES,2310 GUS THOMASSON RD,75228,grocery_food_mart,CO,32.834746,-96.674944,48113012400,,1
WE ONLY WAX DBA W.O.W.,5610 LEMMON AVE Ste:B1,75209,barbershop_beauty,CO,32.828768,-96.825046,48113000610,,1
LEE WHITE LEOPARD KUNG FU,6757 ARAPAHO RD Ste:753,75248,barbershop_beauty,CO,32.962462,-96.791488,48113013606,,1
PREMIRE RENTAL &  SALES,9130 PREMIER ROW,75247,other_storefront,CO,32.817365,-96.894949,48113010003,,1
MURPHY USA,1545 N COCKRELL HILL RD,75211,convenience_corner_store,CO,32.764427,-96.895596,48113010701,,1
BOOST MOBILE BY FH WIRELESS,2261 SINGLETON BLVD Ste:106,75212,convenience_corner_store,CO,32.778779,-96.856938,48113020500,,1
RED BIRD TELEMART,3225 W CAMP WISDOM RD,75237,other_storefront,CO,32.662506,-96.872956,48113010904,,1
ESCAPOLOGY,2375 VICTORY PARK LN Ste:110,75219,other_storefront,CO,32.787038,-96.809347,48113001902,,1
INTERNET CAFE 777,12809 AUDELIA RD Ste:B,75243,other_storefront,CO,32.921609,-96.717893,48113019019,,1
MR. MISSTER,3900 CEDAR SPRINGS RD,75219,other_storefront,CO,32.810169,-96.810202,48113000501,,1
LITTLE CAESARS PIZZA 1617-0011,3536 SIMPSON STUART RD,75241,convenience_corner_store,CO,32.673016,-96.762163,48113020200,,1
B & D SMOKE & VAPOR,7015 GREENVILLE AVE Ste:100,75231,other_storefront,CO,32.873618,-96.76303,48113007822,,1
DINA LUBRICANTS AND FILTERS LLC / CYBERMONKEY,11311 N STEMMONS FWY Ste:13,75229,convenience_corner_store,CO,32.893647,-96.898645,48113009900,,1
GOLF LOUNGE,3131 TURTLE CREEK BLVD Ste:250,75219,other_storefront,CO,32.8059,-96.803917,48113000605,,1
MAPLEWOOD CLUB,2615 INWOOD RD,75235,other_storefront,CO,32.822652,-96.834913,48113000409,,1
ABRAM HAIR & BEAUTY SUPPLY,5816 ABRAMS RD,75214,convenience_corner_store,CO,32.855803,-96.750751,48113007902,,1
PERFECT TOBACCO SHOP,738 W JEFFERSON BLVD,75208,convenience_corner_store,CO,32.743126,-96.834672,48113005000,,1
LEGACY FOOD LLC,303 E LEDBETTER DR,75216,convenience_corner_store,CO,32.685844,-96.82008,48113011202,,1
9 ROUND,7170 SKILLMAN ST,75231,barbershop_beauty,CO,32.877258,-96.734797,48113007826,,1
VALKYRIE TATOO GALLERY,4733 MEMPHIS ST,75207,barbershop_beauty,CO,32.803978,-96.851138,48113010003,,1
SCISSORS & SCOTCH,100 CRESCENT CT Ste:150,75201,other_storefront,CO,32.794124,-96.803636,48113001802,,1
XABLE OF DALLAS,4311 BELMONT AVE Ste:105,75204,barbershop_beauty,CO,32.808108,-96.789251,48113000802,,1
"RES IPSA USA, LLC",3130 KNOX ST Ste:100,75205,convenience_corner_store,CO,32.823032,-96.788563,48113000705,,1
PEAK SMOKE SHOP,6933 SCYENE RD,75227,convenience_corner_store,CO,32.763523,-96.70178,48113008401,,1
SVORY EATERY - CITY PLACE,2711 N HASKELL AVE Ste:C2,75204,convenience_corner_store,CO,32.807044,-96.792783,48113001601,,1
SUPER MERCADO 5 ESTRELLAS,9648 OVERLAKE DRIVE,75220,convenience_corner_store,CO;TABC,32.857886,-96.870557,48113007204,,2
"DUDE, SWEET CHOCOLATE",1604 MAIN ST Ste:100,75201,convenience_corner_store,CO,32.780897,-96.798037,48113003103,,1
STOP & SHOP #2,5328 LEMMON AVE,75209,convenience_corner_store,CO;TABC,32.826622,-96.822565,48113000610,,2
DAINESE DALLAS,1118 N RIVERFRONT BLVD,75207,convenience_corner_store,CO,32.787643,-96.81839,48113010003,,1
"UPSTAIRS CIRCUS DFW, LLC",2810 MAIN ST,75226,barbershop_beauty,CO,32.784009,-96.78293,48113020401,,1
SINNERS TATTOO STUDIO,5032 LEMMON AVE,75209,barbershop_beauty,CO,32.823911,-96.819508,48113000611,,1
BLUE FEATHER YOGA,233 W 7TH ST Ste:110,75208,barbershop_beauty,CO,32.748925,-96.825282,48113004700,,1
"GLOBAL ONE WIRELESS, LLC",2513 N FITZHUGH AVE Ste:100,75204,convenience_corner_store,CO,32.81258,-96.783701,48113000802,,1
SALON DE BELLEZA MAYRA'S,2957 S WESTMORELAND RD Ste:B,75233,barbershop_beauty,CO,32.71261,-96.874298,48113010805,,1
7-11,2450 GUS THOMASSON RD,75228,convenience_corner_store,CO,32.834752,-96.673724,48113012702,,1
BERNAL FOOD MART,5547 BERNAL DR,75212,convenience_corner_store,CO,32.776005,-96.911332,48113010602,,1
DALLAS MUSEUM OF ILLUSIONS,701 ROSS AVE,75202,other_storefront,CO,32.781525,-96.806484,48113002100,,1
Q COIN LAUNDRY,7918 FERGUSON RD,75228,laundromat,CO,32.801535,-96.714137,48113012212,,1
CASH SAVER,2223 SINGLETON BLVD Ste:116,75212,grocery_food_mart,CO,32.778772,-96.858559,48113020500,,1
KINGZ CLOTHING,4488 S MARSALIS AVE,75216,convenience_corner_store,CO,32.690298,-96.814564,48113005901,,1
1UP INK TATTOO STUDIOS,111 N BARRY AVE Ste:A,75214,barbershop_beauty,CO,32.796516,-96.762846,48113001302,,1
KIBBLE PET GROOMING,8061 WALNUT HILL LN Ste:904,75231,barbershop_beauty,CO,32.880829,-96.767095,48113007822,,1
IT'LL DO CLUB,4322 ELM ST,75226,other_storefront,CO,32.791322,-96.769264,48113001502,,1
CAMP,9830 N CENTRAL EXPY Ste:400,75231,other_storefront,CO,32.882171,-96.769728,48113007822,,1
MR LUXX DALLAS CABARET,9009 SOVEREIGN ROW Ste:B,75247,other_storefront,CO,32.821291,-96.888134,48113010003,,1
FOUNDATION FRESH FOOD AND MARKET,1500 MARILLA ST,75201,convenience_corner_store,CO,32.776542,-96.797589,48113020402,,1
FITBREWS,700 N PEARL ST Ste:H206,75201,convenience_corner_store,CO,32.787176,-96.79646,48113001705,,1
S PADILLA WORK AND WESTERN WEAR,2540 GUS THOMASSON RD,75228,convenience_corner_store,CO,32.834764,-96.672381,48113012502,,1
TEMPTATIONS EAST,10333 TECHNOLOGY BLVD E,75220,other_storefront,CO,32.863053,-96.897332,48113009900,,1
TRUE MEDX DALLAS,9533 LOSA DR Ste:1,75218,convenience_corner_store,CO,32.832841,-96.699189,48113008200,,1
BILLARD THE NIGHT,2445 W NORTHWEST HWY Ste:108B,75220,other_storefront,CO,32.858777,-96.882455,48113009900,,1
POP-UP DFW,3409 MAIN ST Ste:B,75226,convenience_corner_store,CO,32.7855,-96.775599,48113020401,,1
HENDERSON CHICKEN,8445 S LANCASTER RD Ste:A100,75241,convenience_corner_store,CO,32.645058,-96.780419,48113016709,,1
BOOST MOBILE,9430 EL CENTRO DR,75220,convenience_corner_store,CO,32.862274,-96.859073,48113009802,,1
FOREVER VAPES,13519 MONTFORT DR,75240,convenience_corner_store,CO,32.931983,-96.812802,48113013615,,1
TIGER NAILS,4787 VISTA WOOD BLVD Ste:170,75232,barbershop_beauty,CO,32.686093,-96.825707,48113011002,,1
METRO BY T-MOBILE,4818 GASTON AVE,75246,convenience_corner_store,CO,32.799512,-96.770056,48113001504,,1
SUNRISE MINI MART,1322 MARTIN LUTHER KING JR BLVD,75215,other_storefront,CO,32.75208,-96.78265,48113021100,,1
JENNY CRAIG,5553 W LOVERS LN,75209,convenience_corner_store,CO,32.85118,-96.817632,48113007301,,1
PUFF PUFF & PASS,3622 SAMUELL BLVD,75223,other_storefront,CO,32.792966,-96.733073,48113001202,,1
YUMMI SUSHI,2380 N FIELD ST Ste:110,75201,convenience_corner_store,CO,32.78904,-96.806882,48113001901,,1
GOOD LUCK,727 ANN ARBOR AVE,75216,gas_station,CO,32.691286,-96.81349,48113005901,True,1
BB'S CUTS,406 E SANER AVE,75216,barbershop_beauty,CO,32.713143,-96.81788,48113005600,,1
CARNELLS CAKERY LLC,3911 S LANCASTER RD Ste:100A,75216,convenience_corner_store,CO,32.701483,-96.797452,48113005700,,1
AVIOR JEWELRY,13101 PRESTON RD,75240,convenience_corner_store,CO,32.927707,-96.803612,48113013615,,1
EL NORTENO,306 E SANER AVE,75216,convenience_corner_store,CO,32.71314,-96.82024,48113005600,,1
HOTWORX,1902 ABRAMS PKWY,75214,barbershop_beauty,CO,32.812793,-96.752734,48113001400,,1
EL PATRON SPORTS BAR AND BILLIARDS,10571 DENTON DR,75220,other_storefront,CO,32.867835,-96.880185,48113009900,,1
ATS WIRELESS DBA BOOST MOBILE,611 W JEFFERSON BLVD Ste:530,75208,convenience_corner_store,CO,32.743209,-96.833007,48113004700,,1
HOBSON MINI MART,900 E HOBSON AVE,75216,convenience_corner_store,CO,32.71491,-96.811915,48113005600,,1
EL CENTRO MEAT MARKET,5614 E R L THORNTON FWY,75223,convenience_corner_store,CO,32.790998,-96.745787,48113002500,,1
HAR OF PEACE SALON & SPA,4911 W LOVERS LN,75209,barbershop_beauty,CO,32.851276,-96.826286,48113007302,,1
VAPOR 6,2001 W NORTHWEST HWY Ste:125,75220,other_storefront,CO,32.867665,-96.909367,48113009900,,1
G5IVE STUDIOS,11345 EMERALD ST Ste:100A,75229,barbershop_beauty,CO,32.894127,-96.899271,48113009900,,1
UGG,2050 N STEMMONS FWY Ste:13002,75207,grocery_food_mart,CO,32.801934,-96.825878,48113010001,,1
POWDER HEART,3636 MCKINNEY AVE Ste:130,75204,barbershop_beauty,CO,32.808348,-96.796317,48113000704,,1
MCKINNEY AVE. CLEANERS,3128 MCKINNEY AVE Ste:E,75204,laundromat,CO,32.802754,-96.800393,48113001801,,1
MODERN VINTAGE,1514 ELM ST Ste:130,75201,convenience_corner_store,CO,32.781473,-96.799087,48113003103,,1
SUMMER SIDE CLEANERS,17475 PRESTON RD,,laundromat,CO,32.99058,-96.8016,,,1
"FORBES SHIPPER, LLC",7877 FRANKFORD RD Ste:100,,barbershop_beauty,CO,32.997683,-96.768902,,,1
BRUCE WOOD DANCE,103 HOWELL ST,75207,barbershop_beauty,CO,32.786505,-96.821732,48113010003,,2
TIDE CLEANERS,10242 MIDWAY RD,75229,laundromat,CO,32.886058,-96.838332,48113007601,,1
"CATFISH & MORE, LLC",3800 S LANCASTER RD,75216,convenience_corner_store,CO,32.702541,-96.797966,48113005700,,1
METRO BY T-MOBILE DBA KPM COMMUNICATION INC,4807 MAPLE AVE Ste:200,75219,convenience_corner_store,CO,32.814787,-96.826702,48113000408,,1
BELKNAP MINISTRIES,2019 N MASTERS DR,75217,grocery_food_mart,CO,32.747805,-96.648389,48113011901,,1
THE CRYO SPA 2,5217 W LOVERS LN,75209,barbershop_beauty,CO,32.851236,-96.821997,48113007302,,1
COWBOYS FIT,1500 JACKSON ST Ste:120,75201,barbershop_beauty,CO,32.779413,-96.797775,48113003103,,1
NEW TOWNGATE CLEANERS,5227 W LOVERS LN,75209,laundromat,CO,32.851232,-96.821754,48113007302,,1
KATHLYN JOY GILLIAM MUSEUM AND LEARNING CENTER,3817 WENDELKIN ST,75215,barbershop_beauty,CO,32.755756,-96.767943,48113020900,,1
ROCHELLE FREDRICKS RESALE-N-SALON,4436 S MARSALIS AVE,75216,barbershop_beauty,CO,32.690628,-96.814583,48113005901,,1
TESHOME TEWODROS,11550 PLANO RD Ste:122,75243,barbershop_beauty,CO,32.906212,-96.700432,48113018506,,1
BOOST MOBILE,2921 W CAMP WISDOM RD,75237,convenience_corner_store,CO,32.662177,-96.868009,48113010906,,1
WARBUCKS HEADQUARTERS,1120 E RED BIRD LN,75241,convenience_corner_store,CO,32.674861,-96.807277,48113011202,,1
SMOKE RUN,2417 E 11TH ST,75203,convenience_corner_store,CO,32.746361,-96.792033,48113021100,,1
OZONE BAR,5360 W LOVERS LN Ste:210,75209,barbershop_beauty,CO,32.851136,-96.820078,48113007101,,1
NEW THRIFT STORE,3322 N BUCKNER BLVD Ste:120,75228,grocery_food_mart,CO,32.805301,-96.682395,48113012302,,1
MOST FAMOUS CUTZ,603 SINGLETON BLVD,75212,barbershop_beauty,CO,32.778591,-96.833821,48113010102,,1
DISCOUNT CONSTRUCTION MATERIALS INC,3711 SINGLETON BLVD,75212,grocery_food_mart,CO,32.778937,-96.881628,48113010500,,1
CRAFT BOBA TEA,6105 GREENVILLE AVE,75206,convenience_corner_store,CO,32.859847,-96.768108,48113007912,,1
LAKE JUNE C STORE,7938 LAKE JUNE RD,75217,convenience_corner_store,CO,32.734174,-96.684906,48113009301,,1
DALLAS BALLET CENTER,8530 ABRAMS RD Ste:608,75243,barbershop_beauty,CO,32.895394,-96.739594,48113007825,,1
GENTLEMAN T-SHOP,1107 S BEACON ST,75223,convenience_corner_store,CO,32.7945,-96.748284,48113002400,,1
BALLET NORTH TEXAS,10675 E NORTHWEST HWY Ste:2400,75238,barbershop_beauty,CO,32.864304,-96.701596,48113013005,,1
ORANGE THEORY FITNESS,5549 W LOVERS LN,75209,barbershop_beauty,CO,32.851181,-96.81766,48113007301,,1
DIVINE NAIL BAR,3909 FRANKFORD RD Ste:120,,barbershop_beauty,CO,32.99703,-96.847084,,,1
ORANGE THEORY FITNESS,6065 FOREST LN,75230,barbershop_beauty,CO,32.909508,-96.802151,48113013300,,1
RAW HAIR AND CO,223 N BISHOP AVE,75208,barbershop_beauty,CO,32.746931,-96.828304,48113004700,,1
ELITE NAIL BAR & SPA,4420 LEMMON AVE,75219,barbershop_beauty,CO,32.818469,-96.81314,48113000608,,1
D CROWN NAIL BAR,9659 WEBB CHAPEL RD,75220,barbershop_beauty,CO,32.86553,-96.863184,48113009802,,1
STAR KARAOKE,11339 EMERALD ST,75229,other_storefront,CO,32.893846,-96.899343,48113009900,,1
JFK AR WORKSHOP,6039 ORAM ST,75206,barbershop_beauty,CO,32.813874,-96.762074,48113001101,,1
JAN WIRELESS PLUS 2,3230 MARTIN LUTHER KING JR BLVD Ste:E,75210,other_storefront,CO,32.773742,-96.763206,48113020300,,1
LA POLAR,1412 N CARROLL AVE,75204,convenience_corner_store,CO,32.800587,-96.777983,48113001503,,1
UPTOWN DOG,3016 GREENVILLE AVE,75206,convenience_corner_store,CO,32.825532,-96.77016,48113000202,,1
CITY WIRELESS,2570 GUS THOMASSON RD,75228,convenience_corner_store,CO,32.834761,-96.671952,48113012502,,1
LASH LOVERS,5525 W LOVERS LN,75209,barbershop_beauty,CO,32.851181,-96.818321,48113007301,,1
VILLA LUXE EVENT HALL,5318 DUNCANVILLE RD,75236,other_storefront,CO,32.680662,-96.908465,48113016534,,1
GRANDMA'S BAKERY,17977 PRESTON RD Ste:B,,convenience_corner_store,CO,32.99694,-96.798467,,,1
AMERICAN SHAMAN OF LAKEWOOD,7330 GASTON AVE Ste:102,75214,convenience_corner_store,CO,32.811634,-96.730478,48113000100,,1
MR. ALTON'S OLD SCHOOL BARBERSHOP,1911 ABRAMS RD Ste:102,75214,barbershop_beauty,CO,32.812903,-96.751654,48113000100,,1
"PRODUCTS FOR YOUR TABLE, INC.",5656 ALPHA RD Ste:B,75240,convenience_corner_store,CO,32.932783,-96.810308,48113013615,,1
SUPER AMIGOS,7002 MILITARY PKWY,75227,convenience_corner_store,CO,32.77242,-96.69978,48113008500,,1
INDIGO CHILD SALON/ BISHOP ARTS,195 W DAVIS ST Ste:100,75208,barbershop_beauty,CO,32.749423,-96.823961,48113004700,,1
355 CUTS & SHAVES,355 W JEFFERSON BLVD,,barbershop_beauty,CO,41.67308,-86.185988,,,1
LV NAILS SPA,6406 GASTON AVE,75214,barbershop_beauty,CO,32.81405,-96.752543,48113001400,,1
THRIFT HAPPY,606 E 10TH ST Ste:A,75203,convenience_corner_store,CO,32.748254,-96.815543,48113004800,,1
BRAIDS OF FASHION,4127 N WESTMORELAND RD,75212,barbershop_beauty,CO,32.792109,-96.87382,48113010500,,1
FITNESS AMBASSADORS LLC,2312 VICTORY PARK LN,75202,barbershop_beauty,CO,32.78642,-96.809315,48113001902,,1
ALLY'S HOME DISCOUNT,7209 MILITARY PKWY,75227,convenience_corner_store,CO,32.772096,-96.695868,48113008500,,1
DALLAS CROSSFIT CENTRAL,1213 N WASHINGTON AVE,75204,barbershop_beauty,CO,32.794127,-96.781721,48113002200,,1
MARU GROCERY LLC,8353 PARK LN,75231,convenience_corner_store,CO,32.871054,-96.760716,48113007815,,1
7-ELEVEN CONVENIENCE STORE #38519A,3435 COMMERCE ST,75226,convenience_corner_store,CO,32.78486,-96.774724,48113020401,,1
"LONGHORN INJURY & REHAB CENTERS, LLC",10611 GARLAND RD Ste:115,75218,barbershop_beauty,CO,32.843927,-96.689811,48113012802,,1
WEST DALLAS INVESTMENTS,2720 BATAAN ST,75212,barbershop_beauty,CO,32.777007,-96.832292,48113004300,,1
"AMERICAN DRY CLEANERS, LLC CLEANERS 2020",2311 GUS THOMASSON RD,75228,laundromat,CO,32.834875,-96.67563,48113012702,,1
FAMILY DOLLAR,2415 S BELT LINE RD,75253,grocery_food_mart,CO,32.668617,-96.611515,48113017102,,1
BELLA HAIR SALON,11434 EMERALD ST Ste:107,75229,barbershop_beauty,CO,32.897069,-96.899236,48113009900,,1
UNIVERSAL PURPOSE LLC,4333 GANNON LN Ste:116,75237,convenience_corner_store,CO,32.656469,-96.889841,48113016607,,1
FLUEVOG SHOES,2633 MAIN ST Ste:130,75226,convenience_corner_store,CO,32.783647,-96.78482,48113020401,,1
ROSS AT PEAK THRIFT SHOP,4114 LIVE OAK ST,75204,convenience_corner_store,CO,32.796918,-96.779305,48113001504,,1
M. D. TAVERN,5320 MAPLE AVE,75235,other_storefront,CO,32.818092,-96.832578,48113000401,,1
CLOCHE,3637 COLONIAL AVE,75215,other_storefront,CO,32.757192,-96.771388,48113020900,,1
"YOGA LAB TEXAS, LLC DBA MEDSTRETCH",17740 PRESTON RD Ste:290,,barbershop_beauty,CO,32.994744,-96.799352,,,1
AWAY,3111 KNOX ST Ste:210,75205,convenience_corner_store,CO,32.822695,-96.787661,48113000705,,2
MARISOL'S BEAUTY SALON,11555 FERGUSON RD Ste:600,75228,barbershop_beauty,CO,32.852903,-96.65245,48113012601,,1
V.I.P. SALON,11525 JUPITER RD Ste:102,75218,barbershop_beauty,CO,32.850952,-96.683222,48113012802,,1
FITNESS CENTER,17950 PRESTON RD Ste:140,,barbershop_beauty,CO,32.996693,-96.798384,,,1
ROSE'S NAILS SALON,3659 W CAMP WISDOM RD,75237,barbershop_beauty,CO,32.662155,-96.87905,48113010904,,1
UNIVERSAL CUTS BEAUTY SALON,7109 MILITARY PKWY Ste:A,75227,barbershop_beauty,CO,32.77236,-96.697259,48113008500,,1
WHISKEYS,835 EXPOSITION AVE,75226,other_storefront,CO,32.782267,-96.766763,48113020300,,1
PAINT NAIL BAR,2726 N HENDERSON AVE,75206,barbershop_beauty,CO,32.81819,-96.782374,48113000901,,1
SAM'S SEARCH SWEEPSTAKES,2814 S BUCKNER BLVD,75227,other_storefront,CO,32.759747,-96.682724,48113009001,,1
MARISA'S BEAUTY SALON,8749 LAKE JUNE RD Ste:120,75217,barbershop_beauty,CO,32.734216,-96.668578,48113009202,,1
DEUCE'S BAR,2110 W NORTHWEST HWY Ste:A,75220,other_storefront,CO,32.865887,-96.904401,48113009900,,1
A-STAR CONVENIENCE STORE,7010 BRUTON RD,75217,convenience_corner_store,CO,32.748858,-96.699297,48113009104,,1
ECCENTRIC ELEGANCE STUDIO,4121 MARVIN D LOVE FWY Ste:B2010,75224,barbershop_beauty,CO,32.694768,-96.844421,48113006100,,1
CICI'S PIZZA,3420 W ILLINOIS AVE Ste:500,75211,convenience_corner_store,CO,32.720248,-96.87639,48113006502,,1
US ONE STOP FOOR MART,12909 JUPITER RD,75238,convenience_corner_store,CO,32.87193,-96.68318,48113013010,,1
PET BAR INC.,5563 W LOVERS LN,75209,barbershop_beauty,CO,32.85118,-96.817503,48113007301,,1
FAMILY BEDDING SUPPLIES,6307 S R L THORNTON FWY,75232,other_storefront,CO,32.671087,-96.822941,48113011103,,1
LUST IN BEAUTE,847 SINGLETON BLVD Ste:100,75212,barbershop_beauty,CO,32.778521,-96.837595,48113004300,,1
LONESTAR SUPER WASH & DRY,5927 LOVETT AVE,75227,laundromat,CO,32.777596,-96.716281,48113008402,,1
METRO BY T-MOBILE - KJ MOBILE,3440 WEBB CHAPEL EXT,75220,convenience_corner_store,CO,32.865375,-96.864818,48113007205,,1
SALON EBENEZER,510 BERNICE ST,75211,barbershop_beauty,CO,32.748909,-96.860819,48113004500,,1
HI - FLAMEZ,832 HOLCOMB RD,75217,convenience_corner_store,CO,32.726525,-96.674282,48113009202,,1
MARY'S PRODUCE,4008 URBAN AVE Ste:A,75227,convenience_corner_store,CO,32.772318,-96.696533,48113008500,,1
STOREHOUSE BUTCHER SHOPPE,8014 HARRY HINES BLVD Ste:A3,75235,convenience_corner_store,CO,32.833535,-96.860814,48113010001,,1
OSO CLIMBING TRAINING FACILITY,1330 CONANT ST Ste:101,75207,barbershop_beauty,CO,32.800198,-96.837839,48113010003,,1
PRESSED ROOTS,320 SINGLETON BLVD Ste:160,75212,barbershop_beauty,CO,32.778588,-96.828614,48113010102,,1
ARCENIO'S BARBER ACADEMY,14215 COIT RD Ste:126,75254,barbershop_beauty,CO,32.942453,-96.768994,48113019214,,1
JALISCO PRODUCTS DE CUERO,118 W JEFFERSON BLVD,75208,convenience_corner_store,CO,32.743215,-96.823782,48113004700,,1
TAMALERIA Y FRUTERIA PURO GUANAJUATO,2900 W DAVIS ST,75211,convenience_corner_store,CO,32.749528,-96.868912,48113004500,,1
SOCIETY EVENTS,4101 BRYAN ST Ste:109,75204,other_storefront,CO,32.797712,-96.780857,48113001503,,1
"APPLES TO ZUCCHINI, INC",4514 TRAVIS ST Ste:204,,convenience_corner_store,CO,32.822501,-96.790952,48113000705,,1
TEXAS FAMILY FITNESS,6464 E MOCKINGBIRD LN Ste:130,75214,barbershop_beauty,CO,32.836463,-96.750682,48113008000,,1
7-ELEVEN,1935 MEDICAL DISTRICT DR Ste:B1201,75235,convenience_corner_store,CO,32.808359,-96.836837,48113010001,,1
"HIATUS DALLAS, LLC",9820 N CENTRAL EXPY Ste:507,75231,barbershop_beauty,CO,32.8821,-96.76973,48113007822,,1
SPEEDY LAUNDRY,3232 SYLVAN AVE,75212,laundromat,CO,32.781304,-96.835711,48113010102,,1
LUVI BUNZ,3628 FRANKFORD RD Ste:245,,barbershop_beauty,CO,43.476236,-83.282714,,,1
SHOP N GO #12,607 S TYLER ST,75208,convenience_corner_store,CO;TABC,32.739921,-96.837644,48113005100,,2
7-ELEVEN STORE #38635,8010 SOUTHWESTERN BLVD,75206,convenience_corner_store,CO,32.857035,-96.769853,48113007909,,1
"MVEMENT, LLC",7560 GREENVILLE AVE,75231,barbershop_beauty,CO,32.88497,-96.758466,48113007815,,1
PATAGONIA,2626 MAIN ST,75226,grocery_food_mart,CO,32.783534,-96.785389,48113020401,,1
QUIK TRIP - STORE #976,1449 INWOOD RD,75247,grocery_food_mart,CO,32.808415,-96.85126,48113010003,,1
QUIK TRIP - STORE #891,19020 PRESTON RD,,grocery_food_mart,CO,33.00765,-96.795395,,,1
QUIK TRIP - STORE #936,3230 W MOCKINGBIRD LN,75235,grocery_food_mart,CO,32.83379,-96.837349,48113980100,,1
QUIK TRIP (STORE #979),10101 ROYAL LN,75238,grocery_food_mart,CO,32.89457,-96.713074,48113013009,,1
QUIK TRIP - STORE #932,2929 FRANKFORD RD,,grocery_food_mart,CO,32.997019,-96.862623,,,1
QUIK TRIP - STORE #1900,6055 ALPHA RD,75240,grocery_food_mart,CO,32.933242,-96.802227,48113013608,,1
QUIK TRIP (STORE #902),12100 E NORTHWEST HWY,75218,grocery_food_mart,CO,32.8639,-96.671918,48113012801,,1
QUIK TRIP - STORE #975,511 S ZANG BLVD,75208,grocery_food_mart,CO,32.740954,-96.824639,48113005000,,1
QUIK TRIP (STORE #971),4767 S R L THORNTON FWY,75232,grocery_food_mart,CO,32.686961,-96.824638,48113011002,,1
IL CANE ROSSO,2612 COMMERCE ST Ste:102,,other_storefront,CO,32.782728,-96.785576,48113020401,,1
QUIK TRIP - STORE #904,6060 SKILLMAN ST,75231,grocery_food_mart,CO,32.862647,-96.749688,48113007809,,1
KATY TRAIL ICE HOUSE,3127 ROUTH ST,75201,other_storefront,CO,32.801096,-96.807173,48113001802,,1
QUIK TRIP - STORE #900,9500 FOREST LN,75243,grocery_food_mart,CO,32.909077,-96.729297,48113018507,,1
QUIK TRIP - STORE #933,7104 GREENVILLE AVE,75231,grocery_food_mart,CO,32.875308,-96.762062,48113007815,,1
METRO BY T-MOBILE,460 N LAMAR ST Ste:100,75202,convenience_corner_store,CO,32.781666,-96.805,48113002100,,1
THRIVER 24,4305 MAPLE AVE Ste:B,75219,convenience_corner_store,CO,32.808974,-96.819638,48113000405,,1
B & J PRODUCTS,2130 LAMONT AVE,75216,barbershop_beauty,CO,32.721546,-96.807927,48113005500,,1
MERE SALON,6137 LUTHER LN,75225,barbershop_beauty,CO,32.863615,-96.805049,48113007301,,1
ADWOA BEAUTY,1414 BELLEVIEW ST Ste:100,75215,convenience_corner_store,CO,32.771097,-96.792136,48113020402,,1
CASANOVA BAR,3244 SAMUELL BLVD,75223,other_storefront,CO,32.792939,-96.73868,48113001202,,1
IFIXHUB,1820 W MOCKINGBIRD LN Ste:36,75235,other_storefront,CO,32.822091,-96.854728,48113010001,,1
LADY MAGNOLIA TATTOO LLC,1801 LAWS ST Ste:100,75202,barbershop_beauty,CO,32.782908,-96.805347,48113002100,,1
FLAMINGO LIQUORS,4125 FAIRMOUNT ST,75219,liquor_store,CO,32.808006,-96.816707,48113000503,,1
HEIMANOS ABRAHAM,2152 W NORTHWEST HWY Ste:123,75220,barbershop_beauty,CO,32.864951,-96.901576,48113009900,,1
HALL'S HONEY FRIED CHICKEN - CW2,4105 W CAMP WISDOM RD,75237,convenience_corner_store,CO,32.662036,-96.88653,48113010903,,1
QUIK TRIP - STORE #923,8414 S HAMPTON RD,75232,grocery_food_mart,CO,32.644524,-96.85699,48113016634,,1
THE WEED SPOT,502 N MADISON AVE,75208,convenience_corner_store,CO,32.749176,-96.826505,48113004700,,1
DREADS CONVENIENCE,2011 W DAVIS ST,75208,convenience_corner_store,CO,32.749639,-96.851659,48113004202,,1
TALK N FIX,9792 FOREST LN,75243,convenience_corner_store,CO,32.909408,-96.718143,48113018507,,1
CAVENDER'S BOOT CITY,9390 N CENTRAL EXPY,75231,grocery_food_mart,CO,32.876244,-96.769713,48113007822,,1
HOUSE OF CULTURE,3200 S LANCASTER RD Ste:625,75216,barbershop_beauty,CO,32.708127,-96.801621,48113008802,,1
BUTTONS FORTUNE'S,9220 SKILLMAN ST Ste:202A,75243,other_storefront,CO,32.902791,-96.714538,48113018506,,1
CODE BLUE POLICE & SECURITY SUPPLY,8238 E R L THORNTON FWY Ste:200B,75228,convenience_corner_store,CO,32.79339,-96.698359,48113012207,,1
"TACO CITY Y MAS, LLC",265 W COMSTOCK ST,75208,convenience_corner_store,CO,32.769968,-96.826847,48113004300,,1
SHOP N GO,2302 GUS THOMASSON RD Ste:100,75228,convenience_corner_store,CO;OSM;TABC,32.834755,-96.675896,48113012400,,3
TEXACO LAKE JUNE,8470 LAKE JUNE RD Ste:A,75217,convenience_corner_store,CO;TABC,32.734105,-96.674589,48113009202,,2
THE SHOP CLUB DALLAS,9100 JOHN W CARPENTER FWY,75247,other_storefront,CO,32.826474,-96.883399,48113010003,,1
LILI'S BARBERSHOP & BEAUTY SALON,2003 W DAVIS ST,75208,barbershop_beauty,CO,32.749641,-96.851491,48113004202,,1
SALUTE PHARMACY,3825 ROSS AVE Ste:110,75204,convenience_corner_store,CO,32.798736,-96.785112,48113001602,,1
EZ PAWN,3515 SIMPSON STUART RD,75241,other_storefront,CO,32.673064,-96.762337,48113011401,,1
LUCKY ZONE MART,2680 LEA CREST DR,75216,convenience_corner_store,CO,32.712197,-96.785251,48113008802,,1
ARLEN'S CLEANERS,7812 GREAT TRINITY FOREST WAY Ste:100,75217,laundromat,CO,32.712222,-96.687877,48113009304,,1
DOLLAR GENERAL,5775 BLUE BIRD AVE,75237,grocery_food_mart,CO,32.676826,-96.888283,48113010903,,1
7 PLUS  AGUA,1515 S BUCKNER BLVD Ste:241,,convenience_corner_store,CO,32.738319,-96.682973,48113009105,,1
THE ARMY STORE INC,10926 GARLAND RD,75218,grocery_food_mart,CO,32.846118,-96.686919,48113012802,,1
WHIP IN,7233 Gaston Avenue,75214,convenience_corner_store,CO;OSM,32.812747,-96.732049,48113000100,,2
AMBICIONES,410 N TYLER ST,75208,barbershop_beauty,CO,32.748737,-96.837585,48113004600,,1
CROWNED BY NIKITA,1009 W DAVIS ST,75208,barbershop_beauty,CO,32.749495,-96.839464,48113004202,,1
PATTYS BEAUTY SALON,4020 URBAN AVE,75227,barbershop_beauty,CO,32.772816,-96.696511,48113008500,,1
FINESS KUTZ LLC,2832 N BUCKNER BLVD,75228,barbershop_beauty,CO,32.811588,-96.685394,48113012301,,1
LUXE NAILS ON LEMMON,4402 LEMMON AVE,75219,barbershop_beauty,CO,32.818031,-96.812637,48113000608,,1
MERAKI LOUNGE,921 W JEFFERSON BLVD,75208,barbershop_beauty,CO,32.743234,-96.83853,48113004600,,1
ICLOUD WIRELESS,9658 PLANO RD Ste:100,75238,convenience_corner_store,CO,32.8785,-96.700343,48113013007,,1
A-N-A BEAUTY SUPPLY,3003 E ILLINOIS AVE Ste:3,75216,convenience_corner_store,CO,32.716451,-96.776418,48113008604,,1
OKURA'S ELECTRONIC,2303 W CLARENDON DR,75208,convenience_corner_store,CO,32.734682,-96.85575,48113005200,,1
INDEPENDENT COMMUNITY UPLIFT,604 SCHOOLDELL DR,75211,convenience_corner_store,CO,32.740071,-96.87376,48113004500,,1
"THE PHONE BROTHERS, LLC",1222 S BUCKNER BLVD Ste:150,75217,convenience_corner_store,CO,32.733604,-96.682841,48113009301,,1
AVITA PHARMACY,750 FORT WORTH AVE Ste:H100,75208,convenience_corner_store,CO,32.770185,-96.83541,48113004300,,1
LUCY'S TAILOR & PRESTON ROYAL CLEANERS,6051 ROYAL LN,75230,laundromat,CO,32.894883,-96.802538,48113007604,,1
THE RETAIL CONNECTION,4445 TRAVIS ST,75205,grocery_food_mart,CO,32.82187,-96.791245,48113000705,,1
123 REFLEXOLOGY,11061 SHADY TRL,75229,barbershop_beauty,CO,32.883186,-96.890439,48113009900,,1
"P T SOLUTUIONS HOLDING, LLC",8611 HILLCREST RD Ste:150,75225,barbershop_beauty,CO,32.8661,-96.786815,48113007701,,1
7-ELEVEN CONVENIENCE STORE # 21972B,8902 GARLAND ROAD,75218,convenience_corner_store,CO;TABC,32.826217,-96.711103,48113008102,,2
AVARA,4239 W LOVERS LN,75209,convenience_corner_store,CO,32.851293,-96.836805,48113007302,,1
RITE QUALITY PHARMACY #2,18900 DALLAS PKWY Ste:106,,convenience_corner_store,CO,33.006378,-96.8289,,,1
FUN HOUSE,610 S HAMPTON RD,75208,other_storefront,CO,32.739742,-96.856678,48113005200,,1
SERENITE SALON,2422 MARTIN LUTHER KING JR BLVD,75215,barbershop_beauty,CO,32.765872,-96.772174,48113020300,,1
BRAVIOFIT NUTRICION,510 N GILPIN AVE,75211,barbershop_beauty,CO,32.748895,-96.880625,48113006702,,1
MARICHELO BEAUTY SUPPLY AND BARBER,2328 S BUCKNER BLVD,75227,barbershop_beauty,CO,32.753323,-96.682798,48113009101,,1
BUCKNER SMOKE SHOP,1309 S BUCKNER BLVD,75217,convenience_corner_store,CO,32.734726,-96.682984,48113009105,,1
FOODPLUS2,7036 GREAT TRINITY FOREST WAY,75217,convenience_corner_store,CO,32.713056,-96.700395,48113011601,,1
7-ELEVEN CONVENIENCE STORE # 39412B,440 S BUCKNER BLVD Ste:101,75217,convenience_corner_store,CO;TABC,32.719352,-96.682911,48113011701,,2
TEXAS HOME LINEN CASH FOR GOLD,1604 S BUCKNER BLVD,75217,convenience_corner_store,CO,32.739911,-96.682824,48113009105,,1
NANNY'S,3121 GREAT TRINITY FOREST WAY Ste:104,75216,convenience_corner_store,CO,32.696295,-96.766855,48113008701,,1
DOLLAR TREE,10606 GARLAND RD,75218,grocery_food_mart,CO,32.843807,-96.68975,48113012802,,1
WORKOUT ANYTIME,8648 SKILLMAN ST,75243,barbershop_beauty,CO,32.895765,-96.72278,48113007835,,1
TM GROCERY BEER & WINE,4537 ELSIE FAYE HEGGINS ST,75210,convenience_corner_store,CO,32.771983,-96.737986,48113002703,,1
"PRISM HEALTH TEXAS, PHARMACY",2801 LEMMON AVE Ste:100,75204,convenience_corner_store,CO,32.804095,-96.796271,48113001703,,1
ZIPPER'S,3333 N FITZHUGH AVE,75204,other_storefront,CO,32.817108,-96.794074,48113000703,,1
LANDS END,8190 PARK LN Ste:350,75231,convenience_corner_store,CO,32.871747,-96.76542,48113007822,,1
"THE HOUSE ON LOVERS, LLC",4309 W LOVERS LN,75209,barbershop_beauty,CO,32.85129,-96.835971,48113007302,,1
DOLLAR TREE,140 S BUCKNER BLVD,75217,grocery_food_mart,CO,32.714525,-96.682919,48113009304,,1
HER VIBES BOUTIQUE,5210 BEXAR ST Ste:104,75215,convenience_corner_store,CO,32.750347,-96.75339,48113020800,,1
SNOWCONES N DELI,3505 FORDHAM RD,75216,convenience_corner_store,CO,32.715088,-96.764653,48113008701,,1
MAGNI FURNITURE,7728 GREAT TRINITY FOREST WAY Ste:1,75217,convenience_corner_store,CO,32.712424,-96.689281,48113009304,,1
EL CHEAPO THRIFTY LLC,3530 SAMUELL BLVD,75223,convenience_corner_store,CO,32.792971,-96.734655,48113001202,,1
HKS PLACE,2807 S WESTMORELAND RD Ste:100,75233,other_storefront,CO,32.716217,-96.874289,48113010805,,1
METRO BY T-MOBILE,9247 SKILLMAN ST Ste:103,75243,convenience_corner_store,CO,32.903799,-96.713584,48113018505,,1
OFFBEAT BOXING & SPIN CYCLING,718 N BUCKNER BLVD Ste:416,75218,barbershop_beauty,CO,32.845289,-96.711885,48113012900,,1
SHOPS AT LOMBARDY,2911 LOMBARDY LN Ste:103,75220,convenience_corner_store,CO,32.866405,-96.876324,48113007204,,1
SOCORRO SALON,4909 ROSS AVE,75206,barbershop_beauty,CO,32.806484,-96.775847,48113001503,,1
4 BROTHERS MINI MART,115 N JIM MILLER RD Ste:A,75217,convenience_corner_store,CO,32.713893,-96.700184,48113009304,,1
N/A,3337 N FITZHUGH AVE,75204,barbershop_beauty,CO,32.817114,-96.794089,48113000703,,1
DOMINO'S,2615 OAK LAWN AVE Ste:110,75219,convenience_corner_store,CO,32.805531,-96.812705,48113000502,,1
R & J GROCERY STORE,3439 MAYBETH ST,75212,convenience_corner_store,CO,32.784908,-96.903521,48113010601,,1
THE ECHO LOUNGE AND MUSIC HALL,1323 N STEMMONS FWY,75207,other_storefront,CO,32.790483,-96.814018,48113010003,,1
POWER BAR WOMENS FITNESS LLC,3408 MAIN ST,75226,barbershop_beauty,CO,32.785528,-96.77545,48113020401,,1
TYLER SMOKESHOP,3614 S TYLER ST,75224,convenience_corner_store,CO,32.699476,-96.837189,48113006002,,1
LA PRINCIPAL BARBER SHOP,3021 LOMBARDY LN Ste:103,75220,barbershop_beauty,CO,32.86641,-96.874494,48113007204,,1
WYSONG LEGACY ATHLETICS LLC,1100 CONVEYOR LN,75247,barbershop_beauty,CO,32.80602,-96.85295,48113010003,,1
BARNES BRIDGE ENTERTAINMENT,1709 BARNES BRIDGE RD,75228,other_storefront,CO,32.850684,-96.679645,48113012701,,1
LUCKY ROOM,2010 S BUCKNER BLVD Ste:B,75217,other_storefront,CO,32.746819,-96.682807,48113009104,,1
LEE INTERNATIONAL PKWY #101 DALLAS TX,14444 DALLAS PKWY Ste:101,75254,barbershop_beauty,CO,32.944923,-96.822586,48113013625,,1
STUDIO 9,7610 N STEMMONS FWY Ste:425,75247,barbershop_beauty,CO,32.820872,-96.869634,48113010001,,1
FLOOR & DECOR OUTLETS OF AMERICA,1301 OAK LAWN AVE,75207,grocery_food_mart,CO,32.793702,-96.822125,48113010003,,1
RETREAT MODELING,1515 S EWING AVE,75216,barbershop_beauty,CO,32.728888,-96.811434,48113021000,,1
BY THE BLADE BARBERSHOP,214 S MADISON AVE,75208,barbershop_beauty,CO,32.743647,-96.82648,48113004700,,1
EMPIRE CENTRAL BEVERAGE,8300 HARRY HINES BLVD,75235,liquor_store,CO;TABC,32.835359,-96.863037,48113010001,,2
TOTAL WINE,3810 CONGRESS AVE,75219,liquor_store,CO,32.808073,-96.812178,48113000501,,1
GASLIGHT,3407 MCKINNEY AVE,75204,other_storefront,CO,32.805319,-96.798713,48113001801,,1
JOJO MOMMY,7801 INWOOD RD,75209,convenience_corner_store,CO,32.850325,-96.821311,48113007101,,1
METRO BY T-MOBILE,2211 S BECKLEY AVE Ste:105,75224,convenience_corner_store,CO,32.721259,-96.822855,48113005400,,1
,,75207,grocery_food_mart,CO,32.78712,-96.821471,48113010003,,1
UPTOWN SOCIAL,2714 MCKINNEY AVE,75204,other_storefront,CO,32.798022,-96.801283,48113001705,,1
SWEETPEEZ INC,4800 DOLPHIN RD,75223,convenience_corner_store,CO,32.781285,-96.737653,48113002500,,1
THE CLEARANCE STORE,3333 HANSBORO AVE Ste:103,75233,convenience_corner_store,CO,32.715491,-96.875802,48113010805,,1
"EJOTY, LLC DBA SUNSHINE FOOD MART",3943 S COCKRELL HILL RD Ste:200,75236,convenience_corner_store,CO,32.694694,-96.891504,48113010807,,1
FUEL CITY,10025 HARRY HINES BLVD,75220,grocery_food_mart,CO,32.859127,-96.880984,48113009900,,1
GENESIS,13405 KLEBERG RD,75253,other_storefront,CO,32.669101,-96.613758,48113017102,,1
GRAB - A -SNACK,3022 AL LIPSCOMB WAY,75215,convenience_corner_store,CO,32.774485,-96.768475,48113020300,,1
LA POPULAR PANADERIA #2,1512 S BELT LINE RD Ste:1,75253,convenience_corner_store,CO,32.681431,-96.595947,48113017010,,1
SALLYS BRAIDS,1227 E RED BIRD LN,75241,barbershop_beauty,CO,32.674973,-96.805081,48113011300,,1
ROCKET FIZZ SODA POP & CANDY SHOP,2701 MAIN ST Ste:160,75226,convenience_corner_store,CO,32.78379,-96.784103,48113020401,,1
HATCHWAYS,2350 VICTORY PARK LN Ste:200,75202,other_storefront,CO,32.786796,-96.809284,48113001902,,1
TOP PRICE WHOLESALE,11402 HARRY HINES BLVD Ste:400,75229,convenience_corner_store,CO,32.896304,-96.891435,48113009900,,1
LOBAS BARBER & BEAUTY SALON,1242 N JIM MILLER RD,75217,barbershop_beauty,CO,32.733747,-96.700075,48113009301,,1
GROWTH MICRO GREENS CENTER,2720 OAK LAWN AVE,75219,convenience_corner_store,CO,32.806504,-96.811532,48113000502,,1
ONE STOP FOODMART,1731 S BUCKNER BLVD Ste:100,75217,convenience_corner_store,CO;TABC,32.742375,-96.682966,48113009105,,2
READERS 2 LEADERS,2800 N HAMPTON RD Ste:120,75212,barbershop_beauty,CO,32.777209,-96.856452,48113004300,,1
ICRYO WELLNESS CENTER,7949 WALNUT HILL LN Ste:150,75230,barbershop_beauty,CO,32.880139,-96.771443,48113007801,,1
NORTHWEST HWY FOOD MART,2332 W NORTHWEST HWY,75220,convenience_corner_store,CO;TABC,32.860725,-96.888743,48113009900,,2
MISS MANGO,7879 SPRING VALLEY RD Ste:112,75254,grocery_food_mart,CO,32.939961,-96.769689,48113013609,,1
MI TIENDA SALVADORENA,2647 W NORTHWEST HWY Ste:140,75220,convenience_corner_store,CO,32.85841,-96.877338,48113007204,,1
QUEEN BUNDLES 100,2084 N JIM MILLER RD Ste:101,75217,convenience_corner_store,CO,32.748054,-96.700056,48113009103,,1
BELLEZA COLOMBIANO,18810 PRESTON RD,,barbershop_beauty,CO,39.67194,-77.718341,,,1
CASA LATINA,2031 S BUCKNER BLVD,75217,convenience_corner_store,CO,32.747752,-96.682959,48113009104,,1
CORNER STORE,1028 W CAMP WISDOM RD,75232,convenience_corner_store,CO,32.662105,-96.83905,48113011104,,1
DALLAS FRUIT SHOP,180 MURDOCK RD Ste:200,75217,convenience_corner_store,CO,32.711672,-96.683115,48113011603,,1
"SMOKE CLIFF, TX BBQ",1424 BONNIE VIEW RD,75203,convenience_corner_store,CO,32.73201,-96.793468,48113005500,,1
BUCKNER SHELL,2438 S BUCKNER BLVD,75227,convenience_corner_store,CO;TABC,32.75474,-96.68279,48113009101,,2
ANGEL CALIFORNIA NAIL INC,9241 SKILLMAN ST Ste:100,75243,barbershop_beauty,CO,32.903174,-96.714301,48113018506,,1
"DESIGNS BY CAKE DADDY, LLC",3155 S LANCASTER RD Ste:130,75216,convenience_corner_store,CO,32.708728,-96.802364,48113005700,,1
DONUT PALACE,912 PACIFIC AVE,75202,convenience_corner_store,CO,32.781103,-96.804606,48113002100,,1
RUBEN'S,1507 S ERVAY ST,75215,convenience_corner_store,CO,32.771763,-96.789346,48113020402,,1
WHISKEY HATCHET BAR,2801 VIRGIL ST,75226,other_storefront,CO,32.781815,-96.782576,48113020401,,1
ABSOLUTE SOLUTIONS FOR HEALTHY HAIR,2339 GUS THOMASSON RD,75228,barbershop_beauty,CO,32.834873,-96.674668,48113012702,,1
EL JJ,3300 SAMUELL BLVD,75223,other_storefront,CO,32.792939,-96.738253,48113001202,,1
CAFE DE LA ESQUINA,2903 LOMBARDY LN Ste:150,75220,convenience_corner_store,CO,32.866403,-96.876632,48113007204,,1
ROYAL DONUTS,10725 AUDELIA RD Ste:101,75231,convenience_corner_store,CO,32.895377,-96.717888,48113013008,,1
DD'S DISCOUNT,10020 MARSH LN Ste:200,75229,grocery_food_mart,CO,32.8814,-96.856106,48113009500,,1
MENA'S DANCE XCHANGE LLC,1111 S WALTON WALKER BLVD,75211,barbershop_beauty,CO,32.734527,-96.920396,48113021200,,1
HAIR SOLUTIONS,9780 FOREST LN,75243,barbershop_beauty,CO,32.909415,-96.71874,48113018507,,1
CORAZON LATINO,4607 MAPLE AVE,75219,other_storefront,CO,32.812767,-96.82416,48113000405,,1
FOOTLOCKER,3540 W CAMP WISDOM RD Ste:120,75237,grocery_food_mart,CO,32.662333,-96.877636,48113010904,,1
GLAM A GLOW,4108 LIVE OAK ST,75204,barbershop_beauty,CO,32.796888,-96.779341,48113001504,,1
FRUTERIA TROPICANA,12917 JUPITER RD,75238,convenience_corner_store,CO,32.871842,-96.68318,48113013010,,1
METRO BY T-MOBILE,9625 PLANO RD Ste:1100,75238,convenience_corner_store,CO,32.878478,-96.700497,48113013007,,1
7-ELEVEN CONVENIENCE STORE #38627A,3712 LIVE OAK ST,75204,convenience_corner_store,CO;TABC,32.794402,-96.782417,48113002200,,2
EL REY DEL SABOR RESTAURANTE MEXICANO,1600 S BUCKNER BLVD,75217,convenience_corner_store,CO,32.739463,-96.682828,48113009105,,1
FARRAH LASH BOUTIQUE,3116 AL LIPSCOMB WAY,75215,other_storefront,CO,32.775365,-96.767554,48113020300,,1
ESCAPE DEEP ELLUM,2715 MAIN ST,75226,other_storefront,CO,32.783876,-96.783627,48113020401,,1
THE SPORTS POD,4302 W LOVERS LN,75209,barbershop_beauty,CO,32.851192,-96.836391,48113007302,,1
BIGG DRIP FASHION,1608 S EWING AVE,75216,convenience_corner_store,CO,32.727591,-96.811413,48113005500,,1
KING MARKET #2 FOOD STORE,1007 W CAMP WISDOM RD,75232,convenience_corner_store,CO;TABC,32.662232,-96.838571,48113011103,,2
ORGANIC LIFE DRY CLEANING,2310 N HENDERSON AVE Ste:C,75206,barbershop_beauty,CO,32.814302,-96.777901,48113000902,,1
FORTY FIVE TEN,1615 MAIN ST,75201,grocery_food_mart,CO,32.780942,-96.79781,48113003103,,1
WE SUB'N,11461 HARRY HINES BLVD Ste:103,75229,convenience_corner_store,CO,32.898447,-96.892312,48113009900,,1
GO GET IT ENTERTAINMENT LLC,13490 TI BLVD Ste:106,75243,barbershop_beauty,CO,32.931908,-96.748656,48113019040,,1
ESTRELLAS BEAUTY SALON,10824 FERGUSON RD,75228,barbershop_beauty,CO,32.842821,-96.664162,48113012603,,1
PARKLANE PARMACY,6873 SHADY BROOK LN,75231,convenience_corner_store,CO,32.871609,-96.737156,48113007824,,1
IN AND OUT BARBER,2309 MOUNTAIN LAKE RD,75224,barbershop_beauty,CO,32.721452,-96.856083,48113006302,,1
GOODFOOT SKATE SHOP,212 S TYLER ST,75208,convenience_corner_store,CO,32.74363,-96.83761,48113004600,,1
WASH WORLD,1214 S HAMPTON RD,75208,laundromat,CO,32.732667,-96.856842,48113005300,,1
PHENIX SALON SUITES,18216 PRESTON RD Ste:B3,,barbershop_beauty,CO,33.001157,-96.796269,,,1
THE BEST DEAL FURNITURE PLUS,920 W JEFFERSON BLVD,75208,convenience_corner_store,CO,32.743124,-96.8386,48113005100,,1
LA BONITA,1602 S BUCKNER BLVD,75217,convenience_corner_store,CO,32.739887,-96.682825,48113009105,,1
BISHOP,3701 S LANCASTER RD Ste:BU1,75216,convenience_corner_store,CO,32.703375,-96.798717,48113005700,,1
"AP DEEP ELLUM, LLC",2602 MAIN ST,75226,convenience_corner_store,CO,32.783381,-96.786155,48113020401,,1
KANG XIU PALACE,5627 W LOVERS LN,75209,barbershop_beauty,CO,32.851173,-96.816514,48113007301,,1
FIRST IMPRESSIONS STUDIO,700 N PEARL ST Ste:N204,,barbershop_beauty,CO,39.447939,-75.2185,,,1
ATOMIC HOME SUPPLY,336 W JEFFERSON BLVD,75208,convenience_corner_store,CO,32.743098,-96.827131,48113005000,,1
NORTHWEST WONDER WASH,3237 W NORTHWEST HWY Ste:100,75220,laundromat,CO,32.855725,-96.865217,48113000410,,1
THE UPS STORE,7150 SKILLMAN ST Ste:160,75231,convenience_corner_store,CO,32.877048,-96.734785,48113007826,,1
BAR FLY,5623 EAST GRAND AVE,75223,other_storefront,CO,32.794111,-96.746977,48113001204,,1
REDBIRD FADE FACTORY,7163 S WESTMORELAND RD,75237,barbershop_beauty,CO,32.66089,-96.882077,48113010904,,1
ANDY'S FOOD MART,2403 N FITZHUGH AVE,75204,convenience_corner_store,CO;TABC,32.811436,-96.782372,48113000901,,2
DALLAS WHOLESALE APPAREL,11351 HARRY HINES BLVD,75229,convenience_corner_store,CO,32.89415,-96.890967,48113009900,,1
RHUMBA SPIRITS,1103 SINGLETON BLVD,75212,barbershop_beauty,CO,32.77852,-96.83978,48113004300,,1
HI-TECH ELECTRONICS,2588 ROYAL LN Ste:A,75229,convenience_corner_store,CO,32.89578,-96.892101,48113009900,,1
PLEASANT GROVE MEAT MARKET,6923 SCYENE RD,75227,convenience_corner_store,CO,32.763516,-96.700985,48113008401,,1
"PACIORETTY ACADEMIC SUPPORT SERVICES, LLC",6170 SHERRY LN Ste:340,75225,barbershop_beauty,CO,32.862151,-96.804891,48113007301,,1
SPEARMINT RHINO GENTLEMEN'S CLUB,10920 PETAL ST,75238,other_storefront,CO,32.884679,-96.69348,48113018506,,1
CELLULAR GROVE WIRELESS,9015 LAKE JUNE RD,75217,convenience_corner_store,CO,32.734191,-96.664655,48113009202,,1
TOP SIX FIVE BARBERS,8434 LAKE JUNE RD,75217,barbershop_beauty,CO,32.734127,-96.675805,48113009202,,1
ILLUSION EVENT CENTER,1201 W CAMP WISDOM RD Ste:340,75232,other_storefront,CO,32.662231,-96.8429,48113011101,,1
THE POPCORN SHACK,7632 CAMPBELL RD Ste:309,75248,convenience_corner_store,CO,32.978201,-96.769889,48113013605,,1
UPTOWN SPA NAILS 4U,11710 FERGUSON RD,75228,barbershop_beauty,CO,32.854721,-96.650085,48113012604,,1
MIS GEFT SHOP,4107 W CAMP WISDOM RD Ste:225,75237,grocery_food_mart,CO,32.66204,-96.885973,48113010903,,1
DESI GROCERY,6875 SHADY BROOK LN,75231,convenience_corner_store,CO,32.871625,-96.737158,48113007824,,1
BLACKFRIAR PUB,2621 MCKINNEY AVE,75204,other_storefront,CO,32.797201,-96.801501,48113001802,,1
"A P DEEP ELLUM, LLC",2708 MAIN ST,75226,convenience_corner_store,CO,32.783865,-96.78369,48113020401,,1
PEGASUS CITY BREWERY,1508 COMMERCE ST,75201,other_storefront,CO,32.780055,-96.798491,48113003103,,1
THE CORNER DONUTS,2825 LIVE OAK ST,75204,convenience_corner_store,CO,32.789695,-96.788053,48113002200,,1
9 ROUND KICK BOXING,2525 INWOOD RD Ste:129,75235,barbershop_beauty,CO,32.821561,-96.836197,48113000409,,1
BLINK FITNESS,6515 ABRAMS RD,75231,barbershop_beauty,CO,32.863079,-96.744391,48113007809,,1
T-MOBILE,9371 GARLAND RD Ste:110,75218,convenience_corner_store,CO,32.832613,-96.703709,48113008102,,1
T-MOBILE,8180 PARK LN Ste:C349,75231,convenience_corner_store,CO,32.871759,-96.765492,48113007822,,1
LAREDO TACO COMPANY,9750 WALNUT HILL LN Ste:100,75238,convenience_corner_store,CO,32.878841,-96.718798,48113013013,,1
T-MOBILE,7615 CAMPBELL RD Ste:100,75248,grocery_food_mart,CO,32.978345,-96.76901,48113013618,,1
T-MOBILE,3703 W CAMP WISDOM RD,75237,convenience_corner_store,CO,32.662106,-96.879494,48113010904,,1
"EUNOIAFITI, LLC",222 W JEFFERSON BLVD Ste:C,75208,barbershop_beauty,CO,32.743092,-96.825534,48113005000,,1
QUICK CHECK GROCERY,3034 E ILLINOIS AVE,75216,convenience_corner_store,CO;TABC,32.716228,-96.775221,48113008604,,2
OAK CLIFF MEXICAN FOOD,1015 VERMONT AVE,75216,convenience_corner_store,CO,32.726919,-96.810707,48113005500,,1
Y@J ACCESSORIES AND MORE,3610 S TYLER ST,75224,convenience_corner_store,CO,32.699526,-96.837189,48113006002,,1
LA SEGUNDITA,1424 S BUCKNER BLVD Ste:A,75217,convenience_corner_store,CO,32.736876,-96.682835,48113009105,,1
"THE SOCIETY, LLC",126 OAK LAWN AVE,75207,barbershop_beauty,CO,32.790524,-96.824436,48113010003,,1
ALADINNS LLC,10224 E NORTHWEST HWY,75218,convenience_corner_store,CO,32.864085,-96.709745,48113012900,,1
YOUR BEAUTY SALON,902 W JEFFERSON BLVD,75208,barbershop_beauty,CO,32.743129,-96.837636,48113005100,,1
LUCKY YOU TATTOO,309 CENTRE ST,75208,barbershop_beauty,CO,32.74228,-96.826965,48113005000,,1
ACCENT GALLERY & FRAMING,7719 INWOOD RD,75209,convenience_corner_store,CO,32.849956,-96.82131,48113007101,,1
D & S ONE STOP,1445 S EWING AVE,75216,convenience_corner_store,CO,32.729693,-96.811453,48113005400,,1
NK YOGA DALLAS,4514 TRAVIS ST Ste:201,75205,barbershop_beauty,CO,32.822501,-96.790952,48113000705,,1
SOPHYS FLOWER DESIGNS,2425 S COCKRELL HILL RD Ste:C,75211,convenience_corner_store,CO,32.719561,-96.891519,48113010809,,1
LP ENTERTAINMENT,11180 HARRY HINES BLVD Ste:112,75229,other_storefront,CO,32.888412,-96.888442,48113009900,,1
CVS / PHARMACY #10351,3133 E LEMMON AVENUE,75204,grocery_food_mart,CO;TABC,32.807581,-96.798382,48113000704,,2
NUTRITIONAL PRODUCTS OF TEXAS,1111 W LEDBETTER DR Ste:575,75224,convenience_corner_store,CO,32.691284,-96.841014,48113006100,,1
SAMUEL LYNNE GALLERY,205 N AKARD ST Ste:240,75202,convenience_corner_store,CO,32.782252,-96.800015,48113002100,,1
URBAN VALUE CORNER STORE,300 N AKARD ST Ste:300,75201,convenience_corner_store,CO;OSM;TABC,32.782446,-96.800065,48113002100,,3
DOLLAR & NOVELTY SHOP,5625 ALPHA RD,75240,convenience_corner_store,CO,32.932883,-96.810917,48113013615,,1
GLOBAL WIRELESS,10524 HARRY HINES BLVD Ste:A,75220,convenience_corner_store,CO,32.867701,-96.88208,48113009900,,1
MURPHY OIL,2275 W NORTHWEST HWY,75220,grocery_food_mart,CO,32.862251,-96.893124,48113009900,,1
EZ STOP 6A,1155 E RED BIRD LN,75241,convenience_corner_store,CO;TABC,32.67496,-96.806298,48113011202,,2
ZHEN MUSIC AND ARTS INSTITUTE,4901 W LOVERS LN,75209,barbershop_beauty,CO,32.851276,-96.826614,48113007302,,1
ALEX & AFTON VINTEDGE,2811 N HENDERSON AVE,75206,convenience_corner_store,CO,32.819578,-96.783966,48113000901,,1
LILAC TATTOO STUDIO LLC,4409 BELMONT AVE,75204,barbershop_beauty,CO,32.808762,-96.78844,48113000802,,1
LITEFUL FOODS,129 N JIM MILLER RD,75217,convenience_corner_store,CO,32.7142,-96.700183,48113009304,,1
LASU GUSTHOMASSON LP,2402 GUS THOMASSON RD,75228,grocery_food_mart,CO,32.834745,-96.674822,48113012400,,1
VAPOR PLUS,2015 S EDGEFIELD AVE,75224,convenience_corner_store,CO,32.725641,-96.84461,48113006302,,1
AMOR Y QUESO LLC,2932 MAIN ST Ste:102,75226,convenience_corner_store,CO,32.784298,-96.781462,48113020401,,1
COMERICA COFFEE KIOSK,1717 MAIN ST Ste:120,75201,convenience_corner_store,CO,32.781114,-96.796947,48113003103,,1
RONNIE'S CATFISH AND MORE,10729 AUDELIA RD Ste:113,75231,convenience_corner_store,CO,32.895771,-96.717888,48113013008,,1
AREA 111,111 OAK LAWN AVE,75207,other_storefront,CO,32.790177,-96.824697,48113010003,,1
LEO'S TATTOO,19177 PRESTON RD Ste:170,,barbershop_beauty,CO,33.00902,-96.795559,,,1
DAVIS FOOD MART VALERO,6011 W DAVIS ST,75211,convenience_corner_store,CO,32.749745,-96.923017,48113010701,,1
TEXAS ICE VENDING,5523 EAST GRAND AVE,75223,convenience_corner_store,CO,32.793606,-96.747497,48113001202,,1
ON THE LEVEE EVENT CENTER,1108 QUAKER ST Ste:110,75207,other_storefront,CO,32.801431,-96.846319,48113010003,,1
TRIPLE D SMOKE SHOP,2131 OATES DR Ste:103A,75228,convenience_corner_store,CO,32.821552,-96.679262,48113012400,,1
RICH TOBACCO AND MORE,2932 E ILLINOIS AVE Ste:A,75216,convenience_corner_store,CO,32.716402,-96.77732,48113008802,,1
"TTA INTERNATIONAL, LLC",2506 S BUCKNER BLVD Ste:104,75227,convenience_corner_store,CO,32.755269,-96.682785,48113009001,,1
FRANKLINS TATTOO AND SUPPLY LLC,4910 COLUMBIA AVE,75214,barbershop_beauty,CO,32.795404,-96.763198,48113002400,,1
SALLY BEAUTY,2525 W WHEATLAND RD Ste:274,75237,convenience_corner_store,CO,32.647633,-96.86069,48113010906,,1
DEREK'S BARBER,1401 ELM ST Ste:275,75202,barbershop_beauty,CO,32.781102,-96.800813,48113003102,,1
ACCENT EYECARE,1415 MAIN ST Ste:100,75202,grocery_food_mart,CO,32.780533,-96.799712,48113003102,,1
CITY SALON SUITES AND SPA,2515 INWOOD RD Ste:201,75235,barbershop_beauty,CO,32.821906,-96.83563,48113000407,,1
POLO CLEANERS,8989 FOREST LN Ste:142,75243,laundromat,CO,32.909227,-96.749685,48113007805,,1
WING-STOP,418 S ERVAY ST,75204,convenience_corner_store,CO,32.778392,-96.796376,48113003103,,1
,3006 DUNCANVILLE RD,75211,convenience_corner_store,CO,32.709451,-96.908544,48113016534,,1
GREAT CLOTHES,2811 CEDAR CREST BLVD,75203,convenience_corner_store,CO,32.740652,-96.788884,48113021100,,1
BEST TOBACCO SHOP,2716 SAMUELL BLVD,75223,convenience_corner_store,CO,32.792977,-96.747635,48113001202,,1
BEST THREADING SALON,2714 SAMUELL BLVD,75223,barbershop_beauty,CO,32.792978,-96.747707,48113001202,,1
A-LIST CBD,13021 COIT RD Ste:226,75240,convenience_corner_store,CO,32.925977,-96.769243,48113013610,,1
ROYAL FOOT,2240 ROYAL LN Ste:301,75229,barbershop_beauty,CO,32.895489,-96.903189,48113009900,,1
RED BY RUBI ESCALANTE SALON SPA LLC,1215 W DAVIS ST,75208,barbershop_beauty,CO,32.749505,-96.842437,48113004202,,1
VICTORIA CAKES,5302 SINGLETON BLVD Ste:400,75212,convenience_corner_store,CO,32.778454,-96.908063,48113010602,,1
D JUNGLE GYM,4726 GRETNA ST,75207,barbershop_beauty,CO,32.803184,-96.849235,48113010003,,1
WSS SHOES,1551 S BUCKNER BLVD Ste:261,75217,grocery_food_mart,CO,32.739295,-96.68297,48113009105,,1
LONE STAR AXE THROWING,440 SINGLETON BLVD Ste:140,75212,other_storefront,CO,32.778595,-96.831432,48113010102,,1
5 ELEMENTS STUDIO,2613 N CARROLL AVE,75204,barbershop_beauty,CO,32.809317,-96.78794,48113000802,,1
FINA FOOD MART,3512 BONNIE VIEW RD,75216,convenience_corner_store,CO,32.715474,-96.776417,48113008802,,1
PETRITA'S BRIDAL Y MAS,401 W JEFFERSON BLVD Ste:B,75208,convenience_corner_store,CO,32.743196,-96.828634,48113004700,,1
CENTRO MEDICO VIDA SANA,2304 W ILLINOIS AVE,75224,convenience_corner_store,CO,32.720201,-96.855885,48113006301,,1
FOREST CENTRAL DELI & SUNDRY,11551 FOREST CENTRAL DR Ste:122,75243,convenience_corner_store,CO,32.905638,-96.766739,48113007805,,1
A&D FOOD STORE,2040 W NORTHWEST HWY Ste:150,75220,convenience_corner_store,CO,32.867212,-96.908417,48113009900,,1
365 FOOD & FUEL #7,2801 N FITZHUGH AVE,75204,convenience_corner_store,CO;TABC,32.815056,-96.786771,48113000802,,2
SPIDER MURPHY'S,2810 N HENDERSON AVE,75206,other_storefront,CO,32.819471,-96.783844,48113000901,,1
PAYLESS CONVINIENCE,1000 N RIVERFRONT BLVD,75207,convenience_corner_store,CO,32.786525,-96.817763,48113010003,,1
ICY FADEZ BARBERSHOP,8932 LAKE JUNE RD,75217,barbershop_beauty,CO,32.734073,-96.666563,48113009202,,1
MIDTOWN BARBERS,13307 MONTFORT DR,75240,barbershop_beauty,CO,32.929758,-96.811343,48113013615,,1
FOOT HEALTH MASSAGE,6780 ABRAMS RD Ste:109,75231,barbershop_beauty,CO,32.867491,-96.742726,48113007821,,1
I & H WHOLESALE,7925 GREAT TRINITY FOREST WAY,75217,grocery_food_mart,CO,32.712315,-96.687131,48113009304,,1
CEDAR SPRINGS CIGARETTES & TOBACCO STOR,4030 CEDAR SPRINGS RD,75219,convenience_corner_store,CO,32.811624,-96.81205,48113000501,,1
KOLORFUL KREATIONS LLC,1215 E RED BIRD LN,75241,barbershop_beauty,CO,32.67497,-96.805212,48113011300,,1
BELLAGIO DALLAS,2636 WALNUT HILL LN Ste:207,75229,other_storefront,CO,32.881026,-96.889184,48113009900,,1
FAMILY DOLLAR,2223 S BUCKNER BLVD Ste:215,,grocery_food_mart,CO,32.750717,-96.682965,48113009101,,1
GLAMOROUS EYEBROWS AND SKIN,3227 DAWES DR,75211,barbershop_beauty,CO,32.727097,-96.873476,48113006402,,1
VILLAGE BAKING COMPANY,4539 TRAVIS ST Ste:100,75205,convenience_corner_store,CO,32.823386,-96.790511,48113000705,,1
SUMMIT CLIMBING GYM,9201 FOREST LN Ste:100,75243,barbershop_beauty,CO,32.909221,-96.742483,48113007810,,1
"QUADRANT INVESTMENT PROPERTIES, LLC",141 MANUFACTURING ST,75207,grocery_food_mart,CO,32.794678,-96.83051,48113010003,,1
PAPA JOHN'S PIZZA,10253 FERGUSON RD,75228,convenience_corner_store,CO,32.833153,-96.674312,48113012400,,1
PIEDMONT DALLAS GALLERIA LLC,13355 NOEL RD Ste:275,75240,barbershop_beauty,CO,32.930612,-96.818111,48113013628,,1
ZEE INTERNATIONAL MARKEL,11418 AUDELIA RD,75243,convenience_corner_store,CO,32.904842,-96.71767,48113018505,,1
CAL'S CONVENIENCE INC. STORE #9001,4605 FRANKFORD RD Ste:100,,grocery_food_mart,CO,32.997615,-96.828533,,,1
PICK QUICK DELI MART #2,8101 S POLK STREET,75232,convenience_corner_store,CO;TABC,32.649222,-96.840113,48113011101,,2
XECUTIVE CUTZ,919 N HASKELL AVE,75204,barbershop_beauty,CO,32.794498,-96.777518,48113001504,,1
IMPRE-SEED,11026 DENNIS RD,75229,convenience_corner_store,CO,32.898879,-96.881374,48113009611,,1
PUFF MASTER LLC,4607 VILLAGE FAIR DR Ste:317,75224,convenience_corner_store,CO,32.689919,-96.828641,48113006002,,1
SPENGA,3232 MCKINNEY AVE Ste:150,75204,barbershop_beauty,CO,32.803813,-96.799698,48113001801,,1
MAC KARAOKE,2525 ROYAL LN Ste:311B,75229,other_storefront,CO,32.896081,-96.893812,48113009900,,1
"LURE LASH AND BROW BEAUTIQUE, LLC",917 N PEAK ST,75204,barbershop_beauty,CO,32.795902,-96.775933,48113001504,,1
TEXAS HAMPTONS LLC,902 S HAMPTON RD,75208,grocery_food_mart,CO,32.737008,-96.856691,48113005200,,1
7-ELEVEN CONVIENIENCE STORE #41931H,8124 FOREST LN,75243,grocery_food_mart,CO,32.909156,-96.763977,48113007805,,1
NIAPS SPAIN DANCE SPACE,1204 GRIFFIN ST W Ste:100,75215,other_storefront,CO,32.771851,-96.795736,48113020402,,1
EXQUISITE GLAM,1130 E RED BIRD LN,75241,barbershop_beauty,CO,32.674856,-96.807036,48113011202,,1
THA SPOT,4420 ELM ST,75226,convenience_corner_store,CO,32.792065,-96.768372,48113001502,,1
SAM'S CLUB #8248,9461 WEBB CHAPEL RD,75220,grocery_food_mart,CO,32.862774,-96.860092,48113007206,,1
5 STAR CHEVRON,3301 FORT WORTH AVE,75211,convenience_corner_store,CO;TABC,32.753338,-96.874373,48113006800,,2
TIDE CLEANERS,2610 OAK LAWN AVE,75219,laundromat,CO,32.805618,-96.812599,48113000502,,1
AVIVA DALLAS WHOLESALE LLC,11818 HARRY HINES BLVD Ste:210,,convenience_corner_store,CO,32.909893,-96.895673,48113014001,,1
MAMEES STUFFED LEGS,1211 E RED BIRD LN,75241,other_storefront,CO,32.674969,-96.805255,48113011300,,1
THE LOCAL SHOPPE #705,14106 DALLAS PKWY,75254,convenience_corner_store,CO;TABC,32.939948,-96.821749,48113013625,,2
DALLAS NUTRITION,6523 ABRAMS RD,75231,convenience_corner_store,CO,32.862924,-96.744445,48113007809,,1
LUSHRA,4607 W LOVERS LN,75209,barbershop_beauty,CO,32.851283,-96.830814,48113007302,,1
ONE COM TRADING INC,11500 HARRY HINES BLVD Ste:119,75229,grocery_food_mart,CO,32.900007,-96.892574,48113009900,,1
RESTORE HYPER WELLNESS & CRYOTHERAPY,5509 W LOVERS LN Ste:A,75209,barbershop_beauty,CO,32.851182,-96.818747,48113007301,,1
QUICK SAVE #5,225 W ILLINOIS AVE,75224,convenience_corner_store,CO;TABC,32.720436,-96.825962,48113005400,,2
COMPENDI FITNESS,3821 ROSS AVE,75204,barbershop_beauty,CO,32.798736,-96.785112,48113001602,,1
CRICKET WIRELESS,1001 ROSS AVE Ste:128,75202,convenience_corner_store,CO,32.782371,-96.804681,48113002100,,1
CITIZEN DALLAS,2511 SWISS AVE Ste:150,75204,other_storefront,CO,32.785928,-96.789374,48113002200,,1
7-ELEVEN STORE #41155 & CARWASH,6769 ABRAMS RD,75231,grocery_food_mart,CO,32.867632,-96.742837,48113007833,,1
ADVANCED AUTO PARTS,1685 S BUCKNER BLVD,75217,grocery_food_mart,CO,32.74124,-96.68297,48113009105,,1
ONE AFRICAN GROCERY AND KITCHEN,9790 FOREST LN,75243,convenience_corner_store,CO,32.909409,-96.718243,48113018507,,1
THE LOCAL SHOPPE #703,5304 ARAPAHO RD,75248,convenience_corner_store,CO;TABC,32.95948,-96.82048,48113013620,,2
THE LOCAL SHOPPE #702,14040 MONTFORT DR,75240,convenience_corner_store,CO;TABC,32.93899,-96.81387,48113013615,,2
V MART,3633 W LEDBETTER DR,75233,convenience_corner_store,CO;TABC,32.691308,-96.880238,48113010806,,2
POWERHOUSE PHARMACY,4740 W MOCKINGBIRD LN Ste:100,75209,convenience_corner_store,CO,32.836623,-96.827585,48113007102,,1
MOONLIGHT EVENT CENTER,9205 SKILLMAN ST Ste:104,75243,other_storefront,CO,32.9029,-96.716255,48113018506,,1
EDEN BODY ART STUDIOS,13360 PRESTON RD,75240,barbershop_beauty,CO,32.928661,-96.803458,48113013608,,1
THRIVING BEAUTY LLC,4323 MAPLE AVE,75219,convenience_corner_store,CO,32.809238,-96.819947,48113000401,,1
GPM #4624,7014 N STEMMONS FWY,75247,convenience_corner_store,CO,32.815138,-96.866463,48113010003,,1
HARDEMAN'S BAR B QUE,1346 N MASTERS DR Ste:150,75217,convenience_corner_store,CO,32.736104,-96.648265,48113011902,,1
CIRCLE M FOOD MART,3933 S COCKRELL HILL RD,75236,convenience_corner_store,CO;TABC,32.695212,-96.891502,48113010807,,2
VICKERY MEADOW BRANCH LIBRARY,8333 PARK LN,75231,library,CO,32.87112,-96.761215,48113007815,,1
SHINE WINDOW OF DALLAS,6160 SHERRY LN Ste:120,75225,convenience_corner_store,CO,32.86215,-96.804986,48113007301,,1
WRAP AND GO,3121 DAWES DR,75211,convenience_corner_store,CO,32.727103,-96.872778,48113006402,,1
JARAMS DONUTS,2117 ABRAMS RD,75214,convenience_corner_store,CO,32.815222,-96.752941,48113000100,,1
MY STORE,10810 FERGUSON RD,75228,convenience_corner_store,CO;TABC,32.842703,-96.664303,48113012603,,2
NESTOS CHOP SHOP,1836 W JEFFERSON BLVD Ste:110,75208,barbershop_beauty,CO,32.746099,-96.850032,48113005200,,1
MARIO BROS TACOS,8420 ABRAMS RD Ste:206,75243,convenience_corner_store,CO,32.894479,-96.740054,48113007825,,1
S&J'S HOT CHICK,2201 W NORTHWEST HWY Ste:120,75220,other_storefront,CO,32.864313,-96.899146,48113009900,,1
7-ELEVEN CONVENIENCE STORE #385555A,2920 N WESTMORELAND RD,75212,convenience_corner_store,CO,32.77834,-96.873757,48113020500,,1
PARK LANE MART,8209 PARK LN,75231,convenience_corner_store,CO;TABC,32.871676,-96.764278,48113007815,,2
WORLD OF SMOKE AND VAPE,2916 OAK LAWN AVE,75219,convenience_corner_store,CO,32.808058,-96.809669,48113000501,,1
"THE REAL REAL , INC",3120 KNOX ST,75205,convenience_corner_store,CO,32.822758,-96.78783,48113000705,,1
AMICOS EXOTIC PIZZA,4032 CEDAR SPRINGS RD,75219,convenience_corner_store,CO,32.811636,-96.812066,48113000501,,1
ROSELES FOOD STORE,5002 COLUMBIA AVE Ste:2,75214,convenience_corner_store,CO,32.796593,-96.761748,48113002400,,1
MAKERS RECONECT,9047 GARLAND RD,75218,convenience_corner_store,CO,32.82828,-96.709144,48113008101,,1
"MERIDIAN PHARMACY GROUP NW HIGHWAY, INC",1151 N BUCKNER BLVD Ste:104,75218,convenience_corner_store,CO,32.835046,-96.703963,48113008101,,1
LOVELY BRIDE,4012 OAK LAWN AVE,75219,convenience_corner_store,CO,32.817896,-96.802327,48113000606,,1
PRODUCTS FOR YOUR TABLE,7906 LAKE JUNE RD,75217,convenience_corner_store,CO,32.734183,-96.686185,48113009301,,1
URBAN THRIFT BY MS,922 W JEFFERSON BLVD,75208,convenience_corner_store,CO,32.743124,-96.8386,48113005100,,1
ROYAL LIQUOR BEER & WINE,4034 CEDAR SPRINGS RD,75219,liquor_store,CO;TABC,32.811724,-96.812175,48113000501,,2
RESTORE HYPER WELLNESS & CRYOTHERAPY,11930 PRESTON RD Ste:140,75230,barbershop_beauty,CO,32.91075,-96.803795,48113013201,,1
MI TIENDA SALVADORENA,9706 ABERNATHY AVE,75220,convenience_corner_store,CO,32.867131,-96.876869,48113009803,,1
THE BAR BABES POLE DANCE SHOP,3406 MAIN ST,75226,convenience_corner_store,CO,32.785526,-96.775462,48113020401,,1
SPOTS & WHISKERS THRIFT STORE,923 W JEFFERSON BLVD,75208,convenience_corner_store,CO,32.743235,-96.838613,48113004600,,1
HEAVEN ON EARTH,821 EXPOSITION AVE,75226,convenience_corner_store,CO,32.782383,-96.767201,48113020300,,1
AS & S ENTERPRISE INC. CORP,19049 MARSH LN Ste:107,,convenience_corner_store,CO,33.010785,-96.857359,,,1
NATUREPEDIC ORGANIC GALLERY,5450 W LOVERS LN Ste:230,75209,convenience_corner_store,CO,32.851136,-96.819851,48113007101,,1
MINUTEMAN PRESS,325 N ST PAUL ST Ste:G8,,convenience_corner_store,CO,32.783366,-96.796939,48113002100,,1
OMADENO,3417 S LANCASTER RD,75216,convenience_corner_store,CO,32.705809,-96.800378,48113005700,,1
SPRING CONVENIENCE STORE,2743 FOREMAN ST,,other_storefront,CO,32.774375,-96.743932,48113002703,,1
LS GROCERY & GIFTS,8510 ABRAMS RD Ste:500,75243,convenience_corner_store,CO,32.895273,-96.739654,48113007825,,1
SMOKII MONKEY #1,7732 FOREST LN,75230,convenience_corner_store,CO,32.909501,-96.773228,48113013101,,1
BOOZY DALLAS,504 N MADISON AVE,75208,convenience_corner_store,CO,32.749181,-96.826505,48113004700,,1
WINK AND BLINK RESALE SHOP,4861 SUNNYVALE ST,75216,convenience_corner_store,CO,32.695664,-96.772947,48113008704,,1
VIRTUS BARBER AND CO,6224 LA VISTA DR,75214,barbershop_beauty,CO,32.812687,-96.755752,48113001400,,1
CVS STORE #11015,18081 PRESTON RD,,grocery_food_mart,CO,32.997609,-96.798123,,,1
RICH DOLLS BOUTIQUE,4863 SUNNYVALE ST Ste:B,75216,convenience_corner_store,CO,32.695629,-96.772923,48113008704,,1
4 SEASONS,2555 WALNUT HILL LN Ste:400,75229,barbershop_beauty,CO,32.881119,-96.891391,48113009900,,1
BLOOM LABS LLC,2542 ELM ST,75226,convenience_corner_store,CO,32.783867,-96.78738,48113020401,,1
ALTA FOOD MART,2824 N BUCKNER BLVD,75228,convenience_corner_store,CO;TABC,32.811621,-96.685418,48113012301,,2
"KOPAL STUDIO, LLC",324 W JEFFERSON BLVD Ste:200,75208,barbershop_beauty,CO,32.743099,-96.82761,48113005000,,1
O'CLIFF TRADING POST,3517 RAMONA AVE,75216,convenience_corner_store,CO,32.702374,-96.80669,48113005700,,1
CHARLIE'S STAR LOUNGE,4319 MAIN ST,75226,other_storefront,CO,32.790645,-96.768298,48113001502,,1
SMOOTHIE FACTORY,13380 PRESTON RD,75240,convenience_corner_store,CO,32.929351,-96.80346,48113013608,,1
SCENE HAIR,2025 IRVING BLVD Ste:111,75207,barbershop_beauty,CO,32.795216,-96.829586,48113010003,,1
PHARAOHS,18101 PRESTON RD Ste:203,,convenience_corner_store,CO,32.998852,-96.797507,,,1
PARKING GARAGE,4524 COLE AVE,75205,grocery_food_mart,CO,32.822355,-96.789357,48113000705,,1
GORDO'S SNO-CONE LLC,2460 W KIEST BLVD,75233,convenience_corner_store,CO,32.70564,-96.858585,48113010806,,1
MURPHY EXPRESS,6410 LEMMON AVE,75209,gas_station,CO,32.835915,-96.831098,48113000409,True,1
BAYER AND MOTUS (DBA) SNOWDAY,13420 DALLAS PKWY Ste:1525,75240,barbershop_beauty,CO,32.930837,-96.821185,48113013628,,1
DISTINCTIVE VINES WINE LOUNGE,1110 S AKARD ST,75215,other_storefront,CO,32.772372,-96.794683,48113020402,,1
THE FAD KRAZE BEAUTY HAIR LOUNGE,3600 COMMERCE ST,75226,barbershop_beauty,CO,32.784816,-96.773345,48113020401,,1
"ROYALTY BY RACHAEL, LLC",12250 INWOOD RD Ste:8,75244,barbershop_beauty,CO,32.914639,-96.818345,48113009603,,1
MAS O MENOS,3115 S COCKRELL HILL RD,75236,convenience_corner_store,CO,32.706769,-96.891522,48113010805,,1
Family Dollar #32503,712 S WALTON WALKER BLVD STE 100,75211,grocery_food_mart,CO;TABC,32.737297,-96.918628,48113010704,,2
INSOMNIA COOKIES,2422 VICTORY PARK LN,75201,convenience_corner_store,CO,32.787761,-96.809307,48113001902,,1
Family Dollar #27379,3428 BONNIE VIEW RD,75216,grocery_food_mart,CO;TABC,32.717271,-96.777366,48113008801,,2
Family Dollar #26417,10025 ROYAL LN Ste:A,75238,grocery_food_mart,CO;TABC,32.894569,-96.7169,48113013009,,2
STUFF STORE,3647 W CAMP WISDOM RD,75237,convenience_corner_store,CO,32.662174,-96.87893,48113010904,,1
STOP & SHOP #1,1313 N JIM MILLER RD,75217,convenience_corner_store,CO,32.73474,-96.700218,48113009103,,1
FOREST NAILS SPA,6059 FOREST LN,75230,barbershop_beauty,CO,32.909508,-96.80224,48113013300,,1
XCLUSIVE BARBER & BEAUTY,13531 MONTFORT DR Ste:102,75240,barbershop_beauty,CO,32.932034,-96.81287,48113013615,,1
VALU+PAWN,8726 LAKE JUNE RD,75217,other_storefront,CO,32.734092,-96.669689,48113009202,,1
SOUTHERN STAR PHARMACY 002,7125 MARVIN D LOVE FWY Ste:105,75237,convenience_corner_store,CO,32.660379,-96.872109,48113010904,,1
TROVE FLORALS,5330 W LOVERS LN Ste:112,75209,convenience_corner_store,CO,32.851137,-96.820203,48113007101,,1
DEVOTION SKATEBOARD COMPANY,11277 E NORTHWEST HWY Ste:150,75238,convenience_corner_store,CO,32.864406,-96.685829,48113013007,,1
LOVESAC,3207 KNOX ST,75205,convenience_corner_store,CO,32.823331,-96.789318,48113000706,,1
CASA VIEW PAWN,2344 OATES DR,75228,other_storefront,CO,32.82144,-96.675672,48113012301,,1
DEPIL BRAZIL WAXING STUDIO,3839 MCKINNEY AVE Ste:140,75204,barbershop_beauty,CO,32.809408,-96.795009,48113000703,,1
PANADERIA CELAYA #2,2019 S EDGEFIELD AVE,75224,convenience_corner_store,CO,32.725519,-96.844612,48113006302,,1
GRACIES UNISEX BEAUTY SALON,1217 S BUCKNER BLVD,75217,barbershop_beauty,CO,32.733088,-96.682979,48113009301,,1
FIESTAR LAUNDRY LLC DBA WONDER WASH,8028 SPRING VALLEY RD,75240,laundromat,CO,32.939812,-96.768271,48113019208,,1
SOUTHPOINT COMMUNITY MARKET,2839 S ERVAY ST,75215,convenience_corner_store,CO,32.762558,-96.778448,48113020900,,1
Family Dollar #22340,2627 W JEFFERSON BLVD Ste:310,75211,grocery_food_mart,CO;TABC,32.748052,-96.861536,48113004500,,2
CUTTIN T.F UP BARBER SHOP,3221 W CAMP WISDOM RD,75237,barbershop_beauty,CO,32.662496,-96.87289,48113010904,,1
HARI MARI,3213 KNOX ST,75205,convenience_corner_store,CO,32.823423,-96.789537,48113000706,,1
7-ELEVEN CONVENIENCE STORE #41275A,456 N ZANG BLVD,75208,convenience_corner_store,CO;TABC,32.748781,-96.824275,48113004700,,2
SLEEP NUMBER,3010 KNOX ST,75205,convenience_corner_store,CO,32.822423,-96.786809,48113000706,,1
EXPO EVENT HALL,2550 W RED BIRD LN Ste:300,75237,other_storefront,CO,32.671131,-96.859825,48113010906,,1
MONTES BURRITOS DALLAS,19004 MIDWAY RD Ste:A,,convenience_corner_store,CO,33.010859,-96.843556,,,1
BLIND BISHOP,310 SUNSET AVE,75208,other_storefront,CO,32.744155,-96.826971,48113004700,,1
,7700 W NORTHWEST HWY Ste:240,75225,convenience_corner_store,CO,32.86455,-96.77436,48113007906,,1
DUNCANVILLE MART,4307 DUNCANVILLE RD Ste:120,75236,convenience_corner_store,CO;TABC,32.689189,-96.908685,48113016533,,2
JEREMY'S GROCERY,3444 E ILLINOIS AVE,75216,convenience_corner_store,CO;TABC,32.715153,-96.765446,48113008604,,2
BILLARES EL CENTENARIO,3238 SAMUELL BLVD,75223,other_storefront,CO,32.79294,-96.738896,48113001202,,1
WIRELESS CONNECT,13015 JUPITER RD Ste:303,75238,convenience_corner_store,CO,32.873859,-96.683179,48113013011,,1
THE HAIR GROUP,1157 EASTON RD Ste:106,75218,barbershop_beauty,CO;OSM,32.843506,-96.691627,48113012802,,2
DAWN WIRELESS,2750 W NORTHWEST HWY Ste:130,75220,convenience_corner_store,CO,32.858134,-96.87485,48113007203,,1
ROOTS MARKET,4164 N CENTRAL EXPY,75204,convenience_corner_store,CO,32.815301,-96.789081,48113000802,,1
R&B EVENT CENTER OF DALLAS,3636 SAMUELL BLVD,75223,other_storefront,CO,32.792965,-96.732781,48113001202,,1
A C N HERBS,9788 WALNUT ST Ste:108,75243,convenience_corner_store,CO,32.923176,-96.718629,48113019034,,1
VOLCANES TAQUERIA,2534 ROYAL LN Ste:105,75229,convenience_corner_store,CO,32.895959,-96.894538,48113009900,,1
PACIFIC PLAYGROUND DBA VIVO,1930 PACIFIC AVE,75201,other_storefront,CO,32.78316,-96.794828,48113003103,,1
REEMCO IMPORTS,1438 S BUCKNER BLVD,75217,convenience_corner_store,CO,32.737362,-96.682836,48113009105,,1
OK FOOD MART,4343 W CAMP WISDOM ROAD SUITE 124,75237,liquor_store,CO;TABC,32.662019,-96.889935,48113010903,,2
SECRET EVENT CENTER,4631 SINGLETON BLVD,75212,other_storefront,CO,32.778518,-96.896606,48113010601,,1
PARK CITIES FAMILY DENTISTRY,4131 N CENTRAL EXPY Ste:600,75204,barbershop_beauty,CO,32.814612,-96.790288,48113000703,,1
GOJI THERAPY,11532 HARRY HINES BLVD Ste:324,75229,barbershop_beauty,CO,32.901556,-96.893055,48113009900,,1
MONI FOOD MART,19090 MARSH LN,,convenience_corner_store,CO,33.011386,-96.857189,,,1
O'REILY AUTOMOTIVE,113 E JEFFERSON BLVD,75203,grocery_food_mart,CO,32.743937,-96.822037,48113004800,,1
ROSITA`S CORNER STORE,129 S BUCKNER BLVD,75217,convenience_corner_store,CO,32.714195,-96.683053,48113009304,,1
BAV,9888 FERGUSON RD Ste:163,75228,convenience_corner_store,CO,32.822647,-96.678033,48113012502,,1
FLOURISHING FOLLICLES BEAUTY SALON,3906 W CAMP WISDOM RD Ste:200,75237,barbershop_beauty,CO,32.661933,-96.882883,48113010904,,1
JR ADVENTURES LLC,9856 PLANO RD Ste:200,75238,convenience_corner_store,CO,32.882325,-96.700356,48113013011,,1
SUPER 99 $ STORE,6917 SCYENE RD,75227,convenience_corner_store,CO,32.763526,-96.702024,48113008401,,1
AFRICAN MARKET MUNGU NI MWEMA,9750 WALNUT ST,75243,convenience_corner_store,CO,32.923708,-96.719875,48113019034,,1
WARBY PARKER,3010 N HENDERSON AVE Ste:100,75206,convenience_corner_store,CO,32.821446,-96.785416,48113001001,,1
BEACH DRYDEN SCUBA ENTERPRISES DBA DIVE WEST,10218 E NORTHWEST HWY,75218,convenience_corner_store,CO,32.864084,-96.709835,48113012900,,1
4M,2949 E KIEST BLVD Ste:E,75216,convenience_corner_store,CO,32.726451,-96.785992,48113021100,,1
LAS TARASCAS,2200 W CLARENDON DR,75208,convenience_corner_store,CO,32.734645,-96.854469,48113005300,,1
COTTON CANDY DONUTS,7134 CAMPBELL RD Ste:B,,convenience_corner_store,CO,38.711305,-83.807721,,,1
ON ROTATION BREWHOUSE,7701 LEMMON AVE Ste:200,75209,liquor_store,CO;TABC,32.849684,-96.84017,48113980100,,2
ARIES SMOKE BOX,1499 REGAL ROW Ste:302,75247,other_storefront,CO,32.834412,-96.877959,48113010003,,1
PARTY N CUSTOM,2000 ROYAL LN Ste:102,75229,convenience_corner_store,CO,32.895641,-96.910344,48113009900,,1
TOBACCO HEMP CIGARS,3021 BACHMAN DR Ste:104,75220,convenience_corner_store,CO,32.854865,-96.865878,48113000410,,1
IZZY NUTRITION,2436 W KIEST BLVD,75233,barbershop_beauty,CO,32.705646,-96.85823,48113010806,,1
THE CASE LOUNGE,3131 MAIN ST Ste:105,75226,other_storefront,CO,32.785125,-96.777421,48113020401,,1
CBA WAREHOUSE,4343 GANNON LN Ste:110,75237,grocery_food_mart,CO,32.656572,-96.890115,48113016607,,1
G & D PHOTOGRAPHY,2947 WALNUT HILL LN Ste:102,75229,barbershop_beauty,CO,32.88102,-96.879232,48113009701,,1
BEYOU NAIL BAR,5150 LEMMON AVE Ste:101,75209,barbershop_beauty,CO,32.82498,-96.820724,48113000611,,1
7-ELEVEN,2500 W MOCKINGBIRD LN,75235,convenience_corner_store,CO,32.82813,-96.844195,48113000409,,1
ASH LN QUICK STOP,3525 ASH LN,75226,convenience_corner_store,CO,32.781464,-96.768535,48113020300,,1
DOE'S BBQ N MORE,5924 SAMUELL BLVD,,convenience_corner_store,CO,32.79179,-96.700841,48113012206,,1
GISELLE'S # 1 PLEASAN GROVEFADEZ,1314 S BUCKNER BLVD Ste:339,75217,barbershop_beauty,CO,32.734846,-96.682838,48113009105,,1
BEARDED BASTARD BARBERSHOP,2328 N HENDERSON AVE,75206,barbershop_beauty,CO,32.814158,-96.777737,48113000902,,2
"LOWCUL HOLDINGS LLC., DBA MINT CLEANERS",7134 CAMPBELL RD Ste:A,75248,barbershop_beauty,CO,32.979122,-96.784451,48113013605,,1
THE NOW,3614 GREENVILLE AVE,75206,barbershop_beauty,CO,32.831739,-96.770143,48113000202,,1
D FOR DAPPER,3101 COMMERCE ST Ste:101,75226,convenience_corner_store,CO,32.784098,-96.778395,48113020401,,1
K2'S INC.,6047 SHERRY LN,75225,barbershop_beauty,CO,32.862156,-96.807442,48113007301,,1
HUNGER IN THE WILD,2105 VILBIG RD Ste:110,75208,barbershop_beauty,CO,32.772606,-96.847958,48113004300,,1
OKLAHOMA QUIKTRIP BEVERAGE CORP.,13525 C F HAWN FWY,75253,grocery_food_mart,CO,32.676645,-96.602307,48113017101,,1
ARIAS,2324 JOE FIELD RD Ste:215,75229,convenience_corner_store,CO,32.892945,-96.900653,48113009900,,1
GLORIA'S FLOWERS,2752 W DAVIS ST,75211,convenience_corner_store,CO,32.749514,-96.865094,48113004500,,1
DATED FADED WARN VINTAGE STORE,2924 MAIN ST Ste:103,75226,grocery_food_mart,CO,32.784384,-96.781024,48113020401,,1
SPANISH VILLAGE BARBER,15615 COIT RD Ste:116,75248,barbershop_beauty,CO,32.961315,-96.768964,48113013607,,1
SOUL CUTS SPORTS,415 S CARROLL AVE Ste:101,75223,convenience_corner_store,CO,32.789539,-96.765197,48113002400,,1
LE MANOIR DE PARIS,10155 TECHNOLOGY BLVD E Ste:150,75220,other_storefront,CO,32.858666,-96.894452,48113009900,,1
STARBUCKS,2727 LIVE OAK ST Ste:100,75204,convenience_corner_store,CO,32.788781,-96.789139,48113002200,,1
A FLOWER MATTERS,9911 LAKE JUNE RD Ste:F,75217,convenience_corner_store,CO,32.73414,-96.652043,48113011802,,1
ALL AMERICAN CONV STORE,9315 S CENTRAL EXPY,75241,convenience_corner_store,CO,32.685081,-96.735978,48113020200,,1
COOL ZONE OVERTON,171 E OVERTON RD,75216,grocery_food_mart,CO;TABC,32.700971,-96.821581,48113005902,,2
OLD MAC BOUTIQUE,117 N JIM MILLER RD,75217,convenience_corner_store,CO,32.714205,-96.700183,48113009304,,1
GBORI COLOUR LLC,210 S MADISON AVE,75208,barbershop_beauty,CO,32.743658,-96.82648,48113004700,,1
COIN LAUNDRY LAVANDERIA,183 E OVERTON RD,75216,laundromat,CO,32.700972,-96.821487,48113005902,,1
SOUTH DALLAS AVENUE,3540 SAMUELL BLVD,75223,convenience_corner_store,CO,32.792967,-96.733748,48113001202,,1
TEXAS FAMILY FITNESS,7622 CAMPBELL RD,75248,barbershop_beauty,CO,32.978211,-96.768915,48113013605,,1
"SELF-MADE TRAINING FACILITY DALLAS, LLC",1925 LEVEE ST,75207,barbershop_beauty,CO,32.792033,-96.829232,48113010003,,1
CONDOM SENSATION,6862 GREENVILLE AVE,75231,convenience_corner_store,CO,32.871033,-96.765451,48113007819,,1
MAYWEATHER FITNESS + STUDIO,2401 VICTORY PARK LN Ste:170,75219,barbershop_beauty,CO,32.788173,-96.809415,48113001902,,1
FREEZE CRYOTHERAPY,1907 ABRAMS RD,75214,barbershop_beauty,CO,32.812818,-96.751666,48113000100,,1
MY GROCERY STORE,3540 SIMPSON STUART RD,75241,grocery_food_mart,CO,32.673166,-96.761874,48113020200,,1
VINCE.,3205 KNOX ST,75205,convenience_corner_store,CO,32.823302,-96.789248,48113000706,,1
SUNNY FOOD MART #7,2449 S BELT LINE RD,75253,convenience_corner_store,CO;TABC,32.667977,-96.612278,48113017102,,2
BROOKE BERMAN GALLERY,170 LESLIE ST Ste:A,75207,barbershop_beauty,CO,32.78861,-96.820199,48113010003,,1
STRAND BY STAND HAIR STUDIOS,5040 LEMMON AVE Ste:140,75209,barbershop_beauty,CO,32.824018,-96.81963,48113000611,,1
"TROMPO MEXICAN FOOD, INC.",407 W 10TH ST Ste:135,75208,convenience_corner_store,CO,32.745083,-96.828813,48113004700,,1
DESIGN DISTRICT BAR,1404 N RIVERFRONT BLVD,75207,other_storefront,CO,32.790152,-96.820244,48113010003,,1
TARGET GUEST SERVICES/CAFE AREA,2417 N HASKELL AVE,75204,grocery_food_mart,CO,32.804882,-96.789963,48113001601,,1
TIENDITA SALVADORENA,10890 FERGUSON RD Ste:102,75228,convenience_corner_store,CO,32.843121,-96.663802,48113012603,,1
ALLY'S HOME DISCOUNT (2),4006 URBAN AVE,75227,convenience_corner_store,CO,32.772306,-96.696534,48113008500,,1
DEAN AND DESIGNER DBA HERFEM-CHE,11410 AUDELIA RD,75243,convenience_corner_store,CO,32.904808,-96.717671,48113018505,,1
KPP FOOD MART,3924 W RED BIRD LN,75237,grocery_food_mart,CO;TABC,32.676517,-96.883712,48113010903,,2
ALPHA WASH AND DRY LLC,5665 ALPHA RD,75240,laundromat,CO,32.93288,-96.810315,48113013615,,1
,8000 FRANKFORD RD Ste:1016,,grocery_food_mart,CO,32.997497,-96.763203,,,1
DEEP ROOTS  DALLAS,428 W DAVIS ST Ste:2,75208,barbershop_beauty,CO,32.749463,-96.829452,48113004201,,1
WE SMOKE,8817 CLARK RD Ste:BU2,75249,convenience_corner_store,CO,32.646832,-96.942957,48113016513,,1
PLAYHOUSE,2923 FAIRMOUNT ST,75201,other_storefront,CO,32.798557,-96.806232,48113001802,,1
D'S UNIQUE ACCESSORIES,7616 GREAT TRINITY FOREST WAY Ste:A,75217,convenience_corner_store,CO,32.712809,-96.691353,48113009304,,1
MAIN STREET MARKET & EATERY,3102 MAIN ST,75226,convenience_corner_store,CO;TABC,32.784877,-96.778606,48113020401,,2
KOBA ETHIOPIAN TO GO & GROCERY STORE,5528 ALPHA RD Ste:105,75240,convenience_corner_store,CO,32.932796,-96.812223,48113013615,,1
IN-CITY WHEELS,4314 ELM ST,75226,barbershop_beauty,CO,32.791174,-96.769435,48113001502,,1
"LOWE'S HOME CENTER, LLC",19210 PRESTON RD,,grocery_food_mart,CO,41.42532,-81.544748,,,1
"ALPHA PROJECT PERSONAL TRAINING, LLC",4931 AIRLINE RD Ste:102,75205,barbershop_beauty,CO,32.831728,-96.78162,48113000706,,1
LASHED AND LACED BOUTIQ,3622 S TYLER ST,75224,convenience_corner_store,CO,32.699389,-96.837188,48113006002,,1
CHIPINQUE FURNITURE,1440 S BUCKNER BLVD,75217,convenience_corner_store,CO,32.737232,-96.682835,48113009105,,1
101 ICM ONE GLEN LAKES LP,8140 WALNUT HILL LN Ste:102,75231,barbershop_beauty,CO,32.880632,-96.7672,48113007822,,1
CREATORS DON'T DIE,2429 S MALCOLM X BLVD,75215,other_storefront,CO,32.774674,-96.774995,48113020300,,1
TIFF'S TREATS BAKERY,9540 GARLAND RD Ste:411,75218,convenience_corner_store,CO,32.833359,-96.702624,48113008102,,1
IMPACT MUSEUM,507 S HARWOOD ST,75201,other_storefront,CO,32.778777,-96.79235,48113020402,,1
GREEN LOTUS MASSAGE,4447 N CENTRAL EXPY Ste:115,75205,barbershop_beauty,CO,32.820271,-96.787208,48113000705,,1
BUDDY'S BOOZE,2237 GREENVILLE AVE,75206,liquor_store,CO;TABC,32.817061,-96.770182,48113001101,,2
VALU+PAWN,2222 S BUCKNER BLVD,75227,other_storefront,CO,32.750823,-96.682811,48113009101,,1
"BODY MOUNTAIN , LLC",120 EXPRESS ST,75207,barbershop_beauty,CO,32.793037,-96.82917,48113010003,,1
KRAV MAGA DFW,131 EXPRESS ST Ste:100,75207,barbershop_beauty,CO,32.794704,-96.827945,48113010003,,1
HERMAN MILLER,3107 KNOX ST,75205,convenience_corner_store,CO,32.822855,-96.78809,48113000705,,1
MAGMA MANUFACTURING,4747 VILLAGE FAIR DR Ste:108A,75224,convenience_corner_store,CO,32.689582,-96.825736,48113006002,,1
J.R. BARRINGER CO,5015 W LOVERS LN,75209,convenience_corner_store,CO,32.851267,-96.824542,48113007302,,1
FRIDA'S BEATURY SALON BARBER SHOP,1018 S BUCKNER BLVD Ste:3,75217,barbershop_beauty,CO,32.729542,-96.682861,48113009202,,1
L'AMOUR NAIL & SPA,4424 MAPLE AVE,75219,barbershop_beauty,CO,32.811088,-96.822157,48113000401,,1
THE HAMILTON RESIDENT LOUNGE,2525 ELM ST Ste:700,75226,other_storefront,CO,32.783786,-96.787839,48113020401,,1
FEDEX OFFICE,8303 N STEMMONS FWY Ste:120,75247,convenience_corner_store,CO,32.82545,-96.872344,48113010003,,1
S N R MERCHANDISE,4107 URBAN AVE Ste:A,75227,convenience_corner_store,CO,32.773109,-96.696508,48113008500,,1
TIFF'S TREATS BAKERY,2242 FORT WORTH AVE Ste:110,75211,convenience_corner_store,CO,32.76081,-96.859239,48113006800,,1
B & S MART,8024 FERGUSON RD,75228,convenience_corner_store,CO,32.802506,-96.712951,48113012213,,1
GROOMERS EXCLUSIVE BARBER AND BEAUTY SHOP,4618 MCKINNEY AVE,75205,barbershop_beauty,CO,32.823358,-96.787185,48113000706,,1
ADRIAN GREEN,6211 W NORTHWEST HWY Ste:C200D,75225,barbershop_beauty,CO,32.865729,-96.799915,48113007702,,1
C F HAWN FWY SUNOCO,9512 C F HAWN FWY,75217,convenience_corner_store,CO;TABC,32.703097,-96.658187,48113011701,,2
COWBOY'S CRISPY CHICKEN,2989 S WESTMORELAND RD Ste:A,75233,convenience_corner_store,CO,32.71139,-96.874284,48113010805,,1
THREE PEAKS CORP DBA RACETRAC,2707 ROYAL LN,75229,grocery_food_mart,CO,32.895252,-96.886661,48113009701,,1
SAM'S CLUB #6482,5555 S BUCKNER BLVD,,grocery_food_mart,CO,32.793368,-96.685021,48113012207,,1
JOY'S DONUT,3502 SIMPSON STUART RD Ste:400,75241,convenience_corner_store,CO,32.672884,-96.762413,48113020200,,1
7-ELEVEN CONVENIENCE STORE #34567J,711 ELM ST Ste:102,75202,convenience_corner_store,CO,32.780072,-96.8057,48113003102,,1
W-SMOKE,1408 W DAVIS ST Ste:B,75208,convenience_corner_store,CO,32.749515,-96.844802,48113004202,,1
#1 CHAMPION BILLARD & GAMES,9530 OVERLAKE DR Ste:D,75220,other_storefront,CO,32.857135,-96.869618,48113007204,,1
BIBBENTUCKERS,3400 CARLISLE ST Ste:101,75204,barbershop_beauty,CO,32.80676,-96.800302,48113001801,,1
THE MANE BAR,2262 GUS THOMASSON RD,75228,barbershop_beauty,CO,32.834758,-96.676595,48113012400,,1
FREEHAND INCORPORATED,2815 ALLEN ST Ste:126,75204,barbershop_beauty,CO,32.800754,-96.801124,48113001801,,1
ROKWOOD,600 JACKSON ST,75202,other_storefront,CO,32.77761,-96.806209,48113003102,,1
SANG SANG IMAGINATION,11445 EMERALD ST Ste:108,75229,barbershop_beauty,CO,32.897188,-96.899239,48113009900,,1
BIG BOYS BEER WINE & GROCERY,3500 E ILLINOIS AVE,75216,convenience_corner_store,CO,32.714737,-96.763836,48113008701,,1
ICED 2 PERFECTION,2224 CEDAR CREST BLVD Ste:C,75203,convenience_corner_store,CO,32.731734,-96.794139,48113005500,,1
LASH DREAM ACADEMY,2001 N LAMAR ST Ste:150,75202,barbershop_beauty,CO,32.783486,-96.806944,48113002100,,1
ZINNIA'S SPORT MEMORABILIA,7318 HARRY HINES BLVD Ste:B,75235,convenience_corner_store,CO,32.828975,-96.857214,48113000410,,1
GOOD BUY GEAR,7522 CAMPBELL RD Ste:119,75248,convenience_corner_store,CO,32.978201,-96.770407,48113013605,,1
BIKE MART,5427 W LOVERS LN,75209,grocery_food_mart,CO,32.851217,-96.819842,48113007301,,1
THE PEGASUS BARBER SHOP,222 S ST PAUL ST Ste:110,75201,barbershop_beauty,CO,32.781286,-96.795657,48113003103,,1
FAJITA PETE'S,1920 ABRAMS PKWY,75214,convenience_corner_store,CO;TABC,32.813613,-96.752727,48113001400,,2
ALL SEASONS GARDEN CENTER,1535 CENTERVILLE RD,75228,convenience_corner_store,CO,32.842996,-96.684412,48113012702,,1
VERIZON WIRELESS,3211 KNOX ST,75205,convenience_corner_store,CO,32.823374,-96.78942,48113000706,,1
ASURION TECH REPAIR & SOLUTIONS,5920 BELT LINE RD Ste:315,75254,other_storefront,CO,32.953891,-96.805855,48113013622,,1
ASURION TECH REPAIR & SOLUTIONS,6121 GREENVILLE AVE,75206,convenience_corner_store,CO,32.859996,-96.768074,48113007912,,1
SHIN CHON MARKET,11422 HARRY HINES BLVD Ste:210,75229,grocery_food_mart,CO,32.897195,-96.89172,48113009900,,1
MATT REYNOLDS,2137 BUTLER ST,75235,grocery_food_mart,CO,32.814638,-96.838224,48113000401,,1
EXPRESS LAUNDRY CENTER,2702 S BUCKNER BLVD Ste:170,75227,laundromat,CO,32.758198,-96.682741,48113009001,,1
"TEN 01 LIVE, LLC",2523 MCKINNEY AVE Ste:D,75201,barbershop_beauty,CO,32.796055,-96.801824,48113001705,,1
DE KONING GANS LLC,150 MANUFACTURING ST Ste:201,75207,convenience_corner_store,CO,32.794161,-96.830625,48113010003,,1
EVERBOWL,200 CRESCENT CT Ste:60,75201,convenience_corner_store,CO,32.793886,-96.804201,48113001802,,1
BELCHERS CLEANERS,1050 N WESTMORELAND RD Ste:118A,75211,barbershop_beauty,CO,32.755568,-96.873999,48113006900,,1
NAIL HAUS & BOUTIQUE,3410 MAIN ST,75226,barbershop_beauty,CO,32.78553,-96.775438,48113020401,,1
IV,5203 BEXAR ST Ste:2,75215,convenience_corner_store,CO,32.749848,-96.753396,48113020800,,1
JONATHAN ADLER,3700 MCKINNEY AVE Ste:120,75204,grocery_food_mart,CO,32.808626,-96.795959,48113000704,,1
PRESTON COMMONS FITNESS CENTER,8115 PRESTON RD Ste:250,75225,barbershop_beauty,CO,32.861522,-96.80414,48113019501,,1
LITTLE CEZARS PIZZA 1617-004,5464 LEMMON AVE,75209,convenience_corner_store,CO,32.827961,-96.824113,48113000610,,1
UNCLE DAN'S PAWN,8012 LAKE JUNE RD,75217,other_storefront,CO,32.734173,-96.684276,48113009301,,1
NOTHING BUT PLEASURE,2805 REED LN,75215,other_storefront,CO,32.75917,-96.756342,48113020800,,1
TONY AND GIRL BEAUTY SALON AND BARBER SHOP,2904 W DAVIS ST,75211,barbershop_beauty,CO,32.749528,-96.869074,48113004500,,1
THE ALKALINE HOUR,4414 S MARSALIS AVE,75216,convenience_corner_store,CO,32.690767,-96.814591,48113005901,,1
EAR HUSTLAZ,4735 MEMPHIS ST,75207,barbershop_beauty,CO,32.804051,-96.851139,48113010003,,1
DEEP ELLUM LIVE LTD,2713 CANTON ST,75226,other_storefront,CO,32.7821,-96.783648,48113020401,,1
THE GYM OF SOCIAL MECHANICS,1808 GREENVILLE AVE,75206,barbershop_beauty,CO,32.812262,-96.770207,48113001101,,1
"CANTON LIVE, LLC",2727 CANTON ST,75226,other_storefront,CO,32.782025,-96.784057,48113020401,,1
PLANET GRANITE,8021 WALNUT HILL LN,75231,barbershop_beauty,CO,32.881103,-96.766734,48113007822,,1
NATUZZI ITALIA,4441 MCKINNEY AVE,75205,grocery_food_mart,CO,32.820044,-96.788933,48113000705,,1
LIL JOE REAL SMOKE BBQ,3142 E ILLINOIS AVE Ste:C,75216,convenience_corner_store,CO,32.716003,-96.772565,48113008604,,1
LDU COFFEE,9005 GARLAND RD Ste:100,75218,convenience_corner_store,CO,32.828259,-96.709169,48113008101,,1
GENE'S CONVENIENCE & DAIQUIRI,3613 RAMONA AVE,75216,convenience_corner_store,CO,32.701022,-96.805892,48113005700,,1
BAYVIEW LN,10503 FOREST LN Ste:140,75243,other_storefront,CO,32.909095,-96.703897,48113019019,,1
SNEAKER HAVEN LLC,5307 E MOCKINGBIRD LN Ste:105,75206,convenience_corner_store,CO,32.836661,-96.777717,48113007914,,1
FOREST GREEN BRANCH LIBRARY,9619 GREENVILLE AVE,75243,library,CO,32.906487,-96.747981,48113007805,,1
BODIED BY CHAN PALACE,8300 LA PRADA DR Ste:170,75228,convenience_corner_store,CO,32.807962,-96.667928,48113012302,,1
VIVI'S VICTORY PARK,2412 VICTORY PARK LN,75201,convenience_corner_store,CO,32.787591,-96.809291,48113001902,,1
UPKEEP DALLAS LLC,5207 BONITA AVE,75206,barbershop_beauty,CO,32.81804,-96.781991,48113001002,,1
TARGET,9440 MARSH LN,75220,grocery_food_mart,CO,32.863256,-96.856031,48113009401,,1
"DOUGLAS CENTER - HP, LP",8333 DOUGLAS AVE Ste:C20,75225,barbershop_beauty,CO,32.864193,-96.808629,48113007301,,1
OLE CHERRYS JR.,1326 MARTIN LUTHER KING JR BLVD,75215,convenience_corner_store,CO,32.752081,-96.782649,48113021100,,1
KBS SERVICES,4011 N WESTMORELAND RD,75212,barbershop_beauty,CO,32.790434,-96.873828,48113010500,,1
7-ELEVEN CONVENIENCE STORE #38559A,4840 HARRY HINES BLVD,75235,convenience_corner_store,CO,32.80885,-96.833392,48113000401,,1
OKLAHOMA QUICKTRIP BEVERAGE CORPORATION,1500 N WESTMORELAND RD,75211,grocery_food_mart,CO,32.765613,-96.873648,48113006900,,1
LURE CO-OP,4161 MCKINNEY AVE Ste:100,75204,barbershop_beauty,CO,32.815832,-96.791135,48113000703,,1
MC MYS CLASSIC CUTS,3231 DAWES DR,75211,barbershop_beauty,CO,32.727097,-96.873503,48113006402,,1
KBS T - SHIRTS,4129 N WESTMORELAND RD,75212,convenience_corner_store,CO,32.792127,-96.87382,48113010500,,1
ANDERSON STUDIO,203 W COMSTOCK ST,75208,barbershop_beauty,CO,32.769991,-96.824253,48113004300,,1
PICARA FASHION LLC,939 W JEFFERSON BLVD Ste:105,75208,barbershop_beauty,CO,32.743239,-96.839197,48113004600,,1
DHD PHARMACY,7220 S WESTMORELAND RD,75237,convenience_corner_store,CO,32.659658,-96.882651,48113010904,,1
OKA HOME,4531 MCKINNEY AVE,75205,grocery_food_mart,CO,32.822212,-96.787766,48113000705,,1
JEFFERSON TOWER EVENTS,351 W JEFFERSON BLVD Ste:FL8,75208,other_storefront,CO,32.743187,-96.8274,48113004700,,1
CAULDRON ICE CREAM,3001 KNOX ST Ste:103,75205,convenience_corner_store,CO,32.822258,-96.786641,48113000705,,1
ON THE WHIM,4433 MCKINNEY AVE,75210,convenience_corner_store,CO,32.820645,-96.788603,48113000705,,1
MSTELLA NAIL BAR,7215 SKILLMAN ST Ste:320,75231,barbershop_beauty,CO,32.880205,-96.734982,48113007827,,1
SUNKISSED SWIMWEAR,7542 S LANCASTER RD Ste:A,75241,convenience_corner_store,CO,32.654075,-96.782756,48113016711,,1
RAINBOW SNOW LLC,5422 BERNAL DR,75212,convenience_corner_store,CO,32.77706,-96.909758,48113010602,,1
CRUMBL COOKIES,14891 PRESTON RD Ste:100,75254,convenience_corner_store,CO,32.950651,-96.803621,48113013606,,1
ULTA BEAUTY,11700 PRESTON RD Ste:737,75230,grocery_food_mart,CO,32.908928,-96.80398,48113013300,,1
MARTY'S LIVE,4207 MAPLE AVE,75219,other_storefront,CO,32.807544,-96.81802,48113000401,,1
DADDY MAC'S CHICKEN,2811 S MARSALIS AVE Ste:100B,75216,convenience_corner_store,CO,32.712686,-96.814628,48113005600,,1
THE SOUL FOOD PROJECT,2839 CEDAR CREST BLVD Ste:100,75203,convenience_corner_store,CO,32.740883,-96.788793,48113021100,,1
POSH B BAR,2714 ROMINE AVE,75215,barbershop_beauty,CO,32.762389,-96.760956,48113003700,,1
GENESIS,3421 KNIGHT ST,75219,convenience_corner_store,CO,32.814867,-96.808936,48113000605,,1
NOLA SNOBALLS,349 W JEFFERSON BLVD,,other_storefront,CO,41.673081,-86.185871,,,1
FASHION WITHA TWIST DANCE HALL,8208 C F HAWN FWY,75217,barbershop_beauty,CO,32.711337,-96.679978,48113011603,,1
SPECTRUM,18208 PRESTON RD Ste:D2,,grocery_food_mart,CO,34.401168,-117.266291,,,1
TREASURE ED,4034 SWISS AVE,75204,convenience_corner_store,CO,32.794728,-96.778565,48113002200,,1
THE FITNESS HUB & NUTRITION,4737 VILLAGE FAIR DR Ste:104,75224,barbershop_beauty,CO,32.69015,-96.825076,48113006002,,1
WATERMILL EXPRESS LLC,10665 WALNUT HILL LN,75238,convenience_corner_store,CO,32.879019,-96.701226,48113013005,,1
LA SUPREME HAIR LLC,5301 ALPHA RD Ste:49,75240,convenience_corner_store,CO,32.932852,-96.816561,48113013626,,1
WHITE ROCK FLOORING,9022 GARLAND RD Ste:A,75218,convenience_corner_store,CO,32.82777,-96.709248,48113008102,,1
PUBLIC MARKET BAR OPS MF5 LLC,3330 OAK GROVE AVE,75204,convenience_corner_store,CO,32.803613,-96.798116,48113001703,,1
NEIGHBORHOOD FOOD MART,5001 W DAVIS ST,75211,convenience_corner_store,CO,32.749641,-96.909205,48113010701,,1
HOPE COFFEE INC.,1200 APPLE ST,75204,convenience_corner_store,CO,32.795063,-96.779824,48113002200,,1
SARA'S SECRET,10910 N CENTRAL EXPY Ste:128,75231,convenience_corner_store,CO,32.897933,-96.768689,48113007823,,1
"LCP HIGHLAND SPE, LLC DBA THE HIGHLAND DALLAS",5300 E MOCKINGBIRD LN Ste:100,75206,barbershop_beauty,CO,32.836527,-96.777896,48113000300,,1
VARIEOLAOLES LUNA,7022 MILITARY PKWY,75227,convenience_corner_store,CO,32.772318,-96.699212,48113008500,,1
CANDLES AND MORE,2445 S BUCKNER BLVD Ste:110,75227,convenience_corner_store,CO,32.753994,-96.682934,48113009101,,1
COSAS Y MAS,6927 SCYENE RD,75227,other_storefront,CO,32.763524,-96.701871,48113008401,,1
ZEN NAILS,3416 OAK LAWN AVE,75219,barbershop_beauty,CO,32.811634,-96.805908,48113000605,,1
BLACK SHEEP PERFORMANCE,4715 IBERIA AVE Ste:200,75207,barbershop_beauty,CO,32.80208,-96.847366,48113010003,,1
400 RECORD,400 S RECORD ST Ste:100,75202,convenience_corner_store,CO,32.776367,-96.806183,48113003102,,1
MANDO'S SPOT,2231 W LEDBETTER DR Ste:250,75224,convenience_corner_store,CO,32.691273,-96.855183,48113006100,,1
NOVELTY VAPE & MORE,11728 FERGUSON RD,75228,convenience_corner_store,CO,32.854862,-96.649917,48113012604,,1
TEXAS SMOKE & VAPE,4475 ADLER DR Ste:104,75211,convenience_corner_store,CO,32.762721,-96.893822,48113010701,,1
HAIR TODAY GONE TOMORROW,4245 N CENTRAL EXPY Ste:200,75205,barbershop_beauty,CO,32.816953,-96.789019,48113000705,,1
SOULE DESIGN STUDIO & NOTARY SERVICE,2550 BECKLEYMEADE AVE Ste:235,75237,barbershop_beauty,CO,32.640318,-96.861335,48113016634,,1
RAGGS BY RICHII BOUTIQUE,1719 N FITZHUGH AVE Ste:B,75204,convenience_corner_store,CO,32.806665,-96.776828,48113000902,,1
SISTER'S BEAUTY & NAIL SALON,3304 W KIEST BLVD,75233,barbershop_beauty,CO,32.705337,-96.874465,48113010806,,1
SINGING UNISEX BARBER/BEAUTY SHOP,5250 SINGING HILLS DR Ste:C,75241,barbershop_beauty,CO,32.681482,-96.802442,48113011300,,1
GREG DANIELS PHOTOGRAPHY,2750 NORTHAVEN RD Ste:310,75229,barbershop_beauty,CO,32.903815,-96.886107,48113009610,,1
DALLAS GIFT SHOP,610 E JEFFERSON BLVD Ste:110,75203,convenience_corner_store,CO,32.7473,-96.815322,48113004800,,1
JUMPSHOTCLASSICS,3601 MAIN ST Ste:150,75226,convenience_corner_store,CO,32.78573,-96.774526,48113020401,,1
SOUL QUEEN,2737 ELSIE FAYE HEGGINS ST Ste:100,75215,convenience_corner_store,CO,32.755949,-96.753292,48113020800,,1
AMERICAN'S WESTERN RANCH INC,12671 C F HAWN FWY,75253,convenience_corner_store,CO,32.680446,-96.610651,48113017101,,1
LITTLE CAESARS PIZZA,9667 WEBB CHAPEL RD,75220,convenience_corner_store,CO,32.865624,-96.863296,48113009802,,1
INFINITE MONKEY DALLAS,2816 MAIN ST,75226,other_storefront,CO,32.784063,-96.782657,48113020401,,1
BARBY'S SALON,9656 OVERLAKE DR,75220,barbershop_beauty,CO,32.857929,-96.870607,48113007204,,1
"RAPTOR DELEON, LLC",110 W JEFFERSON BLVD,75208,convenience_corner_store,CO,32.74326,-96.82358,48113004700,,1
MEDELLIN NAIL SPA,2990 LOMBARDY LN Ste:206,75220,barbershop_beauty,CO,32.866403,-96.875618,48113007204,,1
FUEL TOWN,1525 INWOOD RD,75247,grocery_food_mart,CO,32.810264,-96.850187,48113010003,,1
A & S DAQS & SNAQ'S,1235 E RED BIRD LN,75241,convenience_corner_store,CO,32.674976,-96.804993,48113011300,,1
LAUNDRY BRIGHT & CLEAN,13305 KLEBERG RD,75253,laundromat,CO,32.66974,-96.614255,48113017102,,1
FRUTTY FRESCURA,10788 HARRY HINES BLVD Ste:E30A,75220,convenience_corner_store,CO,32.874047,-96.883685,48113009900,,1
LUNA BEAUTY SALON,1401 S BUCKNER BLVD Ste:115,75217,barbershop_beauty,CO,32.736269,-96.682977,48113009105,,1
DTX BARBERS,4821 BERNAL DR Ste:A,75212,barbershop_beauty,CO,32.784506,-96.899813,48113010601,,1
LIMELIGHTLIFE BEAUTY,5747 SAMUELL BLVD Ste:400,75228,barbershop_beauty,CO,32.791873,-96.703102,48113012206,,1
GOORIN BROS,2639 MAIN ST Ste:110,75226,convenience_corner_store,CO,32.783651,-96.7848,48113020401,,1
ZAR,5521 GREENVILLE AVE Ste:106B,75206,convenience_corner_store,CO,32.853866,-96.769366,48113007909,,1
CPAP STORE DALLAS,3920 ROSEMEADE PKWY Ste:150,,convenience_corner_store,CO,33.010437,-96.845848,,,1
CENTRAL MARTIAL ARTS & FITNESS,6031 FOREST LN,75230,barbershop_beauty,CO,32.909522,-96.803011,48113013300,,1
LETS BE SAFE LLC,2910 S BUCKNER BLVD,75227,convenience_corner_store,CO,32.761832,-96.68267,48113009001,,1
PURELY CBD,5917 GREENVILLE AVE,75206,convenience_corner_store,CO,32.857346,-96.768643,48113007912,,1
BBHOOD CLOTHING,8122 FOREST LN Ste:C,75243,convenience_corner_store,CO,32.90916,-96.76453,48113007805,,1
KING SPA,2143 JOE FIELD RD,75229,barbershop_beauty,CO,32.892963,-96.905533,48113009900,,1
GREAT CLIPS,5500 GREENVILLE AVE Ste:606,75206,barbershop_beauty,CO,32.853549,-96.769299,48113007909,,1
LAKE JUNE LAVANDERIA,7857 LAKE JUNE RD,75217,laundromat,CO,32.734444,-96.687521,48113009105,,1
TEXAS PAINT & WALLPAPER,12835 PRESTON RD Ste:306,75230,other_storefront,CO,32.924235,-96.803626,48113009604,,1
"PARK CITIES DANCE, LLC",7979 INWOOD RD Ste:117,75209,barbershop_beauty,CO,32.851429,-96.821306,48113007302,,1
LA TEXICA,1721 BARNES BRIDGE RD,75228,convenience_corner_store,CO,32.850676,-96.679023,48113012701,,1
GOLDEN ROOSTER,1323 BERKLEY AVE,75224,barbershop_beauty,CO,32.724645,-96.844014,48113006302,,1
VIVIANS HOUSE OF DANCE,9605 CLARK RD Ste:500,75249,barbershop_beauty,CO,32.634354,-96.942872,48113016526,,1
DOLLAR GENERAL STORE #19624,342 S ST AUGUSTINE DR,75217,grocery_food_mart,CO;TABC,32.707147,-96.657066,48113011701,,2
DALLAS COMEDY CLUB,3036 ELM ST Ste:110,75226,barbershop_beauty,CO,32.785456,-96.779523,48113020401,,1
TEN 01 LIVE,2603 ROUTH ST Ste:A,75201,other_storefront,CO,32.796504,-96.801934,48113001802,,1
PUFF N SHOP,9460 MARSH LN,75220,convenience_corner_store,CO,32.863312,-96.856035,48113009401,,1
HOUSE OF HEALING,8550 PLANO RD Ste:101,75238,convenience_corner_store,CO,32.865385,-96.700406,48113013007,,1
THE PILATES BARRE,5425 W LOVERS LN,75209,barbershop_beauty,CO,32.851217,-96.819857,48113007301,,1
CJ'S BILLIARDS,3939 S POLK ST Ste:110,75224,other_storefront,CO,32.695992,-96.840124,48113006002,,1
TEXACO GAS STATION,12920 PRESTON RD,75230,convenience_corner_store,CO,32.924728,-96.803459,48113013201,,1
EMPIRE BAKING CO,8185 WALNUT HILL LN Ste:1405,75231,convenience_corner_store,CO,32.88302,-96.764363,48113007823,,1
LA SURENA MINI MARKET LLC,2220 HIGHLAND RD Ste:A,75228,convenience_corner_store,CO,32.802172,-96.714332,48113012208,,1
JAVA  MAMA,10233 E NORTHWEST HWY Ste:450,75238,other_storefront,CO,32.86447,-96.708385,48113013005,,1
CLUB AZUL,12122 MCCREE RD,75238,other_storefront,CO,32.867152,-96.674314,48113013010,,1
VILLA JOIN THE MOVEMENT,1441 ROBERT B CULLUM BLVD Ste:130,,convenience_corner_store,CO,32.775615,-96.763118,48113020300,,1
FFBB BARBERSHOP LLC,308 W JEFFERSON BLVD,75208,barbershop_beauty,CO,32.743097,-96.826609,48113005000,,1
786 CELL PHONE REPAIR,9811 FERGUSON RD Ste:100,75228,convenience_corner_store,CO,32.822025,-96.678456,48113012400,,1
PARADIGM GYM,5815 LIVE OAK ST Ste:104,75214,barbershop_beauty,CO,32.812251,-96.761259,48113001102,,1
HENDERSON CHICKEN,1328 N JIM MILLER RD Ste:108,75217,convenience_corner_store,CO,32.73556,-96.700079,48113009105,,1
CLASSE EATS & SWEETS,7634 GREAT TRINITY FOREST WAY,75217,convenience_corner_store,CO,32.712758,-96.691089,48113009304,,1
SAI SMOKE SHOP,2410 DUNCANVILLE RD Ste:120,75211,convenience_corner_store,CO,32.719215,-96.908541,48113010808,,1
JALISCO PRODUCTOS DE CUERO,828 STELLA AVE,75216,convenience_corner_store,CO,32.727695,-96.810306,48113005500,,1
RODS KITCHEN,4344 S HAMPTON RD Ste:150,75232,convenience_corner_store,CO,32.690596,-96.856994,48113011004,,1
THE POINT MED SPA,2510 CEDAR SPRINGS RD,75201,barbershop_beauty,CO,32.792333,-96.805078,48113001901,,1
WSS,2320 W ILLINOIS AVE,75224,convenience_corner_store,CO,32.720199,-96.856159,48113006301,,1
GOLD DUST TATTOOS + FINE ART,2406 N HENDERSON AVE,75206,barbershop_beauty,CO,32.815074,-96.778786,48113000901,,1
HARMONY YOGA AND HEALTH,1444 OAK LAWN AVE Ste:319,75207,barbershop_beauty,CO,32.794771,-96.821354,48113010003,,1
ALDI,2505 FORT WORTH AVE,,grocery_food_mart,CO,32.759036,-96.863128,48113006800,,1
PEP BOYS AUTO,6534 E NORTHWEST HWY Ste:100,75214,grocery_food_mart,CO,32.856142,-96.747152,48113007902,,1
PROPER WAX,2649 MAIN ST Ste:150,75226,convenience_corner_store,CO,32.783729,-96.78441,48113020401,,1
PUBLIC MARKET BAR OPS MF6 LLC,2920 CARLISLE ST Ste:100,75204,convenience_corner_store,CO,32.802289,-96.803715,48113001802,,1
CODD'S FURNITURE AND HOME DECORE INC,506 S FITZHUGH AVE Ste:110,75223,convenience_corner_store,CO,32.792487,-96.760578,48113002400,,1
WINGSTOP,5535 W LOVERS LN Ste:B,75209,convenience_corner_store,CO,32.851181,-96.818069,48113007301,,1
LA REYNA SALON & BARBER SHOP,2800 ALABAMA AVE,75216,barbershop_beauty,CO,32.713032,-96.819385,48113005600,,1
ENCANTO,8560 FIRESIDE DR,75217,convenience_corner_store,CO,32.697907,-96.672058,48113011603,,1
SOULS BOUTIQUE,880 W KIEST BLVD Ste:105,75224,convenience_corner_store,CO,32.705738,-96.838003,48113006001,,1
"DAILYTX, LLC",216 W JEFFERSON BLVD Ste:120,75208,convenience_corner_store,CO,32.743089,-96.824934,48113005000,,1
EAGLE STONE SHOE REPAIR,208 S LLEWELLYN AVE,75208,barbershop_beauty,CO,32.74402,-96.83214,48113004700,,1
ZANG TOBACCO SHOP,1055 S ZANG BLVD,,convenience_corner_store,CO,32.734425,-96.824658,48113005000,,1
UNITED SERVICE ORGANIZATION,8008 HERB KELLEHER WAY Ste:C2041A,75209,convenience_corner_store,CO,32.843879,-96.849663,48113980100,,1
MICROMART,2331 W NORTHWEST HWY Ste:120,75220,convenience_corner_store,CO,32.861019,-96.8892,48113009900,,1
CHICK-FIL-A,3040 W MOCKINGBIRD LN,,convenience_corner_store,CO,32.832065,-96.839388,48113000409,,1
COUNTRY GURLZ NUTRITION,1046 W CAMP WISDOM RD,75232,convenience_corner_store,CO,32.662106,-96.839273,48113011104,,1
7-ELEVEN CONVENIENCE STORE #22889B,10998 HARRY HINES BLVD,75220,convenience_corner_store,CO;TABC,32.880653,-96.885341,48113009900,,2
MASSAGE 8,4018 CEDAR SPRINGS RD,75219,barbershop_beauty,CO,32.811464,-96.811787,48113000501,,1
PRESTON FITNESS,6118 LUTHER LN,75225,barbershop_beauty,CO,32.863613,-96.805664,48113007301,,1
SKYLINE MART,4625 S BUCKNER BLVD,75227,convenience_corner_store,CO;TABC,32.777729,-96.682918,48113008500,,2
PANADERIA LA HACIENDA,316 W JEFFERSON BLVD,75208,convenience_corner_store,CO,32.743098,-96.827361,48113005000,,1
ILLUSION CHEER AND DANCE COMPANY,1237 E RED BIRD LN,75241,barbershop_beauty,CO,32.674976,-96.804983,48113011300,,1
RINCON DE ARTESANIA MEXICANA,4619 E R L THORNTON FWY Ste:207,75223,convenience_corner_store,CO,32.790467,-96.76178,48113002400,,1
DALLAS CIRCUS CENTER,2355 W NORTHWEST HWY,75220,barbershop_beauty,CO,32.85991,-96.88585,48113009900,,1
LATINOS SALON & BARBER,10825 DENNIS RD Ste:101,75229,barbershop_beauty,CO,32.896008,-96.881391,48113009611,,1
MUSE THE SALON ON MOCKINGBIRD,5330 E MOCKINGBIRD LN Ste:190,75206,barbershop_beauty,CO,32.836524,-96.777471,48113000300,,1
GALLERIS OF RESALE,4430 S MARSALIS AVE,75216,grocery_food_mart,CO,32.690674,-96.814586,48113005901,,1
DA BARBERSHOP,3312 N BUCKNER BLVD Ste:208,75228,barbershop_beauty,CO,32.806117,-96.682448,48113012302,,1
AFRICAN MARKET MUNGU NI MWEMA,12309 PLANO RD Ste:300,75243,convenience_corner_store,CO,32.914688,-96.700429,48113019019,,1
TRENDY BOUTIQUE BRAIDS AND BEAUTY,3424 SUNNYVALE ST,75216,convenience_corner_store,CO,32.713236,-96.785201,48113008802,,1
ZION FOOD MART,4407 W MOCKINGBIRD LN,75209,convenience_corner_store,CO;TABC,32.836642,-96.830928,48113007102,,2
V-C STORE,3855 FRANKFORD RD Ste:102A,,convenience_corner_store,CO,32.99703,-96.847865,,,1
ALL IN ONE FOOD MART,4849 SUNNYVALE ST,75216,convenience_corner_store,CO,32.695547,-96.772864,48113008704,,1
SHM ARCHITECTS,2813 N HENDERSON AVE,75206,convenience_corner_store,CO,32.81957,-96.783958,48113000901,,1
VIE NAIL BAR,8060 PARK LN Ste:B112,75231,barbershop_beauty,CO,32.871836,-96.768904,48113007822,,1
DALLAS YOGA CENTER INC,4140 LEMMON AVE Ste:280,75219,barbershop_beauty,CO,32.815359,-96.809543,48113000605,,1
SALINAS BRIDAL SHOP,9743 HARRY HINES BLVD,75220,convenience_corner_store,CO,32.852707,-96.878515,48113010001,,1
PLANET FITNESS,11255 GARLAND RD Ste:101,75218,barbershop_beauty,CO,32.848958,-96.683662,48113012802,,1
EXODUS BOXING CLUB,9709 C F HAWN FWY Ste:L,75217,barbershop_beauty,CO,32.701471,-96.655389,48113011701,,1
SHADOW NAIL SPA,7331 GASTON AVE Ste:165,75214,barbershop_beauty,CO,32.81161,-96.730445,48113000100,,1
AMERICAN HAIR & BEAUTY SUPPLY,8602 SKILLMAN ST,75243,grocery_food_mart,CO,32.89615,-96.722335,48113007835,,1
FRIDA'S TACOLANDIA,839 SINGLETON BLVD Ste:100,75212,convenience_corner_store,CO,32.778523,-96.837336,48113004300,,1
GALLERIA RUGS LLC,5304 ALPHA RD,75240,convenience_corner_store,CO,32.932824,-96.817532,48113013626,,1
MS BLUE WIRELESS,326 W JEFFERSON BLVD,75208,convenience_corner_store,CO,32.743099,-96.827608,48113005000,,1
7-ELEVEN CONVENIENCE STORE #20769J,10340 FOREST LN,75243,convenience_corner_store,CO,32.909001,-96.708073,48113018505,,1
THE GLASS HOUSETX#5,2525 WYCLIFF AVE Ste:129,75219,other_storefront,CO,32.810426,-96.819224,48113000405,,1
FOGOXE FITNESS,2322 OATES DR,75228,barbershop_beauty,CO,32.82144,-96.67626,48113012301,,1
SELENA'S BEAUTY SALON,2308 W CLARENDON DR,75208,barbershop_beauty,CO,32.734655,-96.855603,48113005200,,1
KEEPSAKE,2821 N HENDERSON AVE,75206,convenience_corner_store,CO,32.819607,-96.784,48113000901,,1
HAZE N BLAZE,8928 E R L THORNTON FWY Ste:109,75228,other_storefront,CO,32.79552,-96.691431,48113012207,,1
VILLAGE BAKING COMPANY,3218 OAK LAWN AVE,75219,convenience_corner_store,CO,32.809849,-96.808072,48113000605,,1
NIKKI SMITH,1011 S PEARL EXPY Ste:170,75201,convenience_corner_store,CO,32.77726,-96.789044,48113020402,,1
PRO REFINISH & SUPPLY,12022 GARLAND RD Ste:100,75218,convenience_corner_store,CO,32.859757,-96.673679,48113012701,,1
LA MILPA TORTILLERIANY TAQUERIA,2002 S EDGEFIELD AVE,75224,convenience_corner_store,CO,32.726072,-96.844607,48113006302,,1
ELECTRIC SHUFFLE,2615 ELM ST,75226,other_storefront,CO,32.784187,-96.785893,48113020401,,1
QUICK STOP,1055 REGAL ROW,75247,convenience_corner_store,CO,32.826979,-96.886896,48113010003,,1
ELOTES LOCOS,2029 S BUCKNER BLVD,75217,convenience_corner_store,CO,32.747755,-96.682959,48113009104,,1
GARIBALDI BEAUTY SALON,8017 LAKE JUNE RD Ste:D,75217,barbershop_beauty,CO,32.734302,-96.683786,48113009301,,1
PINK STAR BEAUTY SUPPLY,7932 GREAT TRINITY FOREST WAY Ste:107,75217,grocery_food_mart,CO,32.712335,-96.685054,48113009304,,1
HOLLYWOOD FEED LLC,3425 KNIGHT ST,75219,convenience_corner_store,CO,32.814876,-96.808925,48113000605,,1
FLASHBACK,821 W DAVIS ST,75208,other_storefront,CO,32.749485,-96.836897,48113004201,,1
KING FOOT SPA,5834 ABRAMS RD,75214,barbershop_beauty,CO,32.856026,-96.750474,48113007902,,1
E&J MASSAGE,2405 GUS THOMASSON RD,,barbershop_beauty,CO,32.83487,-96.674114,48113012702,,1
HEADQUARTERS,2443 WALNUT HILL LN,75229,other_storefront,CO,32.881122,-96.895174,48113009900,,1
LAVA LOUNGE,3908 CEDAR SPRINGS RD,75219,other_storefront,CO,32.810325,-96.810399,48113000501,,1
MANUEL PADILLA GALLERY,2629 N STEMMONS FWY Ste:104,75207,convenience_corner_store,CO,32.806802,-96.841768,48113010003,,1
WILD BIRDS UNLIMITED,5708 ABRAMS RD,75214,grocery_food_mart,CO,32.855231,-96.751434,48113007902,,1
HILL PARK CLEANERS,4485 TRINITY MILLS RD Ste:212,,laundromat,CO,32.990035,-96.831926,,,1
CRICKET WIRELESS,2138 FORT WORTH AVE,75211,convenience_corner_store,CO,32.76149,-96.85785,48113006800,,1
DREAM FOOD MART,3502 S LANCASTER RD,75216,convenience_corner_store,CO,32.705396,-96.799843,48113005700,,1
SMOKE R US,2626 S WESTMORELAND RD Ste:600,75211,convenience_corner_store,CO,32.719552,-96.874188,48113006502,,1
DRAGON VAPE,4024 W CAMP WISDOM RD,75237,convenience_corner_store,CO,32.661914,-96.885359,48113010904,,1
VIOLA'S HOUSE,3647 HOLMES ST,75215,other_storefront,CO,32.755636,-96.772318,48113020900,,1
AUTOZONE #1643,3120 FORT WORTH AVE Ste:150,75211,grocery_food_mart,CO,32.754312,-96.872366,48113006800,,1
PARIS ELEGANT EVENTS,2466 MERRELL RD Ste:100,75229,other_storefront,CO,32.888003,-96.894735,48113009900,,1
CONTRIVED CONCEPTS LLC,4248 S FITZHUGH AVE Ste:A,75210,barbershop_beauty,CO,32.777477,-96.750815,48113002703,,1
DOLLAR GENERAL,1710 S BUCKNER BLVD Ste:110,75217,grocery_food_mart,CO,32.741964,-96.682815,48113009204,,1
"MISTR ADVANCE CARE TEXAS, LLC",3818 CEDAR SPRINGS RD Ste:104,75219,convenience_corner_store,CO,32.809706,-96.809566,48113000501,,1
WIZARDS CBD + WELLNESS,5213 W LOVERS LN,75209,convenience_corner_store,CO,32.85124,-96.822163,48113007302,,1
BEYOND PILATES,5757 W LOVERS LN Ste:350,75209,barbershop_beauty,CO,32.851172,-96.813816,48113007301,,1
"AT HOME STORES, LLC",6051 SKILLMAN ST,75231,grocery_food_mart,CO,32.861958,-96.751188,48113007819,,1
KORNER,2422 ALLEN ST,75204,convenience_corner_store,CO,32.798491,-96.799429,48113001703,,1
LA MICHOCANA ICE CREAM,4408 ASH LN,75223,convenience_corner_store,CO,32.788114,-96.763557,48113002500,,1
KNOX HEIGHTS NAIL SPA,625 HIGH MARKET ST Ste:165,75219,barbershop_beauty,CO,32.786294,-96.808866,48113001902,,1
VAPE SUPPLY & CONVENIENCE,1036 W CAMP WISDOM RD,75232,convenience_corner_store,CO,32.662105,-96.839128,48113011104,,1
DMH FIBER AND YARN,7989 BELT LINE RD Ste:180,75248,convenience_corner_store,CO,32.950878,-96.769485,48113013607,,1
VILLAGE GOLF CLUB,5683 VILLAGE GLEN DR,75206,other_storefront,CO,32.860275,-96.759748,48113007915,,1
MOGO,5610 VILLAGE GLEN DR,75206,grocery_food_mart,CO,32.860237,-96.759764,48113007915,,1
SLEEK'D NAILS,1220 W DAVIS ST,75208,barbershop_beauty,CO,32.749506,-96.842241,48113004202,,1
ROUNDHOUSE BAR,5625 VILLAGE GLEN DR Ste:400,75206,other_storefront,CO,32.860237,-96.759764,48113007915,,1
BARKIN CREEK DOG KITCHEN,5670 VILLAGE GLEN DR Ste:130,75206,barbershop_beauty,CO,32.860278,-96.759747,48113007915,,1
SQUARED AWAY,5665 VILLAGE GLEN DR Ste:130,75206,barbershop_beauty,CO,32.860263,-96.759752,48113007915,,1
ABIDING ARTISTRY,1201 S SHERMAN ST Ste:209,75081,barbershop_beauty,CO,32.934565,-96.743394,48113019040,,1
MARMI,6060 FOREST LN Ste:894,75230,convenience_corner_store,CO,32.909387,-96.803207,48113013300,,1
901 FIT,901 MAIN ST Ste:C118,75202,barbershop_beauty,CO,32.779701,-96.803809,48113003102,,1
DECORASIONES Y MAS,818 W JEFFERSON BLVD Ste:B,75208,convenience_corner_store,CO,32.743128,-96.836608,48113005000,,1
YETI DALLAS,4525 MCKINNEY AVE,75205,grocery_food_mart,CO,32.821954,-96.787903,48113000705,,1
JOHN REED,8335 WESTCHESTER DR Ste:40,75225,barbershop_beauty,CO,32.86423,-96.806561,48113007301,,1
THE HAIR DEPOT,3777 W CAMP WISDOM RD,75237,grocery_food_mart,CO,32.662077,-96.880757,48113010904,,1
EYE CANDY WAXING & THREADING BROW SALON,5334 ROSS AVE Ste:100,75206,barbershop_beauty,CO,32.80981,-96.771849,48113001002,,1
TIENDA MARTINEZ #2,1025 S ROSEMONT AVE,75208,convenience_corner_store,CO,32.735178,-96.848,48113005200,,1
BELLA AND BRAWN LLC,413 N BISHOP AVE,75208,convenience_corner_store,CO,32.74818,-96.828307,48113004700,,1
THRIFTY SISTAS RESALE SHOP,601 FORT WORTH AVE Ste:170,75208,convenience_corner_store,CO,32.772627,-96.832617,48113004300,,1
THE CLIFF SHOP,2303 MOUNTAIN LAKE RD Ste:110,75224,convenience_corner_store,CO,32.721481,-96.856215,48113006302,,1
MY BEER STORE 10,2315 LAKELAND DR,75228,convenience_corner_store,CO;TABC,32.811628,-96.70111,48113012210,,2
AIDE BEAUTY SALON,3317 W DAVIS ST Ste:A,75211,barbershop_beauty,CO,32.749581,-96.875033,48113006702,,1
MY LED HUB,2527 ROYAL LN Ste:150,75229,convenience_corner_store,CO,32.896084,-96.89393,48113009900,,1
HOUSE OF LIV,2333 GUS THOMASSON RD,75228,convenience_corner_store,CO,32.834874,-96.674929,48113012702,,1
THRIFT TOWN STORES LLC,1516 S WESTMORELAND RD,75211,grocery_food_mart,CO,32.728142,-96.874209,48113006402,,1
BASKBOUTIQUE,5350 W LOVERS LN Ste:128,75209,convenience_corner_store,CO,32.851138,-96.820108,48113007101,,1
PONKY BARBER SHOP,2503 S BECKLEY AVE Ste:120,75224,barbershop_beauty,CO,32.717308,-96.822915,48113005600,,1
BUFF CITY SOAP,9440 GARLAND RD Ste:126,75218,convenience_corner_store,CO,32.833178,-96.702837,48113008102,,1
TIGER MART 46,8702 S POLK ST,75232,grocery_food_mart,CO;TABC,32.643748,-96.839976,48113011104,,2
KWICK SAVEMART,7015 HOLLY HILL DR,75231,convenience_corner_store,CO,32.873559,-96.761387,48113007815,,1
RITA'S BEAUTY SALON,2307 MOUNTAIN LAKE RD Ste:110,75224,barbershop_beauty,CO,32.721482,-96.856025,48113006302,,1
GOODIES CAKERY,3111 MONTICELLO AVE Ste:B,75205,convenience_corner_store,CO,32.826978,-96.78565,48113000706,,1
CIRCLE PARK BRIDAL BOUTIQUE,6432 MAPLESHADE LN,,barbershop_beauty,CO,33.009135,-96.790596,,,1
VELORA FURNITURE INC,2984 W WHEATLAND RD Ste:A,75237,grocery_food_mart,CO,32.647456,-96.869413,48113016635,,1
THE ELLA BEAUTY STUDIO,2306 W CLARENDON DR,75208,barbershop_beauty,CO,32.734648,-96.85557,48113005200,,1
DIANA MARIA MEDSPA,400 N ST PAUL ST Ste:200,75201,barbershop_beauty,CO,32.784394,-96.798199,48113002100,,1
SARA'S SECRET,1417 N COCKRELL HILL RD Ste:103,75211,convenience_corner_store,CO,32.760151,-96.89348,48113010701,,1
STAFFORD CLEANERS,4136 ABRAMS RD,75214,barbershop_beauty,CO,32.835386,-96.752856,48113008000,,1
R & R SOLUTIONS,4234 S WESTMORELAND RD,75233,convenience_corner_store,CO,32.691887,-96.880405,48113010807,,1
NANCY HAIR BRAIDING & WEAVING,4210 W CAMP WISDOM RD Ste:150,75237,barbershop_beauty,CO,32.66189,-96.88849,48113010904,,1
DBA CIRCUS NORTH C STORE,9203 SKILLMAN ST Ste:106,75243,convenience_corner_store,CO,32.9029,-96.71625,48113018506,,1
MADDOX RESALE THRIFT STORE,8131 MADDOX AVE,75217,convenience_corner_store,CO,32.732752,-96.681449,48113009202,,1
MATTISON AVENUE SALON SUITES & SPA,9069 GARLAND RD,,barbershop_beauty,CO,39.934882,-84.371142,,,1
SUPERIOR CUTZ II,8686 FERGUSON RD Ste:200,75228,barbershop_beauty,CO,32.812751,-96.698799,48113012210,,1
THE WEED SPOT,2819 COMMERCE ST Ste:100,75226,convenience_corner_store,CO,32.783372,-96.782294,48113020401,,1
STRETCH LAB,5319 E MOCKINGBIRD LN Ste:125,75206,barbershop_beauty,CO,32.836644,-96.776592,48113007914,,1
K MARKET,6911 FRANKFORD RD Ste:600,,convenience_corner_store,CO,32.997838,-96.784125,,,1
SPORTSBOOK,11250 N CENTRAL EXPY Ste:105,75243,other_storefront,CO,32.901634,-96.768628,48113007823,,1
BIG MART,910 S CORINTH ST RD,75203,convenience_corner_store,CO,32.738562,-96.798599,48113021100,,1
CLEAR SMILES,6336 GREENVILLE AVE Ste:B,75206,convenience_corner_store,CO,32.862375,-96.767396,48113007912,,1
MAB WIRELESS SMOKE HOUSE,5425 N JIM MILLER RD,75227,convenience_corner_store,CO,32.790098,-96.700118,48113012207,,1
DBA AMERICAN SHAMAN LOWER GREENVILLE,3611 GREENVILLE AVE,75206,convenience_corner_store,CO,32.831354,-96.770141,48113000202,,1
SAPPHIRE BAY MARINA,195 E LAUNCH CIR,75043,grocery_food_mart,CO,32.875931,-96.515633,,,1
SKECHERS OUTLET,2909 FOREST LN Ste:300,75234,grocery_food_mart,CO,32.909487,-96.880157,48113009611,,1
JERRY'S ARTARAMA,12817 PRESTON RD Ste:128,75230,grocery_food_mart,CO,32.923459,-96.80363,48113009604,,1
MEDICAL CITY DALLAS HOSPITAL,11990 N CENTRAL EXPY,75243,other_storefront,CO,32.913663,-96.767622,48113007829,,1
FOUR LOCO SMOKE AND VAPE,2902 S BUCKNER BLVD Ste:285,75227,convenience_corner_store,CO,32.761201,-96.682692,48113009001,,1
SPEED QUEEN,2520 GUS THOMASSON RD,75228,laundromat,CO,32.834753,-96.673571,48113012702,,1
LUCKY MOUTH GROCERY,196 W DAVIS ST Ste:120,75208,convenience_corner_store,CO,32.749436,-96.824694,48113004201,,1
RANDOM TREASURES,1801 S EWING AVE,75216,convenience_corner_store,CO,32.726062,-96.810818,48113005400,,1
ALPHAGRAPHICS,2201 MAIN ST Ste:101,75201,convenience_corner_store,CO,32.782504,-96.790449,48113003103,,1
T-SHIRT INK PRINT LLC,4950 W ILLINOIS AVE Ste:111,75211,convenience_corner_store,CO,32.72039,-96.907698,48113010808,,1
THE NAIL SPA,4020 CEDAR SPRINGS RD,75219,barbershop_beauty,CO,32.811464,-96.811787,48113000501,,1
DURO PROVISIONS GREENVILLE,2804 GREENVILLE AVE,75206,convenience_corner_store,CO,32.823162,-96.770153,48113000202,,1
LA CALLE TAQUERIA,4711 MAPLE AVE Ste:150,75219,other_storefront,CO,32.813845,-96.825465,48113000401,,1
HIBBETT SPORTS,2203 GUS THOMASSON RD,75228,grocery_food_mart,CO,32.834874,-96.675154,48113012702,,1
JERRYS MARKET,3301 BERNAL DR,75212,grocery_food_mart,CO;TABC,32.7868,-96.874027,48113010500,,2
DALLAS FADES BARBERSHOP,124 N PEAK ST,75226,barbershop_beauty,CO,32.790558,-96.769709,48113001502,,1
I DESIGN NAIL BAR,11810 PRESTON RD Ste:120,75230,barbershop_beauty,CO,32.910086,-96.803852,48113013201,,1
MK VAPE WHOLESALE,11633 HARRY HINES BLVD Ste:104,75229,grocery_food_mart,CO,32.904886,-96.894291,48113009900,,1
JUNGLE DALLAS,200 N BISHOP AVE Ste:106,75208,barbershop_beauty,CO,32.746729,-96.828304,48113004700,,1
214 STUDIO DE BELLEZA,3110 W ILLINOIS AVE,75211,barbershop_beauty,CO,32.720245,-96.872392,48113006502,,1
FADED IMAGE,2841 W DAVIS ST,75211,barbershop_beauty,CO,32.749529,-96.868223,48113004500,,1
360 SMOKE SHOP,12700 MIDWAY RD Ste:101,75244,convenience_corner_store,CO,32.922349,-96.838089,48113009603,,1
FOODMOJI INTERNATIONAL MARKET LLC,19009 PRESTON RD Ste:208,,convenience_corner_store,CO,41.425322,-81.546092,,,1
METRO BY T-MOBILE,9585 SCYENE RD Ste:H,75227,convenience_corner_store,CO,32.763244,-96.657576,48113012102,,1
CLUTCH VINTAGE STREETWEAR SNEAKERS,4540 ROSS AVE Ste:150,75204,convenience_corner_store,CO,32.803724,-96.779167,48113001503,,1
TIP TOP CLEANERS,10720 PRESTON RD Ste:1012,75230,barbershop_beauty,CO,32.894438,-96.803853,48113007605,,1
XCLUSIVE 2WISE STUDIOS,2707 MARTIN LUTHER KING JR BLVD Ste:100,75215,barbershop_beauty,CO,32.76826,-96.76939,48113020300,,1
D JACKSON BBQ & CATERING,3627 BONNIE VIEW RD Ste:F,75216,convenience_corner_store,CO,32.714165,-96.775785,48113008802,,1
DAVID'S SPACE,411 W 8TH ST,75208,convenience_corner_store,CO,32.748067,-96.828832,48113004700,,1
HIGHLAND HILLS COMMUNITY,3530 SIMPSON STUART RD,75241,laundromat,CO,32.672963,-96.762264,48113020200,,1
CUTS,18121 MARSH LN Ste:7,,barbershop_beauty,CO,32.995861,-96.855557,,,1
DBA ORALIA'S POT'S,8320 LAKE JUNE RD,75217,convenience_corner_store,CO,32.734166,-96.677519,48113009202,,1
WHIP IN,2910 RUDER ST,75212,grocery_food_mart,CO;TABC,32.778217,-96.918664,48113010602,,2
MI SAZON OAXACA,2324 W CLARENDON DR Ste:100,75208,convenience_corner_store,CO,32.734726,-96.856405,48113005300,,1
ANDRA'S PARTY SUPPLIES,7110 MILITARY PKWY,75227,convenience_corner_store,CO,32.771923,-96.697063,48113008500,,1
FLATT'S SHELL STATION,12969 PRESTON RD,75230,gas_station,CO,32.924803,-96.803627,48113009604,True,1
DBA:  JESSI'Z X'Z,3917 W CAMP WISDOM RD Ste:104,75237,convenience_corner_store,CO,32.662056,-96.883413,48113010903,,1
JENCEY KEETON,10025 GARLAND RD Ste:H,75218,barbershop_beauty,CO,32.839195,-96.695597,48113008200,,1
LG'S CIGAR LOUNGE,4727 FRANKFORD RD Ste:327,75248,other_storefront,CO,32.998798,-96.825357,,,1
CBD LIFE & KAZATOM,5626 MAPLE AVE Ste:150,75235,convenience_corner_store,CO,32.820623,-96.835624,48113000401,,1
CBD KING,2821 LIVE OAK ST,75204,convenience_corner_store,CO,32.789927,-96.787777,48113002200,,1
DAVIS FOOD MART,4919 W DAVIS ST Ste:150,75211,convenience_corner_store,CO;TABC,32.74964,-96.908454,48113010701,,2
ARI-A,212 S MADISON AVE,75208,barbershop_beauty,CO,32.743658,-96.82648,48113004700,,1
BLO BLOW DRY BAR,5915 FOREST LN Ste:310,75230,barbershop_beauty,CO,32.909576,-96.806095,48113009604,,1
WEEKLY FLORAL,306 S BECKLEY AVE,75203,convenience_corner_store,CO,32.743145,-96.822835,48113004800,,1
DBA AMERICAN MANICURE SCHOOL OF ART,208 S MADISON AVE,75208,barbershop_beauty,CO,32.743756,-96.826482,48113004700,,1
BODY AT WORK NUTRITION,4904 COLUMBIA AVE,75214,convenience_corner_store,CO,32.795302,-96.763323,48113002400,,1
DBA MI AMOR NAILS,17721 DALLAS PKWY Ste:122,,barbershop_beauty,CO,32.991055,-96.829667,,,1
MINI SALON,9334 E R L THORNTON FWY,75228,barbershop_beauty,CO,32.797067,-96.684736,48113012207,,1
REAL HAIR BEAUTY BAR,3729 W CAMP WISDOM RD,75237,barbershop_beauty,CO,32.662091,-96.879736,48113010904,,1
TOBACCO AND MORE,10818 DENNIS RD Ste:103A,75229,convenience_corner_store,CO,32.895846,-96.881391,48113009611,,1
ELEVATE SPORTS RECOVERY,3521 OAK LAWN AVE,75219,barbershop_beauty,CO,32.812307,-96.805214,48113000606,,1
TACOS CHILLO ESTILO CHILANGO,7726 FERGUSON RD,75228,convenience_corner_store,CO,32.799965,-96.716055,48113012212,,1
ROYAL NAIL SPA,5930 ROYAL LN Ste:F,75230,barbershop_beauty,CO,32.894764,-96.804682,48113007605,,1
24 FLEX NUTRITION,8224 LAKE JUNE RD Ste:B,75217,barbershop_beauty,CO,32.73416,-96.679883,48113009202,,1
ALLURING SCENTS,1615 SINGLETON BLVD,75212,convenience_corner_store,CO,32.778529,-96.845732,48113010101,,1
NABLUND RETAIL LLC,1915 GREENVILLE AVE,75206,convenience_corner_store,CO,32.813979,-96.770197,48113001101,,1
PELUKAS BARBERSHOP,519 S BUCKNER BLVD,75217,barbershop_beauty,CO,32.720469,-96.683039,48113009301,,1
JACOB &N JOHN,2817 LIVE OAK ST,75204,convenience_corner_store,CO,32.789927,-96.787777,48113002200,,1
ROOM 420,3405 S LANCASTER RD,75216,convenience_corner_store,CO,32.706321,-96.800725,48113005700,,1
HILITE HAIR SALON,10256 E NORTHWEST HWY,75218,barbershop_beauty,CO,32.864086,-96.709687,48113012900,,1
FRUTERIA Y REFRESQURIA BARIADITOS LLC,735 N WESTMORELAND RD Ste:X102,75211,convenience_corner_store,CO,32.749864,-96.874178,48113006800,,1
NOVEL TURTLE CREEK APARTMENTS,4251 IRVING AVE,75219,convenience_corner_store,CO,32.816214,-96.803495,48113000606,,1
SAMATONE YOGA,15203 KNOLL TRAIL DR Ste:112,75248,barbershop_beauty,CO,32.960989,-96.818858,48113013620,,1
DALLAS SOCIAL CLUB,2512 CEDAR SPRINGS RD,75201,other_storefront,CO,32.798096,-96.805422,48113001802,,1
MURPHY EXPRESS,11939 PLANO RD,75243,convenience_corner_store,CO,32.910026,-96.700548,48113019019,,1
PROJECT POLLO,6855 GREENVILLE AVE,75231,convenience_corner_store,CO,32.870812,-96.765835,48113007822,,1
LA FAMILIA,17602 KELLY BLVD Ste:110,,grocery_food_mart,CO,32.990233,-96.867143,,,1
CREMOLATTI ICE CREAM,2730 SAMUELL BLVD Ste:110,75223,convenience_corner_store,CO,32.792969,-96.746814,48113001202,,1
LAREDO TACO RESTAURANT,13635 PRESTON RD Ste:110,75240,grocery_food_mart,CO,32.933685,-96.803794,48113013615,,1
FEDERALES DEEP ELLUM,2820 COMMERCE ST,75226,other_storefront,CO,32.783394,-96.782179,48113020401,,1
ANTHROPOLOGIE,4600 MCKINNEY AVE,75205,grocery_food_mart,CO,32.822993,-96.787373,48113000706,,1
AMERICA70S,2802 GREENVILLE AVE,75206,convenience_corner_store,CO,32.823053,-96.770156,48113001001,,1
MOONTAXI,2814 MAIN ST Ste:101,75226,convenience_corner_store,CO,32.784036,-96.782796,48113020401,,1
NEXT LEVEL DALLAS,11528 HARRY HINES BLVD Ste:A107,75229,other_storefront,CO,32.90079,-96.892817,48113009900,,1
FRIDA SOCIAL CLUB,3403 MCKINNEY AVE,75204,other_storefront,CO,32.805184,-96.798803,48113001801,,1
BOWLGAMES,139 TURTLE CREEK BLVD Ste:120,75207,other_storefront,CO,32.792599,-96.827564,48113010003,,1
USA DONUTS CROIASSANT,3001 N BUCKNER BLVD,75228,convenience_corner_store,CO,32.808912,-96.683683,48113012210,,1
ELLIS HILL,5029 W LOVERS LN,75209,convenience_corner_store,CO,32.851224,-96.824063,48113007302,,1
GREENWAY C-STORE SMOKE & TOBACCO,4825 ROSS AVE,75204,convenience_corner_store,CO,32.806042,-96.776381,48113001503,,1
SUGARINGNYC,6411 E NORTHWEST HWY Ste:150,75231,barbershop_beauty,CO,32.857219,-96.750282,48113007809,,1
CASTILLO'S PRODUCE INC,2011 S CESAR CHAVEZ BLVD,75215,convenience_corner_store,CO,32.772537,-96.782467,48113020402,,1
NORTH TEXAS PERFORMING ARTS,12300 INWOOD RD Ste:112,75244,barbershop_beauty,CO,32.916037,-96.818338,48113009603,,1
EPIC,1011 S WALTON WALKER BLVD,75211,other_storefront,CO,32.735219,-96.920384,48113021200,,1
DBA 3D WIGS & BRAIDS,8250 ABRAMS RD,75231,barbershop_beauty,CO,32.892337,-96.741092,48113007825,,1
BAGS AFRICAN AND CARIBBEAN FOOD MARKET,4636 MAPLE AVE Ste:100,75219,convenience_corner_store,CO,32.813503,-96.825054,48113000401,,1
WIZARDS CBD AND WELLNESS,3410 OAK LAWN AVE,75219,convenience_corner_store,CO,32.811433,-96.806142,48113000605,,1
OAK CLIFF SMOKE SHOP,410 W DAVIS ST,75208,convenience_corner_store,CO,32.749458,-96.828778,48113004201,,1
LITTLE CAESARS PIZZA,13323 MONTFORT DR,75240,convenience_corner_store,CO,32.930193,-96.81133,48113013615,,1
DEALS TO GO,3921 S BUCKNER BLVD,75227,grocery_food_mart,CO,32.771925,-96.682786,48113008500,,1
JOY DONUTS #1,8188 SPRING VALLEY RD Ste:110,75240,convenience_corner_store,CO,32.939821,-96.764355,48113019208,,1
THE CREATIVE JUICES GROUP LLC,3641 HOLMES ST,75215,barbershop_beauty,CO,32.755726,-96.772422,48113020900,,1
PRESSED BY PERLA LLC,443 W DAVIS ST,75208,convenience_corner_store,CO,32.749464,-96.829757,48113004201,,1
THE VIEWING ROOM,5210 W LOVERS LN,75209,barbershop_beauty,CO,32.851162,-96.822163,48113007102,,1
CITY OF HOPE PROJECT,2652 CEDAR CREST BLVD Ste:110,75203,barbershop_beauty,CO,32.737972,-96.789923,48113005500,,1
DBA 3 ESTRELLAS SALON BARBER,8282 SPRING VALLEY RD Ste:260,75240,barbershop_beauty,CO,32.939827,-96.76206,48113019208,,1
TEXAS' MINI MART,7517 MILITARY PKWY,75227,convenience_corner_store,CO;TABC,32.7715,-96.692587,48113008500,,2
"MURPHY OIL USA,INC",6021 CAMPBELL RD,75248,convenience_corner_store,CO,32.983445,-96.803753,48113013617,,1
RADIANT WAXING,4343 W NORTHWEST HWY Ste:347,75220,barbershop_beauty,CO,32.863914,-96.836051,48113020600,,1
QUIK MART #4,2809 S LANCASTER RD,75216,grocery_food_mart,CO,32.712817,-96.804586,48113005700,,1
ELECTRIC AVENUE,2370 VICTORY AVE Ste:175,75219,convenience_corner_store,CO,32.786803,-96.81032,48113001902,,1
TERROIR - A PLACE FOR WINE,9225 GARLAND RD Ste:2120,75218,convenience_corner_store,CO,32.831087,-96.705769,48113008101,,1
AVIVELIFE,5601 W LOVERS LN Ste:120,75209,other_storefront,CO,32.851178,-96.817264,48113007301,,1
Speak Easy Wine and Spirits ,211 N ERVAY ST Ste:1423,75201,convenience_corner_store,CO;TABC,32.782205,-96.797461,48113003103,,2
RINGS DONUTS,6053 SHERRY LN,75225,convenience_corner_store,CO,32.862156,-96.807494,48113007301,,1
SKINMED STUDIO,3500 OAK LAWN AVE Ste:230,75219,barbershop_beauty,CO,32.812128,-96.805287,48113000606,,1
THE SPOT DTX,4316 ELM ST,75226,other_storefront,CO,32.791301,-96.769288,48113001502,,1
LATINO SMOKE SHOP,2226 GUS THOMASSON RD,75228,convenience_corner_store,CO,32.834757,-96.676983,48113012400,,1
"TYLER PHOENIX LLC, DBA BULLZERK",332 W DAVIS ST,75208,convenience_corner_store,CO,32.749458,-96.82798,48113004201,,1
BOARDROOM SALON FOR MEN,6441 E MOCKINGBIRD LN Ste:100,,barbershop_beauty,CO,31.393674,-100.503833,,,1
GLITTER BEAUTY SALON,505 N GILPIN AVE,75211,barbershop_beauty,CO,32.749312,-96.880615,48113006702,,1
ANOTHER ROUND,660 FORT WORTH AVE Ste:120,75208,other_storefront,CO,32.77095,-96.834554,48113004300,,1
EL PEDRINO VIVE,10835 FERGUSON RD Ste:120,75228,convenience_corner_store,CO,32.843264,-96.663824,48113012601,,1
VEGA BOUTIQUE LLC,2302 MOUNTAIN LAKE RD,75224,convenience_corner_store,CO,32.721482,-96.855855,48113006302,,1
LINDAS LIQUOR BEER WINE,9740 WEBB CHAPEL RD,75220,convenience_corner_store,CO;TABC,32.869129,-96.864636,48113009802,,2
SEVEN MART FOOD STORE,501 W DAVIS ST,75208,convenience_corner_store,CO;TABC,32.749472,-96.830604,48113004201,,2
REGAL ROW CHEVRON,1607 REGAL ROW,75247,convenience_corner_store,CO;TABC,32.835991,-96.873797,48113010001,,2
EVERYDAY WORKS,516 S HAMPTON RD Ste:180,75208,convenience_corner_store,CO,32.740583,-96.856717,48113005200,,1
NUEVA FRUTERIA Y MAS,7909 LAKE JUNE RD,75217,convenience_corner_store,CO,32.73444,-96.686671,48113009105,,1
CIRCLE K #131,1310 S BUCKNER BLVD,75217,gas_station,CO,32.734591,-96.682838,48113009105,True,1
CIRCLE K,19109 PRESTON RD,,grocery_food_mart,CO,33.007809,-96.795575,,,1
TREASURE CHEST WIGS & BEAUTY SUPPLY,1001 KINGS HWY Ste:B,75208,convenience_corner_store,CO,32.749541,-96.838425,48113004202,,1
"VARIOUS SMALL FIRES, LLC",1511 COMMERCE ST Ste:100,75201,convenience_corner_store,CO,32.780103,-96.798249,48113003103,,1
RITUAL HAIR CO,3111 CANTON ST Ste:120,75226,barbershop_beauty,CO,32.783338,-96.777769,48113020401,,1
BELLO AMANECER,5409 N JIM MILLER RD Ste:217,75227,barbershop_beauty,CO,32.790686,-96.700108,48113012207,,1
ALICE IN IVORY,250 N BISHOP AVE Ste:200,75208,convenience_corner_store,CO,32.747003,-96.828305,48113004700,,1
KIEST BLVD TATTOO,309 W KIEST BLVD Ste:A,75224,barbershop_beauty,CO,32.705369,-96.828536,48113006002,,1
MK FOOD MART,8000 GREAT TRINITY FOREST WAY,75217,convenience_corner_store,CO,32.712392,-96.684704,48113009304,,1
LADALES CATERING LLC,1718 S EWING AVE,75216,convenience_corner_store,CO,32.726745,-96.811078,48113005400,,1
MJ'S CHICKEN & RICE,6751 ABRAMS RD Ste:120,75231,convenience_corner_store,CO,32.867091,-96.743023,48113007833,,1
HAWAII FLUID ART,13710 DALLAS PKWY Ste:I,75240,convenience_corner_store,CO,32.934553,-96.821633,48113013626,,1
LINDA'S BEAUTIQUE,112 W LAURELAND RD,75232,convenience_corner_store,CO,32.674707,-96.823857,48113011103,,1
VAPE ZONE,8770 S POLK ST Ste:105,75232,grocery_food_mart,CO,32.641538,-96.839988,48113016634,,1
ASCENSION SALON SUITES,9850 WALNUT HILL LN Ste:227,75238,barbershop_beauty,CO,32.878856,-96.716612,48113013012,,1
STAR-OUT SOUL FOOD & MORE,2233 N PRAIRIE CREEK RD Ste:L8,75227,convenience_corner_store,CO,32.750184,-96.665325,48113009002,,1
ODAA  BEAUTY SUPPLY LLC,5555 PRESTON OAKS RD Ste:1B,75254,convenience_corner_store,CO,32.943107,-96.81361,48113013629,,1
OMAMORI TATTOO LLC,18918 MIDWAY RD Ste:120,,barbershop_beauty,CO,33.009272,-96.843564,,,1
SMOKE HEAVEN,13311 MONTFORT DR,75240,convenience_corner_store,CO,32.929758,-96.811343,48113013615,,1
JENNY BEAUTY SUPPLY,3632 FRANKFORD RD Ste:200A,,other_storefront,CO,32.996918,-96.854111,,,1
PEAKS DALLAS,1231 WYCLIFF AVE Ste:100,75207,other_storefront,CO,32.797303,-96.833663,48113010003,,1
DONATOS FOOD MART LLC,200 N CORINTH ST RD,75203,convenience_corner_store,CO,32.749354,-96.798943,48113021000,,1
SHADES OF ELEGANCE LADIES' LOUNGE LLC,18800 PRESTON RD Ste:312,,barbershop_beauty,CO,33.006175,-96.795411,,,1
CONTOUR ELITE WELLNESS SPA,6220 CAMPBELL RD Ste:404,75248,barbershop_beauty,CO,32.9808,-96.800094,48113013617,,1
LA MODERNA MEXICAN MARKET,1510 MORRIS ST,75212,convenience_corner_store,CO,32.783269,-96.844233,48113010101,,1
LA BODEGA,208 W 8TH ST,75208,convenience_corner_store,CO,32.748051,-96.824811,48113004700,,1
ISEKAI TATTOO,12410 JUPITER RD,75218,barbershop_beauty,CO,32.863131,-96.683068,48113012801,,1
ILLINOIS FOOD MART,4404 W ILLINOIS AVE,75211,gas_station,CO;TABC,32.720295,-96.891863,48113010809,True,2
21 THERAPY,11113 HARRY HINES BLVD Ste:B,75229,barbershop_beauty,CO,32.8872,-96.888083,48113009900,,1
DOLL STATION - DOLLS R US,823 EXPOSITION AVE,75226,convenience_corner_store,CO,32.782478,-96.76758,48113020300,,1
BODY 2.0 BEAUTY BAR,1904 GREENVILLE AVE,75206,barbershop_beauty,CO,32.813028,-96.770204,48113001002,,1
AMIE'S AFRICAN KITCHEN,4515 VILLAGE FAIR DR Ste:E4,75224,convenience_corner_store,CO,32.690848,-96.829549,48113006002,,1
MEXICO SHOP,7902 LAKE JUNE RD,75217,convenience_corner_store,CO,32.734185,-96.68639,48113009301,,1
RALLY HOUSE,11661 PRESTON RD Ste:232,75230,grocery_food_mart,CO,32.908183,-96.804227,48113013400,,1
YELLOW STORE,6323 S R L THORNTON FWY,75232,liquor_store,CO;TABC,32.670509,-96.822935,48113011103,,2
HALL EVENT CENTER,2380 FLORA ST Ste:100,75201,other_storefront,CO,32.790069,-96.797365,48113001705,,1
SANDBOX VR STORES LLC,5321 E MOCKINGBIRD LN Ste:110,75206,other_storefront,CO,32.836642,-96.776209,48113000300,,1
RESTORE HYPER WELLNESS,2970 CITYPLACE WEST BLVD Ste:170,75204,barbershop_beauty,CO,32.807028,-96.795728,48113000704,,1
CHIJMES WELLNESS,975 N ZANG BLVD Ste:B100,75208,barbershop_beauty,CO,32.754353,-96.824129,48113004201,,1
PRECIOUS GIFSS & FLOWERS,7777 FOREST LN,75251,convenience_corner_store,CO,32.909572,-96.772773,48113013202,,1
PLANT STYLE,10216 E NORTHWEST HWY,75218,grocery_food_mart,CO,32.864084,-96.70986,48113012900,,1
THE ZONE,2716 ROMINE AVE,75215,other_storefront,CO,32.762028,-96.761385,48113003700,,1
PEACOCK  ALLEY OUTLER,1333 INWOOD RD Ste:110,75247,convenience_corner_store,CO,32.805159,-96.852861,48113010003,,1
BURGERS Y MAS,612 SCHOOLDELL DR,75211,convenience_corner_store,CO,32.739837,-96.873889,48113004500,,1
BARRI MULTI-SERVICES,1506 S BUCKNER BLVD Ste:A,75217,convenience_corner_store,CO,32.738052,-96.682836,48113009105,,1
XCLUSIVE WINE & SPIRITS,3220 SAMUELL BLVD,75223,liquor_store,CO,32.792942,-96.739562,48113001202,,1
CAPELLI SALON,11909 PRESTON RD Ste:1415,75230,barbershop_beauty,CO,32.911187,-96.80391,48113009604,,1
SHAQ SHELL STATION,14040 COIT RD,75240,convenience_corner_store,CO;TABC,32.939508,-96.768834,48113019208,,2
NO KINGS COLLECTIVE LLC,10918 GARLAND RD Ste:101,75218,barbershop_beauty,CO,32.845738,-96.687381,48113012802,,1
PETAL PARTY & CO.,1212 OAK LAWN AVE Ste:111,75207,grocery_food_mart,CO,32.7928,-96.822801,48113010003,,1
SKIBELL FINE JEWELERS,8411 PRESTON RD Ste:110,75225,convenience_corner_store,CO,32.864868,-96.804173,48113019501,,1
SILVER NICKEL DISTILLERY LLC,8202 CHANCELLOR ROW,75247,other_storefront,CO,32.815467,-96.882089,48113010003,,1
AGORA TILE STUDIO,1632 IRVING BLVD,75207,convenience_corner_store,CO,32.791901,-96.822132,48113010003,,1
NOVIAS Y QUINCEANERAS OCAMPO #2,716 W JEFFERSON BLVD,75208,convenience_corner_store,CO,32.743126,-96.834788,48113005000,,1
THE DOLLY LLAMA,2817 HOWELL ST Ste:210,75204,convenience_corner_store,CO,32.799937,-96.8014,48113001801,,1
BEST BUY BEVERAGE,5011 MILITARY PKWY Ste:B,,liquor_store,CO,32.783712,-96.730253,48113002500,,1
URBAN DOGG LLC,2402 N HASKELL AVE,75204,barbershop_beauty,CO,32.803978,-96.788517,48113000801,,1
SHOE PALACE,1401 S BUCKNER BLVD Ste:101,,convenience_corner_store,CO,32.736275,-96.682977,48113009105,,1
ZURI NAIL BAR,3767 FOREST LN Ste:112,75244,barbershop_beauty,CO,32.909617,-96.852769,48113009609,,1
SELAM BEAUTY SALON,10190 FOREST LN Ste:110,75243,barbershop_beauty,CO,32.90901,-96.709967,48113018505,,1
KITCHEN UNITED INC.,5665 E MOCKINGBIRD LN,75206,grocery_food_mart,CO,32.836611,-96.770462,48113000300,,1
CONE CREAMERY,920 S HARWOOD ST Ste:121,75201,convenience_corner_store,CO,32.777367,-96.790682,48113020402,,1
YOGA FACTORY TEXAS,17194 PRESTON RD Ste:215,75248,barbershop_beauty,CO,32.983631,-96.802791,48113013617,,1
5 STAR BEAUTY SUPPLY,9147 SKILLMAN ST Ste:200,75243,grocery_food_mart,CO,32.902178,-96.717065,48113018506,,1
THE MOVEMENT STANDARD,4331 BELMONT AVE,75204,barbershop_beauty,CO,32.808555,-96.788698,48113000802,,1
SPIRIT HALLOWEEN,9384 N CENTRAL EXPY,75231,grocery_food_mart,CO,32.875808,-96.769758,48113007822,,1
CORNER SAVE,5305 S CENTRAL EXPY,75215,convenience_corner_store,CO,32.745352,-96.758382,48113020900,,1
5600 NAILS & SPA,5600 E MOCKINGBIRD LN,75206,barbershop_beauty,CO,32.836495,-96.772081,48113000300,,1
SODA AND SNACK,4020 W CAMP WISDOM RD,75237,convenience_corner_store,CO,32.661914,-96.885345,48113010904,,1
BROWS BY KEEKS STUDIO,419 N TYLER ST,75208,barbershop_beauty,CO,32.74827,-96.837591,48113004600,,1
F45 TRAINING,6959 ARAPAHO RD Ste:121,75248,barbershop_beauty,CO,32.962171,-96.789807,48113013606,,1
GRAM'S DONUTS,2555 INWOOD RD Ste:137,75235,convenience_corner_store,CO,32.822178,-96.835534,48113000409,,1
LUCKY STAR WHOLESALE,2529 ROYAL LN Ste:200,75229,convenience_corner_store,CO,32.896085,-96.893977,48113009900,,1
O'REILLY AUTO,2525 W LEDBETTER DR,75233,grocery_food_mart,CO,32.691296,-96.860689,48113010806,,1
LAY'S NAIL & SPA,4865 SUNNYVALE ST Ste:B,75216,barbershop_beauty,CO,32.695594,-96.772897,48113008704,,1
ASIAN STREET FOOD,2315 BURLINGTON BLVD,75208,convenience_corner_store,CO,32.737161,-96.856144,48113005200,,1
BETTER BLOCK FOUNDATION,1723 S EWING AVE,75216,convenience_corner_store,CO,32.726633,-96.810999,48113005400,,1
CVS/PHARMACY #11065,9215 MIDWAY RD,75220,grocery_food_mart,CO;TABC,32.864686,-96.836867,48113009402,,2
PET SUPPLIES,6464 E NORTHWEST HWY Ste:170,75214,grocery_food_mart,CO,32.857887,-96.751748,48113007903,,1
NEIGHBOR KITCHEN,4705 YANCY ST,75216,convenience_corner_store,CO,32.71285,-96.743896,48113020200,,1
TRINITY GROVE SUITES,4125 N WESTMORELAND RD,75212,convenience_corner_store,CO,32.79208,-96.87382,48113010500,,1
GG,10825 FERGUSON RD Ste:120,75228,convenience_corner_store,CO,32.843209,-96.663888,48113012601,,1
MY SALON SUITE,2900 CANTON ST Ste:115,75226,barbershop_beauty,CO,32.782534,-96.781439,48113020401,,1
KWIK MART #5,6343 LAKE JUNE RD Ste:120,75217,convenience_corner_store,CO,32.73439,-96.711101,48113009303,,1
TU TIENDA DE VARIEDADES HISPANA LLC,9648 PLANO RD,75238,convenience_corner_store,CO,32.878324,-96.700321,48113013007,,1
MY T QUICK,4330 GANNON LN Ste:A,75237,convenience_corner_store,CO;TABC,32.65666,-96.890901,48113016607,,2
SPIRIT HALLOWEEN,6333 E MOCKINGBIRD LN Ste:141,75214,convenience_corner_store,CO,32.836528,-96.753935,48113000201,,1
AT&T,3434 W ILLINOIS AVE Ste:204,75211,convenience_corner_store,CO,32.720256,-96.87734,48113006502,,1
REVEL WORKSHOPS,1380 RIVER BEND DR Ste:118,75247,barbershop_beauty,CO,32.817629,-96.860831,48113010001,,1
RAINBOW BILLIARDS,3211 W NORTHWEST HWY Ste:200,75220,other_storefront,CO,32.855415,-96.866075,48113000410,,1
MENTIIRAS PRODUCTIONS,418 N TYLER ST Ste:A,75208,convenience_corner_store,CO,32.74827,-96.837591,48113004600,,1
"EXCLUSIVE WEAVING, LLC",17610 MIDWAY RD Ste:120,,barbershop_beauty,CO,32.987772,-96.842075,,,1
CAROUSEL NAILS,6011 BERKSHIRE LN,75225,barbershop_beauty,CO,32.864887,-96.808128,48113007301,,1
FLEET FLEET,11811 PRESTON RD Ste:120,75238,convenience_corner_store,CO,32.91044,-96.803996,48113009604,,1
TRAINING MATE,3858 OAK LAWN AVE Ste:430,75219,barbershop_beauty,CO,32.816083,-96.802313,48113000606,,1
TERRANCE M JOHNSON DANCE PROJECT,2412 W KIEST BLVD Ste:B,75233,barbershop_beauty,CO,32.705647,-96.857955,48113010806,,1
PARAGON CLEANERS,5365 SPRING VALLEY RD Ste:134,75254,laundromat,CO,32.939557,-96.81471,48113013624,,1
JAMAICA CABANA,5225 UNIVERSITY HILLS BLVD,75241,convenience_corner_store,CO,32.681301,-96.805484,48113011300,,1
WESTMORELAND CLEANERS,4123 N WESTMORELAND RD,75212,barbershop_beauty,CO,32.792061,-96.873821,48113010500,,1
GROVE STOP MINI MART LLC,2338 S BUCKNER BLVD,75227,convenience_corner_store,CO,32.752986,-96.6828,48113009101,,1
SLOANE'S ANNEX,1800 N FIELD ST Ste:100,75202,convenience_corner_store,CO,32.785133,-96.803592,48113002100,,1
DING DING,3516 ROSS AVE,75204,barbershop_beauty,CO,32.796664,-96.787564,48113001602,,1
LINK PHARMACY,18484 PRESTON RD Ste:300,,grocery_food_mart,CO,33.002355,-96.795881,,,1
EL KILOKO,9794 FOREST LN,75243,convenience_corner_store,CO,32.909406,-96.718046,48113018507,,1
LATINAS NAIL SALON,714 W JEFFERSON BLVD Ste:110,75208,barbershop_beauty,CO,32.743126,-96.834628,48113005000,,1
HEAD 2 TOE SALON,10525 CHURCH RD Ste:101,75238,barbershop_beauty,CO,32.886045,-96.703744,48113013009,,1
SMOKE STUDIO,11834 HARRY HINES BLVD Ste:123,75234,convenience_corner_store,CO,32.909827,-96.895654,48113014001,,1
626 MARKET,626 W DAVIS ST,75208,convenience_corner_store,CO,32.749466,-96.83235,48113004201,,1
DULCE'S VIDEO & PHOTO PRODUCTIONS,420 N TYLER ST,75208,barbershop_beauty,CO,32.748288,-96.837591,48113004600,,1
PUBLIC MARKET BAR OPS MF14 LLC,1011 S HARWOOD ST Ste:100,75201,convenience_corner_store,CO,32.776894,-96.790122,48113020402,,1
"SWET BAR, DESSERT, & BITE",2650 ELM ST,75226,other_storefront,CO,32.784454,-96.784592,48113020401,,1
COOKIE CUTTERS,6760 ABRAMS RD Ste:109,75231,barbershop_beauty,CO,32.867394,-96.74276,48113007821,,1
AUTOZONE,4010 W CAMP WISDOM RD Ste:150,75237,grocery_food_mart,CO,32.661923,-96.884687,48113010904,,1
PINE THERAPY,11441 N STEMMONS FWY Ste:125,75229,barbershop_beauty,CO,32.898919,-96.898515,48113009900,,1
MARYS TWISTED KITCHEN,1223 E RED BIRD LN,75241,convenience_corner_store,CO,32.674973,-96.805119,48113011300,,1
TU MODA,1150 W KIEST BLVD Ste:360,75224,other_storefront,CO,32.705753,-96.842061,48113006100,,1
SOCIAL KITCHENS,1700 PACIFIC AVE Ste:C112,75201,convenience_corner_store,CO,32.782268,-96.796756,48113003103,,1
EL JEFE CIGARS CO LLC,115 N CARROLL AVE,75226,other_storefront,CO,32.791778,-96.767792,48113001502,,1
HOLA CAFE DALLAS LLC,1845 WOODALL RODGERS FWY,75201,convenience_corner_store,CO,32.788386,-96.803455,48113001705,,1
MELROSE NAIL BAR,2506 OAK LAWN AVE,75219,barbershop_beauty,CO,32.805002,-96.813345,48113000502,,1
ARIANA RESTAURANT,3607 GREENVILLE AVE Ste:A,75206,convenience_corner_store,CO,32.831299,-96.770142,48113000202,,1
"KNIT DALLAS, LLC",6434 E MOCKINGBIRD LN Ste:105,75214,convenience_corner_store,CO,32.836395,-96.751589,48113008000,,1
"INCLUDE FITNESS, LLC",5454 LEMMON AVE,75209,barbershop_beauty,CO,32.827857,-96.823998,48113000610,,1
SMOKE & MIRRORS BARBER SHOP,3109 S COCKRELL HILL RD,75233,barbershop_beauty,CO,32.70686,-96.891524,48113010805,,1
VAPE LIFE,3012 INWOOD RD Ste:E,75235,convenience_corner_store,CO,32.825156,-96.831799,48113000409,,1
COMMUNITY LAUNDRY,7015 WOODWICK DR,75232,laundromat,CO,32.6629,-96.838275,48113011103,,1
"THE BUSINESS BOUTIQUE, LLC.",3721 S LANCASTER RD,75216,barbershop_beauty,CO,32.70342,-96.798747,48113005700,,1
MUSTANG CHEER LLC,9100 N CENTRAL EXPY Ste:220,75231,barbershop_beauty,CO,32.872977,-96.769835,48113007822,,1
NAIL SUPPLY GLAMOUR LLC,11722 MARSH LN Ste:304,75229,convenience_corner_store,CO,32.90863,-96.853828,48113009609,,1
VENEZUELAN TREATS LLC,17390 PRESTON RD Ste:240,,convenience_corner_store,CO,32.989797,-96.801786,,,1
PEARL'S,11047 ABLES LN,75229,barbershop_beauty,CO,32.884545,-96.894403,48113009900,,1
SUSIE CAKES,6441 E MOCKINGBIRD LN Ste:150,75214,convenience_corner_store,CO,32.83652,-96.751675,48113007902,,1
OLMO MARKET,2111 S EDGEFIELD AVE,75224,convenience_corner_store,CO,32.724871,-96.844614,48113006302,,1
73RD WINE AND SPIRITS,5100 LEMMON AVE,75209,liquor_store,CO,32.824344,-96.820002,48113000611,,1
THE LASH HIRE LLC,414 N TYLER ST,75208,barbershop_beauty,CO,32.748233,-96.837591,48113004600,,1
RACEWAY #6978,1930 W NORTHWEST HWY,75220,convenience_corner_store,CO;TABC,32.868515,-96.912341,48113009900,,2
A REFLEX FOOT SPA,9780 WALNUT ST Ste:148,75243,barbershop_beauty,CO,32.923267,-96.718843,48113019034,,1
ONE STOP FOOD & BEVARAGES,10560 NEW CHURCH RD,75238,convenience_corner_store,CO,32.885268,-96.702396,48113013009,,1
OVATION BOUTIQUES,5203 ALPHA RD Ste:100,75240,barbershop_beauty,CO,32.932957,-96.819165,48113013626,,1
JUSTIN WALKER,11029 SHADY TRL Ste:124,75229,barbershop_beauty,CO,32.882184,-96.890443,48113009900,,1
MAGIC BEAUTY,11407 EMERALD ST Ste:111,75229,barbershop_beauty,CO,32.896329,-96.899235,48113009900,,1
MK INTERNET CAFE,3322 SAMUELL BLVD,75223,convenience_corner_store,CO,32.792945,-96.737701,48113001202,,1
SPIRIT HALLOWEEN,16631 COIT RD Ste:120,75248,grocery_food_mart,CO,32.985344,-96.768268,48113019205,,1
,3219 KNOX ST Ste:130,75205,convenience_corner_store,CO,32.823542,-96.789833,48113000706,,1
SPIRIT HALLOWEEN,14902 PRESTON RD Ste:1200,75254,grocery_food_mart,CO,32.951326,-96.803474,48113013606,,1
CLIFF STOP,2418 W CLARENDON DR,75211,convenience_corner_store,CO;TABC,32.73492,-96.857674,48113005300,,2
TKR JIU JITSU,5706 E MOCKINGBIRD LN Ste:230,75206,barbershop_beauty,CO,32.836486,-96.769654,48113000202,,1
GLOSSAB,6025 ROYAL LN Ste:101,75230,barbershop_beauty,CO,32.894882,-96.802804,48113007604,,1
STRAIND IT HEMP LLC,3749 JULIUS SCHEPPS FWY,75215,other_storefront,CO,32.754889,-96.771876,48113020900,,1
LAKE HIGHLANDS DANCE ACADEMY,6300 SKILLMAN ST Ste:150,75231,barbershop_beauty,CO,32.863662,-96.746802,48113007809,,1
LEVEL DALLAS BAR AND LOUNGE,3005 ROUTH ST,75201,other_storefront,CO,32.799585,-96.805444,48113001802,,1
CLARKS BARBERSHOP,1908 GREENVILLE AVE,75206,barbershop_beauty,CO,32.813131,-96.770204,48113001002,,1
FREE PLAY ARCADE,3015 GULDEN LN Ste:100,75212,other_storefront,CO,32.779272,-96.827706,48113010102,,1
6060 DELI,6060 N CENTRAL EXPY Ste:168,75206,convenience_corner_store,CO,32.839829,-96.776199,48113007914,,1
SUGARING NYC,1917 GREENVILLE AVE Ste:120,75206,barbershop_beauty,CO,32.81405,-96.770197,48113001101,,1
PINCH A PENNY POOL PATIO & SPA,4727 FRANKFORD RD Ste:317,,convenience_corner_store,CO,32.998798,-96.825357,,,1
EXQUISITE EATZ,110 LONGBRANCH LN Ste:A,75217,convenience_corner_store,CO,32.71194,-96.690173,48113011601,,1
ABUELA'S WASH,6529 JEANE ST,75217,laundromat,CO,32.727066,-96.70787,48113009303,,1
BOTAS EL DURANGO,2302 W CLARENDON DR,75208,convenience_corner_store,CO,32.734636,-96.855503,48113005200,,1
LEGENDARY J BARBERSHOP,4026 S BUCKNER BLVD,75227,barbershop_beauty,CO,32.77322,-96.682638,48113009001,,1
COLOR NEW SPA NAILS,5030 LEMMON AVE,75209,barbershop_beauty,CO,32.823864,-96.819454,48113000611,,1
KING NOVELTY,9501 FOREST LN Ste:1,75243,convenience_corner_store,CO,32.909201,-96.730796,48113018507,,1
MONARKAS BALLROOM,11456 HARRY HINES BLVD Ste:114,75229,other_storefront,CO,32.897957,-96.891948,48113009900,,1
PILOT TRAVEL CENTER,8787 S LANCASTER RD,75241,gas_station,CO,32.641924,-96.779295,48113016709,True,1
TEXAS MOBILE PCS LLC,3206 W DAVIS ST Ste:102,75211,convenience_corner_store,CO,32.74953,-96.873086,48113004500,,1
FIVE 5 SMOKINOS,10325 LAKE JUNE RD Ste:580,75217,convenience_corner_store,CO,32.73414,-96.646616,48113011801,,1
PANADERIA EL ARTESANO,525 E JEFFERSON BLVD Ste:C,75203,convenience_corner_store,CO,32.746595,-96.816891,48113004800,,1
CROSSROADS TRADING CO,1924 GREENVILLE AVE,75206,convenience_corner_store,CO,32.813435,-96.770204,48113001002,,1
THE BEAUTY WHISPERER LLC,5510 ABRAMS RD Ste:109,75214,barbershop_beauty,CO,32.853444,-96.752779,48113007902,,1
WHICH WICH SANDWICH,16110 DALLAS PKWY Ste:101,75248,convenience_corner_store,CO,32.969018,-96.821227,48113013611,,1
313 GROUP INC,2524 S LANCASTER RD,75216,convenience_corner_store,CO,32.717285,-96.804313,48113005500,,1
1 STOP MART,8460 DENTON DR,75235,convenience_corner_store,CO;TABC,32.841511,-96.858492,48113980100,,2
O DONUTS,2937 GREENVILLE AVE Ste:190,75206,convenience_corner_store,CO,32.824265,-96.770158,48113000300,,1
SWEATHOUZ,2910 CITYPLACE WEST BLVD Ste:100,75204,barbershop_beauty,CO,32.806822,-96.795485,48113000704,,1
HUNGER IN THE WILD,1350 MANUFACTURING ST Ste:204,75207,barbershop_beauty,CO,32.798206,-96.829742,48113010003,,1
STOP AND SHOP #2,7771 GREAT TRINITY FOREST WAY Ste:100,75217,convenience_corner_store,CO,32.712502,-96.68904,48113009304,,1
SIETE GOTAS,3650 N BUCKNER BLVD Ste:100,75228,other_storefront,CO,32.801026,-96.682146,48113012302,,1
MI LINDA GUATEMALA,11055 DENNIS RD Ste:15,75229,convenience_corner_store,CO,32.898756,-96.881375,48113009611,,1
REPUBLIC HAIR CO,5323 GREENVILLE AVE Ste:3,75206,barbershop_beauty,CO,32.852076,-96.769766,48113007909,,1
LITTLE CAESARS PAZZA 1617-0013,3215 KIRNWOOD DR Ste:115,75237,convenience_corner_store,CO,32.648246,-96.869739,48113016635,,1
YADI'S BEAUTY SALON,7330 LAKE JUNE RD,75217,barbershop_beauty,CO,32.734219,-96.694668,48113009301,,1
OLD EAST DALLAS BARBERSHOP,515 N CARROLL AVE Ste:D,75246,barbershop_beauty,CO,32.794203,-96.770607,48113001502,,1
TRISTAR LIQUOR,3320 SAMUELL BLVD,75223,liquor_store,CO;TABC,32.792945,-96.737685,48113001202,,2
NAILED BY LAURA G,1319 W DAVIS ST,75208,barbershop_beauty,CO,32.749513,-96.843688,48113004202,,1
TEXAS MART,3400 Samuell Blvd Suite A,75223,convenience_corner_store,CO;TABC,32.792964,-96.737033,48113001202,,2
NINETY DEGREES BARBER CO,407 N LAMAR ST Ste:180C,75202,barbershop_beauty,CO,32.781713,-96.805048,48113002100,,1
MAMAS PARTY SUPPLIES,6205 BEXAR ST,75215,other_storefront,CO,32.740888,-96.753429,,,1
PEAVY PALACE,2834 N BUCKNER BLVD,75228,other_storefront,CO,32.811591,-96.685396,48113012301,,1
PUNTO ZERO BAR,11818 HARRY HINES BLVD Ste:220,75234,other_storefront,CO,32.909893,-96.895673,48113014001,,1
BLANCOS FLAWLESS FIRM,3701 W NORTHWEST HWY Ste:184,75220,barbershop_beauty,CO,32.860596,-96.857012,48113009802,,1
SKINSPIRIT ESSENTIALS LLC,5959 ROYAL LN Ste:530,75230,barbershop_beauty,CO,32.894883,-96.805113,48113007605,,1
E2U GO,2458 FABENS RD Ste:16,75229,convenience_corner_store,CO,32.891358,-96.89528,48113009900,,1
THE LEATHER APRON BAR,315 S CESAR CHAVEZ BLVD Ste:200,75201,other_storefront,CO,32.780889,-96.79047,48113003103,,1
SHAVED ICE PALACE,1626 MORRELL AVE,75203,convenience_corner_store,CO,32.739051,-96.798041,48113021100,,1
STOP & SAVE FOOD MART,3033 S WESTMORELAND RD,75233,convenience_corner_store,CO;TABC,32.709615,-96.874278,48113010805,,2
FIJI,10420 PLANO RD Ste:114,75238,barbershop_beauty,CO,32.890778,-96.700292,48113018506,,1
GLAMOROUS EYEBROWS AND SKIN,4353 GANNON LN Ste:108,75237,barbershop_beauty,CO,32.656656,-96.890643,48113016607,,1
L.V. STUDIO,1312 N JIM MILLER RD,75217,barbershop_beauty,CO,32.734887,-96.700076,48113009105,,1
BOTANICA LA FAMILIA LLC,8224 C F HAWN FWY,75217,convenience_corner_store,CO,32.71112,-96.679659,48113011603,,1
3311 NAIL BAR LLC,3323 OAK LAWN AVE,75219,barbershop_beauty,CO,32.810782,-96.807038,48113000605,,1
SUNMED YOUR CBD STORE,11811 PRESTON RD Ste:130,75230,other_storefront,CO,32.91044,-96.803996,48113009604,,1
LUBELLAS PATISSERIE,10323 FERGUSON RD,,convenience_corner_store,CO,36.97072,-119.596945,,,1
RACEWAY #6979,6675 CEDAR RIDGE DR,75236,convenience_corner_store,CO,32.667732,-96.925743,48113016535,,1
ILLINOIS EVENTS,4444 W ILLINOIS AVE Ste:105,75211,other_storefront,CO,32.720321,-96.893844,48113010809,,1
AMY AFRICAN BRAIDS,9208 E R L THORNTON FWY Ste:201B,75228,barbershop_beauty,CO,32.796527,-96.687278,48113012207,,1
RAPTOR BOOTS,115 W JEFFERSON BLVD,75208,convenience_corner_store,CO,32.743469,-96.823063,48113004700,,1
MI RINCONCITO LAGUNERO,3010 VILBIG RD,75212,convenience_corner_store,CO,32.778854,-96.847934,48113010101,,1
ATI- PHYSICAL THERAPY,9660 AUDELIA RD Ste:101,75238,barbershop_beauty,CO,32.877903,-96.71782,48113013012,,1
M.R. LIQUOR,3609 GREENVILLE AVE,75206,liquor_store,CO,32.83128,-96.77014,48113000202,,1
BOSS LADY MANAGEMENT LLC,1894 ROYAL LN Ste:105,75229,convenience_corner_store,CO,32.89504,-96.91484,48113009900,,1
SHINE HOT PILATES,3105 REAGAN ST,75219,barbershop_beauty,CO,32.81033,-96.809707,48113000605,,1
COLOR KRAZE STUDIO,1719 W 10TH ST,75208,barbershop_beauty,CO,32.745358,-96.848573,48113005200,,1
SMOKI'S,351 S RIVERFRONT BLVD,75207,convenience_corner_store,CO,32.772588,-96.812625,48113010002,,1
UNIFORM WORLD,3801 GASTON AVE Ste:101,75204,convenience_corner_store,CO,32.792064,-96.779034,48113002200,,1
4 INFINITE LIFE,1033 QUAKER ST,75207,barbershop_beauty,CO,32.801451,-96.847049,48113010003,,1
JEWELERS CASH FOR GOLD,3797 FOREST LN Ste:103,75244,convenience_corner_store,CO,32.909613,-96.852008,48113009609,,1
SISTER'S FOOD TO GO,8336 PARK LN Ste:B,75231,convenience_corner_store,CO,32.871098,-96.761083,48113007815,,1
T4 CHAIR,9751 WALNUT ST Ste:126,75243,convenience_corner_store,CO,32.923547,-96.71924,48113019034,,1
RED CARPET TAILOR LLC,8400 DOUGLAS AVE,75225,convenience_corner_store,CO,32.865306,-96.808484,48113007301,,1
ICONIC BRIDE,1400 HI LINE DR Ste:124,,convenience_corner_store,CO,32.794821,-96.816403,48113010003,,1
BLOODMARK TATTOO COMPANY LLC,14001 GOLDMARK DR Ste:220,75240,barbershop_beauty,CO,32.938377,-96.751991,48113019213,,1
ARNETHIS SALON ANETRIS SALON,18181 MIDWAY RD Ste:250,,barbershop_beauty,CO,32.996703,-96.843933,,,1
BELUL FASHION,12101 GREENVILLE AVE Ste:109B,75243,convenience_corner_store,CO,32.912637,-96.745599,48113007810,,1
C S OUTLETS,5665 S BUCKNER BLVD,75228,convenience_corner_store,CO,32.794589,-96.684985,48113012207,,1
EXERCISE FOOT MASSAGE SPA,2051 W NORTHWEST HWY Ste:53,75220,barbershop_beauty,CO,32.866892,-96.907011,48113009900,,1
PRETTY GIRL WORLD LLC,3662 W CAMP WISDOM RD Ste:1026,75237,convenience_corner_store,CO,32.662038,-96.878952,48113010904,,1
LP MANAGEMENT & CONSULTANTS,411 N AKARD ST Ste:150,75202,barbershop_beauty,CO,32.778339,-96.799063,48113003102,,1
STUDIO 938,938 W PAGE AVE Ste:100,75208,barbershop_beauty,CO,32.740212,-96.839267,48113005100,,1
SHONUF KRAFTY T-SHIRTS MORE,1038 W CAMP WISDOM RD,75232,convenience_corner_store,CO,32.662105,-96.839157,48113011104,,1
SCOTT PEEK PHOTOGRAPHY,5310 HARVEST HILL RD Ste:165,75230,barbershop_beauty,CO,32.92171,-96.817371,48113009604,,1
SALON SUSY CUTS & STYLES,1639 S BUCKNER BLVD Ste:801,75217,barbershop_beauty,CO,32.740645,-96.682968,48113009105,,1
MAS POR MENOS,3111 S COCKRELL HILL RD,75236,convenience_corner_store,CO,32.706855,-96.891524,48113010805,,1
QUICK TRIP #929,1220 W MOCKINGBIRD LN,75247,gas_station,CO,32.819461,-96.86827,48113010001,True,1
NAIL SUPPLY,9560 SKILLMAN ST Ste:116,75243,convenience_corner_store,CO,32.906647,-96.709963,48113018506,,1
SHERWIN WILLIAMS,4233 ROSS AVE,75204,grocery_food_mart,CO,32.801148,-96.782244,48113001503,,1
STRIDE,14999 PRESTON RD Ste:C112,75254,barbershop_beauty,CO,32.952872,-96.803866,48113013606,,1
KIDS FOOTLOCKER,655 W ILLINOIS AVE Ste:1070,75224,grocery_food_mart,CO,32.720402,-96.831737,48113006200,,1
SECOND SIDE YOGA,4333 BELMONT AVE,75204,barbershop_beauty,CO,32.808448,-96.78883,48113000802,,1
LIRAS BARBER SHOP,3400 LOMBARDY LN,75220,barbershop_beauty,CO,32.866419,-96.865718,48113007205,,1
TATIANA'S BEAUTY STUDIO LLC,2828 FOREST LN Ste:2270,75229,barbershop_beauty,CO,32.909308,-96.881869,48113009610,,1
LA  OVEHRA SWEETS BAR,9575 SCYENE RD Ste:102,75227,convenience_corner_store,CO,32.763395,-96.658707,48113012102,,1
TIGER MART 86,116 N JIM MILLER RD Ste:110,75217,grocery_food_mart,CO;TABC,32.713799,-96.700031,48113009304,,2
AMIGOS LOCOS LLC,2780 ROYAL LN Ste:A,75229,convenience_corner_store,CO,32.895107,-96.884211,48113009701,,1
RICH SKIN BY KHADIJAH LLC,4041 W WHEATLAND RD Ste:102,75237,barbershop_beauty,CO,32.647611,-96.885284,48113016607,,1
SELINA'S GROCERY,8300 SCYENE RD,75227,convenience_corner_store,CO,32.763406,-96.677949,48113009001,,1
KLEBURG 1 GDL AUTO PARTS,12341 C F HAWN FWY,75253,grocery_food_mart,CO,32.681883,-96.613744,48113017101,,1
BLESSED CUTZ BARBER LOUNGE,4409 W MOCKINGBIRD LN,75209,barbershop_beauty,CO,32.836635,-96.831133,48113007102,,1
YADO EVENTS LLC,2311 LAKELAND DR,75228,other_storefront,CO,32.811614,-96.701093,48113012210,,1
ALARCON RESALE SHOP,4858 S BUCKNER BLVD Ste:130,75227,convenience_corner_store,CO,32.781914,-96.682597,48113012207,,1
HENDERSON CHICKEN,337 E LEDBETTER DR Ste:C,75216,convenience_corner_store,CO,32.685514,-96.819584,48113011202,,1
TARGET,16731 COIT RD,75248,grocery_food_mart,CO,32.98272,-96.768204,48113019205,,1
5 A.M.,1707 BOTHAM JEAN BLVD,75215,other_storefront,CO,32.766006,-96.79321,48113020402,,1
SWEET TOOTH HOTEL,1511 ELM ST Ste:100,75201,other_storefront,CO,32.781436,-96.799273,48113003103,,1
THE FAJAS INDUSTRIES AND COSMETICS,10850 HARRY HINES BLVD Ste:160,75220,convenience_corner_store,CO,32.876902,-96.884405,48113009900,,1
THE DOORWAY TO BEAUTY SPA,925 W JEFFERSON BLVD Ste:2,75208,barbershop_beauty,CO,32.743236,-96.838775,48113004600,,1
ULTA BEAUTY,16637 COIT RD,75248,grocery_food_mart,CO,32.98136,-96.768181,48113019205,,1
GOOD COMPANY TATTOO STUDIO,10831 FERGUSON RD Ste:180,75228,barbershop_beauty,CO,32.843351,-96.663722,48113012603,,1
ELITES MODA LLC,18110 MIDWAY RD Ste:103,,convenience_corner_store,CO,32.99647,-96.84377,,,1
LOCO FOOD MART,2910 FORT WORTH AVE Ste:101,75211,convenience_corner_store,CO;TABC,32.75554,-96.86915,48113006800,,2
EAST VINTAGE ACCESSORIES,1327 N PEAK ST,75204,convenience_corner_store,CO,32.79862,-96.77906,48113001503,,1
TIGER'S DEN CROSSFIT,119 PITTSBURG ST Ste:105,75207,barbershop_beauty,CO,32.78638,-96.82074,48113010003,,1
FULLEN HALL LLC / FORESTWOOD MARCANTILE,5333 FOREST LN,75244,grocery_food_mart,CO,32.9096,-96.81715,48113013400,,1
PETBAR,5211 FOREST LN Ste:112,75229,barbershop_beauty,CO,32.90976,-96.81828,48113009603,,1
TAQUERIA LOS TAQUITOS,10941 HARRY HINES BLVD Ste:100,75220,convenience_corner_store,CO,32.87879,-96.88554,48113009900,,1
CLUB PILATES LAKEWOOD,6402 GASTON AVE,75214,barbershop_beauty,CO,32.81437,-96.75221,48113001400,,1
THE CANNABIS SHOP,2065 S BUCKNER BLVD Ste:110,75217,convenience_corner_store,CO,32.748173,-96.682959,48113009104,,1
V.I.P HAIR SALON,17370 PRESTON RD Ste:420,,barbershop_beauty,CO,32.9895,-96.80196,,,1
BIG BOI'S CHICKEN-N-WAFFLES,4864 S BUCKNER BLVD Ste:A,75227,convenience_corner_store,CO,32.78222,-96.6823,48113012207,,1
BARE AESTHETICS LIMITED COMPANY LLC,3300 OAK LAWN AVE Ste:106,75219,barbershop_beauty,CO,32.81003,-96.80705,48113000605,,1
NEW ELEGANT SALON SPA,9730 WEBB CHAPEL RD Ste:B,75220,barbershop_beauty,CO,32.86869,-96.86469,48113009804,,1
FSK FOOD MART,10969 N STEMMONS FWY,75220,grocery_food_mart,CO;TABC,32.87373,-96.90016,48113009900,,2
JACKSON LAMAR SCALP MICROPIGMENTATION,17000 DALLAS PKWY Ste:211,75248,barbershop_beauty,CO,32.98015,-96.82756,48113013611,,1
EZ PAWN,2940 S BUCKNER BLVD,75227,other_storefront,CO,32.76274,-96.68236,48113009001,,1
KABUL MART,13440 TI BLVD Ste:4A,75243,convenience_corner_store,CO,32.93064,-96.74819,48113019040,,1
K H GREEN,3068 FOREST LN Ste:218,75229,convenience_corner_store,CO,32.90963,-96.87355,48113009611,,1
MARBELLAS MASSAGE,2510 SOUTHWELL RD Ste:116,75229,barbershop_beauty,CO,32.88588,-96.89344,48113009900,,1
ROSS AVE NAIL SPA,4101 ROSS AVE Ste:100,75204,barbershop_beauty,CO,32.80028,-96.78376,48113000801,,1
JW GROCERY,4600 S MALCOLM X BLVD,75215,grocery_food_mart,CO,32.7565,-96.75334,48113020800,,1
DULCERIA CADYMEX,3030 W DAVIS ST,75211,convenience_corner_store,CO,32.74954,-96.8709,48113006800,,1
WE SMOKE,405 CENTRE ST,75208,other_storefront,CO,32.74268,-96.8287,48113005000,,1
KISHA LARO HAIR CARE,7600 GREAT TRINITY FOREST WAY Ste:A101,75217,barbershop_beauty,CO,32.71283,-96.69149,48113009304,,1
TIERRA CALIENTE PRIMO,1924 W JEFFERSON BLVD Ste:105,75208,convenience_corner_store,CO,32.74603,-96.85117,48113005200,,1
HALL OF FADES,3400 ROSS AVE,75204,barbershop_beauty,CO,32.79593,-96.78849,48113001602,,1
TRUTH BARBERSHOP 214,10255 FERGUSON RD,75228,barbershop_beauty,CO,32.83324,-96.67424,48113012502,,1
SOUTHERN ROOTS BARBER SHOP,11404 SHILOH RD Ste:111,75228,barbershop_beauty,CO,32.85003,-96.66547,48113012601,,1
LEGENDARY INK,1624 MORRELL AVE,75203,convenience_corner_store,CO,32.73885,-96.7982,48113021100,,1
ITS YOUR FLORIST GIFTS AND BALLOON,10300 SCYENE RD Ste:110,75227,convenience_corner_store,CO,32.76198,-96.64614,48113017605,,1
ROSY'S FOOD MART,8438 OLD HICKORY TRL Ste:100,75237,convenience_corner_store,CO,32.64642,-96.86529,48113016634,,1
WARREN BARRON BRIDAL,5600 W LOVERS LN Ste:150,75209,convenience_corner_store,CO,32.85071,-96.81632,48113007101,,1
FIRST CASH PAWN,3318 FOREST LN Ste:102,75229,other_storefront,CO,32.90901,-96.8684,48113009607,,1
SK CORNER STORE,7536 S LANCASTER RD Ste:B,75241,convenience_corner_store,CO,32.65436,-96.78278,48113016711,,1
"MARY AND MEGAN FOOD COMPANY 1133, LLC.",1335 PLOWMAN AVE,75203,grocery_food_mart,CO,32.75993,-96.82089,48113002001,,1
DAMI,4405 W MOCKINGBIRD LN,75209,other_storefront,CO,32.83665,-96.83102,48113007102,,1
SOUND DESIGN STUDIO LLC,223 W DANIELDALE RD,75232,grocery_food_mart,CO,32.63323,-96.8255,48113016634,,1
TINY  VICTORIES,604 N TYLER ST,75208,other_storefront,CO,32.74953,-96.83758,48113004201,,1
NICE BRAIDS,9724 SKILLMAN ST,75243,barbershop_beauty,CO,32.90862,-96.70566,48113018506,,1
CADENCE CYCLERY,3850 W NORTHWEST HWY Ste:1170,75209,convenience_corner_store,CO,32.86202,-96.85133,48113007302,,1
MAB WIRELESS CELLPHONE,11411 E NORTHWEST HWY Ste:230B,75238,convenience_corner_store,CO,32.86526,-96.68185,48113013010,,1
PHONE PLANET,7748 FOREST LN,75230,convenience_corner_store,CO,32.90948,-96.77304,48113013101,,1
HONDURAS THREADS,1818 SYLVAN AVE Ste:B100,75208,convenience_corner_store,CO,32.76881,-96.83575,48113004300,,1
7-ELEVEN,2075 S BUCKNER BLVD,75217,convenience_corner_store,CO,32.74852,-96.68337,48113009104,,1
SHAKESPEAR DALLAS,2912 MAPLE AVE,75201,other_storefront,CO,32.79796,-96.8068,48113001802,,1
N & C'S FAMILY MARKET,3707 W JEFFERSON BLVD Ste:130,75211,convenience_corner_store,CO,32.74059,-96.87985,48113006702,,1
RING OF HOPE,3506 SUNNYVALE ST,75216,barbershop_beauty,CO,32.71247,-96.78464,48113008802,,1
VAL'S CHEESECAKE,1112 S AKARD ST,75215,convenience_corner_store,CO,32.77227,-96.79431,48113020402,,1
TERRA SPA,5934 ROYAL LN Ste:251,75230,barbershop_beauty,CO,32.89463,-96.80556,48113007605,,1
OSIRI'S STUDIO,11181 DENTON DR Ste:110,75229,barbershop_beauty,CO,32.8884,-96.88634,48113009900,,1
STUDIO ESSENCE SALON,9777 FERGUSON RD Ste:106,75228,barbershop_beauty,CO,32.82068,-96.68006,48113012400,,1
YELLOW STAR,1203 E RED BIRD LN,75241,convenience_corner_store,CO,32.67515,-96.80553,48113011300,,1
MOVEMENT CLIMBING AND FITNESS DALLAS,141 GLASS ST,75207,barbershop_beauty,CO,32.78984,-96.82303,48113010003,,1
UPTOWN CHEAPSKATE,5400 E MOCKINGBIRD LN Ste:104,75206,grocery_food_mart,CO,32.83608,-96.77487,48113000300,,1
ADANE TAILOR ALTERATION AND SELLING CLOTHES,10560 WALNUT ST Ste:900A,75243,barbershop_beauty,CO,32.91655,-96.70173,48113019019,,1
MARIA'S GROCERY,8300 Elam Rd Suite130,75217,convenience_corner_store,CO;TABC,32.71957,-96.6791,48113011701,,2
SKYLINE TECHS,11361 MCCREE RD Ste:140,75238,convenience_corner_store,CO,32.87152,-96.68472,48113013011,,1
PEACHES & TEAN SALON SUITES,3946 S BUCKNER BLVD Ste:100,75227,barbershop_beauty,CO,32.77274,-96.68219,48113009001,,1
UNICORN HAIR QUEEN,2811 MCKINNEY AVE Ste:22,75204,barbershop_beauty,CO,32.79935,-96.80175,48113001802,,1
SAM MART,6155 SAMUELL BLVD Ste:150,75228,convenience_corner_store,CO,32.79243,-96.69842,48113012207,,1
EXPRESSIVE ARTS INC.,507 EXPOSITION AVE,75226,barbershop_beauty,CO,32.78325,-96.77124,48113020401,,1
FREE PEOPLE MOVEMENT,2620 MAIN ST,75226,convenience_corner_store,CO,32.78316,-96.78524,48113020401,,1
SPARK 5,6522 LEMMON AVE,75209,convenience_corner_store,CO,32.83703,-96.83182,48113007102,,1
ESTILOS,1034 W CAMP WISDOM RD,75232,barbershop_beauty,CO,32.662,-96.83917,48113011104,,1
LOVESAC,6011 ROYAL LN,75230,convenience_corner_store,CO,32.89504,-96.80361,48113013300,,1
TIGER MART 48,1920 S BELT LINE RD,75253,grocery_food_mart,CO;TABC,32.67524,-96.60265,48113017005,,2
,5941 FOREST LN,75230,barbershop_beauty,CO,32.91031,-96.80498,48113009604,,1
GREAT AMERICAN COOKIES,13350 DALLAS PKWY,75240,convenience_corner_store,CO,32.93083,-96.82094,48113013628,,1
7-ELEVEN CONVENIENCE STORE #25211J,9820 WALNUT ST,75243,convenience_corner_store,CO,32.92228,-96.71729,48113019019,,1
ROSE HAIR & NAIL PALACE,8702 S LANCASTER RD Ste:155,75241,barbershop_beauty,CO,32.64264,-96.77861,48113016709,,1
QUEEN B'S BEAUTY SALON,2308 SINGLETON BLVD,75212,barbershop_beauty,CO,32.77846,-96.85963,48113020500,,1
"SCARLET REAGAN, LLC.",5710 W LOVERS LN Ste:101,75209,convenience_corner_store,CO,32.85049,-96.81469,48113007101,,1
KIDS EMPIRE,6859 ARAPAHO RD Ste:600,75248,other_storefront,CO,32.96226,-96.79047,48113013619,,1
DFW SMOKE SHOP,4805 FRANKFORD RD Ste:105B,,convenience_corner_store,CO,32.99946,-96.8246,,,1
COWBOYS FIT MULTI-PURPOSE HEALTH CLUB FACILITY,411 N WASHINGTON AVE Ste:1900,75246,barbershop_beauty,CO,32.78901,-96.77584,48113002200,,1
GORJANA,3699 MCKINNEY AVE Ste:317E,75204,convenience_corner_store,CO,32.80809,-96.79736,48113000704,,1
PAL'S FOOD MART MJ'S CHICKEN.FISH.HAMBURGERS AND RICE,2307 ANN ARBOR AVE,75216,convenience_corner_store,CO,32.69864,-96.78365,48113008704,,1
OAK CLIFF KORAL EVENT CENTER & RESTAURANT,3900 W DAVIS ST,75211,other_storefront,CO,32.74909,-96.88341,48113006701,,1
SLIKK MUZIK LLC,9550 SKILLMAN ST,75243,barbershop_beauty,CO,32.90614,-96.71059,48113018506,,1
TRAIN PILATES STUDIO,5117 W LOVERS LN Ste:120,75209,barbershop_beauty,CO,32.85122,-96.82327,48113007302,,1
VUORI,8687 N CENTRAL EXPY Ste:1612,75225,convenience_corner_store,CO,32.86959,-96.77071,48113007801,,1
MISS BOUTIQUE LLC,2240 N PRAIRIE CREEK RD Ste:700,75227,convenience_corner_store,CO,32.75082,-96.66494,48113009002,,1
STITCH GOLF,5560 W LOVERS LN Ste:245,75209,convenience_corner_store,CO,32.85102,-96.81826,48113007101,,1
ROYAL SMOKE,8006 FORNEY RD Ste:130,75227,convenience_corner_store,CO,32.77803,-96.6841,48113012207,,1
TWO BIT CIRCUS,8030 PARK LN Ste:200,75231,other_storefront,CO,32.87179,-96.7697,48113007822,,1
GREASE HAIR GALLERY LLC,308 S BISHOP AVE,75208,barbershop_beauty,CO,32.74276,-96.8283,48113005000,,1
MAGALY'S BEAUTY SALON,3600 W DAVIS ST Ste:101,75211,barbershop_beauty,CO,32.74955,-96.87847,48113006702,,1
WELLRX PHARMACY INC,2930 S BUCKNER BLVD,75227,convenience_corner_store,CO,32.76229,-96.68261,48113009001,,1
OOMI DIGITAL KITCHEN,3510 ROSS AVE Ste:100,75204,convenience_corner_store,CO,32.79611,-96.78773,48113001602,,1
ALCHEMY 43,6465 E MOCKINGBIRD LN Ste:420,75214,barbershop_beauty,CO,32.83666,-96.75019,48113007902,,1
DISCOUNT TOBACCO,12125 ABRAMS RD Ste:105,75243,convenience_corner_store,CO,32.91355,-96.73553,48113019035,,1
TRIPLE D MUZIK,7010 AMERICAN WAY Ste:E,75237,barbershop_beauty,CO,32.66308,-96.8834,48113010903,,1
EZ TRIP FOOD STORE 13,9811 WALNUT HILL LN,75238,convenience_corner_store,CO,32.87916,-96.71712,48113013009,,1
EARTH AND ROOTS CBD AND COFFEE,7517 CAMPBELL RD Ste:605,75248,convenience_corner_store,CO,32.97853,-96.77022,48113013618,,1
FRESITA'S FRUTERIA Y NEVERIA,2802 ROYAL LN Ste:103,75229,convenience_corner_store,CO,32.89513,-96.88397,48113009701,,1
SAV MOR,3510 S BUCKNER BLVD Ste:A,75227,convenience_corner_store,CO,32.76796,-96.68262,48113009001,,1
BURTON FOOD MART,2015 N MASTERS DR Ste:260,75217,convenience_corner_store,CO,32.74699,-96.64899,48113011901,,1
HYDRATE IV BAR,5331 E MOCKINGBIRD LN Ste:110,75206,barbershop_beauty,CO,32.83667,-96.77743,48113007914,,1
LAST BID ONLINE AUCTIONS/ HI BID TEXAS.,4858 EAST GRAND AVE Ste:C,75223,convenience_corner_store,CO,32.78759,-96.75372,48113002500,,1
SELL N FIX,5441 ALPHA RD Ste:110,75240,convenience_corner_store,CO,32.93303,-96.81402,48113013626,,1
FRESH MASSAGE,18613 MARSH LN Ste:100,,barbershop_beauty,CO,33.0037,-96.85752,,,1
WIZARDS CBD & WELLNESS,7702 N CENTRAL EXPY,75206,convenience_corner_store,CO,32.85761,-96.76988,48113007912,,1
H15 NAIL BAR,2929 OAK LAWN AVE,75219,barbershop_beauty,CO,32.8083,-96.80936,48113000501,,1
STOP AND SHOP,5107 W DAVIS ST,75211,convenience_corner_store,CO,32.7497,-96.91068,48113010701,,1
LA BORI BOXING INC,5440 EAST GRAND AVE Ste:120,75223,barbershop_beauty,CO,32.79288,-96.74829,48113001202,,1
1 STAR BEVERAGE,510 N PLANO RD,75042,liquor_store,TABC,32.9172168,-96.6998874,48113019032,,1
Kwik Mart,10201 C F Hawn Fwy,75217,liquor_store,TABC,32.699636247774,-96.649325671703,48113011702,,1
Little Heron Cafe,1540 Munger Ave Suite R180,75202,liquor_store,TABC,32.78593634971,-96.803358480601,48113002100,,1
AMA,1703 s main st.,75137,liquor_store,TABC,32.62876840881,-96.908415707322,48113016532,,1
7-Eleven Convenience Store #38523A,2075 S Buckner Boulevard,75217,liquor_store,TABC,32.748131314061,-96.683024255913,48113009104,,1
Renaissance Hotel Saint Elm Dallas Downtown Market Pantry,1907 ELM ST,75201,liquor_store,TABC,32.782238303163,-96.795746408547,48113003103,,1
1921 N Plano Investments LLC,1921 N Plano Rd Unit 100,75042,liquor_store,TABC,32.930627830075,-96.700253916986,48113019045,,1
7-ELEVEN CONVENIENCE STORE #17718B,4104 GASTON AVENUE,75246,liquor_store,TABC,32.793941448754,-96.776747585998,48113001502,,1
3 Apples Liquor,1111 W Airport Fwy 121,75062,liquor_store,TABC,32.837334554654,-96.959701555633,48113014315,,1
21 MPH LLC,3501 Forest Ln,75042,liquor_store,TABC,32.909361034223,-96.683110328236,48113019033,,1
J&B Food Mart And Taqueria,2418 S Jupiter Rd,75041,liquor_store,TABC,32.8872014,-96.68259750000001,48113018501,,1
LIVE OAKE CORNER STORE,2827 LIVE OAK ST,75204,liquor_store,TABC,32.789594425066,-96.788270874774,48113002200,,1
LUCKY CORNER STORE,3032 Broadway Blvd,75041,liquor_store,TABC,32.8802176,-96.62265409999999,48113018205,,1
3 Nations Brewing,1033 E Vandergriff Dr,75006,liquor_store,TABC,32.950956081862,-96.906248686372,48113013729,,1
Heim BBQ,3130 W Mockingbird Lane,75235,liquor_store,TABC,32.832941726803,-96.838281136421,48113000409,,1
BZ Mart,3602 S Lancaster Rd,75216,liquor_store,TABC,32.7046281,-96.7988475,48113005700,,1
365 Food & Fuel #16,3232 Sylvan Ave Ste 110,75212,liquor_store,TABC,32.780795197008,-96.835727385856,48113010102,,1
365 Food & Fuel #11,12969 Preston Rd,75230,liquor_store,TABC,32.9248311,-96.8042265,48113009604,,1
365 Food & Fuel #13,7057 Greenville Ave,75231,liquor_store,TABC,32.874765198136,-96.762522446721,48113007822,,1
4 Stop Food Mart,2919 E Illinois Ave,75216,liquor_store,TABC,32.7169776,-96.777675,48113008801,,1
The Liquor Outpost,4070 N Belt Line Rd STE 114,75038,liquor_store,TABC,32.863719903781,-96.991665696796,48113014309,,1
4 TWENTY EXPRESS MART,2818 E LEDBETTER DR,75216,liquor_store,TABC,32.693110815128,-96.774690763997,48113008705,,1
STAR LIQUOR BEER & WINE,460 N LAMAR ST STE 300,75202,liquor_store,OSM;TABC,32.781703622844,-96.804964493548,48113002100,,2
Bobtown Express Food Mart,4102 Bobtown Rd,75043,liquor_store,TABC,32.848495628439,-96.56940871078,48113018142,,1
The Local Shoppe # 709,4191 Belt Line Rd,75001,liquor_store,TABC,32.954478527356,-96.839388927783,48113013727,,1
$ STUFF & MORE,4702 E GRAND AVE,75223,liquor_store,TABC,32.785527888134,-96.756310312053,48113002500,,1
Oasis Mart Mesquite,4751 N Belt Line Rd,75150,liquor_store,TABC,32.831063206351,-96.595932163583,48113017808,,1
Johnny's Payless Liquor,3202 Samuell Blvd,75223,liquor_store,TABC,32.792921685327,-96.740510843845,48113001202,,1
55 Seventy Dallas BevCo,7015 Twin Hills Ave STE 120,75231,liquor_store,TABC,32.873541748496,-96.764703477867,48113007822,,1
HAMPTON FOOD MART,5707 MARVIN D LOVE FREEWAY,75232,liquor_store,TABC,32.678107,-96.85669949999999,48113011004,,1
The Local Shoppe # 708,5815 S Cockrell Hill Rd Ste 200,75236,liquor_store,TABC,32.676273475506,-96.891537686721,48113016536,,1
6449 Greenville Operations LLC,6449 Greenville Ave,75206,liquor_store,TABC,32.863103693128,-96.767439689677,48113007912,,1
JJAY QUICK STOP,1030 Lavon Dr,75040,liquor_store,TABC,32.9216307,-96.6276973,48113018105,,1
7-ELEVEN CONVENIENCE STORE #25080A,17605 MIDWAY RD,75287,liquor_store,TABC,32.987552860947,-96.842276142787,,,1
7-ELEVEN CONVENIENCE STORE #35415A,15050 PRESTON RD,75254,liquor_store,TABC,32.953381117435,-96.803738376524,48113013606,,1
7-ELEVEN CONVENIENCE STORE #29380A,1501 N INTERSTATE 35 E,75115,liquor_store,TABC,32.6193794,-96.82457939999999,48113016634,,1
7-ELEVEN CONVENIENCE STORE #26885A,6833 W NORTHWEST HWY,75225,liquor_store,TABC,32.865693327965,-96.787777640234,48113007701,,1
7-ELEVEN CONVENIENCE STORE #38069A,1290 S LAMAR ST,75215,liquor_store,TABC,32.76866143262,-96.796775470205,48113020402,,1
7-ELEVEN CONVENIENCE STORE #35384A,5910 SINGLETON BLVD,75212,liquor_store,TABC,32.778473568157,-96.915622724212,48113010602,,1
7-ELEVEN CONVENIENCE STORE #38519A,3435 COMMERCE STREET,75226,liquor_store,TABC,32.784731976937,-96.77562740659,48113020401,,1
7-ELEVEN CONVENIENCE STORE #35389,105 HWY 80 EAST,75150,liquor_store,TABC,32.791037372432,-96.596421776227,48113017814,,1
7-ELEVEN CONVENIENCE STORE #30424B,1717 NW HWY,75231,liquor_store,TABC,32.864219369228,-96.653914684043,48113018401,,1
7-ELEVEN CONVENIENCE STORE #27693A,7815 GARLAND ROAD,75218,liquor_store,TABC,32.812331783128,-96.727697395657,48113000100,,1
7- ELEVEN CONVENIENCE STORE #41155H,6769 ABRAMS RD,75231,liquor_store,TABC,32.867087776029,-96.743087794961,48113007833,,1
7-Eleven Convenience Store #21368K,2120 Greenville Ave,75206,liquor_store,TABC,32.81547686088,-96.770115299574,48113001101,,1
7-Eleven Convenience Store #24092H,9750 Walnut Hill Ln STE 100,75238,liquor_store,TABC,32.878759458874,-96.72054277062,48113013013,,1
7-Eleven Convenience Store #27644J,801 N. Belt Line Rd.,75061,liquor_store,TABC,32.821891596029,-96.993941346397,48113014408,,1
7-ELEVEN CONVENIENCE STORE #32924H,5601 LEMMON AVE,75209,liquor_store,TABC,32.8288466,-96.8259721,48113000610,,1
7-Eleven Convenience Store #34102J,2061 Fort Worth Ave,75208,liquor_store,TABC,32.762921759411,-96.855375233778,48113004400,,1
7-Eleven Convenience Store #34997J,1010 Ross Ave,75202,liquor_store,TABC,32.782342110997,-96.804620676552,48113002100,,1
7-Eleven Convenience Store #35378J,8375 N Belt Line Rd,75063,liquor_store,TABC,32.921357176624,-96.993853373674,48113014124,,1
7-Eleven Convenience Store #36364J,770 W Lyndon B Johnson Fwy,75063,liquor_store,TABC,32.9141165,-96.95798440000002,48113014124,,1
7-ELEVEN CONVENIENCE STORE #37126H,3200 HACKBERRY ROAD,75063,liquor_store,TABC,32.925662733709,-96.990453914074,48113014150,,1
7-Eleven Convenience Store #38277H,13635 Preston Rd,75240,liquor_store,TABC,32.933819091491,-96.803817399552,48113013615,,1
7-ELEVEN CONVENIENCE STORE #38432H,1805 SYLVAN AVE,75208,liquor_store,TABC,32.768103008627,-96.835796423324,48113004300,,1
7-Eleven Convenience Store #39444K,501 E Interstate 30,75043,liquor_store,TABC,32.840574975796,-96.595730930478,48113018129,,1
7-ELEVEN CONVENIENCE STORE #41523H,3121 OYLMPUS BLVD STE 160,75019,liquor_store,TABC,32.936861,-96.98330519999999,48113014157,,1
7-ELEVEN CONVENIENCE STORE #41997H,9211 Scyene Rd TO INCLUDE STE 110,75227,liquor_store,TABC,32.7640969,-96.66506369999999,48113012102,,1
7-Eleven Convenience Store #42324H,7480 N Highway 161,75039,liquor_store,TABC,32.9072636,-96.9526266,48113014143,,1
7-Eleven Convenience Store #42780H,4231 N. State Hwy. 161,75038,liquor_store,TABC,32.86561990000001,-97.0047668,48113014161,,1
Laredo Taco 38277H,13635 Preston Rd Suite 110,75240,liquor_store,TABC,32.933819091491,-96.803817399552,48113013615,,1
7-ELEVEN CONVENIENCE STORE #34101A,3985 S BELT LINE RD,75052,liquor_store,TABC,32.676324766877,-96.98519359436,48113016409,,1
7-ELEVEN CONVENIENCE STORE #35972B,6401 RIVERSIDE DRIVE,75039,liquor_store,TABC,32.897191492345,-96.938995650821,48113014143,,1
7-ELEVEN CONVENIENCE STORE #37187A,211 N ERVAY STREET SUITE 120,75201,liquor_store,TABC,32.781943787159,-96.797434151539,48113003103,,1
7-ELEVEN CONVENIENCE STORE #37026A,1634 MARKET CENTER BLVD,75207,liquor_store,TABC,32.792887691702,-96.822063278386,48113010003,,1
7-ELEVEN CONVENIENCE STORE #35382A,3710 BELT LINE RD,75001,liquor_store,TABC,32.953031936917,-96.855140883717,48113013726,,1
7-ELEVEN CONVENIENCE STORE #21261A,230 W PIONEER PKWY,75051,liquor_store,TABC,32.709638115892,-97.006312584333,48113016203,,1
7-ELEVEN CONVENIENCE STORE #22904A,1500 N HAMPTON RD,75115,liquor_store,TABC,32.618724027711,-96.856857282332,48113016634,,1
7-ELEVEN CONVENIENCE STORE #35410A,7650 CAMPBELL RD,75248,liquor_store,TABC,32.978156640921,-96.769177971461,48113013605,,1
7-ELEVEN CONVENIENCE STORE #36104A,1919 BRYAN ST SUITE 102,75201,liquor_store,TABC,32.784066504639,-96.797382914347,48113002100,,1
7-ELEVEN CONVENIENCE STORE #34530,511 N AKARD STREET SUITE 101,75201,liquor_store,TABC,32.783784738082,-96.800555656786,48113002100,,1
7-ELEVEN CONVENIENCE STORE #35403B,5671 E MOCKINGBIRD LN,75206,liquor_store,TABC,32.8371675,-96.770642,48113000300,,1
7-ELEVEN CONVENIENCE STORE #34490A,9230 SKILLMAN ST,75243,liquor_store,TABC,32.903211167414,-96.713978101744,48113018506,,1
7-ELEVEN CONVENIENCE STORE #35405,3716 MAPLE AVE,75219,liquor_store,TABC,32.803690760855,-96.813716093189,48113000502,,1
7-ELEVEN CONVENIENCE STORE #35425B,8302 ABRAMS RD,75243,liquor_store,TABC,32.8933933,-96.7401999,48113007825,,1
7-ELEVEN CONVENIENCE STORE #38671A,890 S DENTON TAP ROAD,75019,liquor_store,TABC,32.948578267672,-96.993547848232,48113014119,,1
7-ELEVEN CONVENIENCE STORE #33505A,4024 ROSS AVE,75204,liquor_store,TABC,32.799460358661,-96.784219169088,48113001602,,1
7-Eleven Convenience Store #35391A,5401 N George Bush Hwy,75044,liquor_store,TABC,32.965747305532,-96.642880903392,48113019027,,1
7-Eleven Convenience Store #42293A,5550 President George Bush Hwy,75048,liquor_store,TABC,32.9516993,-96.571462,48113018157,,1
7-ELEVEN CONVENIENCE STORE #38264A,4710 S BUCKNER BLVD,75227,liquor_store,TABC,32.778887836936,-96.682405888778,48113012207,,1
7-ELEVEN CONVENIENCE STORE #21445A,8402 HARRY HINES BLVD,75235,liquor_store,TABC,32.836011968616,-96.863785207704,48113000410,,1
7-ELEVEN CONVENIENCE STORE #34103,2607 N STEMMONS FWY,75207,liquor_store,TABC,32.806297474881,-96.840919606618,48113010003,,1
7- ELEVEN CONVENIENCE STORE #41609A,2500 W MOCKINGBIRD LN,75235,liquor_store,TABC,32.827996128594,-96.844306065616,48113000409,,1
7-ELEVEN CONVENIENCE STORE #18688A,1023 S HAMPTON RD,75208,liquor_store,TABC,32.735727984258,-96.85690843137,48113005300,,1
7-ELEVEN CONVENIENCE STORE #35424A,8201 E RL THORNTON FREEWAY,75228,liquor_store,TABC,32.647571304884,-96.823864633914,48113011105,,1
7-ELEVEN CONVENIENCE STORE #12205B,5123 W LOVERS LN,75209,liquor_store,TABC,32.8513906,-96.8230032,48113007302,,1
7-ELEVEN CONVENIENCE STORE #35404A,447 E HIGHWAY 67,75137,liquor_store,TABC,32.631723612416,-96.902169484958,48113016517,,1
7-ELEVEN CONVENIENCE STORE #24625A,3230 W DAVIS ST,75211,liquor_store,TABC,32.749496976104,-96.872946475851,48113004500,,1
7-ELEVEN CONVENIENCE STORE #38550A,806 W CENTERVILLE RD,75041,liquor_store,TABC,32.860467992374,-96.643140086196,48113018127,,1
7-ELEVEN CONVENIENCE STORE #37015A,2400 W LEDBETTER DR,75233,liquor_store,TABC,32.6907865,-96.8575245,48113010904,,1
7-ELEVEN CONVENIENCE STORE #35412A,2242 S ZANG BLVD,75224,liquor_store,TABC,32.720768,-96.8299078,48113006200,,1
7-ELEVEN CONVENIENCE STORE #33690A,7818 ROWLETT ROAD,75089,liquor_store,TABC,32.927663221228,-96.58486962002,48113018157,,1
7-ELEVEN CONVENIENCE STORE #34115B,106 US HWY 80 E,75149,liquor_store,TABC,32.790087018609,-96.59611355728,48113017705,,1
7-ELEVEN CONVENIENCE STORE #34360B,700 E CAMPBELL RD STE 145,75081,liquor_store,TABC,32.975297926639,-96.71535518619,48113019053,,1
7-ELEVEN CONVENIENCE STORE #36496B,730 W BELT LINE RD,75115,liquor_store,TABC,32.589753753185,-96.871354643487,48113016632,,1
7-ELEVEN CONVENIENCE STORE #35475A,170 E SPRING VALLEY RD,75081,liquor_store,TABC,32.940004982927,-96.73958887058,48113019101,,1
7-ELEVEN CONVENIENCE STORE #35419C,4239 LEMMON AVE,75219,liquor_store,TABC,32.81630579999999,-96.8114038,48113000608,,1
7-ELEVEN CONVENIENCE STORE #35395B,3300 E ILLINOIS AVE,75216,liquor_store,TABC,32.7157684872,-96.770483109367,48113008604,,1
7-ELEVEN CONVENIENCE STORE #33275B,5501 S BUCKNER BLVD,75228,liquor_store,TABC,32.796071982567,-96.683681283742,48113012207,,1
7-ELEVEN CONVENIENCE STORE #25170A/1601,6229 HILLCREST AVE,75205,liquor_store,TABC,32.842099071208,-96.787115612733,48113019400,,1
7-ELEVEN CONVENIENCE STORE #35394A,9501 FOREST LN,75243,liquor_store,TABC,32.909288772172,-96.731185344996,48113019035,,1
7-ELEVEN CONVENIENCE STORE #22557A,1041 N TOWN EAST BLVD,75150,liquor_store,TABC,32.808825573326,-96.626780314084,48113017817,,1
7-ELEVEN CONVENIENCE STORE #24499B,9804 FERGUSON RD,75228,liquor_store,TABC,32.823253991671,-96.677709871992,48113012502,,1
7-ELEVEN CONVENIENCE STORE #37692A,1885 JOHN WEST RD,75228,liquor_store,TABC,32.807197511208,-96.685706962496,48113012210,,1
7-Eleven Convenience Store #25764B,10690 Walnut Hill Ln,75238,liquor_store,TABC,32.878808990776,-96.700772784093,48113013005,,1
7-ELEVEN CONVENIENCE STORE #36002C,9998 MARSH LN,75220,liquor_store,TABC,32.8799643,-96.8557433,48113009401,,1
7-ELEVEN CONVENIENCE STORE #36365A,2358 ROYAL LN,75229,liquor_store,TABC,32.8952377,-96.8997167,48113009900,,1
7-ELEVEN CONVENIENCE STORE #22654A,3321 WALNUT HILL LN,75038,liquor_store,TABC,32.865441145584,-96.989295377116,48113014158,,1
7-ELEVEN CONVENIENCE STORE #35648A,3020 N HAMPTON RD,75212,liquor_store,TABC,32.77899521305,-96.856452813683,48113010101,,1
7-ELEVEN CONVENIENCE STORE #35761B,1426 BELT LINE ROAD,75044,liquor_store,TABC,32.944974179742,-96.648556416595,48113019049,,1
7-ELEVEN CONVENIENCE STORE #34236B,1101 W AIRPORT FWY,75062,liquor_store,TABC,32.837334554647,-96.95954912274,48113014315,,1
7-ELEVEN CONVENIENCE STORE #24409A,3001 N BELT LINE RD,75062,liquor_store,TABC,32.847550276044,-96.992357751418,48113014153,,1
7-ELEVEN CONVENIENCE STORE #26589C,2800 N O'CONNOR RD,75062,liquor_store,TABC,32.844341825333,-96.951204318968,48113014203,,1
7-ELEVEN CONVENIENCE STORE #36489B,1700 W BRUTON ROAD,75180,liquor_store,TABC,32.748505744266,-96.622628161769,48113017201,,1
7-ELEVEN CONVENIENCE STORE #35635A,11900 LAKE JUNE RD,75180,liquor_store,TABC,32.73388229437,-96.622529024569,48113017201,,1
7-ELEVEN CONVENIENCE STORE #23989A,11803 PRESTON RD,75230,liquor_store,TABC,32.909614669138,-96.804030823813,48113009604,,1
7-ELEVEN CONVENIENCE STORE #34117A,12103 WEBB CHAPEL RD,75234,liquor_store,TABC,32.915109493227,-96.873349992999,48113014001,,1
7-ELEVEN CONVENIENCE STORE #38555A,2920 N WESTMORELAND RD,75212,liquor_store,TABC,32.778535290391,-96.873761804995,48113020500,,1
7-ELEVEN CONVENIENCE STORE #12200A,2529 OAK LAWN AVE,75219,liquor_store,TABC,32.804852452986,-96.813575548874,48113000502,,1
7-ELEVEN CONVENIENCE STORE #20947A,4901 GUS THOMASSON RD,75150,liquor_store,TABC,32.830248529316,-96.654324438433,48113012501,,1
7-ELEVEN CONVENIENCE STORE #35422A,10120 E NORTHWEST HWY,75238,liquor_store,TABC,32.864079946592,-96.712148884757,48113012900,,1
7-Eleven Convenience Store #41933A,2646 S Jupiter Rd,75041,liquor_store,TABC,32.88457229999999,-96.6823574,48113018501,,1
7- ELEVEN CONVENIENCE STORE #33121A,4200 ABRAMS RD,75214,liquor_store,TABC,32.836578299724,-96.752794999086,48113007902,,1
7-Eleven Convenience Store #35832B,2711 MCKINNEY AVE,75204,liquor_store,TABC,32.797795029055,-96.801419739191,48113001802,,1
7-Eleven Convenience Store #38039B,2990 OLIVE ST #180,75201,liquor_store,TABC,32.789387393654,-96.808602868724,48113001902,,1
7-ELEVEN CONVENIENCE STORE #19091A,100 E SHADY GROVE RD,75060,liquor_store,TABC,32.801179752771,-96.946813688668,48113015002,,1
7-ELEVEN CONVENIENCE STORE #37014A,1502 ELM ST,75201,liquor_store,TABC,32.781303544892,-96.799625590647,48113003103,,1
7-ELEVEN CONVENIENCE STORE #35416A,750 N RIVERFRONT BLVD,75207,liquor_store,TABC,32.7831957,-96.8147661,48113010003,,1
7-ELEVEN CONVENIENCE STORE #25274A,4118 W AIRPORT FREEWAY,75062,liquor_store,TABC,32.836627555438,-97.003615343122,48113014407,,1
7-ELEVEN CONVENIENCE STORE #38787A,1901 E STATE HIGHWAY 356,75060,liquor_store,TABC,32.8102151,-96.9206427,48113020100,,1
7-ELEVEN CONVENIENCE STORE #27334,826 E HIGHWAY 67,75116,liquor_store,TABC,32.640082931021,-96.891731681622,48113016636,,1
7-Eleven Convenience Store #27528B,2145 N JOSEY LN STE 100,75006,liquor_store,TABC,32.973734224274,-96.890042207262,48113013716,,1
7-ELEVEN CONVENIENCE STORE #37923A,2831 N HENDERSON AVE,75206,liquor_store,TABC,32.819334768525,-96.783755011673,48113000901,,1
7-ELEVEN CONVENIENCE STORE #36349A,5003 N O CONNOR RD,75062,liquor_store,TABC,32.8674468,-96.9452365,48113014313,,1
7-ELEVEN CONVENIENCE STORE #35379A,5420 N MACARTHUR BOULEVARD,75038,liquor_store,TABC,32.8846354,-96.9635867,48113014313,,1
7-ELEVEN CONVENIENCE STORE #35474A,7567 GREENVILLE AVE,75231,liquor_store,TABC,32.884867320123,-96.758734252356,48113007823,,1
7-ELEVEN CONVENIENCE STORE #36382B,822 E CAMP WISDOM RD,75116,liquor_store,TABC,32.66185854218,-96.892019243715,48113016516,,1
7-ELEVEN CONVENIENCE STORE #38589A,3011 HARD ROCK RD,75050,liquor_store,TABC,32.795230502867,-97.020270639076,48113015304,,1
7-ELEVEN CONVENIENCE STORE #37212A,7051 MURPHY RD,75048,liquor_store,TABC,32.9831468359,-96.613461927526,48113019051,,1
7-ELEVEN CONVENIENCE STORE #38635A,8010 SOUTHWESTERN BLVD,75206,liquor_store,TABC,32.8564787,-96.7697037,48113007909,,1
7-ELEVEN CONVENIENCE STORE #36375A,3700 IH 30,75150,liquor_store,TABC,32.811396330596,-96.651005456795,48113017820,,1
7-ELEVEN CONVENIENCE STORE #18765A,111 N CARROLL AVENUE,75226,liquor_store,TABC,32.791847847724,-96.76795710318,48113001502,,1
7-Eleven Convenience Store #38466A,2900 Miles Road,75048,liquor_store,TABC,32.9516148,-96.5832827,48113018155,,1
7-ELEVEN CONVENIENCE STORE #35531A,408 N HAMPTON RD,75208,liquor_store,TABC,32.747875557389,-96.856645155558,48113004500,,1
7-ELEVEN CONVENIENCE STORE #36371A,7235 N GEORGE BUSH FREEWAY,75044,liquor_store,TABC,32.979142625998,-96.663274524037,48113019042,,1
7-ELEVEN CONVENIENCE STORE #12179A,2802 N FITZHUGH AVENUE,75204,liquor_store,TABC,32.815230930618,-96.786870487704,48113000901,,1
7-ELEVEN CONVENIENCE STORE #25250A,5550 E GRAND AVE,75223,liquor_store,TABC,32.793355277637,-96.747699793095,48113001202,,1
7-ELEVEN CONVENIENCE STORE #21764A,2990 LOMBARDY LANE SUITE 101,75220,liquor_store,TABC,32.866378882143,-96.875556340159,48113007204,,1
7-ELEVEN CONVENIENCE STORE #37535A,5000 ROSS AVE,75206,liquor_store,TABC,32.807065306169,-96.775100582382,48113001503,,1
7-ELEVEN CONVENIENCE STORE #38416A,1040 MAYFIELD RD,75052,liquor_store,TABC,32.691818875269,-97.021979373847,48113016419,,1
7-ELEVEN CONVENIENCE STORE #35402B,2821 S WALTON WALKER BLVD,75211,liquor_store,TABC,32.712289508432,-96.909793133617,48113016533,,1
7-ELEVEN CONVENIENCE STORE #38262A,1401 W PIONEER PARKWAY,75052,liquor_store,TABC,32.7095922,-97.0258185,48113016418,,1
7-ELEVEN CONVENIENCE STORE #38255A,2691 JOHN WEST RD,75228,liquor_store,TABC,32.807149597426,-96.66835290306,48113012302,,1
7- ELEVEN CONVENIENCE STORE #27529A,18101 COIT RD,75252,liquor_store,TABC,32.99772446897,-96.76793812999,,,1
7-ELEVEN CONVENIENCE STORE #24466A,10100 BRUTON RD,75217,liquor_store,TABC,32.748557181066,-96.649222210212,48113011901,,1
7-ELEVEN CONVENIENCE STORE #33321A,5712 SKILLMAN DR,75206,liquor_store,TABC,32.8569609,-96.75564729999999,48113007903,,1
7-ELEVEN CONVENIENCE STORE #34676B,4900 BELT LINE RD STE 125,75001,liquor_store,TABC,32.9537045,-96.82817999999999,48113013628,,1
7-ELEVEN CONVENIENCE STORE #37329A,4301 ROSS AVE,75204,liquor_store,TABC,32.80134927866,-96.782170626444,48113000801,,1
EZTRIP FOOD STORE 13,9811 WALNUT HILL LANE,75238,liquor_store,TABC,32.8793192,-96.7171422,48113013009,,1
80 Proof LLC,8525 Garland Rd,75218,liquor_store,TABC,32.821689920277,-96.716239981728,48113008101,,1
MURPHY EXPRESS #8835,12505 E NORTHWEST HWY,75228,liquor_store,TABC,32.864206133773,-96.665393800034,48113012601,,1
MURPHY EXPRESS #8863,5362 N GARLAND AVE,75040,liquor_store,TABC,32.963173235227,-96.644936592652,48113019027,,1
MURPHY EXPRESS #8915,1101 US HIGHWAY 80 E,75150,liquor_store,TABC,32.793016559492,-96.611435822094,48113017814,,1
MURPHY EXPRESS #8929,6410 LEMMON AVE,75209,liquor_store,TABC,32.835540589303,-96.830709496056,48113007102,,1
MURPHY EXPRESS #8930,2476 ARAPAHO RD,75044,liquor_store,TABC,32.95937192058,-96.664572992017,48113019027,,1
Murphy Express #8962,11939 Plano Rd,75243,liquor_store,TABC,32.913030912785,-96.700521600776,48113019019,,1
Murphy Express #8990,1712 W Scyene Rd,75149,liquor_store,TABC,32.768612613376,-96.623776423113,48113017602,,1
Murphy Express 8970,6021 Campbell Rd,75248,liquor_store,TABC,32.9837898,-96.8039088,48113013617,,1
Murphy USA #6548,13729 N CENTRAL EXPY,75243,liquor_store,TABC,32.935729541281,-96.752023122535,48113019213,,1
MURPHY USA #7350,12330 LAKE JUNE RD,75180,liquor_store,TABC,32.733849126513,-96.615378971116,48113017201,,1
MURPHY USA #7622,525 W INTERSTATE 30,75043,liquor_store,TABC,32.839695116444,-96.597713136315,48113018129,,1
MURPHY USA #7654,170 N INTERSTATE 35 E,75146,liquor_store,TABC,32.5929364,-96.8216546,48113016805,,1
MURPHY USA #7667,7035 W WHEATLAND RD,75249,liquor_store,TABC,32.64726442669,-96.944427764148,48113016528,,1
MURPHY USA #7674,605 UPTOWN BLVD,75104,liquor_store,TABC,32.595523631365,-96.945670851669,48113016522,,1
MURPHY USA #7680,1807 RANGE DR,75149,liquor_store,TABC,32.787552583555,-96.597377799102,48113017705,,1
MURPHY USA #7721,1545 N COCKRELL HILL ROAD,75211,liquor_store,TABC,32.763306579654,-96.895369129578,48113010701,,1
MURPHY USA #7807,2505 LAKEVIEW PKWY,75088,liquor_store,TABC,32.9083481,-96.57828579999999,48113018156,,1
Murphy USA #8916,5140 N BELT LINE RD,75038,liquor_store,TABC,32.8803129,-96.99098479999999,48113014158,,1
MURPHY USA #8917,2275 W NORTHWEST HWY,75220,liquor_store,TABC,32.861563364986,-96.890760479848,48113009900,,1
MURPHY USA #8920,2110 N TOWN EAST BLVD,75150,liquor_store,TABC,32.811261206088,-96.633513449812,48113017815,,1
Murphy USA #8991,500 S Buckner Blvd,75217,liquor_store,TABC,32.848070240385,-96.714517250659,48113012900,,1
Murphy USA 7832,200 N Highway 175,75159,liquor_store,TABC,32.647704839883,-96.534937286955,48113017008,,1
Sushi Rock,7601 Campbell Rd STE 700,75248,liquor_store,TABC,32.978382707509,-96.771983393683,48113013618,,1
La Bodega Tobacco Grocery and more,1705 W Clarendon Dr,75208,liquor_store,TABC,32.735056909386,-96.84809833809,48113005200,,1
DRIVE THRU SUPER DISCOUNT CIGARETTES,929 W PIONEER PARKWAY SUITE C,75051,liquor_store,TABC,32.709007,-97.019138,48113016419,,1
CASH SAVER,2130 E LEDBETTER DR,75216,liquor_store,TABC,32.686296176505,-96.789048133336,48113008705,,1
CASH SAVER,1201 W CAMP WISDOM RD,75232,liquor_store,TABC,32.662248769098,-96.841761307035,48113011101,,1
YASMINE CHEVRON,6418 N JUPITER ROAD,75044,liquor_store,TABC,32.9735502,-96.6821068,48113019031,,1
SPEEDY BEE #3,1944 S MAIN STREET,75137,liquor_store,TABC,32.6229065,-96.9081173,48113016636,,1
FoodPlus,10819 Elam Rd,75217,liquor_store,TABC,32.719569563197,-96.640116189399,48113011801,,1
A1 Beer Wine,10190 Forest Ln Suite 175,75243,liquor_store,TABC,32.908967938923,-96.709829313982,48113018505,,1
Los Amigos,11306 Lyndon B Johnson Fwy Suite 100,75238,liquor_store,TABC,32.878564489602,-96.689439911806,48113013011,,1
TODOS AMIGOS,2915 COMMUNITY DR STE 101,75220,liquor_store,TABC,32.858735119353,-96.872876237846,48113007204,,1
PHILLIPS MART,951 S BELT LINE ROAD SUITE A,75253,liquor_store,TABC,32.688484025246,-96.587777676051,48113017101,,1
Top End Liquor Beer & Wine,7606 Greenville Ave,75231,liquor_store,TABC,32.886212197502,-96.757884730336,48113007815,,1
Top End Liquor Beer and Wine No 2,6780 Abrams Rd STE 119,75231,liquor_store,TABC,32.867391366326,-96.742693352175,48113007821,,1
KIEST MARKET,3807 E KIEST BLVD,75203,liquor_store,TABC,32.738484239688,-96.788422024545,48113005500,,1
SAM JORDAN'S FOOD MART,11403 LAKE JUNE RD,75180,liquor_store,TABC,32.734216510046,-96.629673308852,48113017201,,1
THREE AMIGOS,1927 E BELTLINE RD STE 136,75006,liquor_store,TABC,32.953745401562,-96.889431093399,48113013718,,1
RIDGEVIEW FOOD MART,1012 RIDGEVIEW STREET SUITE 107,75149,liquor_store,TABC,32.780458032348,-96.623008952566,48113017703,,1
ONE STOP FOOD STORE,702 E Warrior Trail,75052,liquor_store,TABC,32.69891332818,-96.99764938894,48113016407,,1
Raceway#6981,4010 S Belt Line Rd,75052,liquor_store,TABC,32.687591746663,-96.985003375543,48113016409,,1
I-20 Liquor ,13881 Interstate 20,75181,liquor_store,TABC,32.704873053865,-96.578713702507,48113017315,,1
7-Eleven Convenience Store #27658B,100 W Sandy Lake Rd,75019,liquor_store,TABC,32.969404644595,-96.993817573301,48113020000,,1
BROADWAY FOOD PLAZA,4646 BROADWAY BLVD,75043,liquor_store,TABC,32.8581523,-96.60225020000001,48113018148,,1
SNS BEER AND WINE,1901 N JOSEY LN STE 100,75006,liquor_store,TABC,32.9641388,-96.8904704,48113013718,,1
SN FOOD STORE,1009 N CARRIER PARKWAY SUITE 100,75050,liquor_store,TABC,32.754447251689,-97.017985814696,48113015403,,1
AAR Discount Cigs,201 S Belt Line Rd Ste 102,75060,liquor_store,TABC,32.814134294958,-96.993941786028,48113015304,,1
24/7,8008 S POLK ST,75232,liquor_store,TABC,32.64957478941,-96.839840584803,48113011104,,1
Mr K Food Mart,520 W 6th St,75060,liquor_store,TABC,32.808545968389,-96.952839425563,48113015102,,1
FAMILIA FOOD MARKET,4523 MAPLE AVE,75219,liquor_store,TABC,32.811738900179,-96.823021950714,48113000401,,1
7-Eleven Convenience Store #24463A,640 W Pleasant Run Rd,75146,liquor_store,TABC,32.604847647959,-96.765751440358,48113016803,,1
7-Eleven Convenience Store #35486B,4411 W Jefferson Blvd,75211,liquor_store,TABC,32.737465004073,-96.891607466115,48113019900,,1
Bellagreen,8041 Walnut Hill Lane Ste 810,75231,liquor_store,TABC,32.88075406787,-96.767275366569,48113007822,,1
Raceway#6980,3516 N Buckner Blvd,75228,liquor_store,TABC,32.766952148946,-96.682622367654,48113009001,,1
DUB'S LIQUOR STORE,3217 S MALCOLM X BLVD,75215,liquor_store,TABC,32.767466002543,-96.766639296826,48113020300,,1
SUPER MERCADO MONTERREY #5,5306 W DAVIS ST,75211,liquor_store,TABC,32.7492367,-96.9134595,48113010701,,1
ABOCA'S ITALIAN GRILL,100 S CENTRAL EXPY STE 63,75080,liquor_store,TABC,32.950597905767,-96.735252205755,48113019202,,1
7-ELEVEN CONVENIENCE STORE #26721A,2750 W NORTHWEST HWY STE 100,75220,liquor_store,TABC,32.858107988661,-96.874978395613,48113007203,,1
Prada Kwik Mart,8300 La Prada Dr Ste 130,75228,liquor_store,TABC,32.807081967918,-96.66540923719,48113017900,,1
LIQUOR PLUS,2210 W MAIN STREET SUITE 102,75050,liquor_store,TABC,32.739957972127,-97.03465663418,48113015404,,1
EZ Trip #25,8240 Abrams Rd,75231,liquor_store,TABC,32.8922025,-96.74072220000001,48113007825,,1
7-ELEVEN CONVENIENCE STORE #21287,1602 N PLANO RD,75081,liquor_store,TABC,32.969332942783,-96.69970818378,48113019036,,1
MILLER CORNER STORE,1935 S JUPITER ROAD,75042,liquor_store,TABC,32.895030960056,-96.683159171198,48113018506,,1
ONE STOP,2324 MCKINNEY AVE,75201,liquor_store,TABC,32.793550119977,-96.802565151937,48113001705,,1
80 Food Mart,2220 N Town E Blvd,75150,liquor_store,TABC,32.810757540711,-96.635193846557,48113017815,,1
FUEL TOWN #2,1525 INWOOD,75247,liquor_store,TABC,32.809491531813,-96.850668107022,48113010003,,1
Lane Florist,4655 N Central Expy,75205,liquor_store,TABC,32.823598394717,-96.785595264107,48113000706,,1
Afayi Fuel Station,3828 US Highway 80 E,75149,liquor_store,TABC,32.793109977907,-96.656248164762,48113017805,,1
ONE STOP FOOD STORE,1600 MARSH LN STE 100,75006,liquor_store,TABC,32.9576913,-96.8534169,48113013725,,1
Jaxx Fuel #10,1701 W Bruton Rd,75149,liquor_store,TABC,32.74867650825,-96.622628495323,48113017606,,1
ABEL GONZALES TEXICAN,7101 HARRY HINES BLVD,75235,liquor_store,TABC,32.827170926089,-96.856277290034,48113010001,,1
NEONY,829 W Davis St,75208,liquor_store,TABC,32.74952970075,-96.83630153963,48113004201,,1
SPEEDEE WAY,1931 N JUPITER RD,75042,liquor_store,TABC,32.930690441427,-96.683244182657,48113019044,,1
BUY AND RIDE,110 N STORY RD,75061,liquor_store,TABC,32.815725573794,-96.976363290982,48113015202,,1
AC Hotel - Residence Inn Dallas Downtown,1712 Commerce St,75201,liquor_store,TABC,32.780307938055,-96.796727798386,48113003103,,1
HAMPTON INN & SUITES RICHARDSON,2250 N GLENVILLE DR,75082,liquor_store,TABC,32.980726226173,-96.706627751407,48113019052,,1
SpringHill Suites Dallas Downtown,1907 N Lamar St,75202,liquor_store,TABC,32.782875056442,-96.806391500359,48113002100,,1
BENNY'S FOOD MART,5942 ABRAMS RD STE 100,75231,liquor_store,OSM;TABC,32.8577045,-96.74810079999999,48113007809,,2
Z MAGIC FOOD STORE,1141 E WALNUT ST STE A,75040,liquor_store,TABC,32.914511112731,-96.615787080124,48113018105,,1
EZ Trip Beer and Wine,1604 W Bruton Rd,75149,liquor_store,TABC,32.748456831445,-96.621620957785,48113017604,,1
SUNNY'S MART 1,1502 IH 30 EAST,75043,liquor_store,TABC,32.8631694,-96.5452073,48113018141,,1
SUNNY'S MART 2,1538 IH 30 EAST,75043,liquor_store,TABC,32.8637159,-96.5442571,48113018141,,1
HOPS & GRAPES,8008 HERB KELLEHER WAY MAIN TERMINAL C2595 DALLAS LOVE TERMINAL BUILDING,75235,liquor_store,TABC,32.8438345,-96.8484951,48113980100,,2
DAILY STOP,9901 ROYAL LN STE 108,75231,liquor_store,TABC,32.894615476717,-96.716971794906,48113013009,,1
AMERICAN SPIRITS BEVERAGE CO,14821 INWOOD ROAD,75001,liquor_store,TABC,32.949850349838,-96.829232223982,48113013806,,1
Dairy Way,5235 w davis st suite 101,75211,liquor_store,TABC,32.749737569073,-96.910607634278,48113010701,,1
AK CONOCO,3321 S Garland Ave,75041,liquor_store,TABC,32.874952350558,-96.663189015696,48113018501,,1
Mister O1 - Extraordinary Pizza,3838 Oak Lawn Ave Ste 175,75219,liquor_store,TABC,32.81527672455,-96.802237815596,48113000606,,1
Macarthur Beer-Wine & Gas,705 N MacArthur Blvd,75061,liquor_store,TABC,32.827401460918,-96.957937990009,48113014502,,1
Discount Liquor,201 S Belt Line Rd Ste 103,75060,liquor_store,TABC,32.814134294958,-96.993941786028,48113015304,,1
AFRICAN VILLAGE RESTAURANT,3003 N BELT LINE RD,75062,liquor_store,TABC,32.847573209553,-96.99235740525,48113014153,,1
Reddys Liquor,700 N MacArthur Blvd,75061,liquor_store,TABC,32.821138355121,-96.959101251848,48113014502,,1
LA AZTECA MEAT MARKET #11,4611 COLUMBIA AVENUE SUITE 103,75234,liquor_store,TABC,32.792823352517,-96.766643891447,48113001502,,1
FRANKS CORNER,2150 E Belt Line Rd,75081,liquor_store,TABC,32.94516001056,-96.684135632148,48113019024,,1
TIGER MART 17,710 E BELT LINE RD,75104,liquor_store,TABC,32.589831098058,-96.927239541308,48113016626,,1
Scorpion Liquor,9400 Lakeview Pkwy Suite 127,75088,liquor_store,TABC,32.920511811796,-96.510537947242,,,1
ALCOHAUL BEER SPIRITS & WINE,4835 N O CONNER RD STE 112,75062,liquor_store,TABC,32.864735383291,-96.949830662394,48113014313,,1
Alcohaul Beer Spirits Wine,5330 N MacArthur Blvd Suite 112,75038,liquor_store,TABC,32.88132460000001,-96.9626636,48113014313,,1
ALDI (TEXAS) L.L.C. #54,1601 NORTHWEST HWY,75041,liquor_store,TABC,32.864227158633,-96.652023043847,48113018401,,1
ALDI (TEXAS) LLC #16,3635 GUS THOMASSON RD,75150,liquor_store,TABC,32.814244770502,-96.635488083708,48113017820,,1
ALDI (TEXAS) LLC #20,2926 S BUCKNER BOULEVARD,75227,liquor_store,TABC,32.761096032012,-96.682642198114,48113009001,,1
ALDI (TEXAS) LLC #23,13548 PRESTON RD,75240,liquor_store,TABC,32.932349818617,-96.803524369232,48113013608,,1
ALDI (TEXAS) LLC #43,3128 FOREST LANE #245,75243,liquor_store,TABC,32.909592262517,-96.871243752446,48113009607,,1
ALDI (TEXAS) LLC #56,2440 W ILLINOIS AVE,75233,liquor_store,TABC,32.72016598101,-96.857957400849,48113010804,,1
ALDI (TEXAS) LLC #63,805 E BELT LINE RD,75104,liquor_store,TABC,32.589959203321,-96.925288975069,48113016630,,1
ALDI (TEXAS) LLC #66,912 E IRVING BLVD,75060,liquor_store,TABC,32.813444260722,-96.95704663438,48113014903,,1
ALDI (TEXAS) LLC #70,424 E PIONEER PARKWAY,75051,liquor_store,TABC,32.709608357039,-96.999455442473,48113016204,,1
ALDI (TEXAS) LLC #72,8034 CHRYSALIS DR,75237,liquor_store,TABC,32.648434182547,-96.858807378983,48113010906,,1
ALDI (TEXAS) LLC #74,102 W PLEASANT RUN RD,75115,liquor_store,TABC,32.604030527529,-96.857314893014,48113016618,,1
ALDI TEXAS L.L.C. # 42,4120 GASTON AVE,75246,liquor_store,TABC,32.794046915288,-96.776621574031,48113001502,,1
ALDI TEXAS L.L.C. #29,1518 W BUCKINGHAM RD,75042,liquor_store,TABC,32.930540556895,-96.650113480498,48113018900,,1
ALDI TEXAS L.L.C. #34,1549 E BELT LINE RD,75081,liquor_store,TABC,32.945474029566,-96.696787436925,48113019023,,1
ALDI TEXAS L.L.C. #35,5828 ABRAMS RD,75214,liquor_store,TABC,32.855866334958,-96.750521679376,48113007902,,1
ALDI TEXAS L.L.C. #58,2962 N BELT LINE RD,75062,liquor_store,TABC,32.846454537352,-96.992242241683,48113014306,,1
ALDI TEXAS LLC #32,3500 LAKEVIEW PKWY STE 200,75088,liquor_store,TABC,32.907419933131,-96.569186279872,48113018133,,1
ALDI TEXAS LLC #5,3632 FRANKFORD RD STE 200C,75287,liquor_store,TABC,32.99689825301,-96.854748387784,,,1
ALDI TEXAS LLC #64,333 S CEDAR RIDGE RD,75116,liquor_store,TABC,32.648711081941,-96.925693645693,48113016519,,1
QUICK STOP,1336 N GALLOWAY AVE STE 100,75149,liquor_store,OSM;TABC,32.781862333596,-96.600710645213,48113017705,,2
EC Mart,2307 Ann Arbor Ave,75216,liquor_store,TABC,32.698656128562,-96.783801283503,48113008703,,1
LA AZTECA MEAT MARKET #8,1550 N INTERSTATE 35 E,75134,liquor_store,TABC,32.606712213083,-96.822504713663,48113016709,,1
BEVERAGE DEPOT,2810 SAMUELL BLVD # A,75223,liquor_store,TABC,32.792911811504,-96.746156568656,48113001202,,1
BEVERAGE DEPOT,6575 E NW HWY,75214,liquor_store,TABC,32.8561603,-96.74654790000001,48113007809,,1
BEVERAGE DEPOT #4,5050 LAKEVIEW PKWY,75088,liquor_store,TABC,32.907700371391,-96.553659611584,48113018133,,1
BEVERAGE DEPOT #5,10222 N STEMMONS FWY,75220,liquor_store,TABC,32.8634872,-96.8930928,48113009900,,1
EPHESUS MEDITERRANEAN GRILL,10455 N CENTRAL EXPY STE 118,75231,liquor_store,TABC,32.888774334903,-96.770191047127,48113013107,,1
BETA C-STORE,2860 E LEDBETTER DRIVE,75216,liquor_store,TABC,32.693763183589,-96.773350994958,48113008705,,1
GOOD TO GO,920 HWY 67 NORTH,75104,liquor_store,TABC,32.604920937654,-96.929984381409,48113016629,,1
PANTHER MARKET,454 E HIGHWAY 67,75137,liquor_store,TABC,32.632353340212,-96.899889055665,48113016636,,1
7-ELEVEN CONVENIENCE STORE #30421B,1428 OATES DRIVE,75150,liquor_store,TABC,32.8416189,-96.6241495,48113018130,,1
Mr Joe's Food Mart,2937 Motley Dr,75150,liquor_store,TABC,32.804007750863,-96.648079339041,48113017806,,1
Whistle Food Mart ,995 W Beltline Road,75146,liquor_store,TABC,32.592213944339,-96.780591929401,48113016806,,1
PENNY SAVER FOOD STORE,14330 MARSH LANE,75001,liquor_store,TABC,32.939307684383,-96.855683180392,48113013805,,1
Walnut Mart,2992 Walnut Hill Ln,75229,liquor_store,TABC,32.880857776999,-96.877861840355,48113009803,,1
WALNUT FOOD MART,9790 WALNUT ST,75243,liquor_store,TABC,32.92299059429,-96.718375211356,48113019034,,1
JEFFERSON MART,1325 E JEFFERSON ST,75051,liquor_store,TABC,32.745004965674,-96.98853829626,48113015900,,1
Elmer's,2101 S Riverfront Blvd,75207,liquor_store,TABC,32.7593725,-96.79363730000001,48113020402,,1
VIVA FOOD,535 N PLANO ROAD,75042,liquor_store,TABC,32.917250921261,-96.700445984829,48113019045,,1
1 QUICK STOP,3525 W LEDBETTER DRIVE SUITE A,75233,liquor_store,TABC,32.691317470742,-96.877775260694,48113010806,,1
BRUTON STORE,9199 BRUTON ROAD,75217,liquor_store,TABC,32.748830419833,-96.663536016288,48113009002,,1
TOWNE CENTRE MART,2604 TOWNE CENTRE DRIVE SUITE 1,75150,liquor_store,TABC,32.802631750894,-96.624313685317,48113017817,,1
Beyond The Butchers,920 South Harwood St STE 168,75201,liquor_store,TABC,32.777416132378,-96.790653625129,48113020402,,1
CITY FOOD MART,2847 ROYAL LN,75229,liquor_store,TABC,32.895335779164,-96.882241281215,48113009610,,1
AMIGO LIQUOR BEER & WINE,203 S BELTLINE RD STE 400,75051,liquor_store,TABC,32.744690799726,-96.994560086204,48113016002,,1
EL RIO GRANDE SUPERMERCADO #4,901 W MILLER RD,75041,liquor_store,TABC,32.894517867387,-96.64260337852,48113018700,,1
LBJ FOOD MART,13015 JUPITER ROAD SUITE 100,75238,liquor_store,TABC,32.872906816617,-96.683254339559,48113013011,,1
PARKIT MARKET,4724 GREENVILLE AVENUE SUITE A,75206,liquor_store,TABC,32.844927277741,-96.769926780345,48113007914,,1
BUCKNER TIGER MART #76,3424 S BUCKNER BLVD,75227,liquor_store,TABC,32.766411575354,-96.682622368079,48113009001,,1
EL NUEVO AMANECER,4340 MAPLE AVE,75219,liquor_store,TABC,32.809404009265,-96.820032121036,48113000405,,1
LA AZTECA MEAT MARKET,2712 W IRVING BLVD,75061,liquor_store,TABC,32.830196060658,-96.982194503485,48113014405,,1
Angie's Fruteria,1101 E Jefferson St,75051,liquor_store,TABC,32.744865430068,-96.991862940949,48113015900,,1
ABRAMS FOOD MART,9730 ABRAMS RD STE 114,75243,liquor_store,TABC,32.9086725,-96.7349415,48113007810,,1
DAIRY MART #1,3622 W JEFFERSON BLVD,75211,liquor_store,TABC,32.740280215785,-96.87889023348,48113019900,,1
DI ROSANI'S,105 S MAIN STREET,75060,liquor_store,TABC,32.813739522887,-96.946252867175,48113014903,,1
ANTOJITOS ROSY TAQUERIA,1211 S Main St STE A,75137,liquor_store,TABC,32.639317241655,-96.908466374607,48113016531,,1
Hippo Beverage,1310 W Spring Valley Rd,75080,liquor_store,TABC,32.939927464986,-96.765278768285,48113019214,,1
Springhill Suites By Marriott Dallas Addison,15255 Quorum Dr,75001,liquor_store,TABC,32.954990692441,-96.826337390299,48113013628,,1
APPLEJACKS LIQUOR,8704 CYPRESS WATERS BLVD STE 100,75063,liquor_store,TABC,32.923831488647,-96.991212277996,48113014150,,1
7-Eleven Convenience Store #35398B,2509 Firewheel Pkwy,75040,liquor_store,TABC,32.9376787,-96.6039295,48113018152,,1
BIG FIVE,1499 S PEACHTREE RD,75180,liquor_store,TABC,32.747610396032,-96.631242093411,48113011902,,1
TRACK NINE,12516 E NORTHWEST HWY,75228,liquor_store,TABC,32.863966973024,-96.665342074876,48113012601,,1
THE LOCAL SHOPPE #701,5012 BELT LINE RD,75254,liquor_store,TABC,32.953958935395,-96.824157843573,48113013628,,1
ARAPAHO FOOD MART,555 W ARAPAHO ROAD,75080,liquor_store,TABC,32.962949445999,-96.738247272416,48113019203,,1
COLUMBIA FOOD MART,5530 COLUMBIA AVE,75214,liquor_store,TABC,32.800281215211,-96.757117241417,48113002400,,1
KWIK MART,1726 E MAIN STREET,75050,liquor_store,TABC,32.748299111383,-96.98110923656,48113015600,,1
URBAN CENTER MARKET,387 E Las Colinas Blvd Suite 106,75039,liquor_store,TABC,32.864927520081,-96.936488379471,48113014208,,1
Ardy's,15615 Quorum Dr,75001,liquor_store,TABC,32.961836026717,-96.826032211579,48113013628,,1
LA MICHOACANA MEAT MARKET DALLAS #2,8702 SPRING VALLEY RD STE C,75240,liquor_store,TABC,32.939909934926,-96.752407996669,48113019213,,1
ARHAMNA FOOD MART,3701 ESTERS RD STE 109,75038,liquor_store,TABC,32.85756110000001,-97.0086049,48113014161,,1
H & B EASY WAY GROCERY,118 GLENFIELD DR,75040,liquor_store,TABC,32.896016937943,-96.630585830204,48113018204,,1
Paradise Quick Stop #18,1005 S Riverfront Blvd,75207,liquor_store,TABC,32.7654016,-96.8034512,48113020402,,1
XPRESS FOOD MART,1225 BELT LINE RD STE 103,75040,liquor_store,TABC,32.944851215556,-96.645361902385,48113019027,,1
KWICK STOP,11120 ELAM ROAD,75180,liquor_store,TABC,32.719288906018,-96.635940737824,48113011702,,1
FINLEY FOOD MART,3329 N STORY ROAD,75062,liquor_store,TABC,32.850248729012,-96.976489315002,48113014306,,1
TOBACCO CHEAPER,2145 N JOSEY LN STE 110,75006,liquor_store,TABC,32.973734224274,-96.890042207262,48113013716,,1
Shop And Go,1900 N Hall St,75204,liquor_store,TABC,32.797083256121,-96.790966785408,48113001601,,1
7-Eleven Convenience Store #34112C,4747 Greenville Ave,75206,liquor_store,TABC,32.8450935589,-96.770209544743,48113007914,,1
VIVA FOOD MARKET,6760 SHADYBROOK LN,75231,liquor_store,TABC,32.868589026393,-96.763067163198,48113007819,,1
KWIK STOP,4219 GASTON AVENUE,75246,liquor_store,TABC,32.794774103418,-96.775945930833,48113001504,,1
CORDON WINES,13612 MIDWAY RD SUITE 333-1,75244,liquor_store,TABC,32.93336216999,-96.838864833423,48113013806,,1
Assembly House Wine Co,129n Collins Rd Ste 2103,75182,liquor_store,TABC,32.793839324786,-96.561279798842,48113018159,,1
Speedy B Mart 2,7902 Esters Blvd,75063,liquor_store,TABC,32.916634218491,-97.007850661077,48113014124,,1
FAST TRAC FOOD MART,1702 W Main St STE A,75050,liquor_store,TABC,32.740995679125,-97.026327163543,48113015404,,1
ATHENEOS GREEK VILLAGE CAFE,1425 GROSS ROAD SUITE 100,75149,liquor_store,TABC,32.783416273435,-96.627137606411,48113017805,,1
FLAMINGO BEER WINE BEVERAGES,14444 DALLAS PKWY STE 115,75254,liquor_store,TABC,32.945060908232,-96.822571477489,48113013625,,2
Eagle Liquor,4703 Maple Ave,75219,liquor_store,TABC,32.813580253862,-96.825243590453,48113000401,,1
YOUR STOP,2433 PARKCREST DR,75041,liquor_store,TABC,32.891115350483,-96.665012933362,48113018501,,1
TEXACO FOOD MART 100,1901 N GARLAND AVE,75040,liquor_store,TABC,32.930012072822,-96.648378066964,48113018900,,1
7-ELEVEN CONVENIENCE STORE #26151A,1410 E ILLINOIS AVE,75216,liquor_store,TABC,32.7197944,-96.8042045,48113005500,,1
RED CORNER,5522 CHIESA RD,75088,liquor_store,TABC,32.90996221731,-96.531305227709,48113018134,,1
C-STORE,3128 MCKINNEY AVE,75204,liquor_store,TABC,32.802175670017,-96.800702781777,48113001703,,1
Azure N Estates LLC,2002 State Highway 66 Hwy,75040,liquor_store,TABC,32.909942743933,-96.598624560077,48113018203,,1
7-ELEVEN CONVENIENCE STORE #18717A,2223 S BECKLEY AVENUE,75224,liquor_store,TABC,32.72114014384,-96.822919162776,48113005400,,1
COST PLUS BEER & WINE,4712 2ND AVENUE,75210,liquor_store,TABC,32.7617808,-96.7449876,48113020800,,1
B-HAT'S MART,2604 N Story Rd,75062,liquor_store,TABC,32.841896438377,-96.976392898591,48113014316,,1
B-Z SHOP FOOD STORE #1,3020 BIG TOWN BLVD,75150,liquor_store,TABC,32.806169504559,-96.66808267627,48113017900,,1
BIG AL'S SMOKEHOUSE,3317 INWOOD ROAD SUITE 100,75235,liquor_store,TABC,32.828348116363,-96.828371384772,48113000409,,1
RAMEN HAKATA,3714 BELT LINE RD,75001,liquor_store,TABC,32.95303193691,-96.85497616952,48113013726,,1
BACK COUNTRY BAR-B-Q,6940 GREENVILLE AVE,75231,liquor_store,TABC,32.872602247834,-96.763584244879,48113007815,,1
7-Eleven Convenience Store #39047D,10025 N MacArthur Blvd,75063,liquor_store,TABC,32.940460342305,-96.952214455819,48113014128,,1
Lookout Food Store ,7602 N Jupiter Rd Suite 102,75044,liquor_store,TABC,32.982429595615,-96.682265811734,48113019031,,1
BAINS BROTHERS PETROLEUM #6,591 W CAMPBELL RD,75080,liquor_store,TABC,32.977899987123,-96.739529638857,48113019211,,1
TAPS LIQUOR 3,10045 N MACARTHUR BLVD STE 101,75063,liquor_store,TABC,32.940460743644,-96.952214427152,48113014128,,1
SWAGGYS,17062 Preston Rd STE 138,75248,liquor_store,TABC,32.98392688138,-96.804144951282,48113013617,,1
BANGKOK CITY RESTAURANT,4301 BRYAN ST STE 101,75204,liquor_store,TABC,32.799009093608,-96.779424631393,48113001503,,1
BANH MI STATION,1818 SYLVAN AVE STE C100,75208,liquor_store,TABC,32.768505043802,-96.835670967424,48113004300,,1
CLARK GAS & CONVENIENCE STORE,626 N CLARK RD,75116,liquor_store,TABC,32.660022753663,-96.942967594716,48113016519,,1
SHELL/KWIKMART/POPEYES,9540 LAKE JUNE RD,75217,liquor_store,TABC,32.733961564473,-96.658010975463,48113011802,,1
MOTION,2995 S WESTMORELAND RD,75233,liquor_store,TABC,32.709553481531,-96.874303627337,48113010805,,1
LUCKY FOOD MART,3464 W CAMPBELL RD,75044,liquor_store,TABC,32.973060224132,-96.680815359941,48113019031,,1
Big Bass Grocery & Beer,2808 S Marsalis Ave,75216,liquor_store,TABC,32.712980661439,-96.814499378389,48113005600,,1
Sam's 99 Cent Store,817 W Pioneer Pkwy Ste 158,75051,liquor_store,TABC,32.7086608,-97.01716960000002,48113016419,,1
BAWA SHELL,5607 E R L THORNTON FWY,75223,liquor_store,TABC,32.791991302103,-96.746351851728,48113001202,,1
BAWA TEXACO,6808 LAKE JUNE ROAD,75217,liquor_store,TABC,32.734189403079,-96.704156020803,48113009301,,1
Bayside Liquor,8601 Sunset Blvd,75088,liquor_store,TABC,32.878223948232,-96.521396735338,48113018135,,1
Turkey Legs by Dickel,1229 Admiral Nimitz Circle Embarcadero Bldg 29 Plat 39 Park Centennial,75210,liquor_store,TABC,32.7811845,-96.7598774,48113020300,,1
Express Food and Washateria,1951 E Grauwyler Rd,75061,liquor_store,TABC,32.830724825789,-96.917700168005,48113014701,,1
Black Bear Diner - Mesquite,3730 Towne Crossing Blvd,75150,liquor_store,TABC,32.815543047482,-96.630611872545,48113017819,,1
Seaneen Mart,1041 S Beckley Ave,75203,liquor_store,TABC,32.735111795155,-96.822861416261,48113004800,,1
EZ STOP #22,104 E Saner Ave,75216,liquor_store,TABC,32.713100980844,-96.822848210709,48113005600,,1
BEER & WINE C-STORE,9220 SKILLMAN ST STE 105,75243,liquor_store,TABC,32.903079478188,-96.714106629126,48113018506,,1
Brake Time,4385 S Westmoreland Rd STE 100,75237,liquor_store,TABC,32.69055582104,-96.881298692444,48113010903,,1
Stop & Go,1502 S Beltline Rd,75149,liquor_store,TABC,32.745764055027,-96.596920502879,48113017400,,1
BELTLINE SWIFT FOOD MART,862 BELT LINE ROAD,75040,liquor_store,TABC,32.940102195784,-96.639640324528,48113019026,,1
La Azteca Meat Market #12,1423 B N Belt Line Rd,75061,liquor_store,TABC,32.829686847928,-96.993837221996,48113014407,,1
DeSoto Food Mart,100 N Hampton Rd,75115,liquor_store,TABC,32.58977215563,-96.856885638422,48113016620,,1
LAKE JUNE LIQUOR,12600 LAKE JUNE RD STE B,75180,liquor_store,TABC,32.735784355862,-96.61119115791,48113017203,,1
MIS CASUELAS RESTAURANT,4202 MAIN ST,75226,liquor_store,TABC,32.789257548594,-96.769788979749,48113001502,,1
BERT'S,1229 ADMIRAL NIMITZ CIR EMBARCADERO BLDG 29 MAP PLAT NO. 11,75210,liquor_store,TABC,32.7811845,-96.7598774,48113020300,,1
SUPER 1 FOODS #649,125 HALL ROAD,75159,liquor_store,TABC,32.649132046895,-96.548471241168,48113017006,,1
PALMS LIQUOR,1710 W Mockingbird Ln B,75235,liquor_store,TABC,32.822156341792,-96.856934458527,48113010001,,1
SPEEDY SHOP,2904 VALLEY VIEW LN,75234,liquor_store,TABC,32.924310578802,-96.880307583936,48113014001,,1
Kulsum's Chevron,2525 N Josey Ln,75006,liquor_store,TABC,32.983363543296,-96.890217391273,48113013720,,1
DESOTO BEER & WINE,1031 E PLEASANT RUN RD,75115,liquor_store,TABC,32.604405593258,-96.832413738373,48113016610,,1
A MOTION FOOD MART,829 S CORINTH STREET RD,75203,liquor_store,TABC,32.739732698681,-96.798557592572,48113021000,,1
BIAGIO WINE & SPIRIT,2404 VICTORY PARK LN,75219,liquor_store,TABC,32.788128819272,-96.809385414338,48113001902,,1
CIRCLE K #2740759,3341 N TOWN EAST BOULEVARD,75150,liquor_store,TABC,32.801718264851,-96.646522744219,48113017806,,1
CIRCLE K #2740768,903 N DALLAS AVENUE,75146,liquor_store,TABC,32.600082809828,-96.756573577988,48113016803,,1
CIRCLE K #2740792,3030 MILITARY PARKWAY,75149,liquor_store,TABC,32.768234962697,-96.643239821541,48113017602,,1
CIRCLE K #2740793,1505 S BELT LINE ROAD,75149,liquor_store,TABC,32.746422712786,-96.596861501525,48113017203,,1
CIRCLE K #2740796,1102 S COCKRELL HILL,75137,liquor_store,TABC,32.64056619999999,-96.8909833,48113016637,,1
CIRCLE K #2741192,3511 W DAVIS STREET,75211,liquor_store,TABC,32.749663427893,-96.876824176683,48113006800,,1
CIRCLE K #2741199,102 E ARAPAHO ROAD,75081,liquor_store,TABC,32.9601675,-96.7241459,48113019102,,1
CIRCLE K #2741740,2146 N JOSEY LANE,75006,liquor_store,TABC,32.971677119524,-96.889793706824,48113013720,,1
CIRCLE K #2741742,401 E FM 1382,75104,liquor_store,TABC,32.593425771971,-96.938106735351,48113016629,,1
CIRCLE K #2742055,3950 VALLEY VIEW LANE,75062,liquor_store,TABC,32.856298639791,-97.021117152686,48113014147,,1
CIRCLE K #2742413,1401 N BELT LINE ROAD,75061,liquor_store,TABC,32.829361354352,-96.993842646908,48113014407,,1
CIRCLE K #2742419,5401 N MACARTHUR BOULEVARD,75038,liquor_store,TABC,32.883477736772,-96.964269426483,48113014319,,1
CIRCLE K #2744488,13105 SEAGOVILLE ROAD,75180,liquor_store,TABC,32.704874321176,-96.606176630539,48113017204,,1
CIRCLE K #2744517,1145 IH 30,75150,liquor_store,TABC,32.83315388532,-96.613577184516,48113018130,,1
CIRCLE K #2744529,531 E MALLOY BRIDGE RD,75159,liquor_store,TABC,32.635523350107,-96.54142970383,48113017006,,1
VILLAGE LIQUOR,9508 WEBB CHAPEL RD # 100,75220,liquor_store,TABC,32.863631364968,-96.860791591615,48113009802,,1
PHO CA DAO NOODLE & GRILL,4545 W WALNUT ST,75042,liquor_store,TABC,32.916709235061,-96.701430433877,48113019045,,1
BIRRIERIA AGUINAGA,2829 W NORTHWEST HWY STE 520,75220,liquor_store,TABC,32.857773946492,-96.873315218856,48113007204,,1
BIRRIERIA AGUINAGA,507 E MAIN ST,75050,liquor_store,TABC,32.745703409349,-96.997567920011,48113015500,,1
Birrieria Aguinaga,10346 Ferguson Rd,75228,liquor_store,TABC,32.837114323836,-96.670805673711,48113012502,,1
RNS FINAL STOP,3005 S CARRIER PKWY #101,75052,liquor_store,TABC,32.701561933281,-97.015350334911,48113016406,,1
WAGON BEER & WINE C-STORE,1721 Belt Line Rd,75044,liquor_store,TABC,32.9456211,-96.654275,48113019029,,1
Bitter Sisters Brewing Company,15103 Surveyor Blvd,75001,liquor_store,TABC,32.9547222,-96.84722219999999,48113013727,,1
BIZONE,3000 S BELT LINE ROAD,75181,liquor_store,TABC,32.725963852244,-96.601391479613,48113017314,,1
Onestop Shoppe,1220 E Davis St,75149,liquor_store,TABC,32.764230947938,-96.583321437996,48113017311,,1
Deez smoke 4 less,2915 Esters Rd,75062,liquor_store,TABC,32.846874734546,-97.008493641451,48113014148,,1
BROOKLYN DUMPLING SHOP,2548 Elm St,75226,liquor_store,TABC,32.783826763781,-96.787546940582,48113020401,,1
M & J FOOD STORE,4441 LAWNVIEW AVE STE B,75227,liquor_store,TABC,32.783195430883,-96.721504012518,48113008402,,1
Amigos Latinos,10818 Dennis Rd Suite 103,75229,liquor_store,TABC,32.895582573424,-96.881335439783,48113009611,,1
BLI 110 INC.,110 W AIRPORT FWY,75062,liquor_store,TABC,32.836614256236,-96.944627263733,48113014601,,1
POSCO BEER & WINE,1900 S JOSEY LN,75006,liquor_store,TABC,32.96467488744,-96.889922895209,48113020700,,1
Buckhorn Discount Liquor,14825 Inwood Rd 200,75001,liquor_store,TABC,32.949897867722,-96.829248733397,48113013806,,1
LIQUOR STOP,5477 N MACARTHUR BOULEVARD,75038,liquor_store,TABC,32.88426829889,-96.964266289284,48113014319,,1
BLUES PALACE II,3100 AL LIPSCOMB WAY,75215,liquor_store,TABC,32.774832,-96.76748820000002,48113020300,,1
BNG C-STORE,3260 IRVING BLVD,75247,liquor_store,TABC,32.808164090148,-96.872079797465,48113010003,,1
Bodega Fine Spirits,"10645 Harry Hines Blvd. Dallas, Texas 75220",75220,liquor_store,TABC,32.870124112172,-96.882946897992,48113009900,,1
BODEGA WINE,6434 E MOCKINGBIRD LN STE 109,75214,liquor_store,TABC,32.836356119451,-96.752178096403,48113008000,,1
TIGERMART #89,1436 W SPRING VALLEY ROAD,75080,liquor_store,TABC,32.939954935565,-96.76731023914,48113019214,,1
CORNER STOP,775 W BUCKINGHAM RD,75040,liquor_store,TABC,32.931016458331,-96.637940019513,48113019026,,1
BONNIEVIEW DALLAS,7410 Bonnie View Rd,75241,liquor_store,TABC,32.65660311563,-96.750259090704,48113020200,,1
Bangkok @ beltline,100 S Central Expy 108,75080,liquor_store,TABC,32.950597905767,-96.735252205755,48113019202,,1
sammy's barbecue,2126 Leonard St,75201,liquor_store,TABC,32.79220741376,-96.799391373659,48113001705,,1
Boxed Bites,6030 Luther Ln STE 160,75225,liquor_store,TABC,32.863535951748,-96.807886951743,48113007301,,1
Quick Elephant,3228 Military Parkway,75149,liquor_store,TABC,32.768245018202,-96.647712925835,48113017602,,1
VILA BRAZIL,2315 W AIRPORT FWY STE 135,75062,liquor_store,TABC,32.837650785193,-96.974665302989,48113014315,,1
Luigi's Italian Bistro,143 S Denton Tap Rd suite 190,75019,liquor_store,TABC,32.968087337318,-96.993736833091,48113014126,,1
BRETT'S BILTONG DTX,6501 Dalrock Rd Ste 102,75089,liquor_store,TABC,32.91822906379,-96.517947078297,48113018149,,1
Curio Kitchen & Market,129 Historic Town Square,75146,liquor_store,TABC,32.592391797642,-96.755683863191,48113016803,,1
HAPPY'S MARKET #1,3036 BROADWAY BOULEVARD,75041,liquor_store,TABC,32.8795287,-96.62163819999999,48113018205,,1
STOP N SAVE MART,115 N CARRIER PARKWAY,75050,liquor_store,TABC,32.742504345653,-97.015981698095,48113015404,,1
KWICK SAVE MART,7015 HOLLY HILL DR,75231,liquor_store,TABC,32.873951780899,-96.761017803452,48113007815,,1
The Hills Grocery,1207 E Red Bird Ln,75241,liquor_store,TABC,32.675034359492,-96.805568757121,48113011300,,1
Sweet Paris Creperie & cafe,5290 Belt Line Rd Suite 110,75254,liquor_store,TABC,32.953905567772,-96.815473487839,48113013622,,1
BUSHI BUSHI,4930 BELT LINE RD STE 100,75254,liquor_store,TABC,32.953968800539,-96.825547097562,48113013628,,1
CITY LINE BEER & WINE,3600 W JEFFERSON SUITE 100,75211,liquor_store,TABC,32.740340243629,-96.878641915861,48113019900,,1
CITY LINE LIQUOR,3600 W JEFFERSON SUITE 200,75211,liquor_store,TABC,32.740340243629,-96.878641915861,48113019900,,1
BUY LOW MART,8550 Plano Rd #102,75238,liquor_store,TABC,32.864965739594,-96.700338238556,48113013007,,1
ALLSUP'S #102316,5920 HIGHWAY 78,75048,liquor_store,TABC,32.97594460000001,-96.5949381,48113018154,,1
HONSUSHI,1902 E Belt Line Rd,75006,liquor_store,TABC,32.95360150468,-96.886874393639,48113013729,,1
E Z TRIP FOOD STORE #2,2944 N BUCKNER,75228,liquor_store,TABC,32.8098371,-96.6839449,48113012301,,1
KAIZEN,6501 DALROCK ROAD SUITE 116,75089,liquor_store,TABC,32.91822906379,-96.517947078297,48113018149,,1
OCTO FUEL #1,7014 N Stemmons Fwy,75247,liquor_store,TABC,32.815081088019,-96.866269293783,48113010001,,1
CK FOOD MART,506 N 1ST ST,75040,liquor_store,TABC,32.9173776,-96.6303868,48113018801,,1
CAFE MADRID INC.,4501 TRAVIS ST,75205,liquor_store,TABC,32.822131922554,-96.791189628211,48113000705,,1
CAFE MOMENTUM,1510 PACIFIC AVE,75201,liquor_store,TABC,32.782105813393,-96.799502311023,48113003103,,1
Element Dallas Las Colinas,606 W John Carpenter Fwy,75039,liquor_store,TABC,32.88442040831,-96.952753362589,48113014313,,1
TEXACO AT GRAND PRAIRIE,1402 N STATE HIGHWAY 161,75050,liquor_store,TABC,32.75745880000001,-97.02798299999999,48113015403,,1
La Primera Meat Market,3116 S 1st St  Ste 100,75041,liquor_store,TABC,32.878518527617,-96.630849788123,48113018206,,1
CARNITAS LA PRIMERA MEAT MARKET,8721 LAKE JUNE ROAD,75217,liquor_store,TABC,32.734341055456,-96.670178105975,48113009203,,1
CASEY'S #4499,224 S Collins Rd,75182,liquor_store,TABC,32.795385228145,-96.561095911861,48113018159,,1
King's pizza and draft,901 N Jupiter Rd ste 100,75081,liquor_store,TABC,32.9580936,-96.6831184,48113019023,,1
CRACKER BARREL OLD COUNTRY STORE #197,5304 N GALLOWAY AVE,75150,liquor_store,TABC,32.836623507903,-96.637016985447,48113018001,,1
CRACKER BARREL OLD COUNTRY STORE #266,1421 N INTERSTATE 35 E #SR,75115,liquor_store,TABC,32.6179119,-96.824451,48113016610,,1
LA SALSA VERDE,3235 S GARLAND AVE,75041,liquor_store,TABC,32.876413757848,-96.662137053804,48113018501,,1
LA SALSA VERDE TAQUERIA,1916 E BELT LINE RD STE A,75006,liquor_store,TABC,32.95358998804,-96.886827504473,48113013729,,1
AUTONOMOUS SOCIETY - DEANITUDE CRAFTED BEER,1928 S AKARD,75215,liquor_store,TABC,32.767040838171,-96.789194961704,48113020402,,1
Celestial Beerworks,2137 Butler St,75235,liquor_store,TABC,32.81422613178,-96.838816825634,48113000401,,1
Cenzo's Pizza & Deli,1700 W 10th St,75208,liquor_store,TABC,32.7450399,-96.84809750000001,48113005200,,1
7-ABC BEER TO GO,3021 LOMBARDY LN STE 104,75220,liquor_store,TABC,32.866494545494,-96.875095884992,48113009804,,1
Guapito's,4460 W Walnut St Ste 108,75042,liquor_store,TABC,32.916497340274,-96.699744432793,48113019033,,1
ORALE LIQUOR STORE,9702 BROCKBANK DRIVE SUITE 120,75220,liquor_store,TABC,32.869253112829,-96.875274426841,48113009804,,1
TALULAH & HESS,5810 LIVE OAK,75214,liquor_store,TABC,32.811843411479,-96.761669888256,48113001102,,1
HIGUMA,4135 BELT LINE RD STE 100,75001,liquor_store,TABC,32.954496009821,-96.841836060194,48113013727,,1
Tru by Hilton Dallas Market Center,1949 N Stemmons Fwy,75207,liquor_store,TABC,32.799077624706,-96.820631188751,48113010003,,1
COURTYARD MARKET,2280 VALLEY VIEW LANE,75062,liquor_store,TABC,32.838890049539,-97.02171950213,48113014148,,1
SPRINGHILL MARKET,2363 STEMMONS TRAIL,75220,liquor_store,TABC,32.86005419906,-96.889546819478,48113009900,,1
SPRINGHILL MARKET,5800 HIGH POINT DRIVE,75038,liquor_store,TABC,32.890570397732,-96.971410722654,48113014159,,1
OSAKA SUSHI & GRILL,4350 BELT LINE RD,75001,liquor_store,TABC,32.954184387,-96.837531720824,48113013806,,1
7-Eleven Convenience Store #42111A,2523 S Hampton Rd,75224,liquor_store,TABC,32.7210248,-96.85738049999999,48113010804,,1
Chef Crafted Kitchens,6211 Owens St Suite 100,75235,liquor_store,TABC,32.827533012507,-96.839029163228,48113000409,,1
Hunan Chef,2225 Old Denton Rd Ste 200,75006,liquor_store,TABC,32.976348196322,-96.910079364093,48113013719,,1
EL RANCHO #37,3460 W Walnut St STE 106,75042,liquor_store,TABC,32.917042987271,-96.682008195885,48113019013,,1
CHIPOTLE MEXICAN GRILL #3450,1420 E BELTLINE RD,75081,liquor_store,TABC,32.945264931616,-96.699450959594,48113019024,,1
CHIPOTLE MEXICAN GRILL #3542,1001 N INTERSTATE 35 STE 116A,75115,liquor_store,TABC,32.6057588,-96.8258465,48113016610,,1
CHIPOTLE MEXICAN GRILL #3602,2242 FORT WORTH AVE,75211,liquor_store,TABC,32.760609,-96.85911519999999,48113006800,,1
Chipotle Mexican Grill #3992,300 S Clark Rd,75116,liquor_store,TABC,32.648904872037,-96.942682402375,48113016519,,1
Chipotle Mexican Grill #5001,3201 Miles Rd,75048,liquor_store,TABC,32.943307522925,-96.58614592257,48113018120,,1
Chipotle Mexican Grill #5246,1831 Military Pkwy,75149,liquor_store,TABC,32.768662,-96.6262261,48113017602,,1
Chipotle Mexican Grill #5303,3921 Gaston Ave,75246,liquor_store,TABC,32.792570974913,-96.77857797281,48113002200,,1
Chipotle Mexican Grill #5564,550 W Interstate 30,75043,liquor_store,TABC,32.838899694141,-96.597325239919,48113017808,,1
Chipotle Mexican Grill #5582,8151 Lakeview Pkwy,75088,liquor_store,TABC,32.9146295,-96.5236396,48113018149,,1
BRYAN CONVENIENCE STORE,4900 Bryan St,75206,liquor_store,TABC,32.803786398191,-96.773453603911,48113001504,,1
KWICK PIK FOOD MART,520 N O'Connor Rd,75061,liquor_store,TABC,32.819132821681,-96.949463853368,48113014603,,1
HIHO GROCERY,105 E SANER AVE,75216,liquor_store,TABC,32.713215572219,-96.822848210702,48113005600,,1
CHOCOLATE SECRETS & WINE GARDENS LLC,3926 OAK LAWN AVE,75219,liquor_store,TABC,32.816563743201,-96.802265094057,48113000606,,1
RICHARDSON BEER & WINE,515 W CAMPBELL ROAD SUITE 105,75080,liquor_store,TABC,32.976016128393,-96.736547559317,48113019211,,1
CIRCLE K MANAGEMENT CK 127,1600 DALROCK RD,75088,liquor_store,TABC,32.876897095803,-96.518253654423,,,1
CIRCLE K MANAGEMENT CK 128,4902 LAKEVIEW PKWY,75088,liquor_store,TABC,32.907647792395,-96.555351946941,48113018133,,1
Circle K Management CK 134,1135 Gross Rd,75149,liquor_store,TABC,32.779258799319,-96.622347042612,48113017704,,1
Circle K Management CK 135,210 FM 1382,75104,liquor_store,TABC,32.594546596498,-96.939181385912,48113016626,,1
Circle K Management CK131,1310 S Buckner Blvd,75217,liquor_store,TABC,32.734581963511,-96.682741156623,48113009203,,1
CK 101,5526 E R L THORNTON FWY,75223,liquor_store,TABC,32.790846067715,-96.747117328062,48113002500,,1
Circle K #2706114,726 E PIONEER PKWY,75051,liquor_store,TABC,32.709586085414,-96.995308480997,48113016204,,1
Circle K #2709282,4700 N Interstate 45,75172,liquor_store,TABC,32.590473937077,-96.678160846196,48113016903,,1
CIRCLE K STORE #2706136,9616 AUDELIA RD,75238,liquor_store,TABC,32.8773388,-96.7175415,48113013012,,1
CITY FUTSAL,1224 S CESAR CHAVEZ BLVD,75201,liquor_store,TABC,32.777017,-96.78763389999999,48113020402,,1
Mesquite Golf Club,825 IH 30,75150,liquor_store,TABC,32.83396241453,-96.611901268477,48113018129,,1
CIVIL POUR,8061 WALNUT HILL LN STE 924,75231,liquor_store,TABC,32.881281363663,-96.766572672071,48113007822,,1
Maji Sushi,2633 McKinney Ave STE 140,75204,liquor_store,TABC,32.797506797926,-96.801487851899,48113001802,,1
HANABI RAMEN,2540 OLD DENTON ROAD SUITE 120,75006,liquor_store,TABC,32.979949081134,-96.909748195693,48113013719,,1
Clark Loan Stop,602 S Clark Rd,75137,liquor_store,TABC,32.6468676,-96.9424683,48113016513,,1
CLARK ROAD ACE HARDWARE LLC,7586 Mountain Creek Pkwy,75249,liquor_store,TABC,32.632579671526,-96.944433869817,48113016511,,1
EZ Stop 1,8351 Clark Rd,75236,liquor_store,TABC,32.647469767465,-96.94302866898,48113016528,,1
Circle ON,207 S Clark Rd,75104,liquor_store,TABC,32.586526900202,-96.942627138411,48113016626,,1
Terilli's To Go,2820 Greenville Ave,75206,liquor_store,TABC,32.823543909287,-96.770084298554,48113000202,,1
SPEEDMAX 6,9531 C F HAWN FWY,75217,liquor_store,TABC,32.70213288435,-96.658320087087,48113011702,,1
THE SHOPPE OF WINDSOR AT TURTLE CREEK,2217 IVAN ST # B9B,75201,liquor_store,TABC,32.797763368008,-96.809970766647,48113001901,,1
HOME BOYS DALLAS,1101 N Country Club Rd,75040,liquor_store,TABC,32.922159590988,-96.613805190244,48113018105,,1
HANS TEXACO,12920 PRESTON ROAD,75230,liquor_store,TABC,32.9247299,-96.80310340000001,48113013201,,1
JUPITER CHEVRON,2198 E ARAPAHO ROAD,75081,liquor_store,TABC,32.96047217071,-96.682827327734,48113019023,,1
COCKRELL HILL SHELL,4291 DFW TPKE,75211,liquor_store,TABC,32.8921983,-97.03912319999999,,,1
Mami Coco,2706 Samuell Blvd STE B,75223,liquor_store,TABC,32.792935633455,-96.748019949179,48113001202,,1
COKO BERRY,2220 Marsh Ln STE 115,75006,liquor_store,TABC,32.969806885481,-96.854551845869,48113013722,,1
C-KWIK STOP,106 S FITZHUGH AVE,75226,liquor_store,TABC,32.79499,-96.76326429999999,48113002400,,1
GUS'S WORLD FAMOUS FRIED CHICKEN,2904 Commerce St,75226,liquor_store,TABC,32.783433763407,-96.781841796772,48113020401,,1
COMMISSARY,1217 MAIN ST,75202,liquor_store,TABC,32.780280407832,-96.801140722394,48113003102,,1
Como en Casa ,3950 S Carrier Pkwy STE 126,75052,liquor_store,TABC,32.678114095763,-97.007045159346,48113016419,,1
CONCESSION STAFFING SERVICES LLC,1229 ADMIRAL NIMITZ CIRCLE EMBARCADERO BUILDING 29 MAP PLAT NO. 21,75210,liquor_store,TABC,32.7811845,-96.7598774,48113020300,,1
Concord Epic,2925 State Hwy 161 Including 2935 and 2945,75052,liquor_store,TABC,32.8796675,-96.9888594,48113980000,,1
7-ELEVEN CONVENIENCE STORE #25758,1600 E STATE HIGHWAY 356,75060,liquor_store,TABC,32.8088791,-96.9249002,48113014903,,1
COOL ZONE,4275 W NW HWY,75220,liquor_store,TABC,32.86410964168,-96.837450788178,48113009402,,1
COPPELL DELI & MARKET,449 W BETHEL RD,75019,liquor_store,TABC,32.954642629488,-97.004456997129,48113014126,,1
TRU BY HILTON COPPELL DFW AIRPORT NORTH,1560 POINT BLVD W,75019,liquor_store,TABC,32.9281329,-96.9971903,48113014126,,1
Coppell Springhill Market,150 Hackberry Rd,75019,liquor_store,TABC,32.9260379,-96.9919372,48113014157,,1
Rick's Smokehouse BBQ,1417 S Jupiter Rd,75042,liquor_store,TABC,32.900025109788,-96.683130292457,48113018506,,1
CC FOOD MART,7470 GREENVILLE AVENUE,75231,liquor_store,TABC,32.881498768769,-96.759666383846,48113007815,,1
COSTCO TEXAS BEVERAGES INC #1266,8055 CHURCHILL WAY,75251,liquor_store,TABC,32.9180923578,-96.767904692033,48113013202,,1
COSTCO TEXAS BEVERAGES INC. #636,250 W HIGHWAY 67,75137,liquor_store,TABC,32.622714577175,-96.910067573456,48113016636,,1
Cotton Patch Cafe,124 W Belt Line Rd Ste 3,75104,liquor_store,TABC,32.589878464326,-96.944917958785,48113016626,,1
Orale Food Mart,9702 Brockbank Dr Ste 100,75220,liquor_store,TABC,32.869253112829,-96.875274426841,48113009804,,1
COWBOY'S BEER BARN,908 S RIVERFRONT BOULEVARD,75207,liquor_store,TABC,32.7676609,-96.80476949999999,48113010002,,1
HARRYHINES SHELL,11237 HARRY HINES BLVD,75229,liquor_store,TABC,32.892499912679,-96.890455929734,48113009900,,1
Craft & Growler,3601 PARRY AVE,75226,liquor_store,TABC,32.781344223921,-96.766776344258,48113020300,,1
HILL TOWN BEVERAGE #3,867 N DUNCANVILLE RD,75116,liquor_store,TABC,32.663539738919,-96.908558048803,48113016535,,1
Crouching Tiger Hidden Dragon,328 N Greenville Ave # 10,75081,liquor_store,TABC,32.950131029942,-96.729070840116,48113019102,,1
CIRCLE K #2741592,3010 N WESTMORELAND RD,75212,liquor_store,TABC,32.780804449785,-96.87374947677,48113020500,,1
CIRCLE K #2744507,3980 S BELT LINE ROAD,75052,liquor_store,TABC,32.687867661584,-96.985002062878,48113016409,,1
Culinary Community Kitchen,4401 N Belt Line Rd,75150,liquor_store,TABC,32.824663279877,-96.5959809927,48113017808,,1
CUZCO CUISINE PERUVIAN RESTAURANT,100 S Central Expy STE 44,75080,liquor_store,TABC,32.950597905767,-96.735252205755,48113019202,,1
Cedars Village Market,2020 South Harwood Street,75215,liquor_store,OSM;TABC,32.771825226793,-96.783129592621,48113020402,True,2
Homewood Suites Dallas,1025 Elm St,75202,liquor_store,TABC,32.78056079514,-96.80371425714,48113003102,,1
TownePlace Suites By Marriott,4800 Plaza Dr,75063,liquor_store,TABC,32.9156897,-97.01545469999999,48113014159,,1
NEW RUSH HOUR FOOD MART,8912 LAKE JUNE ROAD,75217,liquor_store,TABC,32.733997870348,-96.666843817287,48113009202,,1
New Valley Mart,8702 Spring Valley Rd Ste D,75240,liquor_store,TABC,32.939909934926,-96.752407996669,48113019213,,1
RICHARDSON SQUARE MART,1401 E BELT LINE ROAD,75081,liquor_store,TABC,32.94546616238,-96.695929686853,48113019023,,1
BELTLINE MART,1433 S Beltline Rd Suite 110,75149,liquor_store,TABC,32.747488778862,-96.59676794004,48113017500,,1
DAVIS STREET MERCANTILE LLC,710 W DAVIS ST,75208,liquor_store,TABC,32.749406974471,-96.834521092393,48113004700,,1
EZ Quick Mart,4210 W Camp Wisdom Rd Ste 230,75237,liquor_store,TABC,32.661857859145,-96.887641994916,48113010904,,1
CHA CHA CHA GRILL,4916 MILITARY PKWY,75227,liquor_store,TABC,32.783555339804,-96.732772848785,48113002500,,1
THE CORNER LOUNGE,5328 S LAMAR ST,75215,liquor_store,TABC,32.743507151806,-96.759334558296,48113020900,,1
BEVERAGE CITY #7,4400 BASS PRO DR,75043,liquor_store,TABC,32.864066999914,-96.542670893744,48113018141,,1
7-Eleven Convenience Store #32917B,1360 S Plano Rd,75081,liquor_store,TABC,32.932317683914,-96.700204702872,48113019039,,1
Umi Sushi,4430 Lavon Dr STE 306,75040,liquor_store,TABC,32.9570823,-96.6157401,48113018152,,1
DAQ AND MAG DAIQUIRIS,3431 W CAMP WISDOM RD,75237,liquor_store,TABC,32.6628496,-96.8769775,48113010904,,1
OCEAN CRAWFISH SEAFOOD & GRILL,1610 E Belt Line Rd,75081,liquor_store,TABC,32.945236977827,-96.695314738164,48113019024,,1
Daily-Dash Mart LLC,9780 Lyndon B Johnson Fwy #100 C,75243,liquor_store,TABC,32.90301652347,-96.722260561438,48113007834,,1
Daiquiri Paradise,735 N Westmoreland Rd Ste X-112,75211,liquor_store,TABC,32.749257113296,-96.8742380824,48113006702,,1
DALLAS DISCOUNT TOBACCO,3653 HOLMES ST,75215,liquor_store,TABC,32.755643401198,-96.772421263012,48113020900,,1
EZ Trip # 27,818 S Central Expy Ste 21,75080,liquor_store,TABC,32.940617897556,-96.745876976678,48113019202,,1
7-Eleven Convenience Store #38461B,2450 Gus Thomasson Rd,75228,liquor_store,TABC,32.834696587468,-96.673928470708,48113012400,,1
BUY N SAVE DISCOUNT BEER & WINE,5002 2ND AVENUE,75210,liquor_store,TABC,32.7599249,-96.7427714,48113020800,,1
DALLAS WHOLESALE LIQUOR,2617 FREEWOOD DR,75220,liquor_store,TABC,32.87055990429,-96.889183542316,48113009900,,1
Neighborhood Sushi,4216 Oak Lawn Ave,75219,liquor_store,TABC,32.820010278166,-96.802300008688,48113019800,,1
DALLAS REGENCY LLC,300 REUNION BOULEVARD,75207,liquor_store,TABC,32.775018007876,-96.810696244386,48113020402,,1
NAZ FOOD MART,1804 S 1ST ST,75040,liquor_store,TABC,32.8958797,-96.6306149,48113018204,,1
DALLAS SOCCERPLEX,1315 S HENDERSON AVE,75223,liquor_store,TABC,32.790182293835,-96.749343299999,48113002500,,1
Dallas Sunny Street - Josey Ranch LLC,2150 N Josey Lane  Ste 132,75006,liquor_store,TABC,32.971809464011,-96.889789981301,48113013720,,1
DALLAS SUPERSTORE,3212 N JUPITER RD STE 100,75044,liquor_store,TABC,32.947134717315,-96.682596194558,48113019029,,1
Tacos Al Carbon,1916 Walnut Plaza Ste 100,75006,liquor_store,TABC,32.956025820804,-96.888632074138,48113013718,,1
ONE STOP FOOD & BEVERAGES,10560 NEW CHURCH RD,75238,liquor_store,TABC,32.885588401269,-96.703094575635,48113013005,,1
GOODFRIEND PACKAGE,1155 PEAVEY ROAD,75218,liquor_store,TABC,32.839279691734,-96.697206544186,48113008200,,1
SWIFT-T,2908 SAMUELL BLVD STE 100,75223,liquor_store,TABC,32.792905090907,-96.744167004905,48113001202,,1
GATEWAY 01,102 S Beltline Rd,75253,liquor_store,TABC,32.702880075356,-96.586225168358,48113017101,,1
TEXAS BEST 6,4295 S BELT LINE Rd,75180,liquor_store,TABC,32.712432736363,-96.586323923915,48113017315,,1
DANIEL S. BOSCHERT INC.,2606 N STEMMONS FWY,75207,liquor_store,TABC,32.807548291382,-96.841160768198,48113010001,,1
DANNY'S LIQUOR BEER & WINE,2001 W NORTHWEST HWY STE 120,75220,liquor_store,TABC,32.867225286171,-96.90776833183,48113009900,,1
DAQS 2 GEAUX,3733 N TOWN EAST BLVD STE 200,75150,liquor_store,TABC,32.797215995848,-96.651884796838,48113017806,,1
C STORE,5001 W Davis St,75211,liquor_store,TABC,32.749728568946,-96.907596574032,48113010701,,1
SAMS BEER AND WINE,723 E Miller Rd,75041,liquor_store,TABC,32.894313529419,-96.624961074125,48113018204,,1
DON CUCO MEAT MARKET,1701 S PEACHTREE RD,75180,liquor_store,TABC,32.745710880578,-96.631252069209,48113011902,,1
DCCT 3,1518 W Northwest Highway,75041,liquor_store,TABC,32.863964620121,-96.650556726408,48113018403,,1
NORTH OAK CLIFF BEER & WINE,1301 W DAVIS STREET,75208,liquor_store,TABC,32.749557566198,-96.842873090296,48113004202,,1
Bonchon,3036 Mockingbird Ln,75205,liquor_store,TABC,32.836641547053,-96.78070688064,48113019302,,1
Del Rio Mexican Restaurant,421 W Lawson Rd Ste 41B,75253,liquor_store,TABC,32.695889820835,-96.578601259716,48113017101,,1
MK Food Market ,8000 S Loop 12,75217,liquor_store,TABC,32.7120438,-96.6848395,48113011601,,1
FINA MART #1,1612 E MAIN STREET,75050,liquor_store,TABC,32.747846475144,-96.983803702014,48113015600,,1
Walnut Beer and Wine,2947 Walnut Hill Ln STE 102,75229,liquor_store,TABC,32.88112854291,-96.879164223153,48113009701,,1
Daily foodmart,900 N Polk St ste 102,75115,liquor_store,TABC,32.610426432479,-96.839919595382,48113016610,,1
Athemy Food Mart,3629 Holmes St,75215,liquor_store,TABC,32.756539104249,-96.773482768569,48113020900,,1
FUEL TOWN,2201 W NW HWY,75220,liquor_store,TABC,32.861735928547,-96.891289674654,48113009900,,1
S&T FOOD STORE,3845 N GARLAND AVENUE SUITE 100,75040,liquor_store,TABC,32.951948038007,-96.654293952772,48113019027,,1
Dairy Mart,211 W Grubb Dr,75149,liquor_store,TABC,32.775414550901,-96.600528881384,48113017704,,1
THE GREAT STOP N SHOP,2403 WESTERN PARK DR,75211,liquor_store,TABC,32.720254376993,-96.894621024747,48113010809,,1
Homewood Suites by Hilton Coppell DFW Airport North,1540 Point W Blvd,75019,liquor_store,TABC,32.929133,-96.997468,48113014126,,1
BUCKINGHAM BEER & WINE,1529 W BUCKINGHAM RD STE 6,75042,liquor_store,TABC,32.931035783294,-96.649260160582,48113019048,,1
DS MINI MART,1946 N INTERSTATE 35,75006,liquor_store,TABC,32.9138042,-96.8965056,48113014001,,1
DLC Hotel Concessions LLC,4150 N MacArthur Blvd,75038,liquor_store,TABC,32.863315724395,-96.959955225732,48113014313,,1
DOLLAR GENERAL STORE #10090,1511 S BELT LINE RD,75051,liquor_store,TABC,32.725165015122,-96.994182889483,48113016201,,1
DOLLAR GENERAL STORE #10133,406 E BELT LINE ROAD,75172,liquor_store,TABC,32.5902466,-96.681371,48113016903,,1
DOLLAR GENERAL STORE #10329,1303 E MILLER RD,75041,liquor_store,TABC,32.894259528941,-96.613660269985,48113018203,,1
DOLLAR GENERAL STORE #10910,3338 BROADWAY BLVD STE 202,75043,liquor_store,TABC,32.874842866444,-96.616595151976,48113018110,,1
DOLLAR GENERAL STORE #10974,1290 PLEASANT VALLEY RD,75040,liquor_store,TABC,32.931827215171,-96.611716739557,48113018120,,1
DOLLAR GENERAL STORE #1220,5112 JUPITER RD,75044,liquor_store,TABC,32.9621458,-96.68144699999999,48113019031,,1
DOLLAR GENERAL STORE #1221,11903 LAKE JUNE RD STE A,75180,liquor_store,TABC,32.734195407075,-96.622421031989,48113017604,,1
DOLLAR GENERAL STORE #12342,4627 W KIEST BLVD,75236,liquor_store,TABC,32.705856514769,-96.899761229258,48113010805,,1
DOLLAR GENERAL STORE #12498,1530 N HAMPTON ROAD,75115,liquor_store,TABC,32.619461451556,-96.856857867685,48113016634,,1
DOLLAR GENERAL STORE #12856,8786 FERGUSON ROAD SUITE 186,75228,liquor_store,TABC,32.812737674061,-96.698661831267,48113012210,,1
DOLLAR GENERAL STORE #13077,1300 N BELT LINE RD,75149,liquor_store,TABC,32.780833199083,-96.596188320815,48113017706,,1
DOLLAR GENERAL STORE #13151,3617 SHEPHERD LN,75180,liquor_store,TABC,32.720560546597,-96.614127478686,48113017203,,1
DOLLAR GENERAL STORE #13707,3515 W NORTHWEST HWY,75220,liquor_store,TABC,32.860757016676,-96.85685892823,48113009802,,1
DOLLAR GENERAL STORE #15118,2600 W WINTERGREEN RD,75134,liquor_store,TABC,32.615136011794,-96.804043942623,48113016707,,1
DOLLAR GENERAL STORE #15500,1220 PIONEER ROAD,75149,liquor_store,TABC,32.751818703291,-96.583433977773,48113017312,,1
DOLLAR GENERAL STORE #15981,580 W LAWSON RD,75253,liquor_store,TABC,32.693595138949,-96.581216900154,48113017009,,1
Dollar General Store #1604,1690 W Polo Rd Ste 200,75052,liquor_store,TABC,32.658439358439,-97.027102490167,48113016410,,1
Dollar General Store #17248,3424 S Briery Rd,75060,liquor_store,TABC,32.806809104802,-96.99401741225,48113015305,,1
DOLLAR GENERAL STORE #1826,422 W CAMP WISDOM RD,75116,liquor_store,TABC,32.661680528755,-96.915539483242,48113016518,,1
DOLLAR GENERAL STORE #18546,12918 SEAGOVILLE RD,75180,liquor_store,TABC,32.704659937791,-96.606840083972,48113017204,,1
DOLLAR GENERAL STORE #1896,1464 W BUCKINGHAM RD,75042,liquor_store,TABC,32.930695028214,-96.649261548097,48113018900,,1
DOLLAR GENERAL STORE #19292,655 W ILLINOIS AVENUE SUITE 225 SUITE 225,75224,liquor_store,TABC,32.720496571302,-96.833630970911,48113006200,,1
DOLLAR GENERAL STORE #19327,11921 ELAM ROAD,75180,liquor_store,TABC,32.719357870051,-96.622110390218,48113017201,,1
Dollar General Store #19473,2511 S Beltline Rd,75253,liquor_store,TABC,32.667498837709,-96.612756092621,48113017102,,1
Dollar General Store #23032,1948 N Belt Line Rd,75061,liquor_store,TABC,32.83453,-96.9926,48113014405,,1
Dollar General Store #24176,3785 Bobtown Rd,75043,liquor_store,TABC,32.851158794913,-96.57297852517,48113018138,,1
Dollar General Store #25807,325 W Spring Valley Rd,75081,liquor_store,TABC,32.939905118868,-96.741092724847,48113019040,,1
DOLLAR GENERAL STORE #2939,1103 S JOSEY LANE #412,75006,liquor_store,TABC,32.951904779906,-96.890130959875,48113013729,,1
DOLLAR GENERAL STORE #3163,625 PIONEER RD STE 112,75149,liquor_store,TABC,32.760229112444,-96.583658583598,48113017400,,1
Dollar General Store #31905,604 E PIONEER PKWY,75051,liquor_store,TABC,32.709599926381,-96.997113823216,48113016204,,1
DOLLAR GENERAL STORE #3247,3480 S CARRIER PKWY STE 110,75052,liquor_store,TABC,32.685753634018,-97.012892473773,48113016419,,1
DOLLAR GENERAL STORE #3277,6551 DUCK CREEK DR,75043,liquor_store,TABC,32.8465297,-96.5976103,48113018128,,1
DOLLAR GENERAL STORE #3351,103 E BELT LINE RD STE A,75104,liquor_store,TABC,32.59003206268,-96.941239085938,48113016626,,1
DOLLAR GENERAL STORE #3369,839 W CENTERVILLE RD,75041,liquor_store,TABC,32.860819272163,-96.643186248595,48113018403,,1
DOLLAR GENERAL STORE #3560,531 W ARAPAHO ROAD SUITE 105,75080,liquor_store,TABC,32.9627345656,-96.736545478352,48113019203,,1
Dollar General Store #3896,728 W Wheatland Rd,75116,liquor_store,TABC,32.647288482529,-96.925840167472,48113016513,,1
DOLLAR GENERAL STORE #4098,3065 N JOSEY LN STE 50,75007,liquor_store,TABC,32.999248384404,-96.886862807832,,,1
DOLLAR GENERAL STORE #4203,521 W CAMPBELL RD,75080,liquor_store,TABC,32.976716338882,-96.737556219425,48113019211,,1
DOLLAR GENERAL STORE #4497,607 HWY 175 NORTH,75159,liquor_store,TABC,32.647628773378,-96.538968256974,48113017006,,1
DOLLAR GENERAL STORE #4515,508 N CARRIER PKWY,75050,liquor_store,TABC,32.7463777,-97.0163283,48113015500,,1
DOLLAR GENERAL STORE #4540,5610 ROWLETT RD,75089,liquor_store,TABC,32.909893957989,-96.567317378974,48113018140,,1
DOLLAR GENERAL STORE #584,1455 E BUCKINGHAM RD STE 200,75081,liquor_store,TABC,32.934817,-96.7300084,48113019040,,1
DOLLAR GENERAL STORE #6565,2253 W BELT LINE RD,75146,liquor_store,TABC,32.592669594227,-96.802791872739,48113016806,,1
DOLLAR GENERAL STORE #7105,6502 HIGHWAY 78,75048,liquor_store,TABC,32.980206712328,-96.589078992462,48113018154,,1
DOLLAR GENERAL STORE #7170,400 S NURSERY RD,75060,liquor_store,TABC,32.81039786335,-96.934422366457,48113014903,,1
DOLLAR GENERAL STORE #7193,2309 W ROCHELLE ROAD,75062,liquor_store,TABC,32.841843584001,-96.975280543512,48113014316,,1
DOLLAR GENERAL STORE #8278,1010 N POLK ST,75115,liquor_store,TABC,32.610582419559,-96.839901939285,48113016610,,1
DOLLAR GENERAL STORE #8497,1546 CLARK ROAD,75137,liquor_store,TABC,32.630127456435,-96.943246581527,48113016511,,1
DOLLAR GENERAL STORE #8993,2110 N GALLOWAY AVE STE 124,75150,liquor_store,TABC,32.793166593695,-96.612027146357,48113017814,,1
DOLLAR GENERAL STORE #9369,11255 GARLAND RD STE 200,75218,liquor_store,TABC,32.848573419887,-96.684233625562,48113012802,,1
DOLLAR GENERAL STORE #9628,327 S HAMPTON RD,75115,liquor_store,TABC,32.58569085533,-96.857106638084,48113016632,,1
Popshelf Store #24469,727 N J Elmer Weaver Fwy Ste 28a,75104,liquor_store,TABC,32.6015985,-96.9360123,48113016522,,1
Popshelf Store #24749,3921 W Airport Fwy,75032,liquor_store,TABC,32.837415556384,-97.000061563426,48113014153,,1
Popshelf Store #25589,106 North Denton Tap Rd Suite 310,75019,liquor_store,TABC,32.971266481431,-96.993516326673,48113014135,,1
Dallas Food Mart,2111 S Cesar Chavez Blvd,75215,liquor_store,TABC,32.7715254,-96.7818664,48113020402,,1
CHILL ZONE BEER & WINE,3115 S 1ST ST SUITE 200,75041,liquor_store,TABC,32.877792180114,-96.63098651782,48113018402,,1
Don Pepe Lonches LLC,5550 S BUCKNER BLVD STE 230,75149,liquor_store,TABC,32.7930801,-96.6831931,48113017805,,1
DONATOS & FAMILY FOOD MART LLC,200 N Corinth St,75207,liquor_store,TABC,32.75984592947,-96.793918284769,48113020402,,1
SAV MOR FOOD MART,3510 S BUCKNER BLVD STE A,75227,liquor_store,TABC,32.766916894146,-96.682622367656,48113009001,,1
DOUG HAWORTH CONCESSIONS,1229 ADMIRAL NIMITZ CIRCLE EMBARCADERO BUILDING 29 MAP PLAT NO. 14,75210,liquor_store,TABC,32.7811845,-96.7598774,48113020300,,1
My Angel,8010 N Stemmons Fwy Ste 101,75247,liquor_store,TABC,32.824178152772,-96.870896067772,48113010001,,1
State & Main Merchant,500 Main St STE 200,75040,liquor_store,TABC,32.912613431739,-96.636566844617,48113018802,,1
QUICK SPOT,6666 SKILLMAN ST,75231,liquor_store,TABC,32.867137454301,-96.739957889504,48113007809,,1
7-ELEVEN CONVENIENCE STORE #12202B,4438 LEMMON AVE,75219,liquor_store,TABC,32.818429684652,-96.81293721484,48113000608,,1
Valero Food Mart,829 W Miller Rd,75041,liquor_store,TABC,32.894520003148,-96.642290487526,48113018700,,1
TMA GROCERY BEER & WINE,2302 S 2ND AVE,75210,liquor_store,TABC,32.770110743663,-96.754999418381,48113002703,,1
SCARDELLO,3511 OAK LAWN AVENUE,75229,liquor_store,TABC,32.81284133035,-96.80465043292,48113000606,,1
SCARDELLO,920 S HARWOOD SUITE 131,75201,liquor_store,TABC,32.777416132378,-96.790653625129,48113020402,,1
Superconvenience Stop,3006 Duncanville Rd,75211,liquor_store,TABC,32.7102517,-96.90831329999999,48113016534,,1
EL RANCHO #16,4450 W JEFFERSON Blvd,75211,liquor_store,TABC,32.736898985934,-96.89243777814,48113019900,,1
Cafe Duro,2804 Greenville Ave,75206,liquor_store,TABC,32.823103499376,-96.77008743694,48113000202,,1
Enjoy Foods,1229 Admiral Nimitz Cir Embarcadero Building No 29 Space 63,75223,liquor_store,TABC,32.7811845,-96.7598774,48113020300,,1
Bellatrino,920 S Harwood St Ste 120,75201,liquor_store,TABC,32.777416132378,-96.790653625129,48113020402,,1
ELEMENT DFW AIRPORT NORTH,3550 W LYNDON B JOHNSON FWY,75063,liquor_store,TABC,32.9204792,-96.9832943,48113014124,,1
GREENVILLE AVENUE PIZZA COMPANY,1145 PEAVY RD,75218,liquor_store,TABC,32.839336443105,-96.697244851355,48113008200,,1
EAT CRISPIES LLC,1229 ADMIRAL NIMITZ CIRCLE EMBARCADERO BUILDING 29 MAP PLAT NO. 7,75210,liquor_store,TABC,32.7811845,-96.7598774,48113020300,,1
EATALY,8687 N CENTRAL EXPY STE 2172 FL 1-2,75225,liquor_store,TABC,32.869463265005,-96.770779861721,48113007801,,1
EATZI'S MARKET & BAKERY,3403 OAK LAWN AVE,75219,liquor_store,TABC,32.8116039,-96.80659510000001,48113000605,,1
EATZI'S MARKET & BAKERY,6025 ROYAL LANE SUITE 208,75230,liquor_store,TABC,32.894963589525,-96.803181595304,48113013300,,1
EATZI'S MARKET AND BAKERY,5600 W LOVERS LN STE 136,75209,liquor_store,TABC,32.851106954422,-96.815427669064,48113007101,,1
Daiquiri Island To Go #21,9230 Skillman St Ste 100,75243,liquor_store,TABC,32.903211167414,-96.713978101744,48113018506,,1
DAILY MART,2963 BELLE STARR DRIVE,75227,liquor_store,TABC,32.762952319908,-96.657994164714,48113012000,,1
MS DISCOUNT EXPRESS,2950 W CAMP WISDOM RD,75237,liquor_store,TABC,32.661999753634,-96.869286014304,48113010905,,1
Chevron,717 E Jefferson St,75051,liquor_store,TABC,32.744710537693,-96.995135784341,48113016002,,1
Grab & Go,2031 N Galloway Ave,75149,liquor_store,TABC,32.791831480512,-96.612064778954,48113017703,,1
La Michoacana Supermarket #18,209 S Rogers Rd,75060,liquor_store,TABC,32.814029071228,-96.963534893106,48113015205,,1
SUPER MERCADO EL CERRITO,10880 FERGUSON ROAD,75228,liquor_store,TABC,32.8428698,-96.6633944,48113012603,,1
EL PATRON TACOS Y TORTAS,5219 BROADWAY BLVD STE 100,75043,liquor_store,TABC,32.851808154535,-96.599099841971,48113018128,,1
EL PAISA,10844 HARRY HINES BLVD,75220,liquor_store,TABC,32.876060720223,-96.884123870217,48113009900,,1
El Ojon Elotes y Micheladas,1001 N Interstate 35 E Ste 100A,75115,liquor_store,TABC,32.6057588,-96.8258465,48113016610,,1
EL PAISA COCINA MEXICANA,2574 WALNUT HILL LN,75220,liquor_store,TABC,32.880952253287,-96.891770459415,48113009900,,1
El Paisa Cocina Mexicana,3315 N President George Bush Hwy Ste 100,75040,liquor_store,TABC,32.9478115,-96.6174298,48113018152,,1
El Trompito Taqueria,11629 Lake June Rd Ste 501,75180,liquor_store,TABC,32.734211724493,-96.628134093335,48113017201,,1
ELAM MEAT MARKET,11501 ELAM RD,75180,liquor_store,TABC,32.719629284245,-96.630280717194,48113017201,,1
Urban Air North Dallas,14902 Preston Rd STE 1100,75254,liquor_store,TABC,32.951922869221,-96.803440974837,48113013606,,1
7-Eleven Convenience Store #36449C,5950 S. RL Thornton Fwy.,75232,liquor_store,TABC,32.674290295761,-96.821952655035,48113011202,,1
ELITE MART,1746 S CARRIER PARKWAY,75051,liquor_store,TABC,32.721115641926,-97.014954116694,48113016100,,1
PIZZA & NACHOS,1229 ADMIRAL NIMITZ CIR EMBARCADERO BUILDING 29 MAP PLAT NO. 78,75210,liquor_store,TABC,32.7811845,-96.7598774,48113020300,,1
80 Food Mart,3527 US highway 80 E,75150,liquor_store,TABC,32.792988738084,-96.652753403922,48113017816,,1
CEDARDALE C STORE,1007 Cedardale Rd,75134,liquor_store,TABC,32.634253470612,-96.792475905004,48113016709,,1
7-Eleven Convenience Store #12137B,3702 Greenville Ave,75206,liquor_store,TABC,32.832274392494,-96.770088791323,48113000202,,1
El Encanto,3054 Webb Chapel Ext,75220,liquor_store,TABC,32.858275850016,-96.868748500918,48113007204,,1
STAR FOOD & DELI,8098 GREAT TRINITY FOREST WAY,75217,liquor_store,TABC,32.712078,-96.68434169999999,48113011601,,1
My Thai & Vegan,6550 North MacArthur Blvd Suite 150,75039,liquor_store,TABC,32.8991831,-96.9580573,48113014143,,1
SPEED MAX,8445 S LANCASTER ROAD SUITE A,75241,liquor_store,TABC,32.645178112548,-96.780448766573,48113016709,,1
ESCAPOLOGY,2375 VICTORY PARK SUITE 110,75219,liquor_store,TABC,32.78836003312,-96.809394157704,48113001902,,1
CVS PHARMACY #10948,108 W DAVIS ST,75208,liquor_store,TABC,32.749373866746,-96.82431410907,48113004700,,1
CVS/PHARMACY # 10909,6474 E NORTHWEST HWY,75214,liquor_store,TABC,32.856986350603,-96.750311261344,48113007903,,1
CVS/PHARMACY # 15,5500 N MACARTHUR BLVD,75038,liquor_store,TABC,32.885484435306,-96.963984566781,48113014159,,1
CVS/PHARMACY # 7440,17410 MARSH LN,75287,liquor_store,TABC,32.987725790122,-96.85462168654,,,1
CVS/PHARMACY #02979,6120 E MOCKINGBIRD LN,75214,liquor_store,TABC,32.836382954839,-96.760630250994,48113000201,,1
CVS/PHARMACY #06824,8024 WALNUT HILL LN,75231,liquor_store,TABC,32.8799639,-96.7673732,48113007822,,1
CVS/PHARMACY #07431,3430 LAKEVIEW PKWY,75088,liquor_store,TABC,32.907433448449,-96.570264111498,48113018133,,1
CVS/PHARMACY #07702,603 S CEDAR RIDGE DRIVE,75137,liquor_store,TABC,32.647268010618,-96.925593110978,48113016513,,1
CVS/PHARMACY #10056,5050 S LANCASTER RD,75216,liquor_store,TABC,32.688010173093,-96.790353361793,48113008704,,1
CVS/PHARMACY #10324,6420 GASTON AVE,75214,liquor_store,TABC,32.814700350063,-96.751841222682,48113000100,,1
CVS/PHARMACY #10634,2350 N FITZHUGH AVENUE,75206,liquor_store,TABC,32.810818634997,-96.781576094002,48113000902,,1
CVS/PHARMACY #10670,4930 MAPLE AVENUE,75235,liquor_store,TABC,32.815064092957,-96.82845978535,48113000408,,1
CVS/PHARMACY #10758,2501 N FIELD ST,75201,liquor_store,TABC,32.790031348886,-96.807901093335,48113001902,,1
CVS/PHARMACY #10880,8580 N MACARTHUR BLVD,75063,liquor_store,TABC,32.923578489108,-96.955280959603,48113014130,,1
CVS/PHARMACY #10910,3030 SYLVAN AVE,75212,liquor_store,TABC,32.77912074342,-96.835725818835,48113010102,,1
CVS/PHARMACY #10946,4333 W JEFFERSON BOULEVARD,75211,liquor_store,TABC,32.737744687095,-96.89049576205,48113019900,,1
CVS/PHARMACY #11389,8700 N BELT LINE RD,75063,liquor_store,TABC,32.925660896612,-96.993466691973,48113014150,,1
CVS/PHARMACY #296,2420 W WHEATLAND RD,75237,liquor_store,TABC,32.64745705461,-96.857507052469,48113010906,,1
CVS/PHARMACY #3187,1000 E SANDY LAKE DR,75019,liquor_store,TABC,32.969472254798,-96.958566303371,48113014123,,1
CVS/PHARMACY #3900,14041 NOEL RD,75240,liquor_store,TABC,32.938416891125,-96.818067701641,48113013626,,1
CVS/PHARMACY #4272,4202 ROSS AVENUE,75204,liquor_store,TABC,32.800297532442,-96.783210431212,48113001503,,1
CVS/PHARMACY #4985,8335 WESTCHESTER DR STE 140,75225,liquor_store,TABC,32.864072325806,-96.80663430434,48113007301,,1
CVS/PHARMACY #5259,2129 E BELT LINE RD,75081,liquor_store,TABC,32.9459747,-96.6835086,48113019023,,1
CVS/PHARMACY #5314,1411 MAIN ST,75202,liquor_store,TABC,32.780505613495,-96.800079616287,48113003102,,1
CVS/PHARMACY #5869,1413 OATES DR,75150,liquor_store,TABC,32.842361353339,-96.623995504723,48113018130,,1
CVS/PHARMACY #5894,13033 COIT RD,75240,liquor_store,TABC,32.925560286722,-96.769309809221,48113013610,,1
CVS/PHARMACY #5963,15105 PRESTON RD,75248,liquor_store,TABC,32.954214685833,-96.813906742497,48113013620,,1
CVS/PHARMACY #5990,904 E CARTWRIGHT ROAD,75149,liquor_store,TABC,32.745499386203,-96.583390581263,48113017314,,1
CVS/PHARMACY #6775,701 E MAIN ST,75050,liquor_store,TABC,32.745823360753,-96.996048540068,48113015500,,1
CVS/PHARMACY #6777,4207 LEMMON AVENUE,75219,liquor_store,TABC,32.8158073,-96.8108991,48113000608,,1
CVS/PHARMACY #6781,2323 W ILLINOIS AVE,75224,liquor_store,TABC,32.7207822,-96.8565363,48113006302,,1
CVS/PHARMACY #6803,2222 N STORY RD,75062,liquor_store,TABC,32.8382522,-96.9758198,48113014315,,1
CVS/PHARMACY #6960,2142 N JOSEY LN,75006,liquor_store,TABC,32.971544775037,-96.889797432347,48113013720,,1
CVS/PHARMACY #6963,7102 CAMPBELL RD,75248,liquor_store,TABC,32.979094844729,-96.785507519064,48113013605,,1
CVS/PHARMACY #6965,7203 SKILLMAN ST,75231,liquor_store,TABC,32.8790819,-96.73571779999999,48113007824,,1
CVS/PHARMACY #6966,6004 SAMUELL BLVD,75228,liquor_store,TABC,32.7916326,-96.6991623,48113012207,,1
CVS/PHARMACY #6967,1425 BUCKINGHAM RD,75081,liquor_store,TABC,32.9318583,-96.6988641,48113019024,,1
CVS/PHARMACY #7156,605 W CAMPBELL RD,75080,liquor_store,TABC,32.978008748049,-96.74057154952,48113019211,,1
CVS/PHARMACY #7288,11661 PRESTON RD STE 218,75230,liquor_store,TABC,32.907411093185,-96.804225634501,48113013400,,1
CVS/PHARMACY #7412,5370 W LOVERS LANE SUITE 310,75209,liquor_store,TABC,32.8496215,-96.82057139999999,48113007101,,1
CVS/PHARMACY #7413,10014 GARLAND RD,75218,liquor_store,TABC,32.8381066,-96.69559819999999,48113008200,,1
CVS/PHARMACY #7417,11820 ELAM RD,75180,liquor_store,TABC,32.7195937,-96.6234771,48113017201,,1
CVS/PHARMACY #7421,810 W PIONEER PKWY,75051,liquor_store,TABC,32.709724772202,-97.015674048835,48113016100,,1
CVS/PHARMACY #7430,8555 FERGUSON ROAD,75228,liquor_store,TABC,32.811566704799,-96.702104553259,48113012209,,1
CVS/PHARMACY #7469,290 N DENTON TAP RD,75019,liquor_store,TABC,32.977093745411,-96.993426668066,48113014134,,1
CVS/PHARMACY #7481,1372 BELT LINE ROAD,75040,liquor_store,TABC,32.94494311743,-96.647238392545,48113019026,,1
CVS/PHARMACY #7640,1225 N BLUEGROVE RD,75146,liquor_store,TABC,32.603464636563,-96.788390762563,48113016806,,1
CVS/PHARMACY #7643,6832 SNIDER PLZ,75205,liquor_store,TABC,32.848787211443,-96.787724989056,48113019400,,1
CVS/PHARMACY #7645,500 N GALLOWAY AVENUE SUITE 2,75149,liquor_store,TABC,32.770878874825,-96.598976770468,48113017706,,1
CVS/PHARMACY #7664,1235 S BUCKNER BOULEVARD,75217,liquor_store,TABC,32.833146914485,-96.701791180219,48113008102,,1
CVS/PHARMACY #7672,3798 FOREST LN,75244,liquor_store,TABC,32.909471944968,-96.851490701304,48113009609,,1
CVS/PHARMACY #7679,934 E IRVING BLVD,75060,liquor_store,TABC,32.813500923825,-96.957278682474,48113014903,,1
CVS/PHARMACY #7715,410 W ROCHELLE ROAD,75062,liquor_store,TABC,32.844284961524,-96.949947599586,48113014203,,1
CVS/PHARMACY #7739,10306 FERGUSON RD,75228,liquor_store,TABC,32.836662217321,-96.671328632759,48113012502,,1
CVS/PHARMACY #7740,10455 N CENTRAL EXPY,75231,liquor_store,TABC,32.888774334903,-96.770191047127,48113013107,,1
CVS/PHARMACY #7741,1333 S STORY RD,75060,liquor_store,TABC,32.801105660567,-96.977052541781,48113015306,,1
CVS/PHARMACY #7747,6709 PRESTON ROAD,75205,liquor_store,TABC,32.847447746905,-96.804342383915,48113019502,,1
CVS/PHARMACY #7748,10003 MARSH LANE,75229,liquor_store,TABC,32.8811555,-96.8568682,48113009702,,1
CVS/PHARMACY #7809,4203 S CARRIER PKWY,75052,liquor_store,TABC,32.6714656,-97.00479229999999,48113016412,,1
CVS/PHARMACY #7824,5702 LAVON DR,75040,liquor_store,TABC,32.967766,-96.6071614,48113018151,,1
CVS/PHARMACY #8342,1305 W BELT LINE RD,75115,liquor_store,TABC,32.58984426812,-96.891448658679,48113016631,,1
CVS/PHARMACY#10977,7979 BELT LINE ROAD,75254,liquor_store,TABC,32.950950400025,-96.769561754157,48113013607,,1
Ari's Pantry,1800 Main St Ste 124,75201,liquor_store,TABC,32.781180157982,-96.796373062657,48113003103,,1
Evans Meat Market,4266 Oak Lawn Ave,75219,liquor_store,TABC,32.820955445978,-96.802283149487,48113019800,,1
Event Network LLC,300 Reunion Blvd E LL150,75207,liquor_store,TABC,32.775212601162,-96.809850892247,48113020402,,1
Reunion Tower Gift Shop 16th Floor,300 Reunion Blvd E FL 16,75207,liquor_store,TABC,32.775212601162,-96.809850892247,48113020402,,1
CORNER FOOD # 7,3301 Broadway Blvd,75043,liquor_store,TABC,32.87591664368,-96.618322272277,48113018111,,1
QUICK TRACK,501 N GALLOWAY AVENUE,75149,liquor_store,TABC,32.762870809544,-96.598824480118,48113017500,,1
DAIRY WAY #9,1810 W KINGSLEY RD STE 101,75041,liquor_store,TABC,32.878655942236,-96.653895093243,48113018401,,1
1st Choice Grocery ,"8122 Forest Ln, Ste A",75243,liquor_store,TABC,32.909129941351,-96.766582903694,48113007805,,1
EZ TRIP #20,10550 WALNUT ST,75243,liquor_store,TABC,32.916509195785,-96.701743656271,48113019019,,1
EZ Stop & Shop LLC ,1560 S 1st Street Suite C,75040,liquor_store,TABC,32.898487076356,-96.63082335822,48113018204,,1
BENAVIDES FOODS,1229 ADMIRAL NIMITZ CIRCLE EMBARCADERO BUILDING 29 MAP PLAT NO. TB-12F,75210,liquor_store,TABC,32.7811845,-96.7598774,48113020300,,1
1 STOP FOOD STORE,3805 W WALNUT STREET,75042,liquor_store,TABC,32.916859534223,-96.68914568013,48113019032,,1
CHEVRON FOOD MART,3306 AL LIPSCOMB WAY,75210,liquor_store,TABC,32.7769285,-96.76545899999999,48113020300,,1
FAIR PARK GROCERY,2203 LAGOW,75210,liquor_store,TABC,32.775275237454,-96.75061469454,48113002703,,1
ICE HOUSE ON THE MIDWAY,1229 ADMIRAL NIMITZ CIRCLE EMBARCADERO BUIDLING 29 MAP PLAT NO 25,75210,liquor_store,TABC,32.7811845,-96.7598774,48113020300,,1
FAMILY BEER & WINE,4946 MILITARY PARKWAY,75227,liquor_store,TABC,32.783545090925,-96.732175853145,48113002500,,1
Family Dollar #21336,3230 FALLS DR,75211,liquor_store,TABC,32.726334266815,-96.873282814083,48113006402,,1
Family Dollar #21408,885 W MILLER ROAD,75041,liquor_store,TABC,32.894518342001,-96.642533847188,48113018700,,1
Family Dollar #21476,3200 South Lancaster Rd STE 750,75216,liquor_store,TABC,32.70844008509,-96.801775218258,48113008802,,1
Family Dollar #21479,982 E GRAUWYLER RD,75061,liquor_store,TABC,32.829573887385,-96.933949676289,48113014704,,1
Family Dollar #21560,8032 FERGUSON RD,75228,liquor_store,TABC,32.8014086,-96.7127349,48113012213,,1
Family Dollar #21606,3939 S POLK ST STE 216,75224,liquor_store,TABC,32.695404882642,-96.840191053084,48113006100,,1
Family Dollar #21866,127 HALL RD,75159,liquor_store,TABC,32.64914673189,-96.548392424229,48113017006,,1
Family Dollar #21991,2417 Gus Thomasson Rd,75228,liquor_store,TABC,32.8360298,-96.6740447,48113012702,,1
Family Dollar #22337,610 S Carrier Pkwy,75051,liquor_store,TABC,32.739123794902,-97.014478576559,48113016100,,1
Family Dollar #22476,1450 W PLEASANT RUN ROAD SUITE 160,75146,liquor_store,TABC,32.604286265283,-96.783624019243,48113016806,,1
Family Dollar #22768,415 E PIONEER PARKWAY,75051,liquor_store,TABC,32.7082304,-97.0000044,48113016407,,1
Family Dollar #22818,926 E Main St,75050,liquor_store,TABC,32.746277734037,-96.993165755535,48113015600,,1
Family Dollar #22853,149 W KINGSLEY ROAD SUITE 254,75041,liquor_store,TABC,32.8805427,-96.63240809999999,48113018300,,1
Family Dollar #22872,1300 Greenville Ave,75206,liquor_store,TABC,32.806683118206,-96.76999314854,48113001504,,1
Family Dollar #23194,130 W BELT LINE ROAD SUITE 2,75104,liquor_store,TABC,32.589879323393,-96.944947381775,48113016626,,1
Family Dollar #23215,210 W CAMP WISDOM RD,75116,liquor_store,TABC,32.661735029933,-96.91007028427,48113016518,,1
Family Dollar #23652,4420 Gus Thomasson Rd,75150,liquor_store,TABC,32.82147875028,-96.643496482425,48113018002,,1
Family Dollar #23653,4444 W ILLINOIS AVE STE 216,75211,liquor_store,TABC,32.720262272252,-96.892900713112,48113010809,,1
Family Dollar #23805,2454 W Illinois Ave STE 750,75233,liquor_store,TABC,32.720165981022,-96.858239443021,48113010804,,1
Family Dollar #24307,305 S BELT LINE ROAD,75060,liquor_store,TABC,32.813022006415,-96.993944784854,48113015304,,1
Family Dollar #24893,3249 W CAMP WISDOM RD,75237,liquor_store,TABC,32.662620892703,-96.873193153687,48113010904,,1
Family Dollar #25130,2720 SAMUELL BLVD,75223,liquor_store,TABC,32.792919641804,-96.747774775109,48113001202,,1
Family Dollar #25190,9243 SKILLMAN STREET SUITE 103,75243,liquor_store,TABC,32.9040768,-96.714762,48113018505,,1
Family Dollar #25206,3323 W Northwest Hwy,75220,liquor_store,TABC,32.856354096026,-96.864255308789,48113007206,,1
Family Dollar #25209,4947 SINGLETON BOULEVARD,75212,liquor_store,TABC,32.778655896474,-96.903162472096,48113010601,,1
Family Dollar #25369,341 E BELT LINE RD,75172,liquor_store,TABC,32.590246758375,-96.682772254615,48113016903,,1
Family Dollar #25441,9711 PLANO ROAD SUITE A,75238,liquor_store,TABC,32.879225825507,-96.700619770383,48113013005,,1
Family Dollar #25443,3411 TRINITY MILLS RD,75287,liquor_store,TABC,32.9884596,-96.8523123,,,1
Family Dollar #25507,9554 Scyene Rd,75227,liquor_store,TABC,32.763098093179,-96.657712975507,48113012000,,1
Family Dollar #25556,3108 FORT WORTH AVENUE,75001,liquor_store,TABC,32.75416680000001,-96.8715039,48113006800,,1
Family Dollar #25662,503 S MacArthur Blvd,75060,liquor_store,TABC,32.809702459732,-96.960065965413,48113015205,,1
Family Dollar #25667,1130 N Country Club Rd,75040,liquor_store,TABC,32.922628912036,-96.613668018663,48113018121,,1
Family Dollar #25670,726 W PIONEER PKWY,75051,liquor_store,TABC,32.709701795358,-97.013556394943,48113016203,,1
Family Dollar #25937,8152 Spring Valley Rd,75240,liquor_store,TABC,32.939827191385,-96.766622444738,48113019208,,1
Family Dollar #25994,2425 W WALNUT ST STE 301,75042,liquor_store,TABC,32.916418940705,-96.664344229557,48113018900,,1
Family Dollar #26050,6171 BONNIE VIEW ROAD,75241,liquor_store,TABC,32.671252789437,-96.762099269751,48113016711,,1
Family Dollar #26145,1400 W DAVIS STREET,75208,liquor_store,TABC,32.749442974876,-96.84411058999,48113004600,,1
Family Dollar #26323,900 E SHADY GROVE RD,75060,liquor_store,TABC,32.800922969088,-96.935684275242,48113015002,,1
Family Dollar #26711,4422 S Marsalis Ave,75216,liquor_store,TABC,32.690846807028,-96.814580176122,48113005901,,1
Family Dollar #26768,6300 Skillman St Ste 147B,75231,liquor_store,TABC,32.8633933,-96.7460993,48113007809,,1
Family Dollar #26955,3620 N BELT LINE RD,75062,liquor_store,TABC,32.855521352951,-96.992041713141,48113014309,,1
Family Dollar #26957,10909 WEBB CHAPEL RD STE 150,75229,liquor_store,TABC,32.8975744,-96.8719957,48113009611,,1
Family Dollar #26984,4311 LIVE OAK STREET,75204,liquor_store,TABC,32.798023978092,-96.778097484006,48113001503,,1
Family Dollar #27043,1006 South Main St,75137,liquor_store,TABC,32.642348592567,-96.908338244967,48113016517,,1
Family Dollar #27060,4800 COLUMBIA AVE STE 200,75226,liquor_store,TABC,32.793824559609,-96.765050716856,48113001502,,1
Family Dollar #27096,1875 ESTERS ROAD,75061,liquor_store,TABC,32.832751231283,-97.009660672433,48113014410,,1
Family Dollar #27620,4807 MAPLE AVENUE,75219,liquor_store,TABC,32.814781075118,-96.826836614782,48113000401,,1
Family Dollar #27627,620 N Jim Miller Rd,75217,liquor_store,TABC,32.72170153023,-96.700050900984,48113009304,,1
Family Dollar #27822,3324 ELSIE FAYE HEGGINS ST,75215,liquor_store,TABC,32.761059134507,-96.746646655064,48113020800,,1
Family Dollar #27950,1327 N Dallas Ave,75134,liquor_store,TABC,32.604701976579,-96.758689031992,48113016706,,1
Family Dollar #28159,4025 PIONEER RD,75180,liquor_store,TABC,32.714492679337,-96.60559712472,48113017204,,1
Family Dollar #28276,8550 S POLK ST,75232,liquor_store,TABC,32.644727540589,-96.839879606048,48113011104,,1
Family Dollar #28354,1710 S HAMPTON ROAD,75154,liquor_store,TABC,32.558996977365,-96.85676442509,48113016622,,1
Family Dollar #28391,4550 W MOCKINGBIRD LN,75209,liquor_store,TABC,32.836540721629,-96.829299669172,48113007102,,1
Family Dollar #28605,2216 W SHADY GROVE RD,75060,liquor_store,TABC,32.800426867416,-96.97422318171,48113015207,,1
Family Dollar #28709,1300 OATES DR,75150,liquor_store,TABC,32.8425256,-96.6228232,48113018130,,1
Family Dollar #28746,780 E WHEATLAND RD,75116,liquor_store,TABC,32.64731125659,-96.892084425372,48113016517,,1
Family Dollar #28874,3155 W PLEASANT RUN RD,75146,liquor_store,TABC,32.604309545612,-96.818401831152,48113016709,,1
Family Dollar #29092,5955 ALPHA RD,75240,liquor_store,TABC,32.932959259536,-96.803551126052,48113013608,,1
Family Dollar #30178,7570 MOUNTAIN CREEK PARKWAY,75249,liquor_store,TABC,32.63258144925,-96.9447938558,48113016511,,1
Family Dollar #30199,3200 MILITARY PKWY,75149,liquor_store,TABC,32.768252421797,-96.646785003691,48113017602,,1
Family Dollar #30418,9636 Brierwood Ln,75217,liquor_store,TABC,32.685681110206,-96.656515687197,48113011604,,1
Family Dollar #30822,3709 S CARRIER PKWY,75052,liquor_store,TABC,32.684118821852,-97.009032271702,48113016409,,1
Family Dollar #30932,801 GROSS ROAD,75149,liquor_store,TABC,32.77657256464,-96.619179392698,48113017704,,1
Family Dollar #31006,3451 N Town East Blvd,75150,liquor_store,TABC,32.800540288701,-96.647952093577,48113017806,,1
Family Dollar #31392,103 E PALESTINE STREET,75141,liquor_store,TABC,32.647573052114,-96.712078979949,48113016902,,1
Family Dollar #31509,11327 SEAGOVILLE RD,75180,liquor_store,TABC,32.705061565629,-96.632549867696,48113011702,,1
Family Dollar #31572,9165 Elam Rd,75217,liquor_store,TABC,32.719697265482,-96.663508420654,48113011802,,1
Family Dollar #31581,200 E CAMP WISDOM RD,75241,liquor_store,TABC,32.662125180852,-96.821226693162,48113011201,,1
Family Dollar #31677,1500 N Polk St,75115,liquor_store,TABC,32.618859649649,-96.839807516577,48113016634,,1
Family Dollar #32081,6404 S COCKRELL HILL RD,75236,liquor_store,TABC,32.6700358,-96.8905798,48113010903,,1
Family Dollar #32107,2010 S BELT LINE ROAD,75051,liquor_store,TABC,32.719063103223,-96.994045627766,48113016302,,1
Family Dollar #32115,1510 W Bruton Rd,75149,liquor_store,TABC,32.748460225656,-96.620733891097,48113017604,,1
Family Dollar #32427,918 E INTERSTATE 30,75043,liquor_store,TABC,32.835968712399,-96.604849942163,48113017808,,1
FAMILY DOLLAR STORE #31538,3163 N DALLAS AVENUE,75134,liquor_store,TABC,32.626514389123,-96.771642731452,48113016704,,1
FAMILY DOLLAR STORE #32108,4395 W NORTHGATE DRIVE,75062,liquor_store,TABC,32.85713095991,-97.016627717993,48113014161,,1
FAMILY DOLLAR STORES #28762,2401 FINLEY RD STE 180,75062,liquor_store,TABC,32.85087987668,-96.976500240361,48113014310,,1
A SMOKERS DELIGHT,1906 S DENLEY,75216,liquor_store,TABC,32.724415811994,-96.805511990901,48113005500,,1
Asiaway,1001 N Interstate 35 E Ste 324B,75115,liquor_store,TABC,32.6055839,-96.8256267,48113016610,,1
EL MERO MERO TAMALERO,920 S HARWOOD ST STE 110,75201,liquor_store,TABC,32.777416132378,-96.790653625129,48113020402,,1
FASSR Fueling LLC,4210 Lyndon B Johnson Fwy,75244,liquor_store,TABC,32.924760377751,-96.837758840415,48113009603,,1
URBAN EATZ,1811 N GREENVILLE AVE STE 100,75081,liquor_store,TABC,32.972224532497,-96.714442234581,48113019053,,1
H & H Food Store ,"2317 W Grauwyler Rd Irving, Texas 75061",75061,liquor_store,TABC,32.829045556906,-96.97564820512,48113014501,,1
FLOWER CHILD,5290 BELT LINE RD STE 100,75254,liquor_store,TABC,32.953905567772,-96.815473487839,48113013622,,1
FLOWER CHILD,5959 ROYAL LN STE 542,75230,liquor_store,TABC,32.894961537136,-96.806136254554,48113013400,,1
FLOWER CHILD,5450 W LOVERS LN STE 133,75209,liquor_store,TABC,32.8506679,-96.8197235,48113007101,,1
EZ STOP #3,8092 FERGUSON RD,75228,liquor_store,TABC,32.8029706,-96.7118364,48113012213,,1
LAS COLINAS MARKET & CLEANERS,851 LAKE CAROLYN PARKWAY SUITE 150,75039,liquor_store,TABC,32.867742874822,-96.932520620602,48113014209,,1
FIESTA ENTERPRISES INC,"1229 Admiral Nimitz Cir EMBARCADERO BLDG #29, MAP PLAT #60",75210,liquor_store,TABC,32.7811845,-96.7598774,48113020300,,1
FIESTA MART #210,10121 LAKE JUNE RD STE 200,75217,liquor_store,TABC,32.734261389989,-96.649993026153,48113011901,,1
FIESTA MART #212,3230 MARTIN LUTHER KING JR BLVD,75210,liquor_store,TABC,32.773171700087,-96.763694517647,48113020300,,1
FIESTA MART #213,1450 W PLEASANT RUN RD STE 200,75146,liquor_store,TABC,32.604286265283,-96.783624019243,48113016806,,1
FIESTA MART #29,611 W JEFFERSON BLVD,75208,liquor_store,TABC,32.743204750763,-96.832362675371,48113004700,,1
FIESTA MART #32,9727 WEBB CHAPEL RD,75220,liquor_store,TABC,32.8670095,-96.86607730000001,48113009804,,1
FIESTA MART #34,3030 S LANCASTER RD,75216,liquor_store,TABC,32.7106875,-96.8029375,48113008801,,1
FIESTA MART #40,5334 ROSS AVE,75206,liquor_store,TABC,32.809707500376,-96.771919018348,48113001002,,1
FIESTA MART #53,975 E IRVING BLVD,75060,liquor_store,TABC,32.812228188082,-96.935390121346,48113014903,,1
FIESTA MART #54,2940 S 1ST STREET,75041,liquor_store,TABC,32.8806982,-96.6299095,48113018206,,1
FIESTA MART #57,2951 S BUCKNER BOULEVARD,75227,liquor_store,TABC,32.761627,-96.6843626,48113009101,,1
FIESTA MART #58,8060 SPRING VALLEY RD,75240,liquor_store,TABC,32.939817658108,-96.767916594749,48113019208,,1
FIESTA MART #65,2225 W LEDBETTER DR,75224,liquor_store,TABC,32.691265324675,-96.854886993414,48113006100,,1
FIESTA MART #68,6401 ABRAMS,75231,liquor_store,TABC,32.861130141848,-96.745174384446,48113007809,,1
FIESTA MART #70,1235 S JOSEY LN STE 600,75006,liquor_store,TABC,32.950704227597,-96.890122945445,48113013729,,1
FIESTA MART #71,3434 W ILLINOIS AVE,75211,liquor_store,TABC,32.720237573964,-96.876437597095,48113006502,,1
FIESTA MART #73,1145 W AIRPORT FWY,75062,liquor_store,TABC,32.837334554676,-96.960219827468,48113014315,,1
FIESTA MART #74,11445 GARLAND RD,75218,liquor_store,TABC,32.849840580874,-96.682697817528,48113012802,,1
FIESTA MART #75,1332 S PLANO ROAD SUITE 600,75081,liquor_store,TABC,32.932891798917,-96.700192905955,48113019039,,1
FIESTA MART #77,3460 WEBB CHAPEL EXTENSION,75220,liquor_store,TABC,32.865036184341,-96.864776766333,48113007206,,1
Fiesta Mart Fuel Station #177,3434 Webb Chapel Ext,75220,liquor_store,TABC,32.865206491247,-96.86475514005,48113007206,,1
Fig & Favor,2850 N Harwood St  Suite 110,75201,liquor_store,TABC,32.794431607881,-96.808678355052,48113001901,,1
TOTAL WINE SPIRITS BEER & MORE,9350 N CENTRAL EXPY,75231,liquor_store,TABC,32.874191504002,-96.769737647448,48113007822,,1
TOTAL WINE SPIRITS BEER & MORE,7730 N MACARTHUR BLVD SUITE A,75063,liquor_store,TABC,32.913510793775,-96.958499158532,48113014124,,1
TOTAL WINE SPIRITS BEER AND MORE,3810 CONGRESS AVENUE,75219,liquor_store,TABC,32.807186476409,-96.810958385234,48113000501,,1
TOTAL WINE SPIRITS BEER AND MORE,428 FM 1382 EAST,75104,liquor_store,TABC,32.592502081783,-96.937531868357,48113016626,,1
Total Wine Spirits Beer and More,6330 E Mockingbird Ln,75214,liquor_store,TABC,32.836371256022,-96.754102827494,48113000201,,1
AA STARS FOOD MART,102 E BELT LINE ROAD,75104,liquor_store,TABC,32.589762500146,-96.942010071038,48113016626,,1
SHOP N GO # 8,1815 S First St STE E,75040,liquor_store,TABC,32.895911608496,-96.631106854451,48113018700,,1
MINIT MARKIT,5150 DUCK CREEK DR STE 107,75043,liquor_store,TABC,32.851696374759,-96.61045911272,48113018128,,1
Latino Mini Mart,321 N Story Rd,75061,liquor_store,TABC,32.818203680419,-96.97645328505,48113014406,,1
FITOS TACOS DE TROMPO # 11,1625 S First St Suite 8H,75040,liquor_store,TABC,32.897763972307,-96.631116749076,48113018700,,1
TODAY'S DISCOUNT FOOD MART,8405 PARK LANE,75231,liquor_store,TABC,32.871224231779,-96.760004646428,48113007821,,1
FIVESTAR MARKET,2020 HWY 66,75040,liquor_store,TABC,32.909936610392,-96.59855279769,48113018203,,1
FLAMENCO SERVICES MINI MARKET GAS STATION,4707 S Central Expy,75215,liquor_store,TABC,32.7488973,-96.7612738,48113020900,,1
Flamingo Market Center,4340 Harry Hines Blvd Ste B,75219,liquor_store,TABC,32.805249306406,-96.825687706733,48113000401,,1
Flamingo Liquor,2427 W Mockingbird Ln Ste 100,75235,liquor_store,TABC,32.827161118121,-96.845798658252,48113000409,,1
JAKE'S BURGERS & BEER,6606 SKILLMAN ST,75231,liquor_store,TABC,32.866607304551,-96.740893106984,48113007809,,1
FLETCHER'S ORIGINAL STATE FAIR CORNY DOGS,3828 MARTIN LUTHER KING JR BLVD,75210,liquor_store,TABC,32.7777012,-96.7593187,48113020300,,1
WINGSTOP,5601 PRESIDENT GEORGE BUSH HWY SUITE 600,75089,liquor_store,TABC,32.9102666,-96.55683669999999,48113018140,,1
NEIGHBORHOOD CHEVRON #1,101 E BELT LINE RD,75019,liquor_store,TABC,32.9474964,-96.9932381,48113014157,,1
FOOD PLUS,1346 N MASTERS DRIVE SUITE 100,75217,liquor_store,TABC,32.735890190068,-96.648168524161,48113011902,,1
EZ TRIP FOOD STORE 9,9798 FOREST LANE,75243,liquor_store,TABC,32.909382548487,-96.717949453217,48113018507,,1
Tobacco Plus Beer & Wine,3801 Gus Thomasson Rd Ste A,75150,liquor_store,TABC,32.81518881674,-96.636547005783,48113017820,,1
WESTEND TOBACCO & FOOD MART,909 ELM ST,75202,liquor_store,TABC,32.780417508461,-96.804400118355,48113003102,,1
FOX VALERO,1350 E Campbell Rd,75081,liquor_store,TABC,32.975119731296,-96.701476740992,48113019053,,1
Benton Lounge II,4814 S Second Ave,75210,liquor_store,TABC,32.7613644,-96.74456939999999,48113020800,,1
Roti Grill,2401 Victory Park Ln STE 120,75219,liquor_store,TABC,32.788159647785,-96.80938658012,48113001902,,1
KWIK VAPE,1003 Hill St,75050,liquor_store,TABC,32.748709015003,-97.018020476442,48113015404,,1
Fruteria Cano,1229 Admiral Nimitz Cir Map Plat No 36 Embarcadero Bldg No 29,75210,liquor_store,TABC,32.7811845,-96.7598774,48113020300,,1
1ST STOP,1800 VALLEY VIEW LN STE 158,75061,liquor_store,TABC,32.831630311876,-97.023179612693,48113014409,,1
FUEL CITY CEDAR HILL,1107 N HIGHWAY 67,75104,liquor_store,TABC,32.610886342032,-96.925142965982,48113016530,,1
FUEL CITY,2175 S TOWN EAST BOULEVARD,75149,liquor_store,TABC,32.788662206377,-96.654523040572,48113017805,,1
TEXAS STEAK OUT,1229 ADMIRAL NIMITZ CIR EMBARCADERO BLDG 29 MAP PLAT NO 37,75210,liquor_store,TABC,32.7811845,-96.7598774,48113020300,,1
JG's Old Fashioned Hamburgers,12101 Greenville Ave Suite 109,75243,liquor_store,TABC,32.913430280597,-96.74529447684,48113007828,,1
Foxtrot,3130 Knox St STE 120,75205,liquor_store,TABC,32.822891428774,-96.787977433026,48113000706,,1
Foxtrot,6565 Hillcrest Ave STE 130,75205,liquor_store,TABC,32.846397547766,-96.787191897534,48113019400,,1
Huckleberry's,3115 Bunker Hill Rd Ste 108,75048,liquor_store,TABC,32.9534103,-96.58519899999999,48113018153,,1
Pioneer Kettle Corn,1229 Admiral Nimitz Cir Embarcadero Bldg 29 Map Plat No 15,75210,liquor_store,TABC,32.7811845,-96.7598774,48113020300,,1
G Texas Custom Catering LLC,10319 Finnell St,75220,liquor_store,TABC,32.864139587014,-96.89342291191,48113009900,,1
LA MICHOACANA MEAT MARKET DALLAS #13,800 W JEFFERSON BLVD,75208,liquor_store,TABC,32.743089649063,-96.835835878867,48113005000,,1
CHILLY MART 41,401 S BELT LINE RD,75051,liquor_store,TABC,32.74226266788,-96.994605993104,48113016002,,1
7-Eleven Convenience Store #35981B,10811 Webb Chapel Rd,75229,liquor_store,TABC,32.8955767,-96.87104749999999,48113009611,,1
Gally's Wine and Spirits ,7047 Twin Hills Ave STE 125,75231,liquor_store,TABC,32.874117514347,-96.764579044926,48113007822,,1
TORNADO TATERS,1229 Admiral Nimitz Cir Space No 49 Embarcadero BLDG No 29,75210,liquor_store,TABC,32.7811845,-96.7598774,48113020300,,1
OK MINI MART,3022 S SHILOH ROAD SUITE A,75041,liquor_store,TABC,32.879735207672,-96.665400778262,48113018501,,1
GARDEN CAFE,5310 JUNIUS ST,75214,liquor_store,TABC,32.80261430976,-96.763654623279,48113001302,,1
7-Eleven Convenience Store #35393B,2510 Belt Line Rd,75044,liquor_store,TABC,32.94452930364,-96.665549480618,48113019020,,1
WATERMERE AT FIREWHEEL,6868 N President George Bush Hwy,75044,liquor_store,TABC,32.97695209732,-96.658781153569,48113019042,,1
EL RANCHO #19,2550 GUS THOMASSON Rd,75228,liquor_store,TABC,32.834701410032,-96.671855314668,48113012502,,1
4243 W PIONEER DRIVE,4243 W Pioneer Dr,75061,liquor_store,TABC,32.832181712666,-97.006289565579,48113014407,,1
GAS HUB MARVIN D LOVE FWY LLC,3603 Marvin D. Love Fwy,75224,liquor_store,TABC,32.700510460944,-96.837338166745,48113006001,,1
Kingsley One Stop Foodmart,2518 W Kingsley Rd STE 101,75041,liquor_store,TABC,32.878731246647,-96.665857559387,48113018501,,1
SANDRA GROCERY,1827 S HASKEL AVE,75223,liquor_store,TABC,32.783167870696,-96.749653225655,48113002500,,1
FOODLAND MARKETS #51,8411 LAKE JUNE RD,75217,liquor_store,TABC,32.734363062166,-96.675544790432,48113009203,,1
BRUTON FOOD MART,2015 N MASTERS DRIVE SUITE 260,75217,liquor_store,TABC,32.747862209756,-96.648437078709,48113011901,,1
7-ELEVEN CONVENIENCE STORE #24584A,4201 TRAVIS STREET,75205,liquor_store,TABC,32.8175682,-96.79398970000001,48113000705,,1
7-ELEVEN CONVENIENCE STORE #26776C,757 E BELT LINE RD,75115,liquor_store,TABC,32.589771596355,-96.83992459063,48113016620,,1
URBAN MARKET SOUTHSIDE,1409 S LAMAR ST STE 10,75215,liquor_store,TABC,32.76771576921,-96.795643699277,48113020402,,1
Maple Food Mart,4421 Maple Ave,75219,liquor_store,TABC,32.810352167092,-96.821380620855,48113000401,,1
SPIRITS DEPOT,1551 S INTERSTATE 35 RD,75154,liquor_store,TABC,32.5632525,-96.82287009999999,48113016621,,1
AMIGOS C-STORE,950 S Carrier Pkwy STE 110,75051,liquor_store,TABC,32.734337976585,-97.014721074953,48113016100,,1
GOBOOZE,650 N COIT RD STE 2330,75080,liquor_store,TABC,32.958247656086,-96.768263108898,48113019215,,1
GOBRANDS TEXAS LLC,4624 E GRAND AVENUE,75223,liquor_store,TABC,32.784935379068,-96.75696015022,48113002500,,1
GOBRANDS TEXAS LLC,11034 SHADY TRAIL,75229,liquor_store,TABC,32.882089815949,-96.890371238688,48113009900,,1
GOBRANDS TEXAS LLC,6955 GREENVILLE AVE,75231,liquor_store,TABC,32.872972619736,-96.763571420666,48113007822,,1
GOBRANDS TEXAS LLC,2984 W WHEATLAND RD STE 150,75237,liquor_store,TABC,32.647382995267,-96.868975931949,48113016635,,1
GOPUFF,909 GROSS RD SUITE 280,75149,liquor_store,TABC,32.777338952423,-96.620083981407,48113017704,,1
Going Concern Enterprises LLC,2903 Royal Ln,75229,liquor_store,TABC,32.895328159839,-96.881235174638,48113009611,,1
Chevron Food Mart 2,14225 S Coit Rd,75254,liquor_store,TABC,32.942302558553,-96.769082244197,48113013609,,1
ROWLETT COUNTRY MART,8701 LIBERTY GROVE RD STE 800,75089,liquor_store,TABC,32.937132513352,-96.534499860265,48113018143,,1
Corner Store,10304 Forest Ln,75243,liquor_store,TABC,32.90869582739,-96.705667298059,48113018506,,1
Goldrush Cafe,1913 Skillman St,75206,liquor_store,TABC,32.812902982229,-96.761896416037,48113001101,,1
GOOD FORTUNE SUPERMARKET,400 N GREENVILLE AVE STE 1,75081,liquor_store,TABC,32.953691806911,-96.728619871016,48113019102,,1
Good Spirits LLC #4129,2828 Motley Dr,75150,liquor_store,TABC,32.8037008,-96.6456221,48113017820,,1
Good Spirits LLC #4231,215 N Carrier Pkwy,75050,liquor_store,TABC,32.74336792198,-97.016293217332,48113015404,,1
Good Spirits LLC #4260,2165 East Buckingham Rd,75081,liquor_store,TABC,32.931524892434,-96.686024230102,48113019024,,1
Good Spirits LLC #4265,5710 Broadway Blvd,75043,liquor_store,TABC,32.846076997341,-96.595460715075,48113018138,,1
Good Spirits LLC (Store #269),2150 N Josey Ln,75006,liquor_store,TABC,32.971809464011,-96.889789981301,48113013720,,1
Good Spirits LLC (Store #36),2200 W Shady Grove Rd,75060,liquor_store,TABC,32.800434745511,-96.973986838574,48113015207,,1
Good Spirits LLC (Store #4133),427 E FM 1382,75104,liquor_store,TABC,32.593010142819,-96.93776563355,48113016629,,1
Good Spirits LLC (Store #4289),9540 Garland Rd Suite 320,75218,liquor_store,TABC,32.834411857007,-96.7012353429,48113008200,,1
Killer Joe,108 N Fitzhugh Ave Suite 100,75214,liquor_store,TABC,32.795313974094,-96.763718737276,48113001302,,1
GOODY GOODY LIQUOR,10370 OLYMPIC DR STE A,75220,liquor_store,TABC,32.864513825003,-96.886445391509,48113009900,,1
GOODY GOODY LIQUOR #4,3500 LAKEVIEW PARKWAY SUITE 100,75088,liquor_store,TABC,32.907419933131,-96.569186279872,48113018133,,1
GOODY GOODY LIQUOR #6,7729 GARLAND RD,75218,liquor_store,TABC,32.811842272028,-96.728468847033,48113000100,,1
GOODY GOODY LIQUOR STORE,10301 HARRY HINES BLVD,75220,liquor_store,TABC,32.86537905055,-96.881728766212,48113009900,,1
GOODY GOODY LIQUOR STORE,14851 INWOOD RD,75001,liquor_store,TABC,32.950206733968,-96.829356044591,48113013806,,1
GOODY GOODY LIQUOR STORE,3316 OAK LAWN AVE,75219,liquor_store,TABC,32.810211726245,-96.807465831827,48113000605,,1
GOODY GOODY LIQUOR STORE #3,7124 GREENVILLE AVENUE,75231,liquor_store,TABC,32.87421670817,-96.762488758261,48113007815,,1
GORJI,5100 BELT LINE RD STE 402,75054,liquor_store,TABC,32.9512829,-96.8190195,48113013624,,1
PAYLOW FOOD BEER AND WINE,3701 W CLARENDON DRIVE SUITE 100,75211,liquor_store,TABC,32.735245,-96.8812025,48113019900,,1
PAYLOW LIQUOR BEER & WINE,3701 W CLARENDON DRIVE SUITE 200,75211,liquor_store,TABC,32.7352514,-96.8814467,48113019900,,1
GPM #4626,10405 N CENTRAL EXPY,75231,liquor_store,TABC,32.888168085283,-96.770287684457,48113013107,,1
GRAND CITY GROCERIES,3026 GRAND AVENUE,75215,liquor_store,TABC,32.773919147694,-96.769017288543,48113020300,,1
Fastway Mesquite,4503 Gus Thomasson Rd,75150,liquor_store,TABC,32.823603167509,-96.6464684378,48113017900,,1
LAKE VIEW LIQUOR,7826 GARLAND RD,75218,liquor_store,OSM;TABC,32.812438838132,-96.727044442618,48113001202,,2
Grand Trip #3,11316 Lake June Rd,75180,liquor_store,TABC,32.733969832066,-96.6310426699,48113017201,,1
ONE STOP SHOP,730 W WALNUT ST,75040,liquor_store,TABC,32.916104934526,-96.639431703324,48113018802,,1
OLIVELLA'S,6465 E MOCKINGBIRD LN STE 525,75214,liquor_store,TABC,32.836626977249,-96.750804280479,48113007902,,1
OLIVELLA'S,3406 MCFARLIN BOULEVARD,75205,liquor_store,TABC,32.843836094309,-96.787261184211,48113019400,,1
EL RANCHO #40,3535 N Belt Line Rd,75062,liquor_store,TABC,32.854331210664,-96.992203968113,48113014153,,1
TIENDA Y RESTAURANTE GUANACO,1718 S 1ST ST SUITE A,75040,liquor_store,TABC,32.896886350037,-96.630800511302,48113018204,,1
TAQUERIA Y CARNICERIA GUANAJUATO,2820 Walnut Hl Ln Suite 100,75229,liquor_store,TABC,32.880842951729,-96.882919033204,48113009803,,1
LA ESTRELLA SPORTS BAR #2,1634 W MOCKINGBIRD LN,75235,liquor_store,TABC,32.822172680061,-96.858069964747,48113010001,,1
EL RANCHO #28,2770 Valwood Pkwy,75234,liquor_store,TABC,32.938146643934,-96.887238240813,48113013902,,1
Guest365 Liquors,500 S Ervay St STE 120,75201,liquor_store,TABC,32.77793703796,-96.796154647505,48113020402,,1
G & K One Stop,2630 Walnut Hill Ln,75229,liquor_store,TABC,32.880977951993,-96.88959226674,48113009900,,1
7-Eleven Convenience Store #38,3117 Military Parkway,75149,liquor_store,TABC,32.7684981808,-96.647064534083,48113017602,,1
KWIK STOP BEER & WINE 'C',205 S CARROLL AVENUE,75226,liquor_store,TABC,32.790617127712,-96.766566980365,48113001502,,1
H Mart,2534 Royal Ln,75229,liquor_store,TABC,32.895881949389,-96.894347555519,48113009900,,1
SUPER H MART,2625 OLD DENTON RD STE 200,75007,liquor_store,TABC,32.990773181409,-96.910067244112,,,1
Tru By Hilton Garland,5055 N President George Bush Hwy,75040,liquor_store,TABC,32.9605738,-96.63871739999999,48113019027,,1
HACKNEY FOOD INC.,4815 COLLINS AVE,75210,liquor_store,TABC,32.777776625102,-96.740881202618,48113002703,,1
H&E SHELL,3501 W WALNUT ST,75042,liquor_store,TABC,32.917317527587,-96.683150249482,48113019032,,1
BIG DADDY'S SUPERMARKET,6204 BEXAR,75215,liquor_store,TABC,32.740944486527,-96.753362370927,48113011500,,1
SWIF-T,2033 MILITARY PKWY STE 106A,75149,liquor_store,TABC,32.768291947309,-96.630475079105,48113017602,,1
PAYLESS CONVENIENCE STORE,205 N CARROLL AVE,75246,liquor_store,TABC,32.792289980105,-96.768443557938,48113001502,,1
MINI MART,2475 S COCKRELL HILL RD STE 100,75211,liquor_store,TABC,32.718646584655,-96.891592973989,48113010809,,1
HALL STORE,212 HALL RD,75159,liquor_store,TABC,32.648920814696,-96.5473212303,48113017006,,1
PIGGIE PIES PIZZA,3707 GREENVILLE AVE,75206,liquor_store,TABC,32.832053777,-96.770226541158,48113000300,,1
M&W MARKET,1643 S Hampton Rd,75154,liquor_store,TABC,32.560637999875,-96.856912077308,48113016623,,1
BEAR CREEK SHELL,1701 S Beckley Rd,75154,liquor_store,TABC,32.558402063171,-96.822909038438,48113016622,,1
YASAHI,3045 N BELT LINE RD,75062,liquor_store,TABC,32.848054813241,-96.992350135732,48113014153,,1
FUEL CITY FRIENDLYS,10025 HARRY HINES BLVD,75220,liquor_store,TABC,32.8590442,-96.88151239999999,48113009900,,1
Mr Margaritas,5917 Greenville Ave,75206,liquor_store,TABC,32.857345754701,-96.768701026517,48113007912,,1
Happy Mart,4302 W Camp Wisdom Rd,75237,liquor_store,TABC,32.661846493867,-96.889276999216,48113010904,,1
COST PLUS,4438 MAPLE AVE,75019,liquor_store,TABC,32.810548393326,-96.821419822077,48113000405,,1
CT Grocery,4865 Sunnyvale St Ste C,75216,liquor_store,TABC,32.698206551984,-96.774817678343,48113008704,,1
7Eleven Convenience Store #385,4840 Harry Hines Boulevard,75235,liquor_store,TABC,32.80870257127,-96.833248237012,48113000401,,1
7-Eleven Convenience Store #35399B,1325 Gross Rd,75149,liquor_store,TABC,32.782252369671,-96.625832288172,48113017805,,1
HARUTAKA SUSHI,17194 Preston Rd Ste 140,75248,liquor_store,TABC,32.984750186943,-96.803990908943,48113013617,,1
HAT CREEK BURGER CO,3318 LAKEVIEW PKWY,75088,liquor_store,TABC,32.90745593323,-96.571635770901,48113018133,,1
HAT CREEK BURGER CO,2311 N CENTRAL EXPY,75080,liquor_store,TABC,32.98091573653,-96.714078895777,48113019210,,1
HAT CREEK BURGER CO,150 W STATE HIGHWAY 121,75019,liquor_store,TABC,32.9881243,-96.9947644,48113020000,,1
TEXAS HOLY CATERING AND CONCESSIONS,1229 ADMIRAL NIMITZ CIRCLE EMBARCAD BUILDING 29 MAP PLAT NO 64,75210,liquor_store,TABC,32.7811845,-96.7598774,48113020300,,1
Heaven and 73rd,5100 Lemmon Ave.,75209,liquor_store,TABC,32.824317258736,-96.819857062605,48113000609,,1
FOREST LANE MART,9791 FOREST LANE,75243,liquor_store,TABC,32.909610331327,-96.718475929747,48113019035,,1
HEB CENTRAL MARKET #552,5750 E LOVERS LN,75206,liquor_store,TABC,32.85091960444,-96.768730780216,48113007913,,1
HEB CENTRAL MARKET #653,10720 PRESTON RD STE 1018,75230,liquor_store,TABC,32.895193972207,-96.803845948723,48113013300,,1
HEB Food Store #817,2351 W Interstate 635,75063,liquor_store,TABC,32.9220044,-96.9886412,48113014124,,1
HEB Food Store #817(BBQ),2351 W Interstate Hwy 635 Suite 100,75063,liquor_store,TABC,32.9117167,-96.9907197,48113014124,,1
Joe V's Smart Shop #805,7700 Samuell Blvd,75227,liquor_store,TABC,32.7911345,-96.6861266,48113012207,,1
Joe V's Smart Shop #815,2407 W Airport Fwy,75062,liquor_store,TABC,32.837669442661,-96.977074990042,48113014306,,1
LA POTOSINA CONVENIENCE STORE,5302 SINGLETON BOULEVARD SUITE 100,75212,liquor_store,TABC,32.778506936794,-96.908340294704,48113010602,,1
Hello Cuba,2053 W Northwest Hwy Ste 90,75220,liquor_store,TABC,32.86700900412,-96.907121648635,48113009900,,1
Yeti Food Store,126 E Centerville Rd,75041,liquor_store,TABC,32.870045043776,-96.631770305246,48113018126,,1
KWIK PIK FOOD STORE COPPELL,400 S DENTON TAP ROAD,75019,liquor_store,TABC,32.960250659947,-96.993530782701,48113014119,,1
HENK'S EUROPEAN DELI INC.,5811 BLACKWELL ST,75231,liquor_store,TABC,32.866926717654,-96.765380187538,48113007819,,1
SHOP N GO,14714 WEBB CHAPEL RD,75234,liquor_store,TABC,32.948638128363,-96.870876183698,48113013808,,1
KROGER # 448,950 E SANDY LAKE,75019,liquor_store,TABC,32.973234497425,-97.021968809453,48113020000,,1
KROGER #191,313 E PIONEER PARKWAY,75051,liquor_store,TABC,32.7082205,-97.0010489,48113016407,,1
KROGER #209,525 N GALLOWAY,75149,liquor_store,TABC,32.771036384068,-96.599227443755,48113017704,,1
KROGER #213,655 W ILLINOIS AVE,75224,liquor_store,TABC,32.720496571302,-96.833630970911,48113006200,,1
KROGER #402,3612 N BELT LINE ROAD,75062,liquor_store,TABC,32.855388992699,-96.992044755914,48113014309,,1
KROGER #429,2202 W GRAUWYLER RD,75061,liquor_store,TABC,32.828912979528,-96.974629437754,48113014501,,1
KROGER #436,235 FM 1382 EAST,75104,liquor_store,TABC,32.597421955989,-96.941219791088,48113016522,,1
KROGER #450,3600 GUS THOMASSON RD STE 150,75150,liquor_store,TABC,32.812575665351,-96.634655876695,48113017819,,1
KROGER #461,5190 HWY 78,75048,liquor_store,TABC,32.970526697698,-96.604063955657,48113018151,,1
KROGER #492,11925 ELAM RD,75180,liquor_store,TABC,32.719369625956,-96.621959522701,48113017201,,1
KROGER #495,515 S MACARTHUR BLVD,75060,liquor_store,TABC,32.809579039591,-96.960067400538,48113015205,,1
KROGER #511,10677 E NORTHWEST HWY STE 300,75238,liquor_store,TABC,32.863539624254,-96.70098382187,48113012900,,1
KROGER #517,160 N COIT ROAD,75080,liquor_store,TABC,32.952903180749,-96.768762696356,48113019215,,1
KROGER #518,5665 E MOCKINGBIRD LN,75206,liquor_store,TABC,32.8384139,-96.77084719999999,48113000300,,1
KROGER #526,536 CENTENNIAL,75081,liquor_store,TABC,32.93815438156,-96.720661380331,48113019040,,1
KROGER #527,200 W CAMP WISDOM ROAD,75116,liquor_store,TABC,32.661738711503,-96.909871785838,48113016518,,1
KROGER #528,4142 CEDAR SPRINGS ROAD,75219,liquor_store,TABC,32.81227315672,-96.812726494962,48113000605,,1
KROGER #529,4241 CAPITOL AVENUE,75204,liquor_store,TABC,32.80619909738,-96.788482290708,48113000802,,1
KROGER #545,1001 N INTERSTATE 35 E STE 500,75115,liquor_store,TABC,32.6055839,-96.8256267,48113016610,,1
KROGER #557,6850 N SHILOH RD,75044,liquor_store,TABC,32.9774097,-96.66397909999999,48113019042,,1
KROGER #559,1406 W WALNUT ST,75042,liquor_store,TABC,32.916187330075,-96.648583214052,48113018802,,1
KROGER #577,7505 MACARTHUR BOULEVARD,75063,liquor_store,TABC,32.908434316479,-96.958877982148,48113014124,,1
KROGER #588,9140 FOREST LN,75243,liquor_store,TABC,32.909039940362,-96.743360994655,48113007810,,1
KROGER #689,17194 PRESTON RD STE 300,75248,liquor_store,TABC,32.984750186943,-96.803990908943,48113013617,,1
KROGER #870,3770 BELT LINE RD,75001,liquor_store,TABC,32.95303193681,-96.852670731628,48113013726,,1
KROGER #893,1919 FAITHON P LUCAS SR BLVD,75181,liquor_store,TABC,32.743808474595,-96.552529848427,48113017308,,1
SUPER DISCOUNT PACKAGE STORE,4915 2ND AVENUE,75210,liquor_store,TABC,32.760637290501,-96.744327477,48113020800,,1
HERBY'S BURGERS,2109 S Edgefield Ave,75224,liquor_store,TABC,32.725200108141,-96.844682641185,48113006302,,1
Miracle Mart,4290 S Beltline Rd,75180,liquor_store,TABC,32.70524728345,-96.586501350234,48113017315,,1
7-ELEVEN CONVENIENCE STORE #32914B,6122 BROADWAY BOULEVARD,75043,liquor_store,TABC,32.838112194607,-96.595481831305,48113018132,,1
MARRIOTT DFW AIRPORT,8440 FREEPORT PARKWAY,75063,liquor_store,TABC,32.922837624266,-97.019315895698,48113014124,,1
HICKORY TREE MART,11900 ELAM RD,75180,liquor_store,TABC,32.7188158,-96.6223131,48113017201,,1
EL RANCHO #26,1540 S 1ST ST,75040,liquor_store,TABC,32.898685228472,-96.630819510594,48113018204,,1
Residence Inn Addison,14975 Quorum Dr,75254,liquor_store,TABC,32.94851792358,-96.82553722926,48113013628,,1
STOP & SAVE STORE,3525 SUNNYVALE ROAD,75216,liquor_store,TABC,32.712241558801,-96.784588025242,48113008802,,1
SUNNYVALE FOOD MARKET,3530 SUNNYVALE ST,75216,liquor_store,TABC,32.712047721112,-96.784290876801,48113008802,,1
K&N CONVENIENT STORE,750 E 2ND ST STE 110,75060,liquor_store,TABC,32.812664462343,-96.93703488365,48113014903,,1
DESOTO FOOD MART,901 N POLK ST STE 303,75115,liquor_store,TABC,32.604324593631,-96.840829988818,48113016610,,1
7-ELEVEN CONVENIENCE STORE # 22788B,5365 SPRING VALLEY ROAD,75254,liquor_store,TABC,32.939463351027,-96.815490631466,48113013624,,1
MIKE'S CHICKEN,7752 Forest Ln,75230,liquor_store,TABC,32.9091214,-96.7732214,48113013101,,1
DOLLAR PLUS STORE,2901 S FIFTH STREET STE B,75041,liquor_store,TABC,32.8828340396,-96.633900000188,48113018300,,1
Galloway Beer & Wine,4701 N Galloway Ave Ste 100,75150,liquor_store,TABC,32.826987117384,-96.625992370913,48113018130,,1
7-Eleven Convenience Store #35,"310 West Highway 67, Duncanville, TX, USA",75137,liquor_store,TABC,32.62138997509,-96.911458184181,48113016636,,1
THAI ORCHID RESTAURANT,4930 BELT LINE RD STE 190,75254,liquor_store,TABC,32.953968800539,-96.825547097562,48113013628,,1
PAYLESS BEER WINE,5620 Lyndon B Johnson Fwy Ste 300,75240,liquor_store,TABC,32.92545733535,-96.810762580896,48113009604,,1
T M GROCERY BEER & WINE,4537 ELSIE FAYE HEGGINS ST,75210,liquor_store,TABC,32.771250897014,-96.738004818677,48113002703,,1
SOUTHWEST FARMERS MARKET,4460 W WALNUT ST STE 126,75042,liquor_store,TABC,32.916497340274,-96.699744432793,48113019033,,1
HomeTown Mart,11090 Estate Ln Suite 120,75238,liquor_store,TABC,32.880195266123,-96.691886079255,48113013011,,1
RALPH'S CHEVRON,1401 BELT LINE ROAD,75044,liquor_store,TABC,32.945246629356,-96.648223169519,48113019029,,1
SEAN'S BEER & WINE,1951 N BELT LINE ROAD,75061,liquor_store,TABC,32.836827784641,-96.993677113747,48113014407,,1
J & B BEER WINE,1901 E BELT LINE ROAD,75006,liquor_store,TABC,32.9540123,-96.88978569999999,48113013718,,1
LAVON CHEVRON,3310 LAVON DR,75040,liquor_store,TABC,32.9476033,-96.61971319999999,48113018152,,1
PRESTON CHEVRON,8424 PRESTON ROAD,75225,liquor_store,TABC,32.8653076,-96.8038697,48113019501,,1
Waters Edge Winery - Bistro Dallas,6750 Abrams Rd STE 105,75231,liquor_store,TABC,32.866609590326,-96.74295878629,48113007821,,1
Hope Food Mart,3802 N Town East Blvd,75150,liquor_store,TABC,32.795960769492,-96.652946457278,48113017816,,1
HOSPITALITY INTERNATIONAL INC,2222 STEMMONS FRWY,75207,liquor_store,TABC,32.802981328332,-96.831573253383,48113010001,,1
HOSPITALITY INTERNATIONAL INC.,1151 W WALNUT HILL LN,75038,liquor_store,TABC,32.885097545944,-96.966406319599,48113014159,,1
LA MADELEINE COUNTRY FRENCH CAFE,8008 HERB KELLEHER WAY MAIN TERMINAL E CONCOURSE STE C2546,75235,liquor_store,TABC,32.8348401,-96.8433257,48113980100,,1
DOUBLETREE BY HILTON HOTEL DALLAS - FARMERS BRANCH,11611 LUNA RD,75234,liquor_store,TABC,32.9018031,-96.91973929999999,48113009900,,1
Kindred Spirits & Wine,3578 W Airport Fwy,75062,liquor_store,TABC,32.836601257838,-97.000093723281,48113014407,,1
HOWDYS EXPRESS,1100 PIONEER ROAD,75149,liquor_store,TABC,32.753457782592,-96.583450442897,48113017312,,1
HILTON GARDEN INN DALLAS DOWNTOWN,1600 PACIFIC AVE LEVEL 1,75201,liquor_store,TABC,32.782300975792,-96.798596600211,48113003103,,1
KWIK MART #25,2501 S BELT LINE RD,75052,liquor_store,TABC,32.709284988912,-96.994248523738,48113016407,,1
SOUTHSIDE AFFILIATED,4630 ELSIE FAYE HEGGINS ST,75210,liquor_store,TABC,32.7729531,-96.73759980000001,48113002703,,1
STOP & BUY,2924 W IRVING BLVD,75061,liquor_store,TABC,32.831915668523,-96.986001309123,48113014405,,1
FAST FUELS AND FOOD MART,701 N BELTLINE RD,75050,liquor_store,TABC,32.754983584312,-96.994966700301,48113015500,,1
POLK MART,8770 S POLK ST,75232,liquor_store,TABC,32.644209089571,-96.839883121001,48113011104,,1
LIQUOR DEPOT,410 IH 45N SUITE A,75141,liquor_store,TABC,32.65178673523,-96.709022046466,48113016902,,1
Arcadia Liquor 2,5626 E R L Thornton Fwy,75223,liquor_store,TABC,32.791288364153,-96.743102553587,48113002500,,1
Belt Line Beer & Wine,2502 E Belt Line Rd,75006,liquor_store,TABC,32.953415824588,-96.872558811944,48113013715,,1
COOL ZONE BEVERAGES,11368 EMERALD ST,75229,liquor_store,TABC,32.894856955911,-96.899194027368,48113009900,,1
IHR SSH TEXAS BEVERAGE CORPORATION,2300 IH 30 STE M,75150,liquor_store,TABC,32.820753263594,-96.632245456237,48113017819,,1
EXPRESS SHOP,200 CRESCENT COURT SUITE 50,75201,liquor_store,TABC,32.794227352207,-96.803619761823,48113001802,,1
FUEL CITY NO. 2,801 S RIVERFRONT BOULEVARD,75207,liquor_store,TABC,32.7671236,-96.80730179999999,48113010002,,1
HYATT HOUSE - LAS COLINAS,5901 N MACARTHUR BLVD,75039,liquor_store,TABC,32.892535907378,-96.96106459529,48113014151,,1
The Pizza Dude,17390 Preston Rd. Ste 263,75252,liquor_store,TABC,32.989727638789,-96.801752193468,,,1
INTRINSIC SMOKEHOUSE AND BREWERY,509 W STATE STREET,75040,liquor_store,TABC,32.913403689679,-96.636710346662,48113018802,,1
MILLER GAS & MORE,2435 W MILLER ROAD,75041,liquor_store,TABC,32.894553410522,-96.664781455631,48113018600,,1
Small Hill Mart,615 Small Hill Dr Suite 110,75050,liquor_store,TABC,32.748722218661,-96.99681650075,48113015500,,1
Mary Food Mart,2400 Rock Island Rd,75060,liquor_store,TABC,32.815268968144,-96.976518602935,48113015305,,1
ARCADIA LIQUOR,2214 INWOOD ROAD,75235,liquor_store,TABC,32.817955337303,-96.840154419538,48113000401,,1
DISCOUNT LIQUOR,2907 IRVING BOULEVARD,75247,liquor_store,TABC,32.8098999,-96.8514176,48113010003,,1
FIRST STOP BEER & WINE,4847 SCYENE ROAD SUITE A,75210,liquor_store,TABC,32.7669614,-96.73557609999999,48113002703,,1
FIRST STOP LIQUORS,4847 SCYENE ROAD SUITE B,75210,liquor_store,TABC,32.7669614,-96.73557609999999,48113002703,,1
Island Spice Groceries and More ,4043 E Trinity Mills Road Suite 114,75287,liquor_store,TABC,32.9877828,-96.8431507,,,1
EZ TRIP FOOD STORE #22,1031 FRANCES WAY,75081,liquor_store,TABC,32.945640523429,-96.71066273176,48113019039,,1
GATEWAY 32,4455 LOVERS LN,75225,liquor_store,TABC,32.851352450946,-96.834428941792,48113007302,,1
J & V CHEVRON,3112 OATES DRIVE,75150,liquor_store,TABC,32.822715915932,-96.647472707004,48113017900,,1
MINI MART,1106 ROWLETT RD,75043,liquor_store,TABC,32.853374165356,-96.586340868189,48113018138,,1
Soul Bite,118 E Saner Ave Ste A,75216,liquor_store,TABC,32.713100980837,-96.822695381249,48113005600,,1
KIEST BLVD SHELL,500 W KIEST BOULEVARD,75224,liquor_store,TABC,32.70477820000001,-96.8332575,48113006001,,1
RACEWAY #6828,2400 N GALLOWAY AVENUE,75150,liquor_store,TABC,32.798958412932,-96.611510713763,48113017814,,1
CASANOVA BAR,3244 SAMUELL BLVD,75001,liquor_store,TABC,32.792919856865,-96.739855350194,48113001202,,1
J.C.'S ONE STOP SHOP LLC,2743 CEDAR CREST BLVD,75203,liquor_store,TABC,32.739772296554,-96.789305540152,48113021100,,1
HOOK LINE & SINKER,3103 LEMMON AVE,75204,liquor_store,TABC,32.805864224384,-96.798471930032,48113001801,,1
Crafted,255 Cedar Sage Dr,75040,liquor_store,TABC,32.953713617748,-96.612441669108,48113018152,,1
JACK'S FRENCH FRYS,1229 ADMIRAL NIMITZ CIRCLE EMBARCADERO BUILDING 29 MAP PLAT NO. 32,75210,liquor_store,TABC,32.7811845,-96.7598774,48113020300,,1
MESQUITE MINI MART,4215 N BELT LINE RD,75150,liquor_store,TABC,32.821977528914,-96.595960095485,48113017811,,1
STOP AND SHOP #2,2213 OATES DRIVE,75150,liquor_store,TABC,32.834727502973,-96.633113841582,48113018001,,1
Montfort Mart,13329 Montfort Dr,75240,liquor_store,TABC,32.929567134271,-96.811415685743,48113013628,,1
STOP AND SHOP,4401 N GALLOWAY AVE STE 100,75150,liquor_store,TABC,32.823758907659,-96.622167439662,48113017812,,1
MINI MART,937 BARNES BRIDGE DRIVE,75150,liquor_store,TABC,32.82500160000001,-96.6103717,48113017808,,1
1 ST STOP,4100 GUS THOMASSON RD,75150,liquor_store,TABC,32.81929245041,-96.640938767746,48113018002,,1
D-Town Fuel & Food,7036 Great Trinity Forest Way,75217,liquor_store,TABC,32.71278,-96.70042,48113011601,,1
Pioneers Beer and Wine,12925 Elam Rd STE 101,75180,liquor_store,TABC,32.719405064121,-96.606319218558,48113017203,,1
NEW CIRCLE A BEER & WINE,4306 SATURN RD,75041,liquor_store,TABC,32.865221698639,-96.64829087891,48113018402,,1
Lucky Food Store,2810 N Belt Line Rd,75062,liquor_store,TABC,32.844123732509,-96.992290393398,48113014306,,1
PIONEER FOOD MART,4210 PIONEER ROAD,75180,liquor_store,TABC,32.712896258071,-96.605340102374,48113017315,,1
BARRERA'S,1229 ADMIRAL NIMITZ CIRCLE EMBARCADERO BUILDING 29 MAP PLAT NO. 24,75210,liquor_store,TABC,32.7811845,-96.7598774,48113020300,,1
Eagle Express,8661 S Hampton Rd,75232,liquor_store,TABC,32.6427531,-96.8574643,48113016634,,1
JAMUNA TRADING,1959 N STEMMONS FREEWAY,75207,liquor_store,TABC,32.799139323962,-96.820729907544,48113010003,,1
CITY STAR 1,1036 N COUNTRY CLUB ROAD,75040,liquor_store,TABC,32.921629905429,-96.613668757534,48113018121,,1
JAS JP Investments Inc,13910 N Central Expy,75243,liquor_store,TABC,32.936943853903,-96.748902932388,48113019040,,1
TIGER MART 31,3799 N HOUSTON SCHOOL RD,75134,liquor_store,TABC,32.641596190084,-96.805776137409,48113016709,,1
FRIENDS LIQUOR,210 SW 2ND ST STE 250,75051,liquor_store,TABC,32.744219911408,-97.004948356773,48113016001,,1
Java & Hopps Cafe ,4970 Addison Cir,75001,liquor_store,TABC,32.96139384059,-96.826463523475,48113013628,,1
CIVIL POUR COFFEE + BEER,800 N Coit Rd Ste 2550,75080,liquor_store,TABC,32.959599756211,-96.768734464529,48113019215,,1
KWIK WAY GROCERY,12405 JUPITER RD,75218,liquor_store,TABC,32.863237064669,-96.683298989969,48113012801,,1
STOP N GO,609 DAIRY RD STE 100,75040,liquor_store,TABC,32.907834401373,-96.621134503554,48113018204,,1
7-Eleven Convenience Store #27372D,2635 Willowbrook Rd,75220,liquor_store,TABC,32.861629536814,-96.882209073518,48113009900,,1
ZARA FOOD MART,1102 E PIONEER DR STE H,75061,liquor_store,TABC,32.817559340244,-96.933327754637,48113014704,,1
7-Eleven Convenience Store #19358B,14400 Marsh Ln,75001,liquor_store,TABC,32.940060361222,-96.855678477643,48113013726,,1
7-Eleven Convenience Store #35421B,10804 Preston Rd,75230,liquor_store,TABC,32.896130450016,-96.803855023063,48113013300,,1
7-Eleven Convenience Store #38249B,14054 N. Stemmons Fwy.,75234,liquor_store,TABC,32.937071512829,-96.901880339631,48113013901,,1
SUPER SEALS GROCERY,2769 W CLARENDON DRIVE,75211,liquor_store,TABC,32.734840884593,-96.865599978412,48113005300,,1
H & M FOOD MART,3635 N BELT LINE RD,75062,liquor_store,TABC,32.855845313535,-96.99217070125,48113014153,,1
A SHELL STATION,1331 S PLANO ROAD,75081,liquor_store,TABC,32.96514427321,-96.700010868627,48113019053,,1
JBW Vending,14050 Heartside Pl,75234,liquor_store,TABC,32.937640951301,-96.880102048697,48113013902,,1
JIRO SUSHI,761 S MacArthur Blvd Ste 121,75019,liquor_store,TABC,32.95406423066,-96.95805295636,48113014120,,1
Big Boyz Beer & Wine,3500 E Illinois Ave,75216,liquor_store,TABC,32.714940695788,-96.764806352065,48113008701,,1
JERRY'S SUPERMARKET,532 W JEFFERSON BLVD,75208,liquor_store,TABC,32.743088975509,-96.830842374376,48113005000,,1
JERRY'S SUPERMARKET,1719 SINGLETON BOULEVARD,75212,liquor_store,TABC,32.778584472178,-96.846712995097,48113010101,,1
JIMMY'S FOOD STORE,4901 BRYAN ST,75206,liquor_store,TABC,32.80386926439,-96.773547768294,48113001503,,1
JIMMY'S LIQUOR,2051 W NORTHWEST HWY SUITE 60,75220,liquor_store,TABC,32.86701732266,-96.907146521066,48113009900,,1
A & I FOOD STORE,2286 W PLEASANT RUN RD STE 112,75146,liquor_store,TABC,32.604049335502,-96.805339160865,48113016806,,1
Texaco,6005 S R L Thornton Fwy,75232,liquor_store,TABC,32.67462808394,-96.823070899947,48113011103,,1
Sunny Food Mart #12,8390 N Stemmons Fwy Ste B,75247,liquor_store,TABC,32.826469216715,-96.871783763653,48113010001,,1
Sunny Food Mart # 10,2104 E Ledbetter Dr,75216,liquor_store,TABC,32.6859341,-96.7889891,48113008705,,1
JKAA INC.,3200 S LANCASTER RD STE 528,75216,liquor_store,TABC,32.70844008509,-96.801775218258,48113008802,,1
KIEST FOOD MART,3308 W KIEST,75233,liquor_store,TABC,32.704281153514,-96.8798714506,48113010807,,1
Rosi's Cafe,2420 Firewheel Pkwy,75040,liquor_store,TABC,32.9370067,-96.60156620000001,48113018120,,1
JOE'S SEAFOOD,4224 ASH LANE,75223,liquor_store,TABC,32.786791484643,-96.765528851815,48113002500,,1
NEW DAIRY WAY,1551 CENTERVILLE ROAD,75228,liquor_store,TABC,32.8436488,-96.6838556,48113012701,,1
LOW PRIZE FOOD MART,1472 W SPRING VALLEY RD,75080,liquor_store,TABC,32.939954935601,-96.768152733767,48113019214,,1
JORDANS CIGARETTE STORE ,1012 Pioneer Rd,75149,liquor_store,TABC,32.754928522349,-96.583452211511,48113017312,,1
7-ELEVEN CONVENIENCE STORE #23379B,7037 LAKE JUNE RD,75217,liquor_store,TABC,32.734497672638,-96.701257122731,48113009103,,1
7-Eleven Convenience Store #42030B,1900 W Scyene Rd,75149,liquor_store,TABC,32.767015010062,-96.628488913632,48113017606,,1
El Rey Del Mariscos,3301 Singleton Blvd,75212,liquor_store,TABC,32.778817933518,-96.873898931831,48113010500,,1
AMIGO'S GROCERY,2259 ANSON RD,75235,liquor_store,TABC,32.832903092836,-96.854403843007,48113000410,,1
TIENDA HONDURAS MAYA,2602 W WALNUT ST STE 106,75042,liquor_store,TABC,32.916369044256,-96.667283490905,48113019013,,1
El Rico Taco,160 Grand Central Shopping Center Suite 160B,75050,liquor_store,TABC,32.750939957553,-96.978669523722,48113015600,,1
Ranchero Fajitas,"1229 Admiral Nimitz Cir Building 29, MapPlat 59",75219,liquor_store,TABC,32.7811845,-96.7598774,48113020300,,1
EMILY GROCERY,1818 METROPOLITAN AVE,75215,liquor_store,TABC,32.757345591327,-96.769436415859,48113020900,,1
La Lenita Restaurant,104 NE 19th St STE A,75050,liquor_store,TABC,32.748859984428,-96.977925807645,48113015700,,1
BARBACOA HERMANOS CRUZ,109 E CENTERVILLE ROAD,75041,liquor_store,TABC,32.871539471654,-96.630468181577,48113018206,,1
TIENDA SALVADORENA 503,1610 S 1ST ST,75040,liquor_store,TABC,32.897904487508,-96.630826393598,48113018204,,1
Judy's Cafe,3443 W Campbell Rd Suite  400,75044,liquor_store,TABC,32.9739869,-96.68131299999999,48113019031,,1
Juicy's LLC,1229 Admiral Nimitz Circle Embarcadero Building 29 Map Plat No 17,75210,liquor_store,TABC,32.7811845,-96.7598774,48113020300,,1
Opening Bell Coffee,1409 Botham Jean Blvd 012,75215,liquor_store,TABC,32.766891,-96.7954158,48113020402,,1
US ONE STOP FOOD MART,12909 JUPITER RD,75238,liquor_store,TABC,32.871647980146,-96.683265825369,48113013011,,1
JUPITER MART,3080 S JUPITER ROAD,75041,liquor_store,TABC,32.879293,-96.6826916,48113018501,,1
Shady Grove Food And More,1427 W Shady Grove Rd,75060,liquor_store,TABC,32.801291787314,-96.962691351954,48113015206,,1
HANDY STOP CONVENIENCE STORE & CHECK CASHING,2771 ROYAL LN,75229,liquor_store,TABC,32.895345312424,-96.884218901974,48113009610,,1
K-POP RAMEN,5150 Lemmon Ave Ste 105,75209,liquor_store,TABC,32.824761634211,-96.820360129096,48113000609,,1
BREAKTIME,103 S Cedar Ridge Dr,75116,liquor_store,TABC,32.651616293695,-96.925820061836,48113016519,,1
OH Eight Beverages,1428 N Irving Heights Dr,75061,liquor_store,TABC,32.829037932258,-96.926009254706,48113014704,,1
KINGS ZONE,1294 E LEDBETTER DRIVE,75216,liquor_store,TABC,32.682590273204,-96.803121660704,48113011300,,1
FUEL ZONE 1,11331 LAKE JUNE RD STE A,75180,liquor_store,TABC,32.734218625286,-96.632119932,48113011902,,1
ONE STOP MARKET,3751 N STORY RD,75062,liquor_store,TABC,32.854897679981,-96.975212882335,48113014310,,1
GEORGE COFFEEHOUSE,462 HOUSTON STREET,75019,liquor_store,TABC,32.953540905255,-97.006323853402,48113014126,,1
OPEN SESAME LEBANESE GRILL,2615 OAK LAWN AVE STE 104,75219,liquor_store,TABC,32.805478942931,-96.812826299989,48113000502,,1
MEGA ROYAL MART,10950 N CENTRAL EXPY,75231,liquor_store,TABC,32.897792326195,-96.768623581711,48113007823,,1
QUICK MART 108,5329 Ross Ave,75206,liquor_store,TABC,32.809746352485,-96.772065940771,48113001002,,1
ULTIMATE STOP,8210 S LANCASTER RD,75241,liquor_store,TABC,32.647833242591,-96.781249499433,48113016710,,1
KANNALA COUNTRY CORNER,11302 LAKE JUNE RD,75180,liquor_store,TABC,32.73397098876,-96.631138675129,48113017201,,1
HOLIDAY INN EXPRESS SWEET SHOP,4112 S CARRIER PKWY,75052,liquor_store,TABC,32.6740565,-97.0101565,48113016414,,1
GATEWAY 57,925 N Belt Line Rd,75050,liquor_store,TABC,32.755683915646,-96.995016304666,48113015500,,1
GATEWAY 29,8207 S Hampton Rd,75232,liquor_store,TABC,32.647404472913,-96.857200497186,48113010906,,1
Best Western Plus Duncanville Dallas,922 East HIGHWAY 67,75137,liquor_store,TABC,32.641284823849,-96.890484811247,48113016637,,1
HOME BOYS,2510 FIREWHEEL PKWY,75040,liquor_store,TABC,32.9381629,-96.60284170000001,48113018151,,1
Grab and Go,601 Pioneer Rd STE F,75149,liquor_store,TABC,32.760520588997,-96.583666991557,48113017400,,1
Gas Trip,700 S Peak St,75223,liquor_store,TABC,32.786931225474,-96.765348390087,48113002500,,1
Hatcher Convenience Store,2702 Elsie Faye Heggins St,75215,liquor_store,TABC,32.7547935,-96.75410400000001,48113020800,,1
MR K CONVENIENCE STORE,4302 MALCOLM X BLVD,75215,liquor_store,TABC,32.758994531978,-96.756350220965,48113020800,,1
ESTERS LIQUOR,1885 ESTERS RD STE 120,75061,liquor_store,OSM;TABC,32.832886150943,-97.009649613437,48113014410,,2
KATIE'S CAFE,3921 MARTIN LUTHER KING BOULEVARD 'FW29F',75210,liquor_store,TABC,32.7782494,-96.7584284,48113020300,,1
SUNNY'S MART,607 E CAMP WISDOM ROAD,75116,liquor_store,TABC,32.661849900526,-96.919926248913,48113016535,,1
ONE STOP FOOD MART,3708 SHEPHERD LANE,75180,liquor_store,TABC,32.719283715971,-96.61400527756,48113017204,,1
Keke's Breakfast Cafe,1020 Mayfield Rd Ste 630,75052,liquor_store,TABC,32.691820632583,-97.021364304629,48113016419,,1
Keke's Breakfast Cafe,7700 W Northwest Hwy Ste 600,75225,liquor_store,TABC,32.865343307094,-96.77425777642,48113007906,,1
Twin City Liquor & More,3503 Rowlett Rd  Suite J104 & J106,75088,liquor_store,TABC,32.893018747588,-96.569684733921,48113018146,,1
GOOD TIME FOOD MART,7730 FERGUSON ROAD,75228,liquor_store,TABC,32.7998237,-96.7157565,48113012212,,1
SEAGOVILLE MARKET,601 E Malloy Bridge Rd,75159,liquor_store,TABC,32.64898830375,-96.532083984478,48113017008,,1
CASA HIMALAYA,3343 Country Club Dr W,75038,liquor_store,TABC,32.860777138611,-96.991190379331,48113014309,,1
HEIGHTS LIQUOR,1550 E IRVING BLVD,75060,liquor_store,TABC,32.807940208798,-96.926285386898,48113015001,,1
Sini Coffee Lounge,9560 Skillman St Ste 100,75243,liquor_store,TABC,32.906476638318,-96.710236663056,48113018506,,1
FOOD MART,7640 MILITARY PARKWAY,75227,liquor_store,TABC,32.770409868167,-96.688266063445,48113008500,,1
SWIFT STORE,801 W Kearney St Ste 100,75149,liquor_store,TABC,32.770947230286,-96.609950810033,48113017704,,1
MONTICELLO BEER WINE & SPIRIT,4855 N CENTRAL EXPY,75205,liquor_store,TABC,32.825954726336,-96.784589689012,48113000706,,1
Kim's House Grill & BBQ ,320 Singleton Blvd Suite 100,75212,liquor_store,TABC,32.778503968713,-96.828635114401,48113004300,,1
KING NOODLE & SUSHI,909 TRIPP RD STE 130,75150,liquor_store,TABC,32.797743547042,-96.609332362007,48113017814,,1
ROYAL MARKET,1326 W KINGSLEY RD,75041,liquor_store,TABC,32.878648407257,-96.646175995663,48113018402,,1
Kingsley Taqueria,119 W Kingsley Rd Ste 121,75041,liquor_store,TABC,32.8791085,-96.6312956,48113018300,,1
KORNER SHOP,727 ORIOLE BLVD,75116,liquor_store,TABC,32.661160802334,-96.900976911416,48113016516,,1
ONE STOP FOOD STORE,617 S BELT LINE RD,75060,liquor_store,TABC,32.80720187783,-96.994403495573,48113015304,,1
CLIFF BEER AND WINE,2460 W ILLINOIS AVENUE,75233,liquor_store,TABC,32.720165981027,-96.858360318237,48113010804,,1
SAVE NOW FOOD MART,634 N CARRIER PARKWAY SUITE 160,75050,liquor_store,TABC,32.748151713702,-97.017038864807,48113015500,,1
LIQUOR DEPOT,1815 W TARRANT ROAD SUITE 215,75050,liquor_store,TABC,32.757006098405,-97.027050407644,48113015403,,1
Berkley's Market,3300 Knox St STE 200,75205,liquor_store,TABC,32.823773868417,-96.790344669721,48113000706,,1
DISCOUNT SMOKE & BEER,1335 N BELT LINE RD STE 13,75061,liquor_store,TABC,32.827992262964,-96.993940822558,48113014408,,1
Sushi Kozy,2000 Ross Ave  STE 150,75201,liquor_store,TABC,32.786931150255,-96.799144091346,48113002100,,1
KONNECT GENERAL STORE LLC,3160 W Pleasant Run Rd,75146,liquor_store,TABC,32.6039104,-96.81860379999999,48113016805,,1
SIA FOOD MART,1919 W SCYENE RD,75149,liquor_store,TABC,32.7675808,-96.6277767,48113017602,,1
7-Eleven Convenience Store #33122D,2601 Faithon P Lucas Sr Blvd,75181,liquor_store,TABC,32.735628386359,-96.558520403272,48113017308,,1
YOLK,1722 ROUTH ST STE 132,75201,liquor_store,TABC,32.79089199936,-96.795022131908,48113001705,,1
KRAMER SMOKE & CONVENIENCE STORE LLC,3600 W Davis St suite 103,75211,liquor_store,TABC,32.749497298572,-96.878364962357,48113006702,,1
CHILLY MART,3705 S CARRIER PKWY,75052,liquor_store,TABC,32.684176430091,-97.009146665184,48113016409,,1
Hello Food Mart,6411 S Great Trinity Forest Way,75217,liquor_store,TABC,32.7132513,-96.7110907,48113009304,,1
Kroger Fulfillment Network LLC,4221 Telephone Rd,75241,liquor_store,TABC,32.63608150601,-96.753595054471,48113016709,,1
KROGER #509,4901 MAPLE AVENUE,75235,liquor_store,TABC,32.814914422685,-96.828218070404,48113000401,,1
Mir's Food Mart,2698 S R L Thornton Fwy,75224,liquor_store,TABC,32.716872807345,-96.828354497295,48113005600,,1
C-STORE,16601 ADDISON ROAD SUITE 100,75001,liquor_store,TABC,32.977167343065,-96.830390468149,48113013727,,1
Best Buy Beverage,5011 Military Pkwy STE B,75227,liquor_store,TABC,32.783776269089,-96.73266662144,48113002500,,1
TRINITY DRIVE IN GROCERY,5011 Military Pkwy STE A,75227,liquor_store,TABC,32.783776269089,-96.73266662144,48113002500,,1
KUBY'S SAUSAGE HOUSE,6601 SNIDER PLAZA,75205,liquor_store,TABC,32.846727964727,-96.788027560102,48113019400,,1
GET N GO,11424 AUDELIA ROAD,75243,liquor_store,TABC,32.904773906405,-96.717647438968,48113018505,,1
MY BEER STORE #6,3404 S Lancaster Rd,75216,liquor_store,TABC,32.7061473,-96.7999169,48113005700,,1
IRVING BEER & WINE,2215 N STORY RD,75062,liquor_store,TABC,32.8390033,-96.9770984,48113014306,,1
KURA REVOLVING SUSHI BAR,2540 OLD DENTON RD STE 140,75006,liquor_store,TABC,32.979949081134,-96.909748195693,48113013719,,1
7-Eleven Convenience Store #33671C,377 W Campbell Rd Suite 200,75080,liquor_store,TABC,32.975319316836,-96.724815945404,48113019211,,1
LA BURGER,1017 E TRINITY MILLS RD 104 1017 E TRINITY MILLS RD 104,75006,liquor_store,TABC,32.9848218,-96.9080007,48113013719,,1
Speedy B Mart,2302 W Walnut Hill Lane,75038,liquor_store,TABC,32.8659912,-96.9779045,48113014310,,1
DAILY STOP,2326 W SHADY GROVE RD,75060,liquor_store,TABC,32.800369977737,-96.975845844546,48113015207,,1
ICE HOUSE BEVERAGE #2,9430 LARGA DRIVE SUITE 101,75220,liquor_store,TABC,32.864284295224,-96.862674741485,48113007206,,1
RED BIRD MART,1411 N DUNCANVILLE RD,75116,liquor_store,TABC,32.675415280008,-96.908701812413,48113016535,,1
LA AZTECA MEAT MARKET,3701 W NW HWY SUITE 203,75220,liquor_store,TABC,32.86097973714,-96.856023865594,48113009802,,1
TIENDA CHORIS,833 W JEFFERSON BLVD,75208,liquor_store,TABC,32.74320967302,-96.836387844456,48113004700,,1
la Botanita,2825 West Davis Street,75211,liquor_store,TABC,32.749593567245,-96.867421064538,48113006800,,1
Alexandria Market,1100 Elm Street,75006,liquor_store,OSM;TABC,32.952101497716,-96.90852773592,48113013729,,2
LA PINITA,3338 BROADWAY BOULEVARD SUITE 310,75043,liquor_store,TABC,32.874842866444,-96.616595151976,48113018110,,1
SUPER MERCADO MONTERREY,1120 S WESTMORELAND ROAD,75211,liquor_store,TABC,32.733797941844,-96.874114034059,48113006402,,1
SUPER MERCARDO MONTEREY,435 E DANIELDALE RD,75137,liquor_store,TABC,32.632954041083,-96.902155461042,48113016517,,1
La Madeleine Irving,6430 N MacArthur Blvd,75039,liquor_store,TABC,32.896581903536,-96.95865411468,48113014143,,1
LA TRADICION MEAT MARKET Y TAQUERIA,444 W INTERSTATE 20,75052,liquor_store,TABC,32.67610628689,-97.011720951133,48113016419,,1
South Galloway Food Mart,828 S Galloway Ave,75149,liquor_store,TABC,32.758275976592,-96.598540836064,48113017400,,1
LAGOW FOOD MART,2803 LAGOW ST,75210,liquor_store,TABC,32.771333857712,-96.746057622207,48113002703,,1
EZ STOP #9,6343 LAKE JUNE RD STE 120,75217,liquor_store,TABC,32.7349687,-96.7110601,48113011500,,1
LAKEVIEW PETRO LLC,3501 Lakeview Pkwy,75088,liquor_store,TABC,32.9078468,-96.5690803,48113018140,,1
COWBOYS DISCOUNT LIQUOR,4938 MILITARY PARKWAY,75227,liquor_store,TABC,32.78354782396,-96.732335051982,48113002500,,1
MY BEER STORE,1007 W PLEASANT RUN RD,75146,liquor_store,TABC,32.605283214031,-96.777784910995,48113016706,,1
WILMER SHELL,103 S INTERSTATE HIGHWAY 45,75172,liquor_store,TABC,32.590938832304,-96.679571877048,48113016903,,1
EZ Stop #12,4830 S Lancaster Rd,75216,liquor_store,TABC,32.690354945194,-96.791365010022,48113008704,,1
EZ Stop,2809 S Lancaster Rd,75216,liquor_store,TABC,32.713020255076,-96.804667939042,48113005700,,1
Dream Food Market,3502 S Lancaster Rd,75216,liquor_store,TABC,32.7053693,-96.7993867,48113005700,,1
Clarion Pointe,14975 Landmark Blvd,75254,liquor_store,TABC,32.952713002318,-96.828592035699,48113013628,,1
K & P DISCOUNT LIQUOR,5608 BOTHAM JEAN BLVD,75215,liquor_store,TABC,32.7372814,-96.7579308,48113020900,,1
LAS HAMACAS,10333 DENTON DR  #7,75220,liquor_store,TABC,32.864293891122,-96.879059915462,48113009900,,1
LAS MAMALONAS MICHELADAS Y MARISCOS,10349 Ferguson Rd,75228,liquor_store,TABC,32.835753864075,-96.672606881585,48113012702,,1
2MS FOOD MART,11361 McCree Rd STE 110,75238,liquor_store,TABC,32.87158738224,-96.685498489451,48113013011,,1
LA SUPER ECONOMICA #6,2402 GUS THOMASSON RD,75228,liquor_store,TABC,32.834701556625,-96.674439463365,48113012400,,1
Juno's Liquor,313 E Las Colinas Blvd,75039,liquor_store,TABC,32.866330839616,-96.937810474481,48113014208,,1
"LaVui Banh Mi, LLC",5321 Maple Ave,75235,liquor_store,TABC,32.817793650842,-96.832273905597,48113000401,,1
OK FOODS,4018 N JUPITER RD,75044,liquor_store,TABC,32.9542486,-96.6823441,48113019028,,1
Texas Tacos,11114 RYLIECREST Dr.,75180,liquor_store,TABC,32.699463935608,-96.635359051269,48113011702,,1
JUANITAS TAQUERIA AND CARNICERIA,2035 SINGLETON BLVD,75212,liquor_store,TABC,32.778712408364,-96.854152035616,48113010101,,1
THUNDERBIRD PIES,7328 GASTON AVE STE 110,75214,liquor_store,TABC,32.81174664032,-96.730709460835,48113000100,,1
LE CAVEAU VINOTHEQUE,718 N BUCKNER BLVD STE 332,75218,liquor_store,TABC,32.8450906024,-96.711518057485,48113012900,,1
LePeep Restaurant,4835 N O Connor Rd STE 100,75062,liquor_store,TABC,32.864735383291,-96.949830662394,48113014313,,1
LEANING SIGN LIQUOR,406 N CARRIER PKWY,75050,liquor_store,TABC,32.744707019627,-97.016564573145,48113015500,,1
TIGER MART 90,4880 MOUNTAIN CREEK PKWY # 100,75236,liquor_store,TABC,32.6727305,-96.96795739999999,48113016521,,1
BZ Mart,2911 E Ledbetter Dr,75216,liquor_store,TABC,32.694833833771,-96.771813202088,48113008704,,1
K Town C Store,2680 Old Denton Rd STE 172,75007,liquor_store,TABC,32.986735260547,-96.909719368361,48113013719,,1
RUSH 24/7 #3,303 E LEDBETTER DR,75216,liquor_store,TABC,32.685655364722,-96.819654140241,48113005902,,1
LUNA MART,2647 W Northwest Hwy STE A,75220,liquor_store,TABC,32.8588133,-96.8776054,48113007204,,1
Lenore's Bagels,13500 Midway Rd STE 115,75244,liquor_store,TABC,32.931014853681,-96.838874893438,48113013806,,1
Street Corner Urban Market,1105 S Broadway St,75006,liquor_store,TABC,32.952419150465,-96.907876013073,48113013729,,1
FLYING FISH,5100 BELT LINE ROAD '740',75254,liquor_store,TABC,32.951837,-96.819355,48113013624,,1
LEVY RESTAURANTS,2500 VICTORY AVE,75219,liquor_store,TABC,32.785641784301,-96.809941464643,48113001902,,1
BELT LINE BEER/WINE FOOD MART & COIN LAUNDRY,710 S BELT LINE ROAD,75051,liquor_store,TABC,32.737743172529,-96.994942136396,48113016002,,1
HAMPTON BEVERAGES,1519 HAMPTON RD,75154,liquor_store,TABC,32.565327601718,-96.856944457783,48113016623,,1
KILO BEVERAGES,4215 BOTHAM JEAN BLVD,75215,liquor_store,TABC,32.7502327,-96.7682621,48113020900,,1
LILIAN'S RESTAURANT / TIENDA,417 S BELT LINE ROAD,75051,liquor_store,TABC,32.742078500147,-96.994612343726,48113016002,,1
GOOD DISCOUNT LIQUOR BEER & WINE,5033 S 2ND AVE,75210,liquor_store,TABC,32.759641180833,-96.743185736257,48113020800,,1
LIQUOR DEPOT,1308 E BEAR CREEK RD STE 130,75154,liquor_store,TABC,32.560299009916,-96.82486781351,48113016622,,1
Liquor Dreams,5374 S 2nd Ave,75210,liquor_store,TABC,32.747021109203,-96.727871680779,48113011500,,1
LIVE OAK GAS & MORE,4423 LIVE OAK STREET,75204,liquor_store,TABC,32.798782144356,-96.777209757652,48113001503,,1
J.C.'S AMUSEMENT,4320 S MALCOLM X BOULEVARD,75215,liquor_store,TABC,32.758752254838,-96.756052649964,48113020800,,1
LA MADELEINE,2100 OLIVE ST STE 150,75201,liquor_store,TABC,32.791584987168,-96.803172089263,48113001705,,1
LA MADELEINE,15125 MONTFORT RD,75248,liquor_store,TABC,32.9554716,-96.818998,48113013620,,1
LA MADELEINE FRENCH BAKERY & CAFE,4343 W NW HWY SUITE 365,75220,liquor_store,TABC,32.86391042577,-96.835549205747,48113020600,,1
Valley Ranch Shell,9975 N MacArthur Blvd,75063,liquor_store,TABC,32.940129045238,-96.952222115583,48113014128,,1
La Michoacana Meat Market D33,3301 Gus Thomasson Rd,75150,liquor_store,TABC,32.808912875804,-96.634298133064,48113017815,,1
LA MICHOACANA #25 DALLAS,9850 WALNUT HILL LANE SUITE 224,75238,liquor_store,TABC,32.878803820681,-96.716348198079,48113013012,,1
LA MICHOACANA MEAT MARKET #26,3500 N BELT LINE RD STE 110,75062,liquor_store,TABC,32.853536324404,-96.992078610306,48113014309,,1
LA MICHOACANA MEAT MARKET D#27,2004 E BELT LINE ROAD,75006,liquor_store,TABC,32.95354493818,-96.886377660972,48113013729,,1
LA MICHOACANA MEAT MARKET,2420 N FITZHUGH AVE,75204,liquor_store,TABC,32.811489840082,-96.782356259589,48113000901,,1
LA MICHOACANA MEAT MARKET,202 W PIONEER PKWY,75051,liquor_store,TABC,32.709633580716,-97.0052709741,48113016203,,1
LA MICHOACANA MEAT MARKET,2441 W WALNUT STREET SUITE 225,75042,liquor_store,TABC,32.916420451999,-96.664518027445,48113018900,,1
LA MICHOACANA MEAT MARKET,6535 DUCK CREEK DR,75043,liquor_store,TABC,32.84629470000001,-96.5976692,48113018128,,1
LA MICHOACANA MEAT MARKET,8707 E RL THORNTON FREEWAY,75228,liquor_store,TABC,32.64523328411,-96.824289481211,48113011105,,1
LA MICHOACANA MEAT MARKET,24315 LYNDON B JOHNSON FWY,75180,liquor_store,TABC,32.7354377,-96.613288,48113017604,,1
LA MICHOACANA MEAT MARKET,2600 S ZANG BLVD,75224,liquor_store,TABC,32.7162019,-96.829821,48113006200,,1
LA MICHOACANA MEAT MARKET,1109 E HIGHWAY 67,75137,liquor_store,TABC,32.645605758923,-96.887380483841,48113016517,,1
La MIchoacana Supermarket #30,4202 Pioneer Rd,75180,liquor_store,TABC,32.712966250668,-96.605339778331,48113017315,,1
LA MICHOACANA SUPERMARKET #3,934 E GRAUWYLER RD,75061,liquor_store,TABC,32.829561647465,-96.934779953211,48113014704,,1
LA MICHOACANA SUPERMARKET #39,950 W Centerville Rd Suite B,75041,liquor_store,TABC,32.85971926873,-96.644022147705,48113018127,,1
La Michoacana Supermarket #37,2806 N Highway 175,75159,liquor_store,TABC,32.667498331439,-96.582901866099,48113017010,,1
LOCAL,2936 ELM ST STE A AND B,75226,liquor_store,TABC,32.785077762044,-96.781223841343,48113020401,,1
Local Jonny's,5471 Belt Line Rd,75254,liquor_store,TABC,32.954166185542,-96.811560907837,48113013620,,1
Hyatt House Dallas Uptown Pantry,2914 Harry Hines Blvd,75201,liquor_store,TABC,32.794501170167,-96.809995869831,48113001901,,1
HONG KONG MARKET PLACE,9780 WALNUT STREET SUITE 360,75243,liquor_store,TABC,32.923096775526,-96.718619889808,48113019034,,1
ICE HOUSE BEVERAGE,940 E BELT LINE ROAD SUITE 100,75081,liquor_store,TABC,32.947509766667,-96.711852579138,48113019039,,1
LONE STAR RANCH #2,8155 S RL THORNTON FREEWAY,75232,liquor_store,TABC,32.648133546426,-96.823831443516,48113011105,,1
Los Molina Carniceria,911 E Davis St STE A,75149,liquor_store,TABC,32.765511473835,-96.588007224246,48113017311,,1
BENNY'S CLASSIC GRILL,10302 GARLAND ROAD,75218,liquor_store,TABC,32.8413331,-96.69231959999999,48113008200,,1
ROWLETT LIQUOR,6605 DALROCK RD,75089,liquor_store,TABC,32.919006696144,-96.51792537059,48113018149,,1
Living Spaces - Farmers Branch,13307 Midway Rd Suite 100,75244,liquor_store,TABC,32.925900884283,-96.839074320695,48113013806,,1
LIFE TIME ATHLETIC,5910 N CENTRAL EXPY,75206,liquor_store,TABC,32.837285406208,-96.777701903401,48113007914,,1
Lubellas Patisserie,10323 Ferguson Rd,75228,liquor_store,TABC,32.835238627147,-96.673025731784,48113012702,,1
HWY 66 SHELL,5311 BOYD BLVD,75088,liquor_store,TABC,32.907057086766,-96.57883748488,48113018133,,1
Lucky 7 Food Mart,7410 Harry Hines Blvd.,75235,liquor_store,TABC,32.829159981907,-96.857293517298,48113000410,,1
LUCKY'S BEER AND WINE,6505 DUCK CREEK DRIVE,75043,liquor_store,TABC,32.8455485,-96.5976946,48113018128,,1
THE FLYING SAUCER,3111 OLYMPUS BLVD STE 100,75019,liquor_store,TABC,32.9361848,-96.9836476,48113014157,,1
One Star Stop,513 W Jefferson St Ste 105,75051,liquor_store,TABC,32.743784925066,-97.008891338042,48113016001,,1
DRIVE IN MART,5711 E GRAND AVE,75223,liquor_store,TABC,32.794584630646,-96.74656260646,48113001204,,1
PRIMOS LIQUOR,3901 W JEFFERSON BLVD,75211,liquor_store,TABC,32.739137431427,-96.884329376324,48113019900,,1
EL POTOSINO MEAT MARKET,1017 FORT WORTH ST STE 550,75050,liquor_store,TABC,32.743191410931,-97.017406098632,48113015404,,1
BAJA FOOD MART,5606 E RL THORNTON FREEWAY,75223,liquor_store,TABC,32.791286672948,-96.743155826602,48113002500,,1
7-Eleven Convenience Store #25511B,9820 Walnut Street,75243,liquor_store,TABC,32.922408674345,-96.717057911908,48113019019,,1
MONICA'S BAR & GRILL,14724 WEBB CHAPEL RD,75234,liquor_store,TABC,32.948832670893,-96.870843822889,48113013808,,1
MS HARDWARE LUMBER AND MORE LLC,1126 S Hampton Rd,75208,liquor_store,TABC,32.73430038874,-96.856700464965,48113005300,,1
VALLEY RANCH LIQUORS,8600 N MACARTHUR BOULEVARD #160,75063,liquor_store,TABC,32.923711064182,-96.95508450744,48113014130,,1
GATEWAY 38,2625 N DALLAS AVE,75134,liquor_store,TABC,32.617061458997,-96.766822777278,48113016704,,1
GATEWAY 15,7027 S R L Thornton Fwy,75232,liquor_store,TABC,32.663717175938,-96.823540652933,48113011103,,1
BIG D CUT RATE BEER & WINE,1405 MARTIN LUTHER KING JR BLVD,75215,liquor_store,TABC,32.759588899155,-96.779758275348,48113020900,,1
SHOP & FUN FOOD MART,917 SW 3rd St,75051,liquor_store,TABC,32.734936979076,-97.005771811813,48113016002,,1
Madrid Market & Cafe,1580 Mira Lago Blvd Suite 111,75234,liquor_store,TABC,32.90431674934,-96.921406841449,48113009900,,1
Fossil Creek Liquor,4030 N MacArthur Blvd Ste D116,75038,liquor_store,TABC,32.8611283,-96.9581358,48113014313,,1
Tofu Factory,400 NORTH GREENVILLE AVE STE 11B,75081,liquor_store,TABC,32.953691806911,-96.728619871016,48113019102,,1
Whip In,3405 Broadway Blvd,75043,liquor_store,TABC,32.873652214861,-96.615735784559,48113018111,,1
STOP IN FOOD STORE,1702 FOREST LN,75042,liquor_store,TABC,32.908921107122,-96.654307463944,48113018600,,1
W & W GROCERY,300 N MAIN ST,75141,liquor_store,TABC,32.649553176568,-96.713066055423,48113016902,,1
VALLEY VIEW CONOCO,4900 W AIRPORT FREEWAY,75062,liquor_store,TABC,32.836111912901,-97.012345656036,48113014410,,1
Discount Tobacco & Grocery,4864 S Buckner Blvd STE A,75227,liquor_store,TABC,32.782683466181,-96.682754103362,48113012207,,1
Habana Blue 2,2040 W Northwest Hwy STE 150,75220,liquor_store,TABC,32.866926548651,-96.907701674777,48113009900,,1
VECTA FOOD STORE,6935 SCYENE RD,75227,liquor_store,TABC,32.7636407,-96.70135499999999,48113008401,,1
Malacrave LLC DBA LA Burger,"2000 N Plano Rd, Ste115",75082,liquor_store,TABC,32.975106342978,-96.699748983123,48113019036,,1
MALLOYSHELL MART,600 E Malloy Bridge Rd,75159,liquor_store,TABC,32.647657543282,-96.533428329056,48113017008,,1
MALONE'S COST PLUS,3939 S POLK STREET SUITE 323,75224,liquor_store,TABC,32.695404882642,-96.840191053084,48113006100,,1
MALONE'S COST PLUS #2,7007 LAKE JUNE ROAD,75217,liquor_store,TABC,32.734500562998,-96.701714742705,48113009103,,1
MALONE'S COST PLUS #7,333 S SAINT AUGUSTINE DR STE 129,75217,liquor_store,TABC,32.707796466042,-96.657106795006,48113011701,,1
PIONEER FOOD MART,1413 W PIONEER DR,75061,liquor_store,TABC,32.822433070212,-96.963582484017,48113014502,,1
GREENVILLE AVENUE PIZZA COMPANY,1923 GREENVILLE AVENUE,75206,liquor_store,TABC,32.81397810185,-96.770272698714,48113001002,,1
Lone Star Liquor,3806 S State Hwy 161 Suite 500,75052,liquor_store,TABC,32.69158754223,-97.023760831056,48113016419,,1
Wingfield's,1229 Admiral Nimitz Cir Embarcadero Bldg 29 Map Plat No 8,75223,liquor_store,TABC,32.7811845,-96.7598774,48113020300,,1
DAIQUIRIS TO GO,543 S RIVERFRONT BLVD,75207,liquor_store,TABC,32.7688357,-96.81072359999999,48113010002,,1
7-Eleven Convenience Store #25842B,3640 Gus Thomasson Road,75150,liquor_store,TABC,32.813531457786,-96.634811904473,48113017819,,1
TIENDITA SALVADORENA,1089 FERGUSON RD STE 102,75228,liquor_store,TABC,32.8187288,-96.6850958,48113012400,,1
J & J,1203 E Red Bird Ln,75241,liquor_store,TABC,32.675035735515,-96.805650630239,48113011300,,1
LOS ARCOS RESTAURANT Y PALETERIA,108 NE 19TH STREET SUITE A,75050,liquor_store,TABC,32.748900396715,-96.977925807642,48113015700,,1
Las Barajas,3710 Samuell Blvd,75228,liquor_store,TABC,32.792896350377,-96.731182502704,48113001202,,1
Marlow's Fuel Center,11810 CF Hawn Frwy,75253,liquor_store,TABC,32.695491662932,-96.639056335988,48113011702,,1
FAMILY C STORE,2811 S MARSALIS AVENUE,75216,liquor_store,TABC,32.712946081684,-96.814635571891,48113005600,,1
SUPER MERCADO MEXICO #4,5535 COLUMBIA,75214,liquor_store,TABC,32.800470713424,-96.75725351137,48113001302,,1
BUY LOW BEER & WINE,100 IRBY LANE,75061,liquor_store,TABC,32.815426995568,-96.967767444196,48113015202,,1
One Stop Mart,1901 Esters Rd,75061,liquor_store,TABC,32.833188316218,-97.009626157778,48113014410,,1
CASITA GROCERY & DELI,2111 W NORTHWEST HWY,75220,liquor_store,TABC,32.8664339,-96.904871,48113009900,,1
MASKARAS MEXICAN GRILL,2423 W KIEST BLVD,75233,liquor_store,TABC,32.70586495456,-96.857520905123,48113010804,,1
PAYLESS LIQUOR,11331 Lake June Rd STE B,75180,liquor_store,TABC,32.734218625286,-96.632119932,48113011902,,1
GRAND LIQUOR,3032 Al Lipscomb Way,75215,liquor_store,TABC,32.7744783,-96.7680302,48113020300,,1
El Rio Grande Latin Market #10,3035 N Buckner Blvd,75228,liquor_store,TABC,32.808475237578,-96.683491687588,48113012210,,1
EL RIO GRANDE SUPERMERCADO,5308 MAPLE AVE,75235,liquor_store,TABC,32.817405958402,-96.831595449476,48113000407,,1
EL RIO GRANDE LATIN MARKET #9,2106 N GALLOWAY,75150,liquor_store,TABC,32.793115114056,-96.612025689389,48113017814,,1
EL RIO GRANDE SUPER MERCADO #2,215 S CENTER ST,75051,liquor_store,TABC,32.743962078312,-97.003505928425,48113016001,,1
EL RIO GRANDE SUPER MERCADO #3,2515 W JEFFERSON BLVD # 300,75211,liquor_store,TABC,32.748204638179,-96.859119786023,48113004500,,1
EL RIO GRANDE SUPERMERCADO #7,10325 LAKE JUNE ROAD #400,75217,liquor_store,TABC,32.734237880848,-96.646586816656,48113011902,,1
EL RIO GRANDE LATIN MARKET #8,10909 WEBB CHAPEL RD STE 131,75229,liquor_store,TABC,32.8967109,-96.8717392,48113009611,,1
7-SEVEN BEVERAGE STORE,9500 WEBB CHAPEL RD,75220,liquor_store,TABC,32.86354827814,-96.860692526567,48113009802,,1
7Eleven Convenience Store 3815,8235 Esters Blvd,75063,liquor_store,TABC,32.917963997477,-97.00808896777,48113014124,,1
MESQUITE BBQ,145 E Davis St,75149,liquor_store,TABC,32.766197036138,-96.598281740895,48113017400,,1
Hippo Food Mart KG,8003 Ferguson Rd,75228,liquor_store,TABC,32.803631365677,-96.711910914571,48113012209,,1
Fossil Creek Liquor,6440 E Mockingbird Ln,75214,liquor_store,TABC,32.836350315315,-96.751945931383,48113008000,,1
Doe Bellys Kitchen,103 North Kaufman St,75159,liquor_store,TABC,32.639667222052,-96.538808159122,48113017006,,1
Berkley's Market,2822 McKinney Ave,75204,liquor_store,TABC,32.798792711865,-96.801022878438,48113001705,,1
Courtyard Dallas Grand Prairie,2850 S State Hwy 161,75052,liquor_store,TABC,32.703428705027,-97.024085624043,48113016419,,1
MCSHAN FLORIST,10311 GARLAND RD,75218,liquor_store,TABC,32.841498247236,-96.692902968053,48113008200,,1
FRIENDLY FOOD STORE,4123 W CLARENDON DRIVE,75211,liquor_store,TABC,32.735041742948,-96.887607764382,48113019900,,1
7-ELEVEN CONVENIENCE STORE #23195B,5804 ABRAMS ROAD,75214,liquor_store,TABC,32.855821454394,-96.75057744008,48113007902,,1
MENDOCINO FARMS,2000 ROSS AVENUE SUITE 160,75201,liquor_store,TABC,32.786931150255,-96.799144091346,48113002100,,1
MENDOCINO FARMS,5294 BELT LINE RD STE 105,75254,liquor_store,TABC,32.9525543,-96.8174927,48113013622,,1
Mendocino Farms,3700 McKinney Ave Suite 110,75204,liquor_store,TABC,32.807917258093,-96.796777097366,48113000704,,1
Mendocino Farms,10720 Preston Rd Ste 1002,75230,liquor_store,TABC,32.895193972207,-96.803845948723,48113013300,,1
Mendocino Farms,8687 N Central Expy #640,75225,liquor_store,TABC,32.869463265005,-96.770779861721,48113007801,,1
TIGER MART 34,102 E Belt Line Rd,75115,liquor_store,TABC,32.589657005699,-96.856867356843,48113016628,,1
SPRING VALLEY MART,710 W SPRING VALLEY RD,75080,liquor_store,TABC,32.940177884269,-96.748066136744,48113019202,,1
GARLAND HOMEBOYS,450 E I 30,75043,liquor_store,TABC,32.840846389974,-96.59259474788,48113018132,,1
MESQUITE CATERING CO.,1700 RODEO DR,75149,liquor_store,TABC,32.7616585,-96.6242331,48113017606,,1
Residence Inn by Marriott Dallas DFW Airport North,8600 Esters Blvd,75063,liquor_store,TABC,32.926214015767,-97.008909973786,48113014124,,1
Residence Inn by Marriott Dallas Park Central,7642 Lyndon B Johnson Fwy,75251,liquor_store,TABC,32.923618549308,-96.774950410906,48113013202,,1
EL RANCHO,2314 W Illinois Ave,75224,liquor_store,TABC,32.72015806774,-96.856342553572,48113006301,,1
Mi Pueblito Meat Market,2376 Lavon Dr Ste 110,75040,liquor_store,TABC,32.9359867,-96.6231061,48113018152,,1
MI RANCHITOO TAQUERIA,13000 Spring Oak Dr,75180,liquor_store,TABC,32.71201197175,-96.605343932346,48113017315,,1
Mi Tiendita y Mas,4910 Military Pkwy,75223,liquor_store,TABC,32.78355738958,-96.732892247913,48113002500,,1
7-ELEVEN CONVENIENCE STORE #21104A,11441 SHILOH ROAD,75228,liquor_store,TABC,32.850150333512,-96.666014205377,48113012701,,1
SAM'S SHELL,3100 W MOCKINGBIRD LANE,75235,liquor_store,TABC,32.83240016044,-96.838915035197,48113000409,,1
Mi Cocina on the Park ,2000 Woodall Rodgers Fwy Ste 200,75219,liquor_store,TABC,32.788921660921,-96.801457102843,48113002100,,1
MARTSMART,2347 OATES DR,75228,liquor_store,TABC,32.8215599285,-96.676150654756,48113012502,,1
ELEMENT BY WESTIN RICHARDSON,2205 N GLENVILLE AVE,75082,liquor_store,TABC,32.979739005795,-96.706379266322,48113019052,,1
Midway Fueling LLC,4205 Lyndon B Johnson Fwy,75244,liquor_store,TABC,32.926184,-96.83855469999999,48113013806,,1
EL CALENTANO TORTILLERIA Y TAQUERIA,2742 S EWING AVE STE 100,75216,liquor_store,TABC,32.714159664448,-96.810887986443,48113005500,,1
MIKE'S CHICKEN,4234 Maple Ave,75219,liquor_store,TABC,32.808396471741,-96.818851247844,48113000405,,1
DALLAS STAR FOOD MART,865 S WALTON WALKER BLVD,75211,liquor_store,TABC,32.73669439015,-96.920417624597,48113021200,,1
TIGER MART 64,7100 S R L THORNTON FRWY,75232,liquor_store,TABC,32.662151217845,-96.822433848588,48113011201,,1
OAKCLIFF SHELL,515 S Beckley Ave,75203,liquor_store,TABC,32.741013864616,-96.822899375265,48113005000,,1
TIGER MART 35,7110 S Cockrell Hill Rd,75236,liquor_store,TABC,32.6615936,-96.8906289,48113010904,,1
Raceway 6979,6675 Cedar Ridge Drive,75236,liquor_store,TABC,32.668427600303,-96.925727452532,48113016521,,1
MINUTE MART #1,7233 Gaston Ave,75214,liquor_store,TABC,32.8129067,-96.7318856,48113000100,,1
Minute Mart #2,1430 S Clark Rd,75137,liquor_store,TABC,32.630546869014,-96.94323680395,48113016511,,1
Hampton Inn and Suites Farmers Branch,1570 Mira Lago Blvd,75234,liquor_store,TABC,32.904400933044,-96.921143054164,48113009900,,1
MISS EDDIE'S MARKET & CAFE,4315 Riverside Rd BU 2,75241,liquor_store,TABC,32.660213716607,-96.749665610423,48113020200,,1
HIGHLAND FOOD STORE,1406 GREENVILLE AVE,75206,liquor_store,TABC,32.806799360381,-96.769820998833,48113001504,,1
JOHN'S BEST BUY LIQUOR,3724 Samuell Blvd,75228,liquor_store,TABC,32.792897839796,-96.730868977126,48113001202,,1
GATEWAY 23,3303 W ILLINOIS Ave,75211,liquor_store,TABC,32.720461810099,-96.874483964623,48113006402,,1
7-Eleven Convenience Store #33123D,502 Clay Mathis Rd,75181,liquor_store,TABC,32.760292862037,-96.561560750042,48113017307,,1
360 Liquors #2,425 S Belt Line Rd STE A,75051,liquor_store,TABC,32.74198641628,-96.994615519037,48113016002,,1
360 Liquors #5,2815 N MacArthur Blvd,75062,liquor_store,TABC,32.844452487165,-96.959147619024,48113014316,,1
GRAND PRAIRIE VALERO,1610 N STATE HIGHWAY 161,75050,liquor_store,TABC,32.763283735724,-97.028352783076,48113015406,,1
HOME2 SUITES ADDISON,4875 BELTLINE RD,75001,liquor_store,TABC,32.954215191841,-96.826837843344,48113013628,,1
Chicken Guy! Preston Hollow,7859 Walnut Hill Ln STE 190,75230,liquor_store,TABC,32.880192538493,-96.773055422603,48113013104,,1
GOL SUPER MARKET,717 S 5TH ST,75040,liquor_store,TABC,32.906693714699,-96.636801991025,48113018700,,1
C'Ville Beverage Convenience,127 E Centerville Rd,75041,liquor_store,TABC,32.87182119068,-96.630126362478,48113018206,,1
BOB'S EXXON,2170 W Northwest Hwy,75220,liquor_store,TABC,32.86486613099,-96.901420642888,48113009900,,1
CIRCLE M STORE 1,3401 SAINT FRANCES AVE,75228,liquor_store,TABC,32.7992085,-96.6931314,48113012212,,1
EL RANCHO #15,10020 Marsh Ln Ste 300,75229,liquor_store,TABC,32.881246807063,-96.856051562125,48113009500,,1
SUPER MERCADO MONTERREY,300 E JEFFERSON BOULEVARD,75203,liquor_store,TABC,32.744702992482,-96.820359617067,48113004800,,1
Moriya Ramen & Curry,1920 N Coit Rd  STE 250,75080,liquor_store,TABC,32.9773339,-96.7673008,48113019205,,1
BJ's Wholesale Club #264,"1021 IKEA Way, Grand Prairie, TX, USA",75052,liquor_store,TABC,32.6887512,-97.0206204,48113016419,,1
BJ's Wholesale Club #266,4355 Childress Ave,75150,liquor_store,TABC,32.822632214889,-96.624171379145,48113017812,,1
MOUNT LIQUOR,535 W Airport Fwy Ste 140,75062,liquor_store,TABC,32.83767446086,-96.952239230933,48113014308,,1
MR CAJUN'S #2,9620 LAKE JUNE RD STE B,75217,liquor_store,TABC,32.733954529838,-96.656595767898,48113011802,,1
Mr Cajun's Catfish,1111 N Town E Blvd,75150,liquor_store,TABC,32.808826475348,-96.626756410467,48113017817,,1
MR CAJUN'S POBOYS,2929 N Galloway Ave Ste 116,75150,liquor_store,TABC,32.80563190316,-96.611343688743,48113017817,,1
GREENVILLE STOP,1737 GREENVILLE AVE,75206,liquor_store,TABC,32.811539871255,-96.770260726147,48113001002,,1
MILLER SHELL,1330 W MILLER ROAD,75041,liquor_store,TABC,32.894136944137,-96.613003060563,48113018205,,1
TOP MART,7047 BRUTON RD,75217,liquor_store,TABC,32.7492196,-96.69886059999999,48113009101,,1
ALL N GO #2,3701 PIONEER RD STE 101,75180,liquor_store,TABC,32.719130694032,-96.605614796065,48113017204,,1
ALL-N-GO,3025 WEBB CHAPEL EXT,75220,liquor_store,TABC,32.8590357,-96.8685027,48113007204,,1
LUCKY STAR FOOD STORE,3101 SATURN RD,75041,liquor_store,TABC,32.878672756082,-96.648211410654,48113018401,,1
7-ELEVEN CONVENIENCE STORE #26906A,225 E COLORADO BLVD,75203,liquor_store,TABC,32.75874261989,-96.821315630359,48113002001,,1
LOVE'S TRAVEL STOP #294,8800 S POLK STREET,75232,liquor_store,TABC,32.6408315,-96.8392866,48113016634,,1
LOVE'S TRAVEL STOP #331,2500 S I45 RD,75141,liquor_store,TABC,32.623892286716,-96.694616623658,48113016902,,1
ONE STOP FOOD STORE,640 N STORY ROAD,75061,liquor_store,TABC,32.821952292298,-96.976365574828,48113015202,,1
CERVECERIA EL RANCHO,1264 W SPRING VALLEY ROAD,75080,liquor_store,TABC,32.939897989559,-96.762257844647,48113019214,,1
Myrtle Management Group LLC,3945 Myrtle St,75215,liquor_store,TABC,32.760450378187,-96.759839469194,48113003700,,1
STOP AND SHOP #3,207 W 6TH ST,75060,liquor_store,TABC,32.808651559545,-96.947689411203,48113014903,,1
BELGIAN WAFFLES,1229 ADMIRAL NIMITZ CIRCLE EMBARCADERO BUILDING 29 MAP PLAT NO. 18,75210,liquor_store,TABC,32.7811845,-96.7598774,48113020300,,1
Stop n Shop #2,7771 S Great Trinity Forest Way,75217,liquor_store,TABC,32.712544578989,-96.689028670434,48113009304,,1
7-Eleven Convenience Store #36368C,2230 Marsh Ln,75006,liquor_store,TABC,32.969920555686,-96.854775634045,48113013722,,1
BNG C-STORE,2029 E STATE HIGHWAY 356,75060,liquor_store,TABC,32.809833281002,-96.919742222204,48113020100,,1
NAMINOHANA,5521 GREENVILLE AVE STE 111,75206,liquor_store,TABC,32.851316549107,-96.769987195712,48113007909,,1
OLD TOWN STORE,509 W AVE D,75040,liquor_store,TABC,32.908996271329,-96.636974927744,48113018802,,1
MOTLEY MART,2101 MOTLEY DRIVE,75150,liquor_store,TABC,32.794951225758,-96.634239900251,48113017816,,1
Fast Food,12531 Lake June Rd,75180,liquor_store,TABC,32.734425601773,-96.6132809749,48113017604,,1
DAILY STOP,2605 FORT WORTH AVE STE 100,75211,liquor_store,TABC,32.758465981375,-96.864436211656,48113006900,,1
NASTAEEN FOOD MART,1360 N INTERSTATE 35 E,75146,liquor_store,TABC,32.6036855,-96.82202339999999,48113016805,,1
EMPIRE CENTRAL EXXON,8405 N STEMMONS FWY,75247,liquor_store,TABC,32.827349479318,-96.873181845942,48113010003,,1
ADI'S CHEVRON,2313 S BUCKNER BLVD,75227,liquor_store,TABC,32.75248235003,-96.683031280901,48113009101,,1
RAPIDO MART,1112 N JOSEY LN,75006,liquor_store,TABC,32.952570569428,-96.890399267636,48113013729,,1
SHOP N GO #3,8220 SPRING VALLEY ROAD SUITE 103,75240,liquor_store,TABC,32.939771336208,-96.763364177758,48113019208,,1
SHOP N GO #4,5609 ALPHA ROAD,75240,liquor_store,TABC,32.932940316726,-96.811097087501,48113013615,,1
CAFE IZMIR,3711 GREENVILLE AVENUE,75201,liquor_store,TABC,32.832267547428,-96.770225167102,48113000300,,1
AD BEER AND WINE,565 W OATES RD STE 115,75043,liquor_store,TABC,32.848359596807,-96.616822005716,48113018129,,1
ANTOJITOS CAFE & MINI STORE,509 N GILPIN AVE,75211,liquor_store,TABC,32.747793759333,-96.880695527683,48113006701,,1
Shell Food Mart,3000 N Belt Line Rd,75062,liquor_store,TABC,32.84754882302,-96.992221363125,48113014306,,1
7-ELEVEN CONVENIENCE STORE #24634A,4163 W NORTHGATE DRIVE,75062,liquor_store,TABC,32.85715813396,-97.007282077856,48113014139,,1
PLEASANT RUN FOOD MART,635 E PLEASANT RUN RD,75104,liquor_store,TABC,32.60453159728,-96.927512439016,48113016629,,1
NEVINS CONCESSIONS,1229 ADMIRAL NIMITZ CIRCLE CATTLE BARN MAP PLAT NO. CBIF,75210,liquor_store,TABC,32.7811845,-96.7598774,48113020300,,1
NEW BONITA BEVERAGE CORNER,2603 HICKORY TREE RD,75180,liquor_store,TABC,32.733858201674,-96.62266404466,48113017201,,1
NEW TRUONG NGUYEN MARKET L.P.,3555 W WALNUT STREET SUITE 221,75042,liquor_store,TABC,32.917152138693,-96.685246674536,48113019032,,1
THE INDUSTRIAL,100 S CENTRAL EXPY STE 72,75080,liquor_store,TABC,32.950597905767,-96.735252205755,48113019202,,1
EZ Trip # 28,10020 Royal Ln,75238,liquor_store,TABC,32.894387073557,-96.716181682759,48113013009,,1
MASON'S FAMOUS LOBSTER ROLL,2301 N AKARD STREET 260,75201,liquor_store,TABC,32.789362047618,-96.805110354291,48113001901,,1
SWIF-T #11,2333 OATES DR,75150,liquor_store,TABC,32.833443519741,-96.634644637641,48113018001,,1
HOWDY'S FOOD MART,3620 SHEPHERD LN STE A,75180,liquor_store,TABC,32.720508612089,-96.613991557868,48113017203,,1
7-Eleven Convenience Store #34120B,1295 Commerce St,75202,liquor_store,TABC,32.779575547085,-96.800788729505,48113003102,,1
Charly Taqueria # 3,9911 Lake June Rd. Ste. D,75217,liquor_store,TABC,32.734277617372,-96.652966631752,48113011901,,1
Quick Way,820 S Belt Line Rd,75060,liquor_store,TABC,32.806407956507,-96.994229953119,48113015305,,1
NIMP'S TOGO,1270 N BELT LINE RD STE 6-7 & 12,75149,liquor_store,TABC,32.780442962968,-96.596363556471,48113017706,,1
CIGARETTE MART,3502 S CARRIER PKWY STE D,75052,liquor_store,TABC,32.685393294279,-97.012220701822,48113016419,,1
1 Stop,1406 E Overton Rd,75216,liquor_store,TABC,32.701427045178,-96.805957403802,48113005700,,1
WALNUT BEER AND WINE,3246 W WALNUT STREET,75042,liquor_store,TABC,32.916484126664,-96.677859859757,48113019013,,1
286 Noodle House,3347 W Walnut St STE 105,75042,liquor_store,TABC,32.916774594605,-96.679687076929,48113019046,,1
ALPHA FOOD MART,5626 ALPHA RD,75240,liquor_store,TABC,32.932727095573,-96.810243080586,48113013615,,1
C STORE #12,4040 CEDAR SPRINGS RD,75219,liquor_store,TABC,32.811382129905,-96.811550127576,48113000605,,1
JOE'S PIZZA AND PASTA,308 S GALLOWAY AVE,75149,liquor_store,TABC,32.76518350686,-96.598715479418,48113017400,,1
Ten Ramen,1888 Sylvan Ave STE F100,75208,liquor_store,TABC,32.76953449321,-96.835766864212,48113004300,,1
1 STOP FOOD STORE,4517 SATURN RD,75041,liquor_store,TABC,32.862684722082,-96.648432239095,48113018403,,1
NORTH HAVEN GARDENS,7700 NORTHHAVEN RD,75230,liquor_store,TABC,32.901028084322,-96.774747676123,48113013101,,1
JOEY'S CORNER,1050 N COIT RD,75080,liquor_store,TABC,32.9593873,-96.767802,48113019215,,1
ADDISON MARKET,5049 Addison Circle,75001,liquor_store,OSM;TABC,32.962152899325,-96.82409457588,48113013628,,2
Highland Mart,8002 Ferguson Rd,75228,liquor_store,TABC,32.8018069,-96.7134213,48113012213,,1
Express Mart #2,4010 S Walton Walker Blvd,75236,liquor_store,TABC,32.69580392148,-96.894698853182,48113010807,,1
FAMILY STOP FOOD STORE #2,901 RODEO CENTER BLVD,75149,liquor_store,TABC,32.75684073279,-96.622602375367,48113017606,,1
HMS MART MESQUITE,3733 N TOWN EAST BLVD,75150,liquor_store,TABC,32.797215995848,-96.651884796838,48113017806,,1
TRES AMIGOS,2308 OATES DR,75228,liquor_store,TABC,32.821449289709,-96.677296786466,48113012301,,1
MAPLE AND MOTOR,4810 MAPLE AVENUE,75219,liquor_store,TABC,32.814938567928,-96.826958175386,48113000408,,1
GOPHER MART,906 E SHADY GROVE ROAD,75060,liquor_store,TABC,32.800922969085,-96.935623193291,48113015002,,1
NURSERY FOOD MART,1140 S NURSERY RD,75060,liquor_store,TABC,32.801896280528,-96.934545009016,48113015001,,1
G04 LIQUOR,902 E SHADY GROVE ROAD,75060,liquor_store,TABC,32.800922969087,-96.935663914592,48113015002,,1
STOP & SHOP,1313 N JIM MILLER RD,75217,liquor_store,TABC,32.735501614927,-96.700332432358,48113009103,,1
PRIMOS FOOD MART,207 CLARICE ST,75051,liquor_store,TABC,32.735827105552,-97.004955095555,48113016002,,1
LA MICHOACANA MEAT MARKET #7,833 N WESTMORELAND RD,75211,liquor_store,TABC,32.737526246627,-96.874378718575,48113006702,,1
OATS GAS & MORE,2212 OATES DRIVE,75150,liquor_store,TABC,32.833877253442,-96.633720778788,48113018001,,1
SUSHI HOUSE,5619 W LOVERS LANE,75209,liquor_store,TABC,32.851221545845,-96.816538466307,48113007301,,1
STOP & GO,300 E TERRACE DRIVE SUITE 310A,75080,liquor_store,TABC,32.97602940000001,-96.7386946,48113019211,,1
La Bodega Rotisserie & Goods,208 W 8th St,75208,liquor_store,TABC,32.747957974331,-96.824865215761,48113004700,,1
ODD Muse Brewing Comapany,4488 Spring Valley Rd,75244,liquor_store,TABC,32.939450938473,-96.832070805419,48113013806,,1
OFF THE BONE BARBEQUE,1734 S LAMAR,75215,liquor_store,TABC,32.765970659144,-96.792984374532,48113020402,,1
QUIKTRIP # 992,2215 N OCONNOR ROAD,75062,liquor_store,TABC,32.838684151462,-96.951384377115,48113014308,,1
QUIKTRIP #1900,6055 ALPHA RD,75240,liquor_store,TABC,32.933293565908,-96.802321239436,48113013608,,1
QuikTrip #1903,3181 Lemmon Ave E,75204,liquor_store,TABC,32.80770390041,-96.798648477356,48113000704,,1
QuikTrip #1904,11979 Webb Chapel Rd,75234,liquor_store,TABC,32.9116809,-96.8741151,48113009605,,1
QuikTrip #1907,5403 Arapaho Rd,75248,liquor_store,TABC,32.960075853177,-96.818661194971,48113013620,,1
QuikTrip #1910,15659 Coit Rd,75248,liquor_store,TABC,32.961437264255,-96.769007623828,48113013607,,1
QuikTrip #1922,5065 Lawson Rd,75181,liquor_store,TABC,32.7029729,-96.5710782,48113017008,,1
QuikTrip #1929,4005 S Belt Line Rd,75052,liquor_store,TABC,32.675764258032,-96.985196853166,48113016409,,1
QUIKTRIP #1935,9235 JOHN W CARPENTER FWY,75247,liquor_store,TABC,32.826457295687,-96.885242984359,48113010003,,1
QUIKTRIP #1942,13525 C F HAWN FWY,75253,liquor_store,TABC,32.676931,-96.6020504,48113017101,,1
QUIKTRIP #1964,455 FREEPORT PKWY,75019,liquor_store,TABC,32.976237392894,-97.015572739178,48113020000,,1
QUIKTRIP #1976,3311 W PLEASANT RUN RD,75146,liquor_store,TABC,32.604307372458,-96.819975206439,48113016709,,1
QUIKTRIP #900,9500 FOREST LANE,75243,liquor_store,TABC,32.909032352008,-96.730374595897,48113018507,,1
QUIKTRIP #901,220 W CENTERVILLE ROAD,75041,liquor_store,TABC,32.8690884,-96.63255889999999,48113018126,,1
QUIKTRIP #902,12100 E NW HWY,75218,liquor_store,TABC,32.8633938,-96.6716639,48113012801,,1
QUIKTRIP #903,2968 FOREST LN,75234,liquor_store,TABC,32.909438462206,-96.877977828934,48113009611,,1
QUIKTRIP #904,6060 SKILLMAN ST,75231,liquor_store,TABC,32.862220822727,-96.750356844133,48113007809,,1
QUIKTRIP #906,4906 JUPITER RD,75044,liquor_store,TABC,32.9611834,-96.68188359999999,48113019031,,1
QuikTrip #907,3011 N SHILOH ROAD,75044,liquor_store,TABC,32.944806908683,-96.665377657619,48113019029,,1
QuikTrip #908,2010 S SHILOH ROAD,75041,liquor_store,TABC,32.931118381375,-96.664636263318,48113019048,,1
QUIKTRIP #909,5825 BROADWAY BOULEVARD,75043,liquor_store,TABC,32.844925772862,-96.595622964465,48113018129,,1
QuikTrip #921,3768 S CARRIER PARKWAY,75052,liquor_store,TABC,32.68120908025,-97.007071611631,48113016419,,1
QUIKTRIP #922,3900 N HOUSTON SCHOOL RD,75134,liquor_store,TABC,32.637498672235,-96.805513045637,48113016709,,1
QUIKTRIP #923,8414 S HAMPTON RD,75232,liquor_store,TABC,32.649685257856,-96.856989228549,48113011101,,1
QUIKTRIP #924,102 E CAMP WISDOM,75116,liquor_store,TABC,32.661782994142,-96.90654297107,48113016516,,1
QUIKTRIP #925,925 S COCKRELL HILL ROAD,75137,liquor_store,TABC,32.642930165915,-96.89154721277,48113016517,,1
QUIKTRIP #929,1220 W MOCKINGBIRD LN,75247,liquor_store,TABC,32.819638859515,-96.868074649414,48113010001,,1
QUIKTRIP #931,1900 LAKEVIEW PARKWAY,75088,liquor_store,TABC,32.908542251217,-96.585218877152,48113018133,,1
QUIKTRIP #933,7104 GREENVILLE AVENUE,75231,liquor_store,TABC,32.873327267121,-96.762927826955,48113007815,,1
QUIKTRIP #936,3230 W MOCKINGBIRD LN,75235,liquor_store,TABC,32.833481314033,-96.837621105588,48113000409,,1
QuikTrip #938,131 LAVON DRIVE,75040,liquor_store,TABC,32.912436949625,-96.630153569696,48113018802,,1
QUIKTRIP #946,4005 LAKERIDGE PKWY,75052,liquor_store,TABC,32.674943490348,-97.023654857095,48113016410,,1
QUIKTRIP #953,1110 N BELT LINE RD,75050,liquor_store,TABC,32.825384640895,-96.993622563923,48113014406,,1
QUIKTRIP #960,522 W BELT LINE ROAD,75080,liquor_store,TABC,32.9514399,-96.7365205,48113019203,,1
QuikTrip #962,4054 Bobtown Rd,75043,liquor_store,TABC,32.849277430898,-96.56957578559,48113018132,,1
QUIKTRIP #964,1206 W MAIN ST,75050,liquor_store,TABC,32.74169232887,-97.020772703792,48113015404,,1
QUIKTRIP #969,1484 S BELT LINE ROAD,75019,liquor_store,TABC,32.930160307615,-96.993465913338,48113014157,,1
QUIKTRIP #970,5909 W DAVIS STREET,75211,liquor_store,TABC,32.749797523359,-96.920781792199,48113010701,,1
QUIKTRIP #971,4767 S R L THORNTON FWY,75232,liquor_store,TABC,32.686856139225,-96.824736472101,48113011002,,1
QUIKTRIP #972,7818 Garland Rd,75218,liquor_store,TABC,32.812418933076,-96.72707569705,48113001202,,1
QUIKTRIP #973,401 W WINTERGREEN RD,75141,liquor_store,TABC,32.628831615759,-96.706588326901,48113016902,,1
QUIKTRIP #974,1235 E BELT LINE RD,75115,liquor_store,TABC,32.589848927284,-96.824712559774,48113016620,,1
QUIKTRIP #975,511 S ZANG BOULEVARD,75208,liquor_store,TABC,32.7407326,-96.8252711,48113005000,,1
QUIKTRIP #976,1449 INWOOD RD,75247,liquor_store,TABC,32.807046848828,-96.85205361564,48113010003,,1
QUIKTRIP #977,1500 N WESTMORELAND,75211,liquor_store,TABC,32.764987080339,-96.872943850796,48113006900,,1
QUIKTRIP #979,10101 ROYAL LN,75238,liquor_store,TABC,32.8948503,-96.71311109999999,48113013009,,1
QUIKTRIP #980,4451 N GALLOWAY AVENUE,75150,liquor_store,TABC,32.82436108121,-96.622915566925,48113017812,,1
QuikTrip #982,12631 LAKE JUNE ROAD,75180,liquor_store,TABC,32.737068594824,-96.609734270167,48113017203,,1
QUIKTRIP #985,1610 W SCYENE RD,75149,liquor_store,TABC,32.769169759715,-96.621707517654,48113017500,,1
QUIKTRIP #987,5500 S BUCKNER BLVD,75149,liquor_store,TABC,32.7928771,-96.6843626,48113017805,,1
QUIKTRIP #990,4901 LAKEVIEW PKWY,75089,liquor_store,TABC,32.90848709999999,-96.554734,48113018140,,1
QUIKTRIP #991,470 US HIGHWAY 80 E,75182,liquor_store,TABC,32.78364810000001,-96.56424419999999,48113018158,,1
QUIKTRIP #994,4301 N BELT LINE,75038,liquor_store,TABC,32.863636272892,-96.984542567179,48113014310,,1
QUIKTRIP #995,1718 N BELT LINE RD,75061,liquor_store,TABC,32.831531227413,-96.993670188647,48113014405,,1
QUIKTRIP #997,7575 BELT LINE RD,75063,liquor_store,TABC,32.911463028921,-96.993947930285,48113014124,,1
QUIKTRIP #998,1501 HWY 356 EAST,75060,liquor_store,TABC,32.80863851584,-96.926927035763,48113014903,,1
QUIKTRIP #999,1600 LYNDON B JOHNSON FWY,75234,liquor_store,TABC,32.9062296,-96.91923630000001,48113009900,,1
QuikTrip 1912,3645 Forest Ln,75234,liquor_store,TABC,32.909726665499,-96.85719887659,48113009605,,1
QUIKTRIP 853R,1005 W PIONEER PARKWAY,75051,liquor_store,TABC,32.7092097,-97.0201074,48113016419,,1
DISCOUNT TOBACCO & BEYOND,1240 W BELT LINE RD STE B,75115,liquor_store,TABC,32.589729007071,-96.889460383006,48113016633,,1
SUGOI SUSHI,778 FORT WORTH AVE STE G 150,75208,liquor_store,TABC,32.7700349,-96.8352307,48113004300,,1
SUSHI ON,1310 W CAMPBELL RD STE 114,75080,liquor_store,TABC,32.978382519582,-96.764269741571,48113019205,,1
Lucky Mini Store,323 N Story Rd,75061,liquor_store,TABC,32.818219341902,-96.976453444861,48113014406,,1
Orange Lee’s Poboys & Wings,1450 W Pleasant Run Rd 156,75146,liquor_store,TABC,32.604286265283,-96.783624019243,48113016806,,1
LA AZTECA MEAT MARKET #2,3046 FOREST LN STE B,75234,liquor_store,TABC,32.909554646955,-96.874784838447,48113009611,,1
Osa Izakaya,9711 Plano Rd STE C,75238,liquor_store,TABC,32.879225825507,-96.700619770383,48113013005,,1
WAYWARD COFFEE CO,1318 W Davis St,75208,liquor_store,TABC,32.749442974831,-96.843075360836,48113004600,,1
Daquiries to Go,4410 Maple Ave,75235,liquor_store,TABC,32.81036852436,-96.821208077632,48113000405,,1
Velarde Pizza,13505 Montfort Pl Ste. 104,75240,liquor_store,TABC,32.932044853102,-96.811372649097,48113013615,,1
PACKING HOUSE MARKET INC.,3117 S MALCOLM X BLVD,75215,liquor_store,TABC,32.768094627258,-96.7673868773,48113020300,,1
STEP & GO,8188 SPRING VALLEY RD,75240,liquor_store,TABC,32.939782212902,-96.764434748753,48113019208,,1
Palmer's Hot Chicken,1229 Admiral Nimitz Cir Map Plat No 31,75210,liquor_store,TABC,32.7811845,-96.7598774,48113020300,,1
ZANG FOOD MART,1005 S ZANG BOULEVARD,75208,liquor_store,TABC,32.736103743752,-96.824657085576,48113005000,,1
SHELL ON THE GO,7101 LAKE JUNE ROAD,75217,liquor_store,TABC,32.734481788188,-96.700004981182,48113009105,,1
HAY MARKET,1030 HAYMARKET ROAD,75217,liquor_store,TABC,32.696203219543,-96.6372107161,48113011702,,1
Discount Corner Store,4202 S Westmoreland Rd,75233,liquor_store,TABC,32.692351363416,-96.880055588969,48113010806,,1
Pan Asian Kitchen & Noodle Shop,9660 Audelia Rd Ste 117,75238,liquor_store,TABC,32.8781604,-96.71676869999999,48113013012,,1
COUNTRY BOYS BEER & WINE,10956 ELAM RD,75180,liquor_store,TABC,32.719292971741,-96.637516313771,48113011702,,1
DISCOUNT TOBACCO AND BEVERAGE CORNER,1431 OATES DR,75150,liquor_store,TABC,32.842242867638,-96.624130916958,48113018130,,1
J'S FOOD MART,1621 N GARRETT AVE,75206,liquor_store,TABC,32.807313731709,-96.773131262941,48113001503,,1
PAPPAS BAR-B-Q,230 HWY 67 WEST,75116,liquor_store,TABC,32.623154908729,-96.909602289763,48113016636,,1
PAPPAS BAR B-Q,2231 W NORTHWEST HWY,75220,liquor_store,TABC,32.861665970347,-96.891075136219,48113009900,,1
AL Food Mart,7150 Chaucer Pl Ste 108,75237,liquor_store,TABC,32.661497188212,-96.867815601763,48113010906,,1
A-1 LIQUOR,1700 DALROCK RD # C,75088,liquor_store,TABC,32.877764377416,-96.518264630452,,,1
EL PARAISO RESTAURANTE,3373 LOMBARDY LANE,75220,liquor_store,TABC,32.866530545164,-96.867615146948,48113009804,,1
EL CENTRO SUPERMARKET,8231 PARK LANE,75231,liquor_store,TABC,32.871605906216,-96.763855474741,48113007815,,1
TIGER MART 43,809 S Interstate 35 E,75115,liquor_store,TABC,32.5757067,-96.82366209999999,48113016627,,1
Parkerville Mobil,1400 S I35E,75146,liquor_store,TABC,32.574577,-96.820195,48113016802,,1
Parkway Food Mart,4848 Military Pkwy Ste A,75223,liquor_store,TABC,32.783403786976,-96.734633731046,48113002500,,1
MY T QUICK,110 Hensley Dr,75050,liquor_store,TABC,32.749450804379,-96.955294230916,48113021200,,1
K CONVENIENCE STORE,4818 S 2ND AVE,75210,liquor_store,TABC,32.7611566,-96.7442837,48113020800,,1
24 Seven Mart #5,2360 Valwood Pkwy,75234,liquor_store,TABC,32.9381805,-96.9014571,48113013901,,1
24 Seven Mart #6,16110 Dallas Pkwy,75248,liquor_store,TABC,32.967653660236,-96.821217665037,48113013620,,1
24 Seven Mart #15,11405 Lyndon B Johnson Fwy,75041,liquor_store,TABC,32.875464016459,-96.6828848977,48113018501,,1
PAYLESS FUEL CENTER 175/LOOP 12,8015 C F HAWN FREEWAY,75217,liquor_store,TABC,32.713426168967,-96.684363163909,48113009304,,1
S & S FOOD,2402 North Fitzhugh Avenue,75204,liquor_store,OSM;TABC,32.811338118995,-96.782184258979,48113000901,,2
PECAN LODGE,2702 MAIN ST,75226,liquor_store,TABC,32.783786085652,-96.784066897746,48113020401,,1
DON PEDRO PUPUSERIA Y TAQUERIA,320 N MAIN ST,75116,liquor_store,TABC,32.653888683764,-96.908134363769,48113016516,,1
HAMPTON INN & SUITES,3051 N STEMMONS FWY,75247,liquor_store,TABC,32.811523504339,-96.85690931519,48113010003,,1
Pekes Fruteria y Neveria,2622 W. Walnut St. Ste. 210,75042,liquor_store,TABC,32.916392487483,-96.667651549289,48113019013,,1
SANDOITCHI,1604 Main St STE 110,75201,liquor_store,TABC,32.780877627492,-96.797792990647,48113003103,,1
PERRAULT,5331 E Mockingbird Ln,75206,liquor_store,TABC,32.836641546894,-96.777023801001,48113007914,,1
TIGER MART OF RICHARDSON,236 E Spring Valley Rd,75081,liquor_store,TABC,32.939945934136,-96.734367309669,48113019040,,1
GATEWAY 22,777 W LYNDON B JOHNSON FWY,75063,liquor_store,TABC,32.9167555,-96.957793,48113014130,,1
ST AUGUSTINE FOOD MART,1230 N ST AUGUSTINE DR,75217,liquor_store,TABC,32.733102506562,-96.65685554841,48113011802,,1
BIG DADDY'S CONVENIENCE,4121 COLONIAL AVE,75215,liquor_store,TABC,32.75286618256,-96.766962845004,48113020900,,1
HOME2 SUITES,3301 GASTON AVE,75246,liquor_store,TABC,32.789622287807,-96.782121968085,48113002200,,1
ONE STOP MART,501 S LOOP 12,75060,liquor_store,TABC,32.809508777611,-96.922203386658,48113014903,,1
PILOT TRAVEL CENTER #1108,3206 W TRINITY BOULEVARD,75050,liquor_store,TABC,32.801188319689,-97.029869221598,48113015303,,1
PILOT TRAVEL CENTER #433,8787 S LANCASTER RD,75241,liquor_store,TABC,32.642068382347,-96.77933826142,48113016709,,1
PILOT TRAVEL CENTER #726,7425 BONNIE VIEW ROAD,75241,liquor_store,TABC,32.65634060000001,-96.751072,48113016710,,1
PINEAPPLE MAN,1229 Admiral Nimitz Cir EMBARCADERO BLDG NO 29 MAP PLAT NO 3,75210,liquor_store,TABC,32.7811845,-96.7598774,48113020300,,1
SWIFT-T #8,9666 PLANO RD,75238,liquor_store,TABC,32.8785844,-96.70010289999999,48113013007,,1
LAKESIDE LIQUOR,2806 W NORTHWEST HWY,75220,liquor_store,TABC,32.857725546911,-96.873787561208,48113007203,,1
7 MART,3425 FOREST Ln STE A,75042,liquor_store,TABC,32.909355587086,-96.681472827275,48113019013,,1
Sushiya,1306 Elm St,75202,liquor_store,TABC,32.78098018459,-96.801070686681,48113003102,,1
MEO Food Mart,3803 S Polk St,75224,liquor_store,TABC,32.69644477649,-96.840208884885,48113006100,,1
PO-GO'S,5360 W LOVERS LN STE 200,75209,liquor_store,TABC,32.8501734,-96.82067389999999,48113007101,,1
PO-GO'S,2034 IRVING BLVD,75207,liquor_store,TABC,32.79523540014,-96.828619450643,48113010003,,1
POCKET SANDWICH THEATRE,1104 S Elm St,75006,liquor_store,TABC,32.952082716848,-96.908514104647,48113013729,,1
Politano's Pizza and Pasta,8704 Cypress Waters Blvd Suite 120,75063,liquor_store,TABC,32.923831488647,-96.991212277996,48113014150,,1
GLAD MART STORE,1726 S BELT LINE ROAD,75051,liquor_store,TABC,32.722174998807,-96.994028918754,48113016301,,1
MY-T-QUICK FOOD STORE,1422 ACTON AVE,75137,liquor_store,TABC,32.635079440853,-96.900766961069,48113016517,,1
ROYAL THAI RESTAURANT,5500 GREENVILLE AVENUE SUITE 608,75206,liquor_store,TABC,32.8533086,-96.7682631,48113007909,,1
Pound Cake Experts LLC,1229 Admiral Nimitz Cir Embarcadero Bldg 29 Map Plat 27,75210,liquor_store,TABC,32.7811845,-96.7598774,48113020300,,1
CAMERON FOOD MART,607 N TRAVIS AVE,76520,liquor_store,TABC,30.854769831585,-96.976622225481,,,1
HOLIDAY INN EXPRESS & SUITES DALLAS NORTH - ADDISON ,14960 Landmark Blvd,75254,liquor_store,TABC,32.951749084791,-96.827962283934,48113013628,,1
LOVELY MART,3249 FOREST LN,75042,liquor_store,TABC,32.90935252892,-96.679178316099,48113019013,,1
SHOP N GO,1885 ESTERS RD STE 110,75061,liquor_store,TABC,32.832886150943,-97.009649613437,48113014410,,1
7-ELEVEN CONVENIENCE STORE #26376A,3401 N STORY RD,75062,liquor_store,TABC,32.850900509317,-96.976407394434,48113014310,,1
HAPPY'S MARKET # 7 GREENFOREST,9100 FOREST LN,75243,liquor_store,TABC,32.909039940367,-96.743491867894,48113007810,,1
BACHMAN LAKE CHEVRON,3311 W NORTHWEST HWY,75220,liquor_store,TABC,32.856169156656,-96.864550168821,48113007206,,1
HAPPY'S MARKET #5 LBJ,9351 LYNDON B JOHNSON FWY,75243,liquor_store,TABC,32.9128374,-96.7358776,48113019016,,1
PRESBYTERIAN VILLAGE NORTH (DINING ROOM),8600 Skyline Dr OFC,75243,liquor_store,TABC,32.907650299176,-96.752871975081,48113007805,,1
lakeside Liquor,7392 Lake Ridge Pkwy STE 300,75054,liquor_store,TABC,32.594239948362,-97.035626675997,48113016416,,1
Peninsula Point,7392 Lake Ridge Pkwy STE 300,75054,liquor_store,TABC,32.594239948362,-97.035626675997,48113016416,,1
PRIME NOW LLC,6627 MAPLE AVE,75235,liquor_store,TABC,32.828319119664,-96.844908629276,48113000409,,1
Prime Now LLC,1217 Slocum St,75207,liquor_store,TABC,32.789539268919,-96.816392551673,48113010003,,1
SIMPLY LIQUOR,5120 S State Hwy 78 STE 500,75048,liquor_store,TABC,32.969910954624,-96.605024750355,48113018151,,1
TEXACO CEDAR HILL,271 HWY 67 SOUTH,75104,liquor_store,TABC,32.587421643271,-96.949522538889,48113016524,,1
BH SUPER MERCADO,4754 BERNAL Dr,75212,liquor_store,TABC,32.785650745657,-96.897965080535,48113010601,,1
Webb Chapel Beer & Wine,1004 Webb Chapel Rd,75006,liquor_store,TABC,32.953295022113,-96.870955673051,48113013715,,1
LA MICHOACANA MEAT MARKET DALLAS #23,2114 W KINGSLEY Rd,75041,liquor_store,TABC,32.878749272816,-96.658428238015,48113018401,,1
LA MICHOACANA MEAT MARKET DALLAS #30,3380 LOMBARDY LANE,75220,liquor_store,TABC,32.866416312998,-96.867488069348,48113007205,,1
LA MICHOACANA MEAT MARKET DALLAS #4,6770 GREENVILLE AVE,75231,liquor_store,TABC,32.869720108439,-96.766016295526,48113007819,,1
LAKEVIEW FOOD MART,8600 LAKEVIEW PKWY STE A,75088,liquor_store,TABC,32.917211819277,-96.517820942087,,,1
CORNER FOOD MART,2431 W WALNUT STREET SUITE 100,75042,liquor_store,TABC,32.91641950744,-96.664409403765,48113018900,,1
EL RANCHO #33,2506 S Belt Line Rd,75052,liquor_store,TABC,32.709148188405,-96.994112336099,48113016407,,1
CIBODIVINO,1868 SYLVAN AVE STE D100,75208,liquor_store,TABC,32.769233571442,-96.835689489268,48113004300,,1
Pei Wei Asian Kitchen ,2810 S State Hwy 161 STE 110,75052,liquor_store,TABC,32.704675932363,-97.024093513032,48113016419,,1
Pei Wei Fresh Kitchen #0088,2222 McKinney Ave Suite 100,75201,liquor_store,TABC,32.793119964126,-96.802714682322,48113001705,,1
FAT NI BBQ,2528 OLD DENTON ROAD SUITE 308,75006,liquor_store,TABC,32.979870537667,-96.909748566186,48113013719,,1
QALITY LICENSING CORP (#5621-STORE),3100 E Cartwright Rd,75181,liquor_store,TABC,32.732892414261,-96.556877593474,48113017314,,1
Quality Licensing Corp (Store ,7075 W Wheatland Rd,75249,liquor_store,TABC,32.647251507892,-96.946057358498,48113016528,,1
QUALITY LICENSING CORP (STORE #1800),1801 MARKETPLACE DRIVE,75041,liquor_store,TABC,32.862553384524,-96.653481320358,48113018403,,1
QUALITY LICENSING CORP (STORE #2433),101 W BUCKINGHAM ROAD,75040,liquor_store,TABC,32.9318955,-96.6316626,48113019026,,1
QUALITY LICENSING CORP (STORE #4046),1855 S GARLAND AVENUE,75040,liquor_store,TABC,32.896321836485,-96.648889281457,48113018600,,1
QUALITY LICENSING CORP (STORE #6265),1213 MARKET PL,75063,liquor_store,TABC,32.91848856196,-96.963175359904,48113014150,,1
QUALITY LICENSING CORP. (STORE #1055),5302 N GARLAND AVE,75040,liquor_store,TABC,32.961296152774,-96.647193582603,48113019027,,1
QUALITY LICENSING CORP. (STORE #1118),12300 LAKE JUNE RD,75180,liquor_store,TABC,32.733850425159,-96.615791285519,48113017201,,1
QUALITY LICENSING CORP. (STORE #1216),1213 E TRINITY MILLS ROAD,75006,liquor_store,TABC,32.982722220577,-96.915746410979,48113013719,,1
QUALITY LICENSING CORP. (STORE #2105),4122 LYNDON B JOHNSON FWY,75244,liquor_store,TABC,32.921953,-96.84117549999999,48113009608,,1
QUALITY LICENSING CORP. (STORE #2427),9301 FOREST LN,75243,liquor_store,TABC,32.909307059031,-96.741346676355,48113007810,,1
QUALITY LICENSING CORP. (STORE #2649),1635 MARKET PLACE,75063,liquor_store,TABC,32.919238398243,-96.967857517082,48113014150,,1
QUALITY LICENSING CORP. (STORE #2667),7401 SAMUELL BLVD,75228,liquor_store,TABC,32.7941669,-96.6896063,48113012207,,1
QUALITY LICENSING CORP. (STORE #2975),3959 BROADWAY BLVD,75043,liquor_store,TABC,32.86551966218,-96.606477039229,48113018111,,1
QUALITY LICENSING CORP. (STORE #2976),915 N TOWN EAST BLVD,75150,liquor_store,TABC,32.8131153,-96.60992619999999,48113017811,,1
QUALITY LICENSING CORP. (STORE #3014),200 SHORT BLVD,75232,liquor_store,TABC,32.685776123568,-96.824395340435,48113011002,,1
QUALITY LICENSING CORP. (STORE #3015),2827 S BUCKNER BLVD,75227,liquor_store,TABC,32.759489714806,-96.682961451142,48113009101,,1
QUALITY LICENSING CORP. (STORE #3198),4025 OLD DENTON RD,75007,liquor_store,TABC,33.018255059412,-96.915063922172,,,1
QUALITY LICENSING CORP. (STORE #3204),820 E BELT LINE RD,75104,liquor_store,TABC,32.589840266337,-96.924882072306,48113016624,,1
QUALITY LICENSING CORP. (STORE #3204) FUEL CENTER,840 E BELT LINE RD,75104,liquor_store,TABC,32.589835244171,-96.924410827583,48113016624,,1
QUALITY LICENSING CORP. (STORE #3224),555 W INTERSTATE 30,75043,liquor_store,TABC,32.839515709512,-96.59811405591,48113018129,,1
QUALITY LICENSING CORP. (STORE #3225),2501 LAKEVIEW PKWY,75088,liquor_store,TABC,32.9107869,-96.57779370000002,48113018156,,1
QUALITY LICENSING CORP. (STORE #3285),621 UPTOWN BLVD,75104,liquor_store,TABC,32.596200753602,-96.945019040397,48113016522,,1
QUALITY LICENSING CORP. (STORE #3341),2305 N CENTRAL EXPY,75204,liquor_store,TABC,32.799921779894,-96.793546592917,48113001703,,1
QUALITY LICENSING CORP. (STORE #3406),15220 MONTFORT RD,75248,liquor_store,TABC,32.9588382,-96.81610429999999,48113013620,,1
QUALITY LICENSING CORP. (STORE #3432),951 W BELT LINE ROAD,75115,liquor_store,TABC,32.589843598003,-96.879022638565,48113016633,,1
QUALITY LICENSING CORP. (STORE #4503),2650 S STATE HIGHWAY 161,75052,liquor_store,TABC,32.707442423359,-97.024092587071,48113016419,,1
QUALITY LICENSING CORP. (STORE #4503) FUEL CENTER,2640 S STATE HIGHWAY 161,75052,liquor_store,TABC,32.707764069436,-97.024091259481,48113016419,,1
QUALITY LICENSING CORP. (STORE #4783),5150 N GARLAND AVE,75040,liquor_store,TABC,32.9621938,-96.6455187,48113019027,,1
QUALITY LICENSING CORP. (STORE #4925),2218 GREENVILLE AVE,75206,liquor_store,TABC,32.81652441344,-96.770113973639,48113001101,,1
QUALITY LICENSING CORP. (STORE #5021),2275 GUS THOMASSON RD,75228,liquor_store,TABC,32.8360345,-96.6764256,48113012702,,1
QUALITY LICENSING CORP. (STORE #5147),1521 N COCKRELL HILL RD,75211,liquor_store,TABC,32.7627378563,-96.895138545193,48113010701,,1
QUALITY LICENSING CORP. (STORE #5288),220 N HIGHWAY 175,75159,liquor_store,TABC,32.647745277458,-96.535158800154,48113017008,,1
QUALITY LICENSING CORP. (STORE #5624),13100 JOSEY LN,75234,liquor_store,TABC,32.923371709192,-96.881499302801,48113014001,,1
QUALITY LICENSING CORP. (STORE #5673),8015 WOODBRIDGE PARKWAY,75048,liquor_store,TABC,32.992400267962,-96.572115357337,,,1
QUALITY LICENSING CORP. (STORE #5823),6185 RETAIL RD STE 200,75231,liquor_store,TABC,32.861785800512,-96.753863190568,48113007819,,1
QUALITY LICENSING CORP. (STORE #5824),1951 MILITARY PKWY,75149,liquor_store,TABC,32.768200575686,-96.62843898066,48113017602,,1
QUALITY LICENSING CORP. (STORE #5824) FUEL CENTER,2001 MILITARY PKWY,75149,liquor_store,TABC,32.768271497817,-96.630014966007,48113017602,,1
QUALITY LICENSING CORP. (STORE #5889),9410 WEBB CHAPEL RD,75220,liquor_store,TABC,32.860659196563,-96.857456422475,48113009802,,1
QUALITY LICENSING CORP. (STORE #6372),6185 RETAIL RD STE 100,75231,liquor_store,TABC,32.861785800512,-96.753863190568,48113007819,,1
QUALITY LICENSING CORP. (STORE #6376),4062 LYNDON B JOHNSON FWY,75244,liquor_store,TABC,32.922233130345,-96.845583947342,48113009608,,1
QUALITY LICENSING CORP. (STORE #6482),5555 S BUCKNER BLVD,75228,liquor_store,TABC,32.795635896984,-96.684062201887,48113012207,,1
QUALITY LICENSING CORP. (STORE #6851),6750 MURPHY RD,75048,liquor_store,TABC,32.982621644074,-96.613331516806,48113019051,,1
QUALITY LICENSING CORP. (STORE #7224),350 N BLUEGROVE RD,75146,liquor_store,TABC,32.59076402333,-96.787340715019,48113016802,,1
QUALITY LICENSING CORP. (STORE #7232),108 W PARKERVILLE RD,75115,liquor_store,TABC,32.575221008814,-96.865687922511,48113016623,,1
QUALITY LICENSING CORP. (STORE #7240),8800 LAKEVIEW PKWY,75088,liquor_store,TABC,32.918075955566,-96.516021341946,,,1
QUALITY LICENSING CORP. (STORE #7240) FUEL CENTER,8800 LAKEVIEW PKWY STE B,75088,liquor_store,TABC,32.918075955566,-96.516021341946,,,1
QUALITY LICENSING CORP. (STORE #789),200 US HIGHWAY 80 E,75149,liquor_store,TABC,32.790659483928,-96.599067507798,48113017705,,1
QUALITY LICENSING CORP. (STORE #8242),12000 MCCREE RD,75238,liquor_store,TABC,32.86807891571,-96.674385904718,48113013010,,1
QUALITY LICENSING CORP. (STORE #8248),9461 WEBB CHAPEL RD,75220,liquor_store,TABC,32.8624562,-96.86089919999999,48113007206,,1
QUALITY LICENSING CORP. (STORE #8282),2900 W WHEATLAND RD,75237,liquor_store,TABC,32.647382995122,-96.865598012803,48113016635,,1
QUALITY LICENSING CORP. (STORE #880),4100 W AIRPORT FREEWAY,75062,liquor_store,TABC,32.836626226806,-97.003497981098,48113014407,,1
QUALITY LICENSING CORP. (STORE #8930),15757 COIT RD,75248,liquor_store,TABC,32.963159455,-96.769032538594,48113013605,,1
QUALITY LICENSING CORP. (STORE 2974),1501 BUCKINGHAM RD,75081,liquor_store,TABC,32.9323078,-96.6969599,48113019024,,1
QUALITY LICENSING CORP. (STORE#471),150 N INTERSTATE 35 E,75146,liquor_store,TABC,32.5918065,-96.81969219999999,48113016805,,1
WAL-MART FUEL STATION 5621,3150 E Cartwright Rd,75181,liquor_store,TABC,32.732700999103,-96.556649925483,48113017314,,1
Que Buen Taco #2,11931 Elam Rd Ste 102,75180,liquor_store,TABC,32.719387259813,-96.621733221427,48113017201,,1
N Beach Liquor,"1205 Arkansas Ln, #100",75052,liquor_store,TABC,32.705344481533,-97.02003993496,48113016419,,1
TITO'S MEAT MARKET,3000 PIONEER RD STE 1,75181,liquor_store,TABC,32.727744919355,-96.601397533683,48113017314,,1
EZ Convenience Store,13010 Spring Oak Dr,75180,liquor_store,TABC,32.712011971748,-96.605292809119,48113017315,,1
MM FOOD MART,3626 Saturn Rd,75041,liquor_store,TABC,32.873046084351,-96.64817115174,48113018402,,1
RACE TRAC #2420,2550 MIDWAY RD,75006,liquor_store,TABC,32.9824789,-96.84208819999999,48113013727,,1
RACETRAC #064,15196 MARSH LN,75001,liquor_store,TABC,32.954869502233,-96.855399431571,48113013727,,1
RACETRAC #073,1525 N BELT LINE RD,75050,liquor_store,TABC,32.7616576,-96.9957567,48113015405,,1
RACETRAC #143,2460 LUNA RD,75006,liquor_store,TABC,32.919004703548,-96.925330968318,48113014002,,1
RACETRAC #144,7401 LAKEVIEW PKWY,75088,liquor_store,TABC,32.9108246,-96.5321206,48113018150,,1
RACETRAC #173,6421 BROADWAY BLVD,75043,liquor_store,TABC,32.836636817484,-96.595790847313,48113017808,,1
RACETRAC #174,8400 N BELTLINE ROAD,75063,liquor_store,TABC,32.921594803708,-96.993477838949,48113014124,,1
RACETRAC #183,1355 HWY 66,75040,liquor_store,TABC,32.910839776574,-96.612742234304,48113018105,,1
RACETRAC #2308,714 S BELT LINE RD,75060,liquor_store,TABC,32.8066538,-96.99417679999999,48113015305,,1
RACETRAC #231,801 W ROYAL LN,75039,liquor_store,TABC,32.896014718486,-96.95899095549,48113014152,,1
RACETRAC #2336,10707 FERGUSON RD,75228,liquor_store,TABC,32.841863741126,-96.665570885267,48113012702,,1
RACETRAC #2337,2807 W NORTHWEST HWY,75220,liquor_store,TABC,32.85791824945,-96.873602638113,48113007204,,1
RACETRAC #2428,2707 ROYAL LN,75229,liquor_store,TABC,32.895339540552,-96.88658586937,48113009610,,1
RACETRAC #2429,3510 CARBON RD,75038,liquor_store,TABC,32.879688437498,-96.992010177914,48113014160,,1
RACETRAC #2499,1015 W MOCKINGBIRD LN,75247,liquor_store,TABC,32.816061798858,-96.872465085426,48113010003,,1
RaceTrac #2606,1851 W Trinity Blvd,75050,liquor_store,TABC,32.800825923131,-97.028522122626,48113015303,,1
RaceTrac #2626,7750 Bonnie View Rd,75241,liquor_store,TABC,32.653353205912,-96.75047404196,48113016709,,1
RACETRAC #423,4214 FOREST LN,75042,liquor_store,TABC,32.908943434117,-96.693112738982,48113018506,,1
RACETRAC #437,2018 NORTHWEST HWY,75041,liquor_store,TABC,32.863975208499,-96.6581440715,48113018403,,1
RACETRAC #498,2506 INWOOD ROAD,75235,liquor_store,TABC,32.8212896,-96.8358536,48113000407,,1
RACETRAC #504,9620 HARRY HINES BOULEVARD,75220,liquor_store,TABC,32.847939009193,-96.876683170535,48113000410,,1
RACETRAC #514,12250 GREENVILLE AVE,75243,liquor_store,TABC,32.913612699998,-96.744892122366,48113007810,,1
RACETRAC #516,702 N BELT LINE ROAD,75050,liquor_store,TABC,32.7553506,-96.9944511,48113015600,,1
RACETRAC #569,5151 LEMMON AVENUE,75209,liquor_store,TABC,32.8246726,-96.82115399999999,48113000611,,1
RACETRAC #582,2602 LAVON DR,75040,liquor_store,TABC,32.9389517,-96.6225635,48113018152,,1
RACETRAC #613,10707 MILLER ROAD,75238,liquor_store,TABC,32.8949739,-96.69985349999999,48113018506,,1
RACETRAC #630,3401 S GARLAND AVENUE,75041,liquor_store,TABC,32.87366849841,-96.664098998858,48113018501,,1
RACETRAC #634,519 S COCKRELL HILL ROAD,75116,liquor_store,TABC,32.64834614527,-96.891465203319,48113016516,,1
RACETRAC #697,2434 W BUCKIINGHAM ROAD,75042,liquor_store,TABC,32.930662042534,-96.665898739111,48113019047,,1
Liquor Island,504 S. MacArthur Boulevard,75060,liquor_store,TABC,32.809680769873,-96.959929868185,48113014903,,1
U STOP FUEL,1909 W JEFFERSON BLVD,75208,liquor_store,TABC,32.746369279236,-96.85032249121,48113004600,,1
SHOP N GO GROCERY,1909 S CESAR CHAVEZ BLVD,75215,liquor_store,TABC,32.7727453,-96.78294629999999,48113020402,,1
Cedar Ridge Food Mart,102 S Cedar Ridge Dr,75116,liquor_store,TABC,32.651772127704,-96.925537249242,48113016518,,1
Pepe's Corner Store,4819 Bernal Dr,75212,liquor_store,TABC,32.784949259951,-96.899376806781,48113010601,,1
Foodland Super Market,4639 Singleton Blvd,75212,liquor_store,TABC,32.778530252722,-96.896022989964,48113010601,,1
STOP AND SAVE LIQUORS,1907 S CESAR CHAVEZ BLVD,75215,liquor_store,TABC,32.7728796,-96.7831814,48113020402,,1
OK FOOD MART 2,701 W PLEASANT RUN ROAD,75146,liquor_store,TABC,32.605135520702,-96.767798385285,48113016706,,1
SAM BEER GRILL GROCERY,3211 S HAMPTON RD,75224,liquor_store,TABC,32.7051511,-96.8575917,48113010806,,1
COWBOY'S CONVENIENCE STORE,3324 SAMUELL Blvd,75223,liquor_store,TABC,32.792916374079,-96.738606790859,48113001202,,1
7-ELEVEN CONVENIENCE STORE #27206,13601 CF HAWN FREEWAY,75253,liquor_store,TABC,32.675838358154,-96.602559610364,48113017005,,1
PDK FOODS,1830 E NORTHGATE DRIVE,75062,liquor_store,TABC,32.844129871576,-96.920774497343,48113014204,,1
SPEEDY BEE #1,100 N HIGHWAY 67 STE 6,75104,liquor_store,TABC,32.589954459145,-96.945250556218,48113016626,,1
I-30 TRUCK STOP,801 E I 30,75043,liquor_store,TABC,32.85485,-96.5611576,48113018137,,1
Ruben's,2517 S Beckley Ave,75224,liquor_store,TABC,32.717429407958,-96.822975982594,48113005600,,1
LA HECHIZERA TORTAS,404 N INTERSTATE 35 E STE 130,75146,liquor_store,TABC,32.5936213,-96.82166199999999,48113016805,,1
Dallas Fine Wine & Spirit Shop,3518 Oak Lawn Ave,75219,liquor_store,TABC,32.812051385459,-96.805275860912,48113000606,,1
Dallas Fine Wine & Spirits,4125 Fairmount St,75219,liquor_store,TABC,32.80746951628,-96.81616504141,48113000503,,1
Tom Thumb #1540,3757 Forest Ln,75244,liquor_store,TABC,32.909710250613,-96.853306872022,48113009608,,1
TOM THUMB #1781,106 N DENTON TAP ROAD,75019,liquor_store,TABC,32.971266481431,-96.993516326673,48113014135,,1
Tom Thumb #1783,2645 Arapaho Rd,75044,liquor_store,TABC,32.959649205707,-96.66480715366,48113019042,,1
Tom Thumb #1784,1501 Pioneer Rd,75149,liquor_store,TABC,32.747138831911,-96.583578496869,48113017400,,1
TOM THUMB #1786,4215 S CARRIER PARKWAY,75052,liquor_store,TABC,32.6712539,-97.0033626,48113016412,,1
Tom Thumb #1973,7000 Snider Plz,75205,liquor_store,TABC,32.850312780235,-96.787760553324,48113019400,,1
Tom Thumb #2503,4001 Villanova St,75225,liquor_store,TABC,32.864299520573,-96.801895134454,48113019501,,1
Tom Thumb #2526,39 Arapaho Village Center,75080,liquor_store,TABC,32.962165043667,-96.74931921595,48113019203,,1
TOM THUMB #2534,6333 E MOCKINGBIRD STE 301,75214,liquor_store,TABC,32.836588453824,-96.754546076198,48113000201,,1
Tom Thumb #2544,10455 N Central Expy Suite 115,75231,liquor_store,TABC,32.888774334903,-96.770191047127,48113013107,,1
Tom Thumb #2561,925 Northwest Hwy,75041,liquor_store,TABC,32.8628881,-96.641598,48113018402,,1
TOM THUMB #2578,2535 NE PARKWAY,75040,liquor_store,TABC,32.9368872,-96.6317461,48113019026,,1
TOM THUMB #2642,5809 E LOVERS LANE,75206,liquor_store,TABC,32.851146855898,-96.76732667921,48113007909,,1
Tom Thumb #2643,14280 Marsh Ln,75001,liquor_store,TABC,32.938838033549,-96.855685547718,48113013805,,1
Tom Thumb #2990,7117 Inwood Rd,75209,liquor_store,TABC,32.844259981662,-96.82153160792,48113007102,,1
TOM THUMB #3296,2380 N FIELD ST,75201,liquor_store,TABC,32.788575237023,-96.806353486971,48113001901,,1
Tom Thumb #3311,2727 Live Oak St,75204,liquor_store,TABC,32.788838263314,-96.789165987978,48113002200,,1
Tom Thumb #3522,5959 Royal Ln,75230,liquor_store,TABC,32.894961537136,-96.806136254554,48113013400,,1
Tom Thumb #3560,8698 Skillman St,75243,liquor_store,TABC,32.897640380611,-96.720564267289,48113007835,,1
Tom Thumb #3563,633 W Wheatland Rd,75116,liquor_store,TABC,32.647541167727,-96.922891037501,48113016518,,1
Tom Thumb #3597,11920 Preston Rd,75230,liquor_store,TABC,32.911511642081,-96.803725671079,48113013201,,1
Tom Thumb #3608,7700 W Northwest Hwy Suite 100,75225,liquor_store,TABC,32.865343307094,-96.77425777642,48113007906,,1
Tom Thumb #3614,315 S Hampton Rd,75208,liquor_store,TABC,32.7429142,-96.8572021,48113004500,,1
Tom Thumb #3621,4010 N MacArthur Blvd,75038,liquor_store,TABC,32.8598445,-96.9574026,48113014313,,1
Tom Thumb #3623,210 E Pleasant Run Rd,75115,liquor_store,TABC,32.604029028086,-96.85622816656,48113016620,,1
TOM THUMB #3637,1380 W CAMPBELL ROAD,75080,liquor_store,TABC,32.97836804532,-96.765639919553,48113019205,,1
Tom Thumb #3650,14999 Preston Rd,75254,liquor_store,TABC,32.95362439182,-96.804171271215,48113013622,,1
TOM THUMB #4606,1509 PIONEER RD,75149,liquor_store,TABC,32.747014472024,-96.583578155229,48113017400,,1
Tom Thumb #4788,3400 N Belt Line Rd,75182,liquor_store,TABC,32.8123987,-96.59388489999999,48113018159,,1
TOM THUMB #5803 FUEL CENTER,2720 LIVE OAK STREET,75204,liquor_store,TABC,32.788716308433,-96.789117835473,48113002200,,1
Tom Thumb 3569,3878 Oak Lawn Ave Suite 180,75219,liquor_store,TABC,32.81587243612,-96.802254104547,48113000606,,1
Tom Thumb 3570,7331 Gaston Ave 130,75214,liquor_store,TABC,32.811285037294,-96.729820958564,48113000100,,1
Tom Thumb Fuel Center 5838,3500 N Belt Line Rd,75182,liquor_store,TABC,32.8103659,-96.595556,48113018159,,1
JR'S PIZZA RESTAURANT,11020 DENNIS ROAD SUITE A,75229,liquor_store,TABC,32.898414918449,-96.881314657206,48113009611,,1
EXPRESS 24-7,3460 N Town E Blvd Ste 100,75150,liquor_store,TABC,32.80027374623,-96.647829752722,48113017816,,1
THE MANHATTAN CLUB,2715 MEADOW,75215,liquor_store,TABC,32.774659192207,-96.767955494701,48113020300,,1
RAYO'S TAQUERIA,11411 E NORTHWEST HWY STE 230,75218,liquor_store,TABC,32.864206845645,-96.682890591651,48113013010,,1
EXXON RAYYAN,3003 E ILLINOIS AVE,75216,liquor_store,TABC,32.716565951039,-96.776868703058,48113008604,,1
Dennis Water & Beer Wine,11055 Dennis Road Suite 3,75229,liquor_store,TABC,32.898892355787,-96.881447629342,48113009610,,1
SIMS DRIVE-IN GROCERY,216 Houston St,75104,liquor_store,TABC,32.58852757609,-96.95643944868,48113016524,,1
Awake Restaurant,15203 Knoll Trail Dr Suite 100,75248,liquor_store,TABC,32.96238833638,-96.818996734734,48113013620,,1
SUPER B FOOD STORE,3501 S PEACHTREE RD,75180,liquor_store,TABC,32.720246190822,-96.631259682917,48113011801,,1
El Salvadoreno Restaurant & Bar,8414 Denton Dr,75235,liquor_store,TABC,32.841298713407,-96.857885847086,48113980100,,1
CHILLY MART,2220 MARSH LN STE 122,75006,liquor_store,TABC,32.969806885481,-96.854551845869,48113013722,,1
GENE'S LIQUOR,2445 W NORTHWEST HWY STE 109C,75220,liquor_store,TABC,32.858805226168,-96.881985738262,48113009900,,1
WHEATLAND SHELL,3805 W WHEATLAND RD,75237,liquor_store,TABC,32.647647459288,-96.878796007862,48113016635,,1
MUSHI'S 1 ,3502 Simpson Stuart Rd STE 100,75241,liquor_store,TABC,32.672706871704,-96.762591527484,48113020200,,1
Koba Ethiopian to go and grocery store,5528 Alpha rd Suite 105,75240,liquor_store,TABC,32.9323448,-96.81208269999999,48113013615,,1
SALT N PEPPER KITCHEN & CATERING SERVICES,2376 LAVON DR SUITE 106A,75040,liquor_store,TABC,32.9359684,-96.6232362,48113018152,,1
El Colibri Restaurant,8330 Bruton Rd,75217,liquor_store,TABC,32.748624945687,-96.67739127477,48113009204,,1
"Restaurante El Emperador, Inc.",10229 HARRY HINES BLVD,75220,liquor_store,TABC,32.864773800827,-96.881575239501,48113009900,,1
LAKE HIGHLANDS CAFE,6751 Abrams Rd STE 100,75231,liquor_store,TABC,32.866588928182,-96.743260167567,48113007833,,1
BONITA FOOD MART,7102 LAKE JUNE RD,75217,liquor_store,TABC,32.734160971589,-96.699931345376,48113009301,,1
DR DELPHINIUM DESIGN & EVENTS-GOODIES FROM GOODMAN,9200 John W Carpenter Fwy,75247,liquor_store,TABC,32.829074594612,-96.887160953604,48113010003,,1
DR. DELPHINIUM DESIGNS,5806 W LOVERS LANE,75225,liquor_store,TABC,32.8508765,-96.812827,48113007101,,1
RH,3133 KNOX ST,75205,liquor_store,TABC,32.822796447926,-96.788058828899,48113000705,,1
MR. J. FOOD STORE,906 HIGHWAY 66,75040,liquor_store,TABC,32.907907206089,-96.620887375769,48113018203,,1
R & T ENTERPRIZE,4403 S MALCOLM X BOULEVARD,75215,liquor_store,TABC,32.757984393554,-96.755334821764,48113020800,,1
FLAMINGO BEER WINE BEVERAGES,2810 E TRINITY MILLS RD STE 219,75006,liquor_store,TABC,32.987002204366,-96.854402772954,48113013722,,1
7-ELEVEN CONVENIENCE STORE #22598B,14300 MONTFORT DR,75254,liquor_store,TABC,32.9432896,-96.8141694,48113013622,,1
RIMK FOOD MART,402 S FOREST CREST DRIVE,75042,liquor_store,TABC,32.910232546444,-96.68680925987,48113019033,,1
RISE NO. 1,5360 W LOVERS LANE SUITE 220,75209,liquor_store,TABC,32.8502263,-96.8207389,48113007101,,1
PREMIER LIQUOR,6810 MURPHY RD STE 500,75048,liquor_store,TABC,32.982716655428,-96.613330394619,48113019051,,1
Main St Chevron,525 W Main St,75050,liquor_store,TABC,32.744844816829,-97.009426760474,48113015500,,1
RUSH 24/7,2410 S HAMPTON RD,75224,liquor_store,TABC,32.722204758679,-96.856872667457,48113006302,,1
JOHNNY'S LIQUOR #3,4928 COLUMBIA AVENUE,75214,liquor_store,TABC,32.795636755487,-96.76286026737,48113002400,,1
RMKK Investments LLC,2112 N O Connor Rd,75061,liquor_store,TABC,32.835894418551,-96.951017618257,48113014601,,1
QUICK SHOP,1630 VALWOOD PKWY STE 114,75006,liquor_store,TABC,32.938106118964,-96.922079025423,48113014002,,1
Brake Time,4125 W Airport Fwy,75062,liquor_store,TABC,32.837415556653,-97.006275027781,48113014153,,1
Xpress Liquor,"2121 W. Rochelle Rd., Ste 105",75062,liquor_store,TABC,32.842266752805,-96.972933879706,48113014316,,1
Xpress Mart,2121 W Rochelle Rd Ste 103,75062,liquor_store,TABC,32.842266752805,-96.972933879706,48113014316,,1
ROCK ISLAND FUELS & FOOD MART,2630 ROCK ISLAND RD,75060,liquor_store,TABC,32.815343525153,-96.980215839225,48113015305,,1
LIQUOR DEPOT EXPRESS,7512 E NORTHWEST HWY,75214,liquor_store,TABC,32.855007808085,-96.732444558131,48113007902,,1
TOSTADAS Y MICHELADAS EL CAMARON LOCO,10850 HARRY HINES SUITE 165,75220,liquor_store,TABC,32.876401442359,-96.884210789102,48113009900,,1
Rodriguez Meat Market Company LLC,5528 Alpha Rd Suite108,75240,liquor_store,TABC,32.9320685,-96.8121484,48113013615,,1
HAMPTON SHELL,509 N HAMPTON ROAD,75208,liquor_store,TABC,32.750167352412,-96.856911579143,48113006800,,1
7 Day Grocery,2232 S Corinth St Rd,75203,liquor_store,TABC,32.7204221,-96.8032314,48113005500,,1
DAN FOOD STORE,1008 W DAVIS STREET,75208,liquor_store,TABC,32.749424974683,-96.839531876931,48113004600,,1
Spice It Up Seafood and Grill,104 W Belt Line Rd STE 1B,75104,liquor_store,TABC,32.58987560077,-96.944819882149,48113016626,,1
DISCOUNT CIGARETTES & TOBACCO,323 W Marshall Dr,75051,liquor_store,TABC,32.720334618223,-97.007473362748,48113016204,,1
HANDY STOP,701 MACARTHUR BOULEVARD,75050,liquor_store,TABC,32.756346285219,-96.960036175913,48113015700,,1
RACETRAC #2435,720 E ARAPAHO RD,75081,liquor_store,TABC,32.96058390403,-96.715094415818,48113019039,,1
Ruby Restaurant #2 LLC,9811 Forest Ln,75243,liquor_store,TABC,32.909604530536,-96.717602315938,48113019019,,1
Fina Mart,1303 E Grauwyler Rd,75061,liquor_store,TABC,32.829692940256,-96.930212226521,48113014701,,1
Family Mart,8020 S Polk St,75232,liquor_store,TABC,32.649207111206,-96.839841660033,48113011104,,1
BEST FOR LESS,1066 PIONEER RD,75149,liquor_store,TABC,32.754000981982,-96.583451402796,48113017312,,1
KWIK STOP DRIVE THRU,4921 GUS THOMASSON RD,75150,liquor_store,TABC,32.830841813225,-96.655026438077,48113012501,,1
A TO Z BEER AND WINE,1208 E BELT LINE RD STE 118,75006,liquor_store,TABC,32.953730453133,-96.905707068548,48113013729,,1
RESTAURANT BAR COCO-LOCO,1875 JOHN WEST ROAD,75228,liquor_store,TABC,32.807195452181,-96.68577326327,48113012210,,1
Star Mart,1033 SW 3rd St,75051,liquor_store,TABC,32.732665859274,-97.005785871726,48113016002,,1
DS EXPRESSWAY,2001 N CENTRAL EXPY,75080,liquor_store,TABC,32.975602339085,-96.716541101168,48113019210,,1
Penny's #12,1951 Singleton Blvd,75212,liquor_store,TABC,32.778683954702,-96.852574695636,48113010101,,1
CHILLY MART #11,9763 WEBB CHAPEL ROAD,75220,liquor_store,TABC,32.8690656,-96.8650883,48113009804,,1
DAILY STOP,10941 HARRY HINES BOULEVARD,75220,liquor_store,TABC,32.878954182552,-96.885200057188,48113009900,,1
HILL TOWN LIQUOR BEER & WINE,3610 W JEFFERSON BOULEVARD SUITE 200,75211,liquor_store,TABC,32.740314781193,-96.878754057675,48113019900,,1
SADLER'S FOOD MART #2,10300 SCYENE RD STE 100,75227,liquor_store,TABC,32.762186963982,-96.646442380555,48113017605,,1
GATEWAY #17,1000 S ROYAL LANE,75019,liquor_store,TABC,32.944629476738,-97.022233171288,48113014124,,1
LIQUOR DEPOT,11709 SEAGOVILLE RD,75180,liquor_store,TABC,32.704999311301,-96.625827155404,48113017201,,1
LIQUOR DEPOT,610 PLYMOUTH PARK,75061,liquor_store,TABC,32.830363658648,-96.976582424945,48113014405,,1
LIQUOR DEPOT,3505 N BELT LINE ROAD,75240,liquor_store,TABC,32.853876951235,-96.992210659243,48113014153,,1
LIQUOR DEPOT,910 E PIONEER PKWY,75051,liquor_store,TABC,32.708808925713,-96.991625711448,48113016301,,1
7-Eleven Convenience Store #26235B,2318 N Galloway Ave,75150,liquor_store,TABC,32.798333123195,-96.611629832671,48113017814,,1
TIGER MART 81,2050 N WESTMORELAND RD STE 100,75212,liquor_store,TABC,32.77061265453,-96.873798659285,48113020500,,1
SODA AND SNACK MART,4020 W Camp Wisdom Rd,75237,liquor_store,TABC,32.661895129927,-96.884495254758,48113010904,,1
BALCH SPRINGS BRUTON BEER & WINE,2516 W BRUTON RD,75180,liquor_store,TABC,32.748533966097,-96.635345703898,48113011902,,1
BALCH SPRINGS BRUTON LIQUOR,2518 W BRUTON RD,75180,liquor_store,TABC,32.748533966099,-96.635399586585,48113011902,,1
PARK AND GAS,1221 E Belt Line Rd,75115,liquor_store,TABC,32.589827254749,-96.825372031114,48113016620,,1
Hugos Beer & Wine,1823 S Edgefield Ave,75224,liquor_store,TABC,32.727300285253,-96.844643823475,48113006302,,1
ONE STOP BEER AND WINE,1422 W KINGSLEY RD STE 100,75041,liquor_store,TABC,32.878651525815,-96.648428318639,48113018401,,1
CORNER MART,1717 OATES DR,75150,liquor_store,TABC,32.839197969853,-96.627768176703,48113018130,,1
SNAPPY FOODS,1821 S SAINT AUGUSTINE DRIVE,75217,liquor_store,TABC,32.680718125867,-96.657281812403,48113017102,,1
SHILOH GROCERY & BEER,11404 SHILOH RD STE 109,75228,liquor_store,TABC,32.8499723,-96.66523839999999,48113012601,,1
GRAB N GO,2705 N DALLAS AVE,75134,liquor_store,TABC,32.618684679591,-96.767611446984,48113016704,,1
SEAGO PANTRY,15130 SEAGOVILLE RD,75253,liquor_store,TABC,32.6876148,-96.5891834,48113017101,,1
SAM'S FOOD MART,2929 BELT LINE RD,75044,liquor_store,TABC,32.944910701605,-96.671461129836,48113019029,,1
Y-SATURN CONVENIENCE STORE,5013 SATURN ROAD,75041,liquor_store,TABC,32.857452242522,-96.648417481912,48113018403,,1
BUY LOW FOOD MART & BEER,1401 E ARAPAHO RD STE A,75081,liquor_store,TABC,32.9609473,-96.6990278,48113019037,,1
Sid's Food Mart,13317 Kleberg Rd,75253,liquor_store,TABC,32.669813957116,-96.614165957541,48113017102,,1
HANDY FOOD MART,2128 SW 3rd St,75051,liquor_store,TABC,32.713913686728,-97.007415287924,48113016204,,1
MERRY MART,5605 E GRAND AVENUE,75223,liquor_store,TABC,32.79383253236,-96.747347096589,48113001204,,1
MS Food Mart,4323 W Illinois Ave STE 104,75211,liquor_store,TABC,32.720496073165,-96.89068439855,48113006502,,1
EZ Food Mart,688 W Pioneer Pkwy ste 140,75051,liquor_store,TABC,32.709690747699,-97.01266844249,48113016203,,1
HI FOOD MART,3035 BROADWAY BLVD STE D,75041,liquor_store,TABC,32.879680024765,-96.622637015215,48113018206,,1
GOOD N FRESH MART,10334 SCYENE RD,75227,liquor_store,TABC,32.762203842503,-96.645615201185,48113017605,,1
WALNUT BEVERAGE,2215 W WALNUT STREET,75042,liquor_store,TABC,32.916381526757,-96.659911502085,48113018900,,1
S&A Food Mart #2,502 E Camp Wisdom Rd,75116,liquor_store,TABC,32.661655389648,-96.917214279623,48113016518,,1
Broadway Tobacco Beer & Wine,5335 Broadway Blvd STE 210,75043,liquor_store,TABC,32.85046570245,-96.598307036705,48113018128,,1
K P FOOD MART,1928 N SAINT AUGUSTINE DR,75217,liquor_store,TABC,32.745135717852,-96.656837392501,48113011901,,1
Red Beer and Wine,4218 W Lovers Ln,75209,liquor_store,TABC,32.851105400586,-96.838229194859,48113007102,,1
KORNER FOOD MART,103 W DANIELDALE RD,75137,liquor_store,TABC,32.633026862767,-96.906319498491,48113016517,,1
Fina Food Mart,1129 E Jefferson Street,75051,liquor_store,TABC,32.744912868677,-96.99087045983,48113015900,,1
SAI MART,700 N CLARK RD STE 108,75116,liquor_store,TABC,32.6617816,-96.9422735,48113016519,,1
SAI TOBACCO STORE,2210 HIGHLAND ROAD SUITE B,75228,liquor_store,TABC,32.802535775431,-96.714828101327,48113012208,,1
A & M Food Mart,314 S Barnes Dr,75042,liquor_store,TABC,32.911109011537,-96.679915061996,48113019013,,1
SHERPA FOOD MART,2105 S GARLAND AVE,75041,liquor_store,TABC,32.892459315426,-96.650621355228,48113018501,,1
Neo's C-Store,429 E Interstate 30,75043,liquor_store,TABC,32.841730897635,-96.592610207023,48113018138,,1
MEEZ FOOD MART,2315 GUTHRIE RD,75043,liquor_store,TABC,32.836856587913,-96.5954140453,48113018132,,1
BERNAL FOOD MART,5547 BERNAL DRIVE,75212,liquor_store,TABC,32.776623768285,-96.910970578452,48113010602,,1
7-ELEVEN CONVENIENCE STORE #21446C,510 N NURSERY ROAD,75061,liquor_store,TABC,32.817796427296,-96.934229181801,48113014704,,1
MOUNTAIN MIKES PIZZA,3172 S State Hwy 161 Ste 300,75052,liquor_store,TABC,32.692717482137,-97.02501240424,48113016418,,1
SUPER SAVE GROCERY,1801 E SHADY GROVE ROAD,75060,liquor_store,TABC,32.801280559746,-96.920100778977,48113020100,,1
LANCASTER FOOD MARTS,710 W PLEASANT RUN ROAD SUITE 102,75146,liquor_store,TABC,32.604925971708,-96.773017285336,48113016803,,1
DAIRY WAY GROCERY,2854 W DAVIS ST,75211,liquor_store,TABC,32.749470643769,-96.868226501913,48113004500,,1
ONE STOP FOOD STORE,5520 S HAMPTON ROAD,75232,liquor_store,TABC,32.679433976123,-96.856875763781,48113011004,,1
BEVERAGE 4 U,10938 ELAM RD,75180,liquor_store,TABC,32.719292971758,-96.637900566403,48113011702,,1
LIQUOR 4 U,10942 ELAM RD,75180,liquor_store,TABC,32.719292971755,-96.63784458203,48113011702,,1
Alligator Jacks Beer & Wine,5310 Botham Jean Blvd,75215,liquor_store,TABC,32.7435606,-96.7591672,48113020900,,1
SONIC GROCERY,4820 E GRAND AVE,75223,liquor_store,TABC,32.786472212728,-96.755275829279,48113002500,,1
AMIGO FOOD MART,722 S Beacon St Suite 100,75223,liquor_store,TABC,32.797221916509,-96.751268560249,48113001204,,1
DAIRYWAY CORNER STOP,4340 GUS THOMAS ROAD SUITE D,75150,liquor_store,TABC,32.8223193,-96.64418309999999,48113018002,,1
ROWLETT SHELL,3501 ROWLETT RD,75088,liquor_store,TABC,32.89300239292,-96.569684891786,48113018146,,1
EXTRA MILES C-STORE,2439 WALNUT HILL LN,75229,liquor_store,TABC,32.881200543645,-96.896440740557,48113009900,,1
Gorditas Durango,11924 Elam Rd,75180,liquor_store,TABC,32.7189184,-96.6204214,48113017201,,1
MUNDO LATINO,13523 MONTFORT PLACE,75240,liquor_store,TABC,32.932177502631,-96.811371011441,48113013615,,1
EL RANCHO #25,4121 Gaston Ave,75246,liquor_store,TABC,32.794128120899,-96.776717754131,48113001504,,1
SAN PEDROS RESTAURANT,2445 W NW HWY SUITE 102,75220,liquor_store,TABC,32.858805226168,-96.881985738262,48113009900,,1
FRIENDLY DRIVE-IN GROCERY,5433 botham jean boulevard,75215,liquor_store,TABC,32.7391633,-96.7587111,48113020900,,1
CHICKA CHICKA HOT  WINGS,2650 Midway Rd SUITE 100,75006,liquor_store,TABC,32.9854739,-96.841629,48113013727,,1
JP Discount Beer & Wine Beverages,9757 Webb Chapel Rd,75220,liquor_store,TABC,32.8683779,-96.8649787,48113009804,,1
LION BEVERAGE MART,7272 GASTON AVE,75214,liquor_store,TABC,32.812447444163,-96.731656184753,48113000100,,1
CHILLY MART,540 CENTENNIAL BLVD,75081,liquor_store,TABC,32.938153367008,-96.720536591045,48113019040,,1
LATINO MARKET,1916 WALNUT PLAZA SUITE 105,75006,liquor_store,TABC,32.956025820804,-96.888632074138,48113013718,,1
FINA MART,1821 W TARRANT,75050,liquor_store,TABC,32.757007107763,-97.027141249536,48113015403,,1
NEW DAIRY WAY 2,1800 N GALLOWAY AVE STE 200,75149,liquor_store,TABC,32.786328242621,-96.605199011017,48113017705,,1
ZERO LATENCY IRVING,2448 Irving Mall Suite B13A,75062,liquor_store,TABC,32.840890885549,-96.99389245317,48113014153,,1
AA SHELL,11404 N STEMMONS FREEWAY,75229,liquor_store,TABC,32.897944767741,-96.897570929811,48113009900,,1
7-Eleven Convenience Store #22,2986 Walnut Hill Lane,75229,liquor_store,TABC,32.880859910923,-96.878380413803,48113009803,,1
SHOP N GO #14,4334 Saturn Rd,75041,liquor_store,TABC,32.864865745841,-96.648286661165,48113018402,,1
GP SMOKE SHOP,809 W Jefferson St STE A,75051,liquor_store,TABC,32.741480021846,-97.015656356251,48113016100,,1
SAVERS COST PLUS #5253,1713 S BELT LINE RD,75051,liquor_store,TABC,32.722367038021,-96.99416431731,48113016201,,1
SAVERS COST PLUS,504 N OCONNOR,75061,liquor_store,TABC,32.818922250785,-96.949456332992,48113014603,,1
SAVERS COST PLUS,1610 S WESTMORELAND RD,75211,liquor_store,TABC,32.728142975421,-96.874159915506,48113006402,,1
RON'S TIENDITA,2140 W GRAUWYLER RD,75061,liquor_store,TABC,32.828902798386,-96.974074566825,48113014501,,1
CHUCK E. CHEESE'S #949,7110 S WESTMORELAND RD,75237,liquor_store,TABC,32.661742239387,-96.881488221727,48113010904,,1
SBA Ventures LLC,601 N Belt Line Rd Ste 121,75061,liquor_store,TABC,32.819732321373,-96.993951601206,48113014408,,1
THE CRAB STATION OYSTER BAR,9780 WALNUT ST STE 270,75243,liquor_store,TABC,32.923096775526,-96.718619889808,48113019034,,1
MORSEL'S,555 S LAMAR ST INCLUDING 665,75202,liquor_store,TABC,32.77590303745,-96.803276760544,48113020402,,1
Omni Las Colinas Hotel,221 Las Colinas Blvd E,75039,liquor_store,TABC,32.8668242,-96.9384893,48113014208,,1
T C GROCERY,5050 CROZIER ST,75216,liquor_store,TABC,32.750885709667,-96.754090514384,48113020800,,1
SCOTTIE'S GROCERY,1919 RECORD CROSSING RD,75235,liquor_store,TABC,32.817646721846,-96.850232832415,48113010001,,1
DISCOUNT BEER & WINE,1933 NW HWY SUITE A,75041,liquor_store,TABC,32.864199536505,-96.657065768494,48113018401,,1
COCKRELL HILL TEXACO,4201.5 W JEFFERSON BLVD,75211,liquor_store,TABC,32.7385025,-96.8867198,48113019900,,1
Jerry's Liquor,2292 Vantage St Suite 110,75207,liquor_store,TABC,32.799997554215,-96.835824565064,48113010003,,1
TX Speedway,5314 S 2nd Ave Ste 1,75210,liquor_store,TABC,32.747070627235,-96.727934953811,48113011500,,1
CORNER FOOD #9,4002 N BELT LINE ROAD SUITE 101,75038,liquor_store,TABC,32.861878999491,-96.991761952004,48113014309,,1
TRAK9,1028 W CARTWRIGHT ROAD,75149,liquor_store,TABC,32.745482964391,-96.581940458664,48113017314,,1
1 STOP SHOP & TAQUERIA,3480 S Carrier Pkwy STE 200,75052,liquor_store,TABC,32.685753634018,-97.012892473773,48113016419,,1
SEAGOVILLE MINI MART,101 W SIMONDS ROAD,75159,liquor_store,TABC,32.659518018368,-96.566384464839,48113017007,,1
Sebastian Soccer League LLC,2809 Post Oak Rd,75141,liquor_store,TABC,32.634665525558,-96.666210136741,48113016903,,1
7-ELEVEN CONVENIENCE STORE #32804 A,8509 LAKEVIEW PARKWAY,75088,liquor_store,TABC,32.9177822,-96.51855420000001,48113018149,,1
Sakhuu Thai Cuisine,4801 Bryan Street Suite 100,75204,liquor_store,TABC,32.803275285875,-96.774256492997,48113001503,,1
SPROUTS FARMERS MARKET,3001 LAKEVIEW PKWY,75088,liquor_store,TABC,32.9088552,-96.5732506,48113018156,,1
SPROUTS FARMERS MARKET,7110 SKILLMAN ST,75231,liquor_store,TABC,32.875992905358,-96.734693270401,48113007826,,1
Sprouts Farmers Market,7730 N MacArthur Blvd Suite 150,75063,liquor_store,TABC,32.913510793775,-96.958499158532,48113014124,,1
Sprouts Farmers Market,2500 S. Carrier Parkway Suite B,75052,liquor_store,TABC,32.7079956,-97.0160631,48113016419,,1
Sprouts Farmers Market,6465 E Mockingbird Ln Ste 322,75214,liquor_store,TABC,32.836626977249,-96.750804280479,48113007902,,1
SPROUTS FARMERS MARKET,1220 N TOWN EAST BLVD STE 650,75150,liquor_store,TABC,32.810651953368,-96.613297567849,48113017817,,1
Sprouts Farmers Market,1322 N Hampton Rd,75208,liquor_store,TABC,32.763352155747,-96.856484263554,48113004400,,1
KELLY FUEL STATION,2414 E TRINITY MILLS ROAD,75006,liquor_store,TABC,32.985063543177,-96.870470304731,48113013721,,1
SPROUTS FARMERS MARKET,1343 W CAMPBELL RD,75080,liquor_store,TABC,32.97807892827,-96.764901652428,48113019205,,1
SPROUTS FARMERS MARKET,110 W SANDY LAKE ROAD SUITE 180,75019,liquor_store,TABC,32.969397091067,-96.994210253415,48113020000,,1
SPROUTS FARMERS MARKET,11722 MARSH LN STE 317,75229,liquor_store,TABC,32.908060396377,-96.855989106278,48113009609,,1
SPROUTS FARMERS MARKET,362 E FM 1382,75104,liquor_store,TABC,32.593178578927,-96.938066039137,48113016626,,1
BIG JIM DISCOUNT LIQUOR,117 S Carroll Ave,75226,liquor_store,TABC,32.791088263127,-96.767095747407,48113001502,,1
HAPPY'S MARKET # 4 CENTRAL,7950 FOREST LN,75230,liquor_store,TABC,32.9090132,-96.7699353,48113013101,,1
SPRING VALLEY GAS & MORE,701 W SPRING VALLEY ROAD,75080,liquor_store,TABC,32.939918934697,-96.747158249386,48113019202,,1
EAGLE FOOD MART,3002 E MAIN ST INCLUDING 3006,75050,liquor_store,TABC,32.749457596289,-96.960315829693,48113021200,,1
SHAKE SHACK,2500 N PEARL ST,75201,liquor_store,TABC,32.793248943578,-96.803951920707,48113001802,,1
SHAKE SHACK,6025 ROYAL LN STE 305,75230,liquor_store,TABC,32.894963589525,-96.803181595304,48113013300,,1
SHAKE SHACK,6781 N MACARTHUR BLVD,75039,liquor_store,TABC,32.901125068909,-96.958955979642,48113014152,,1
SHAKE SHACK,5500 GREENVILLE AVE STE 505,75206,liquor_store,TABC,32.8534589,-96.7684713,48113007909,,1
SHAKE SHACK,5290 BELT LINE RD STE 112A,75240,liquor_store,TABC,32.951999,-96.81826799999999,48113013622,,1
Shake Shack,1550 Mayfield Rd,75052,liquor_store,TABC,32.6915126224,-97.028234315789,48113016418,,1
Ash LN Quick Stop,3116 Al Lipscomb Way,75215,liquor_store,TABC,32.7751499,-96.7673671,48113020300,,1
SHELL AT FARMERS BRANCH,13115 N STEMMONS FWY,75234,liquor_store,TABC,32.921866349065,-96.900211860091,48113014002,,1
Star Mart,4340 Harry Hines Blvd Ste A,75219,liquor_store,TABC,32.805249306406,-96.825687706733,48113000401,,1
MacArthur Shell Food Mart,2800 N MacArthur Blvd,75062,liquor_store,TABC,32.844281371623,-96.959015355421,48113014308,,1
MIGALITOS SUPERMERCADO #1,1050 S BELT LINE RD,75253,liquor_store,TABC,32.685564383315,-96.590851884636,48113017010,,1
MIGALITOS SUPERMERCARDO #5,3160 SATURN ROAD SUITE 202,75040,liquor_store,TABC,32.877742130748,-96.648134156335,48113018402,,1
RIVER CUT RATE LIQUORS,327 CADIZ ST,75207,liquor_store,TABC,32.767270466218,-96.802784275707,48113020402,,1
MR FOOD MART,4131 N WESTMORELAND RD,75212,liquor_store,TABC,32.791725831435,-96.873825913266,48113010500,,1
FOOD MART ONE,2430 W WALNUT STREET,75042,liquor_store,TABC,32.916299678937,-96.663807845429,48113018900,,1
SEAGOVILLE CHEVRON,1001 HWY 175 NORTH,75159,liquor_store,TABC,32.649847634897,-96.546231141237,48113017006,,1
Sam's Wholesale Priced Liquor 1,5119 Rowlett Rd,75088,liquor_store,TABC,32.905976999403,-96.569509607542,48113018133,,1
SHOP T MART,12307 PLANO RD,75243,liquor_store,TABC,32.914584443625,-96.700496208861,48113019019,,1
ONE STOP FOOD STORE,1949 E Centerville Rd,75041,liquor_store,TABC,32.893150577417,-96.60362616031,48113018205,,1
CHILL ZONE BEER & WINE,11918 Seagoville Rd,75180,liquor_store,TABC,32.704662448815,-96.622299763325,48113017204,,1
Bonita Food Mart,901 SW 3rd St,75051,liquor_store,TABC,32.735195984513,-97.005771811797,48113016002,,1
FLAMINGO BEER AND WINE,1107 S JOSEY LN,75006,liquor_store,TABC,32.951776042432,-96.890129609347,48113013729,,1
HAMPTON FOODMART,3900 N Hampton Rd,75212,liquor_store,TABC,32.789580070632,-96.856393728512,48113010101,,1
TIME FOOD MART,4418 S Marsalis Ave,75216,liquor_store,TABC,32.690922213506,-96.814585851873,48113005901,,1
LA VERDE,102 E Buckingham Rd,75040,liquor_store,TABC,32.930666931408,-96.631030698109,48113018801,,1
Kings Beer & Wine,3520 W Kingsley Rd,75041,liquor_store,TABC,32.878732256882,-96.683504346278,48113018506,,1
COOMBS CREEK FOOD MART,2711 Coombs Creek Dr,75211,liquor_store,TABC,32.718873657053,-96.879779878969,48113006502,,1
SPEEDYS,12909 SEAGOVILLE RD,75180,liquor_store,TABC,32.704884411057,-96.607339483474,48113017204,,1
MINIT MART,136 N MASTERS DR,75217,liquor_store,TABC,32.712707305888,-96.648348603965,48113011702,,1
Dash In Grocery,2445 Goldfinch Ln,75042,liquor_store,TABC,32.901956627722,-96.664656951095,48113018600,,1
Dickeys Barbecue Pit,2912 N Belt Line Rd,75062,liquor_store,TABC,32.845094114979,-96.992268495529,48113014306,,1
GATEWAY 30,3305 GRAND AVE,75210,liquor_store,TABC,32.777073751701,-96.765740071328,48113020300,,1
Ferguson Food Mart,11770 Ferguson Rd,75228,liquor_store,TABC,32.855146032039,-96.649437840283,48113012604,,1
AK C Store,7995 Lyndon B Johnson Fwy STE 110,75251,liquor_store,OSM;TABC,32.924950646884,-96.76984406287,48113013610,,2
CORNER STORE BEER AND WINE,2215 OATES DR STE A,75228,liquor_store,TABC,32.8215476525,-96.678374397473,48113012502,,1
D & M FOOD MART,4814 GASTON AVE,75246,liquor_store,TABC,32.79963085704,-96.769815685322,48113001502,,1
MY BEER STORE 2,18900 DALLAS PKWY STE 100,75287,liquor_store,TABC,33.0064503,-96.827992,,,1
SHS Nursery Inc,900 E. Grauwyler Road,75061,liquor_store,TABC,32.829552977522,-96.935368066031,48113014704,,1
Curry Bliss,101 S Coit Rd Suite 359,75080,liquor_store,TABC,32.9481031,-96.7678647,48113019215,,1
AMIGO'S GROCERY-BEER-TACOS,2332 ROCK ISLAND RD,75060,liquor_store,TABC,32.815253625568,-96.975461464605,48113015205,,1
GRAND STOP,12004 ELAM ROAD,75180,liquor_store,TABC,32.7188516,-96.6183066,48113017201,,1
SHOP & GO,406 W CAMP WISDOM RD,75116,liquor_store,TABC,32.661693456161,-96.913962351467,48113016518,,1
Zhang's Bistro,2528 Old Denton Rd STE 100,75006,liquor_store,TABC,32.979870537667,-96.909748566186,48113013719,,1
Fossil Creek Liquor,222 S Hall Street,75226,liquor_store,TABC,32.783897326073,-96.778522643942,48113020401,,1
Texas Liquor #3,3400 Samuell Blvd Ste B,75223,liquor_store,TABC,32.79291296206,-96.737315332115,48113001202,,1
ALLEN'S GROCERY,2500 LAWRENCE ST,75215,liquor_store,TABC,32.7518768,-96.75614449999999,48113020800,,1
Texas Bodega,1230 E AIRPORT FWY,75062,liquor_store,TABC,32.836517962193,-96.931535484379,48113014701,,1
BALCH SPRINGS LIQUOR ZONE,1820 W BRUTON RD,75180,liquor_store,TABC,32.748513209009,-96.626565578631,48113017201,,1
SEAGOVILLE FOOD MART #6,2817 HWY 175 NORTH,75159,liquor_store,TABC,32.667176822525,-96.584106464139,48113017005,,1
Rochelle Food Mart,1101 W Rochelle Rd,75062,liquor_store,TABC,32.844283602332,-96.959151855898,48113014316,,1
Urban Craft,4650 W Airport Fwy,75062,liquor_store,TABC,32.8352271,-97.0213672,48113014409,,1
HUTCHINS LIQUOR,801 W PALESTINE ST STE 105,75141,liquor_store,TABC,32.648903065065,-96.708404384865,48113016902,,1
DS ELAM MART,12300 Elam Rd,75180,liquor_store,TABC,32.7190521,-96.61543879999999,48113017204,,1
CIRCLE K #2742003,5518 ALPHA ROAD,75240,liquor_store,TABC,32.9322494,-96.8124921,48113013615,,1
CIRCLE K #2742108,1502 S CLARK,75137,liquor_store,TABC,32.63028541764,-96.943241866258,48113016511,,1
CIRCLE K #2742206,1729 POLO ROAD,75052,liquor_store,TABC,32.6581287,-97.0274144,48113016410,,1
CIRCLE K #2742248,3601 ROWLETT ROAD,75088,liquor_store,TABC,32.89391736758,-96.569664951161,48113018133,,1
CIRCLE K #2742406,4402 W JEFFERSON,75211,liquor_store,TABC,32.737064596815,-96.891487829356,48113019900,,1
B AND S MART,8024 FERGUSON ROAD,75228,liquor_store,TABC,32.8011989,-96.71261969999999,48113012213,,1
SLOW BONE,2234 IRVING BLVD,75207,liquor_store,TABC,32.796193605202,-96.834505422278,48113010003,,1
COWBOYS LiQUOR NO1,3367 Conflans RD STE 100,75061,liquor_store,TABC,32.821849396571,-96.992859342932,48113014406,,1
EZ Stop #5,13000 Seagoville Rd,75180,liquor_store,TABC,32.7034333,-96.6067999,48113017204,,1
SMASHBURGER#1373,2222 MCKINNEY AVE STE 280,75201,liquor_store,TABC,32.793119964126,-96.802714682322,48113001705,,1
Smittox Brewing,930 E Clarendon Dr,75203,liquor_store,TABC,32.743265507661,-96.811037675023,48113021000,,1
Mamas Pizza,11828 Inwood Rd,75244,liquor_store,TABC,32.910432966435,-96.818284232332,48113009603,,1
STOP N SHOP FOOD MART,3195 GREAT TRINITY FOREST WAY SUITE A1,75216,liquor_store,TABC,32.6975696,-96.7640213,48113008701,,1
SN RETAIL LLC,345 N COUNTRY CLUB  RD,75040,liquor_store,TABC,32.913581242828,-96.613723250037,48113018105,,1
Howies Liquors,3609 Greenville Ave,75206,liquor_store,TABC,32.831171153371,-96.770229666116,48113000300,,1
CIRCLE S FOOD STOP #1,1400 W ROCK ISLAND ROAD,75060,liquor_store,TABC,32.814992221478,-96.962264082644,48113015205,,1
Ice House Beverages,2508 N Fitzhugh Ave,75204,liquor_store,TABC,32.812670359477,-96.783709072238,48113000901,,1
PopStop!,2204 Kelly Blvd Ste 101,75006,liquor_store,TABC,32.971312696693,-96.877748098294,48113013721,,1
SOBAT CONCESSIONS LLC,1229 ADMIRAL NIMITZ CIR EMBARCADERO BLDG 29 MAP PLAT NO 4,75210,liquor_store,TABC,32.7811845,-96.7598774,48113020300,,1
LAKEWOOD MEDALLION DISCOUNT LIQUOR,5748 LIVE OAK ST,75206,liquor_store,TABC,32.811204580011,-96.76242857361,48113001101,,1
SOKOL ZIZKA,7448 GREENVILLE AVE,75231,liquor_store,TABC,32.88118954483,-96.759715719622,48113007815,,1
TORTAS LA HECHIZERA,1001 W JEFFERSON BLVD,75208,liquor_store,TABC,32.743241661027,-96.839463633185,48113004600,,1
A & K MART,5723 SINGLETON BOULEVARD,75212,liquor_store,TABC,32.778483563776,-96.913738336672,48113010601,,1
STAR FOOD MART,4201 W WALNUT ST,75042,liquor_store,TABC,32.916738223636,-96.696955467183,48113019032,,1
EL RANCHO #14,14211 S Coit Rd,75254,liquor_store,TABC,32.942075871246,-96.769081431711,48113013609,,1
Cambria Suites Richardson TX,3605 Shire Blvd,75082,liquor_store,TABC,33.000860058921,-96.685707977606,,,1
SouthSide Steaks and Cakes ,3125 Al Lipscomb Way,75215,liquor_store,TABC,32.7758326,-96.7679114,48113020300,,1
Liquorland,6465 E Mockingbird Ln STE 354,75214,liquor_store,TABC,32.836626977249,-96.750804280479,48113007902,,1
Liquorland,2660 N Belt Line Rd,75062,liquor_store,TABC,32.842841105998,-96.992350178421,48113014306,,1
Homewood Suites Irving,7800 Dulles Dr,75063,liquor_store,TABC,32.91879285017,-97.016606507898,48113014159,,1
SPEC'S LIQUOR #150 SPEC'S WINE SPIRITS & FINER FOODS SFP DISTRIB,9500 N CENTRAL EXPRESSWAY SUITE 200,75231,liquor_store,TABC,32.878290944144,-96.769596866464,48113007822,,1
SPEC'S LIQUOR #152 SPEC'S WINES & SPIRITS SPEC'S LIQUOR EXPRESS,8123 PRESTON RD,75225,liquor_store,TABC,32.861701765103,-96.804277559284,48113007301,,1
SPEC'S LIQUORS #156 SFP DISTRIBUTION SPEC'S WINE & SPIRITS,9972 MARSH LN,75220,liquor_store,TABC,32.8795288,-96.8557445,48113009401,,1
SPEC'S LIQUORS & WINES SPEC'S WINE SPIRITS & FINER FOODS SPEC'S,1613 W NORTHWEST HWY,75220,liquor_store,TABC,32.872131434863,-96.924150688642,48113009900,,1
Spec's Liquors Wines Beer & Cigars Spec's Liquor #228 SFP Distribution,4205 President George Bush Hwy,75048,liquor_store,TABC,32.9502551,-96.58367249999999,48113018155,,1
SPEC'S WAREHOUSE SPEC'S WHOLESALE SPEC'S LIQUOR #90,7777 HINES PLACE,75235,liquor_store,TABC,32.831404402015,-96.859885621919,48113010001,,1
SPEC'S WINE SPIRITS & FINER FOODS SPEC'S LIQUOR #174,8505 LAKEVIEW PKWY STE 320,75088,liquor_store,TABC,32.9180596,-96.5193413,48113018149,,1
SPEC'S WINES & SPIRITS SPEC'S WINES SPIRITS & BEERS SPEC'S LIQUO,15055 INWOOD RD,75001,liquor_store,TABC,32.952630146055,-96.830198024728,48113013806,,1
SPEC'S WINES SPIRITS  & FINER FOODS SPEC'S LIQUOR #191 SFP DISTR,971 N HIGHWAY 67 STE 400,75104,liquor_store,TABC,32.605769432095,-96.930548718213,48113016530,,1
SPEC'S WINES SPIRITS & FINE FOODS SPEC'S LIQUOR #213 SFP DISTRIB,1900 MARKET PLACE BLVD STE 100,75063,liquor_store,TABC,32.920012503268,-96.970784987733,48113014150,,1
Spec's Wines Spirits & Finer Foods Spec's Liquor #218 SFP Distribution,4136 S Carrier Pkwy Suite 350,75052,liquor_store,TABC,32.671294448561,-97.00577681277,48113016414,,1
EXXON AT FOREST WEBB,3082 FOREST LN,75234,liquor_store,TABC,32.909598347209,-96.87331099714,48113009611,,1
SPEEDY K MART,600 E SANDY LAKE ROAD SUITE 100,75019,liquor_store,TABC,32.973131960171,-97.011212846399,48113020000,,1
SPIN! NEAPOLITAN PIZZA,348 W CAMPBELL RD,75080,liquor_store,TABC,32.975596754244,-96.722545235591,48113019210,,1
ORIGINAL MARKET DINER,4434 HARRY HINES BOULEVARD,75219,liquor_store,TABC,32.80567586814,-96.828012550173,48113000401,,1
SPRING CREEK BARBEQUE,3335 N PRESIDENT GEORGE BUSH HWY,75040,liquor_store,TABC,32.9476544,-96.61839959999999,48113018152,,1
SPRING CREEK BARBEQUE,3939 W EMPORIUM CIR,75150,liquor_store,TABC,32.812726747326,-96.625758041689,48113017812,,1
SPRING CREEK BARBEQUE,3514 W AIRPORT FREEWAY,75062,liquor_store,TABC,32.83659969482,-96.99967640244,48113014407,,1
SPRING CREEK BARBEQUE DESOTO,2827 W WHEATLAND RD,75237,liquor_store,TABC,32.647640293712,-96.866115683757,48113016635,,1
SPRING CREEK BARBEQUE GRAND PRAIRIE,4108 S CARRIER PARKWAY,75052,liquor_store,TABC,32.670998941008,-97.005506700883,48113016414,,1
EZ STOP,1946 Clay Mathis Rd,75181,liquor_store,TABC,32.743446657042,-96.554267054657,48113017308,,1
Premium Liquor,3115 Bunker Hill Rd Ste 107,75048,liquor_store,TABC,32.9534596,-96.5852322,48113018153,,1
Mr H Food Store,2300 Rowlett Rd Ste 120,75088,liquor_store,TABC,32.8831729,-96.5691044,48113018145,,1
SHOP N GO,4950 COLUMBIA AVE,75214,liquor_store,TABC,32.796092278489,-96.762302597013,48113002400,,1
Amigo Dollar Plus,1401 Northwest Hwy Ste 139,75041,liquor_store,TABC,32.864253251205,-96.648410558185,48113018401,,1
GARLAND FOOD MART,4715 BROADWAY  BLVD,75043,liquor_store,TABC,32.857290557002,-96.602350447211,48113018128,,1
C STORE #1,2880 FOREST LN,75234,liquor_store,TABC,32.909313913754,-96.880814034187,48113009611,,1
Captain's Cove Marina,5965 Marina Dr,75043,liquor_store,TABC,32.855637945186,-96.547938526434,48113018141,,1
Step 1 Liquor and Smoke Shop,5630 Hwy 78,75048,liquor_store,TABC,32.974371534472,-96.598218930758,48113018153,,1
SS Beer & Wine ,7932 Great Trinity Forest Way Ste 112,75217,liquor_store,TABC,32.7116735,-96.68603619999999,48113011601,,1
Supreme Beer & Wine,2932 N Buckner Blvd,75228,liquor_store,TABC,32.761283331974,-96.68263773858,48113009001,,1
SAM FOOD AND BEER,2802 ROYAL LANE STE 101,75229,liquor_store,TABC,32.895017949048,-96.882729889521,48113009701,,1
Legacy Liquor,10967 N Stemmons Fwy,75220,liquor_store,TABC,32.876918931039,-96.89818309404,48113009900,,1
BUD QUICKWAY FOOD MART,9738 WEBB CHAPEL RD,75220,liquor_store,TABC,32.868613918676,-96.864589132669,48113009802,,1
Stopover,5075 W Northgate Dr Ste 100,75062,liquor_store,TABC,32.857107553571,-97.020764222736,48113014161,,1
PAYLESS FUEL CENTER COIT/635,12950 COIT RD,75251,liquor_store,TABC,32.9233312,-96.7685549,48113013202,,1
PAYLESS FUEL TRAVEL CENTER LANCASTER,8181 S LANCASTER ROAD SUITE A,75241,liquor_store,TABC,32.648691247192,-96.781811999246,48113016711,,1
MAIN STREET SHELL,100 S GREENVILLE,75081,liquor_store,TABC,32.948311819489,-96.730000670938,48113019101,,1
EXPRESS CHEK MART,2422 VALWOOD PKWY,75234,liquor_store,TABC,32.938509179226,-96.900178287555,48113013901,,1
White Star Mart,108 US Highway 80 E,75149,liquor_store,TABC,32.790063444801,-96.59597483453,48113017705,,1
STARMART SHELL LTD.,6500 NORTHWEST DRIVE SUITE 101,75150,liquor_store,TABC,32.8474879,-96.62976309999999,48113018130,,1
DISCOUNT FOOD MART,3627 BONNIE VIEW RD STE B,75216,liquor_store,TABC,32.714883642401,-96.776180447147,48113008802,,1
Kwik Fuel & Food,3021 Big Town Blvd Ste 200,75150,liquor_store,TABC,32.806444434646,-96.668366079825,48113012302,,1
Starwood Cafe,12990 Bee St Suite 140,75234,liquor_store,TABC,32.9229373,-96.8953676,48113014001,,1
Starwood Cafe,1880 N Hwy 175,75159,liquor_store,TABC,32.656480612028,-96.560347161422,48113017007,,1
BLUE STAR MART,2901 N AIRFIELD DR,75261,liquor_store,TABC,32.9199668,-97.0214013,48113980000,,1
Spark by Hilton Dallas Market Center,2979 N Stemmons Fwy,75247,liquor_store,TABC,32.811430290945,-96.853335408755,48113010003,,1
Texapolitan Pizza,1229 Admiral Nimitz Circle Map Plat No 51 Embarcadero BLDG No 29,75210,liquor_store,TABC,32.7811845,-96.7598774,48113020300,,1
SUPER SAVE LIQUOR,2543 N FITZHUGH AVE,75204,liquor_store,TABC,32.812338758303,-96.783513879759,48113000802,,1
WESTCHESTER EXPRESS,4155 S Carrier Pkwy,75052,liquor_store,TABC,32.6719981,-97.00557979999999,48113016412,,1
Choe Convenience,6866 Shady Brook Ln,75231,liquor_store,TABC,32.870434227002,-96.762697544201,48113007830,,1
STIFFLER CONCESSIONS LLC,1229 ADMIRAL NIMITZ CIRCLE EMBARCADERO BUILDING 29 MAP PLAT NO. 65,75210,liquor_store,TABC,32.7811845,-96.7598774,48113020300,,1
7-Eleven Convenience Store #35027A,1985 W Northwest Hwy,75220,liquor_store,TABC,32.868327,-96.9103483,48113009900,,1
STONEY'S FINE WINES,6038 ORAM ST,75206,liquor_store,TABC,32.813801959189,-96.762478215261,48113001101,,1
STOP FOOD MART,2925 W CAMP WISDOM ROAD,75237,liquor_store,TABC,32.662226079702,-96.868320781085,48113010906,,1
STREET'S FINE CHICKEN,5211 FOREST LN STE 108,75244,liquor_store,TABC,32.909659339077,-96.816916238495,48113009603,,1
STROUDEROSA BBQ,9090 Skillman St STE 174A,75243,liquor_store,TABC,32.897420154738,-96.72082808326,48113007835,,1
S. BUCKNER MART,521 S BUCKNER BOULEVARD,75217,liquor_store,TABC,32.720155769226,-96.68314110978,48113009301,,1
Gold Star Food Mart,2837 E Ledbetter Dr,75216,liquor_store,TABC,32.693594962425,-96.774271621225,48113008704,,1
OK FOOD MART 9,2800 GLENWICK LANE STE 110,75060,liquor_store,TABC,32.783468173861,-96.973236937448,48113015208,,1
GP CORNER STORE,595 W PIONEER PARKWAY,75051,liquor_store,TABC,32.7087079,-97.01199749999999,48113016406,,1
Kwik Stop,339 S Riverfront Blvd,75207,liquor_store,TABC,32.7728448,-96.8130845,48113010002,,1
CHILLY MART,9401 N MACARTHUR BLVD,75063,liquor_store,TABC,32.933012946897,-96.952277888102,48113014128,,1
KWIK MART VALERO,1044 S BUCKNER BLVD,75217,liquor_store,TABC,32.729665032377,-96.68279586371,48113009202,,1
PAYLESS BEER & WINE,2016 W GRAUWYLER RD SUITE 103,75061,liquor_store,TABC,32.828885322784,-96.972616516189,48113014501,,1
FATHER & SON TOBACCO STORE,3225 FOREST LN,75042,liquor_store,TABC,32.909352216715,-96.678818663672,48113019013,,1
6-Twelve Grocery Store,1910 S Edgefield Ave,75224,liquor_store,TABC,32.726676782791,-96.844537660405,48113006302,,1
COWBOY LOUNGE,2900 S LAMAR ST,75215,liquor_store,TABC,32.759040532446,-96.782120628416,48113020900,,1
MOTLEY FOOD MART,3601 IH 30,75150,liquor_store,TABC,32.811505921123,-96.65260156936,48113017900,,1
SPROUTS FARMERS MARKET,1800 N HENDERSON AVE,75206,liquor_store,TABC,32.810916284025,-96.773851183754,48113001002,,1
KWIK STOP BEER & WINE 'B',132 S CARROLL AVENUE,75226,liquor_store,TABC,32.791191115312,-96.767023477045,48113001502,,1
NEIGHBORHOOD STORE,3415 MALCOLM X BLVD,75215,liquor_store,TABC,32.765907236908,-96.764771003851,48113003700,,1
SUPER FUELS LOMBARDY LLC,3400 LOMBARDY LN STE 108,75220,liquor_store,TABC,32.866420307737,-96.867048645891,48113007205,,1
SUPER FUELS NORTHGATE LLC,4455 W NORTHGATE DR,75062,liquor_store,TABC,32.857833,-97.0107019,48113014161,,1
SUPER FUELS ST AUGUSTINE LLC,1612 S St Augustine Rd,75217,liquor_store,TABC,32.684422341044,-96.657012941066,48113011604,,1
EAGLE OATES FOOD MART,2222 OATES DRIVE,75228,liquor_store,TABC,32.821436170156,-96.678300840506,48113012301,,1
SUPER TRAC,201 W JEFFERSON ST,75051,liquor_store,TABC,32.744317611606,-97.005092417906,48113016001,,1
TARGET STORE T-0013,13131 MONTFORT DR,75240,liquor_store,TABC,32.927460353124,-96.8114236198,48113013628,,1
TARGET STORE T-0055,6464 E NORTHWEST HWY STE 212,75214,liquor_store,TABC,32.8570767754,-96.750513202931,48113007903,,1
TARGET STORE T-0255,3333 W AIRPORT FWY,75062,liquor_store,TABC,32.838596623252,-96.992057539083,48113014306,,1
TARGET STORE T-0875,2417 N HASKELL AVE,75204,liquor_store,TABC,32.8036186,-96.79140009999999,48113001601,,1
TARGET STORE T-0947,9440 MARSH LN,75220,liquor_store,TABC,32.862325,-96.8536945,48113009401,,1
TARGET STORE T-1032,7845 N MACARTHUR BLVD,75063,liquor_store,TABC,32.91323005904,-96.958837762476,48113014124,,1
TARGET STORE T-1116,554 W I 20,75052,liquor_store,TABC,32.676074275125,-97.011313071099,48113016419,,1
TARGET STORE T-1489,5301 N GARLAND AVE,75040,liquor_store,TABC,32.963725988307,-96.644706707216,48113019027,,1
TARGET STORE T-1775,16731 COIT RD,75248,liquor_store,TABC,32.986281822065,-96.768319945477,48113013618,,1
TARGET STORE T-1836,739 N HIGHWAY 67,75104,liquor_store,TABC,32.601421451629,-96.934889720501,48113016522,,1
TARGET STORE T-1850,3730 BELT LINE ROAD,75001,liquor_store,TABC,32.95302328792,-96.854319924288,48113013726,,1
TARGET STORE T-2334,39739 LYNDON B JOHNSON FWY,75237,liquor_store,TABC,32.6498379,-96.8624368,48113010906,,1
TARGET STORE T-2550,3440 W FM 544,75098,liquor_store,TABC,33.011162195408,-96.59453248291,,,1
TARGET STORE T-2572,1629 N TOWN EAST BLVD,75150,liquor_store,TABC,32.810821298336,-96.623128998523,48113017812,,1
Target Store T-2907,655 W Illinois Ave Suite 300,75224,liquor_store,TABC,32.720496571302,-96.833630970911,48113006200,,1
TARGET STORES T-1430,601 S PLANO RD,75081,liquor_store,TABC,32.940898679793,-96.699785486374,48113019024,,1
TARGET STORES T-1784,6419 SKILLMAN ST,75231,liquor_store,TABC,32.86426940661,-96.745478302612,48113007833,,1
TARGET STORES T-2234,4701 LAKEVIEW PKWY,75088,liquor_store,TABC,32.9089074,-96.55861449999999,48113018140,,1
TARGET-3292,8335 WESTCHESTER DR STE 200,75225,liquor_store,TABC,32.864072325806,-96.80663430434,48113007301,,1
SUPREME DALWORTH FOODS LLC,1718 Dalworth St Suite A,75050,liquor_store,TABC,32.74472457504,-97.027364040225,48113015404,,1
EL RANCHO CARNICERIA Y FRUITERIA #10,655 W Illinois Ave St 900,75224,liquor_store,TABC,32.720496571302,-96.833630970911,48113006200,,1
ASAP STORE,3070 N JOSEY LN,75007,liquor_store,TABC,32.99908431256,-96.886573799515,,,1
SURMA GROCERY and ETHIOPIAN COUISINE,2425 W Walnut St STE 200,75042,liquor_store,TABC,32.916418940705,-96.664344229557,48113018900,,1
HAMPTON MART,8435 S Hampton Rd,75232,liquor_store,TABC,32.6447541,-96.8577232,48113016634,,1
24 SEVEN FOOD MART,401 E Pioneer Dr,75061,liquor_store,TABC,32.81777950869,-96.942359296569,48113014602,,1
LONE STAR LIQUOR 1,2800 GLENWICK LANE STE 100,75060,liquor_store,TABC,32.783468173861,-96.973236937448,48113015208,,1
SVKP Enterprises LLC,2350 Walnut Hill Ln,75229,liquor_store,TABC,32.880968232549,-96.900951068132,48113009900,,1
Ferris Wheelers BBQ,"1229 Admiral Nimitz Cir Embarcadero Bldg 29, Map Plat No. 47",75210,liquor_store,TABC,32.7811845,-96.7598774,48113020300,,1
FAMILY FUN FOODS,1229 ADMIRAL NIMITZ CIR EMBARCADERO BLDG 29 MAP PLAT NO. 6,75210,liquor_store,TABC,32.7811845,-96.7598774,48113020300,,1
DISCOUNT LIQUOR,513 W JEFFERSON ST STE 150,75051,liquor_store,TABC,32.743784925066,-97.008891338042,48113016001,,1
Home 2 Suites by Hilton,2716 E Hwy 67,75115,liquor_store,TABC,32.6460565,-96.88486789999999,48113016638,,1
HAMPTON INN & SUITES,202 E INTERSTATE 20,75116,liquor_store,TABC,32.6633573,-96.9040198,48113016536,,1
Pic-N-Go,3443 W Campbell Rd Ste 800,75044,liquor_store,TABC,32.9740364,-96.6819889,48113019031,,1
TRINITY BEER & WINE,2760 E TRINITY MILLS RD STE 100,75006,liquor_store,TABC,32.986748008283,-96.857935602354,48113013722,,1
STOP AND SHOP,11470 Garland Rd,75218,liquor_store,TABC,32.851375233882,-96.680401837932,48113012802,,1
BUCKEYE LIQUOR,2580 WALNUT HILL LN,75229,liquor_store,TABC,32.880950952078,-96.891430034052,48113009900,,1
RACEWAY #967,8130 E RL THORNTON FREEWAY,75228,liquor_store,TABC,32.648887053535,-96.822760456594,48113011201,,1
RACEWAY #969,6011 W DAVIS STREET,75211,liquor_store,TABC,32.749825694199,-96.922935747117,48113010701,,1
T&T WINGS,1701 HWY 175 NORTH,75159,liquor_store,TABC,32.655623809012,-96.560350422425,48113017006,,1
YUMMY THAI,140 W LYNDON B JOHNNSON FWY STE 100,75019,liquor_store,TABC,32.9257631,-96.9957147,48113014126,,1
TRAVEL CENTERS OF AMERICA,7751 BONNIE VIEW RD,75241,liquor_store,TABC,32.653087,-96.7527448,48113016709,,1
SCOTT'S LIQUOR DISCOUNT,969 BOTHAM JEAN BLVD,75202,liquor_store,TABC,32.7705669,-96.7999993,48113020402,,1
Tacos El 24 #4,3824 S Carrier Pkwy Ste 400,75052,liquor_store,TABC,32.680060201072,-97.007049554274,48113016419,,1
STOP N BUY,9750 BROCKBANK DR # 4,75220,liquor_store,TABC,32.869908749901,-96.875266671955,48113009804,,1
Fresh Food Store,4020 W Northgate Dr,75062,liquor_store,TABC,32.856905050561,-97.00526750305,48113014154,,1
DOC'S MART,1030 HWY 67 NORTH SUITE A,75104,liquor_store,TABC,32.607610458669,-96.92716821893,48113016629,,1
Taqueria El Amigo,11930 Lake June Rd,75180,liquor_store,TABC,32.733884850399,-96.621993531766,48113017201,,1
Taqueria El Arquito,3400 Commerce St,75226,liquor_store,TABC,32.784620322385,-96.775596745203,48113020401,,1
Taqueria El Arquito,13755 Lyndon B Johnson Fwy suite 7,75041,liquor_store,TABC,32.8590774,-96.65181539999999,48113018403,,1
Taqueria El Sabroso LLC,3701 W. Walnut St.,75042,liquor_store,TABC,32.916977741088,-96.687081471769,48113019032,,1
GUANATACO,2505 S BELT LINE ROAD SUITE 102,75052,liquor_store,TABC,32.709193788578,-96.994248523743,48113016407,,1
Taqueria Moctezuma Inc,4117 N Story Rd,75038,liquor_store,TABC,32.865236,-96.97792009999999,48113014310,,1
7-ELEVEN CONVENIENCE STORE #24415A,10468 GARLAND RD,75218,liquor_store,TABC,32.8426274,-96.69096359999999,48113008200,,1
TASTE OF CUBA,1229 ADMIRAL NIMITZ CIRCLE EMBARCADERO BUILDING 29 MAP PLAT NO. 42,75210,liquor_store,TABC,32.7811845,-96.7598774,48113020300,,1
DON'S FOOD STORE,825 S CARROLL,75223,liquor_store,TABC,32.787256538857,-96.762622738319,48113002500,,1
TATI'S STORE,2017 S BECKLEY AVE,75224,liquor_store,TABC,32.722733554244,-96.822881098183,48113005400,,1
ATMEX Convenience Store,225 NE 10th St,75050,liquor_store,TABC,32.747694253235,-96.992399917453,48113015600,,1
TAVERNA PIZZERIA,3312 KNOX ST,75205,liquor_store,TABC,32.823814602188,-96.79043466292,48113000706,,1
99 RANCH MARKET,2532 OLD DENTON ROAD SUITE 100,75006,liquor_store,TABC,32.979896718823,-96.909748442688,48113013719,,1
Tayta Peruvian Restaurant,930 E Campbell Rd ste 109,75081,liquor_store,TABC,32.975217699627,-96.709145261828,48113019053,,1
The Cottage Grocery,4919 McKinney Ave,75205,liquor_store,TABC,32.827283148271,-96.785015650736,48113000706,,1
KWIK MART/CHURCHS,820 S WALTON WALKER BLVD,75211,liquor_store,TABC,32.737154310896,-96.918570832436,48113010704,,1
Sweet Paris Creperie & Cafe,6632 Snider Plz,75205,liquor_store,TABC,32.846992728462,-96.787708694651,48113019400,,1
EZ FOOD MART BEER WINE,901 BELT LINE ROAD SUITE 100-101,75040,liquor_store,TABC,32.940669216147,-96.640258454005,48113019026,,1
TESO LIFE,2540 OLD DENTON RD STE 102,75006,liquor_store,TABC,32.979949081134,-96.909748195693,48113013719,,1
TEX-MEX VIDEO AND GROCERIES,1501 SMALL STREET,75050,liquor_store,TABC,32.748650981118,-96.985899805724,48113015600,,1
ARRM CONOCO MART #1,3308 FORT WORTH AVE,75211,liquor_store,TABC,32.7528402,-96.8743892,48113006800,,1
LAKEWOOD GROWLER,6448 E MOCKINGBIRD LN,75214,liquor_store,TABC,32.836346954458,-96.751634272028,48113008000,,1
LA GUADALUPANA,902 S Hampton Rd,75208,liquor_store,TABC,32.737068859919,-96.856611099024,48113005200,,1
Sam Food and Beer,9530 Overlake Dr Ste A,75220,liquor_store,TABC,32.856815863606,-96.868850147269,48113007204,,1
MIKE'S MART,323 S RIVERFRONT BLVD,75207,liquor_store,TABC,32.7731579,-96.8133197,48113010002,,1
TEXAS LIQUORS #9,4911 S CENTRAL EXPRESSWAY,75215,liquor_store,TABC,32.747648,-96.7603798,48113020900,,1
SHOP & SAVE FOOD MART,8104 HARRY HINES BLVD,75235,liquor_store,TABC,32.834027169646,-96.861212490527,48113000410,,1
KOMART MARKET PLACE,2240 ROYAL LN STE 306,75229,liquor_store,TABC,32.895431978345,-96.903751983955,48113009900,,1
1 STOP FOOD MART,2819 S GARLAND AVE,75041,liquor_store,TABC,32.882188666944,-96.657975920963,48113018501,,1
THRIFT FOOD MART,1614 S 5TH STREET,75040,liquor_store,TABC,32.898721816803,-96.63625853283,48113018700,,1
THAI OPAL RESTAURANT,6300 SKILLMAN ST STE 156,75231,liquor_store,TABC,32.8630479,-96.7469375,48113007809,,1
THAI SQUARE SUSHI & BAR,200 S COLLINS RD,75182,liquor_store,TABC,32.794575545573,-96.561090875575,48113018159,,1
Too Thai Street Eats,2540 Old Denton Rd Ste 138,75006,liquor_store,TABC,32.979949081134,-96.909748195693,48113013719,,1
Quality Mart,1751 N Country Club Rd,75040,liquor_store,TABC,32.92923811713,-96.614043500934,48113018105,,1
Thakurs Truck Stop,1910 S Jupiter Rd,75042,liquor_store,TABC,32.895777206652,-96.682777144029,48113018501,,1
THE 2ND TAP,920 S HARWOOD ST STE 125,75201,liquor_store,TABC,32.777416132378,-96.790653625129,48113020402,,1
The Boiling Crab,13340 Audelia Rd STEs 106 through 116,75243,liquor_store,TABC,32.930135511454,-96.717928218129,48113019018,,1
The Bread Club,2681 Howell St,75204,liquor_store,TABC,32.7984362,-96.8035151,48113001802,,1
THE DAIQUIRIVILLE LLC,1411 S COCKRELL HILL RD,75137,liquor_store,TABC,32.634892642049,-96.891460774971,48113016636,,1
SCALINI'S PIZZA & PASTA,2021 ABRAMS RD,75214,liquor_store,TABC,32.814514032378,-96.752431196223,48113001102,,1
INGRAM'S DIAMOND SHAMROCK,3501 SIMPSON STUART RD,75241,liquor_store,TABC,32.672898750325,-96.762761984878,48113011401,,1
TEQUILA RESTAURANTE Y BAR,2620 WALNUT HILL LN,75229,liquor_store,TABC,32.880977952003,-96.889821251285,48113009900,,1
The Local Shoppe # 711,6881 Greenville Ave,75231,liquor_store,TABC,32.871264518296,-96.765479131024,48113007822,,1
THE MEAT SHOP,4410 W LOVERS LN,75209,liquor_store,TABC,32.85110695525,-96.834608568858,48113007102,,1
The Soulfood Project,2839 Cedar Crest Blvd #100,75203,liquor_store,TABC,32.740854001257,-96.78890087455,48113021100,,1
Casa Del Vegano,333 W Jefferson Blvd,75208,liquor_store,TABC,32.743170621226,-96.8270793052,48113004700,,1
WING BUCKET,1200 MAIN ST STE 100,75202,liquor_store,TABC,32.779518912234,-96.804202092836,48113003102,,1
KORNER THE MARKET,2422 Allen St,75204,liquor_store,TABC,32.797535135044,-96.798180910305,48113001703,,1
THOMAS M. MARINO'S AUTOMOTIVE INC.,7035 SNIDER PLAZA,75205,liquor_store,TABC,32.8509632,-96.78826099999999,48113019400,,1
AP Discount Food Mart,4645 Gus Thomasson Rd,75150,liquor_store,TABC,32.826048640395,-96.649353750891,48113017900,,1
Liquor Island,2329 W Shady Grove Rd,75060,liquor_store,TABC,32.800482567921,-96.975884800992,48113015206,,1
CINDY DISCOUNT LIQUOR,6536 SKILLMAN ST,75231,liquor_store,TABC,32.865981490721,-96.741978111199,48113007809,,1
DAIRY MART #6,3000 W PIONEER DRIVE,75061,liquor_store,TABC,32.828339450776,-96.986731943475,48113014405,,1
TIENDA MI MEXICO,2739 W NW HWY,75220,liquor_store,TABC,32.858308703897,-96.874719279408,48113007204,,1
Milagro Taco Cantina,1229 Admiral Nimitz Cir Embarcadero Bldg No 29 Map Plat No 16,75210,liquor_store,TABC,32.7811845,-96.7598774,48113020300,,1
7-Eleven Convenience Store #37279B,4415 W Mockingbird Ln,75209,liquor_store,TABC,32.83671441261,-96.831023192712,48113007102,,1
Urban Mart,3322 Sylvan Ave,75212,liquor_store,TABC,32.78203258922,-96.835738586139,48113010102,,1
TIPICO'S RESTAURANT,3118 W NORHTWEST HWY,75220,liquor_store,TABC,32.854995167799,-96.867567197761,48113000410,,1
7-ELEVEN CONVENIENCE STORE #12132B,2129 ABRAMS ROAD,75214,liquor_store,TABC,32.815381056222,-96.753049600875,48113001102,,1
Home2 Suites Market,4700 Plaza Drive,75063,liquor_store,TABC,32.9145935,-97.01401829999999,48113014159,,1
Home2 Suites Market,2123 IH 20,75052,liquor_store,TABC,32.67942,-97.0283383,48113016418,,1
One Stop Liquor,2501 S Carrier Pkwy,75051,liquor_store,TABC,32.7089073,-97.01492160000001,48113016406,,1
LIQUOR EMPIRE 5,5630 E Mockingbird Ln,75206,liquor_store,TABC,32.836454976098,-96.771398832798,48113000300,,1
BEST THAI RESTAURANT,4135 BELT LINE RD STE 112,75001,liquor_store,TABC,32.954496009821,-96.841836060194,48113013727,,1
PUFF N STUFF,4815 COLUMBIA AVENUE SUITE A,75226,liquor_store,TABC,32.794577754798,-96.764576583858,48113001502,,1
Toca Football,1850 Legends Tr,75006,liquor_store,TABC,32.9657162,-96.93406859999999,48113014002,,1
P M DISCOUNT LIQUORS,4724 GREENVILLE AVE STE B,75206,liquor_store,TABC,32.844927277741,-96.769926780345,48113007914,,1
7-ELEVEN CONVENIENCE STORE #33441A,2608 ELM ST,75226,liquor_store,TABC,32.784077238958,-96.786352600754,48113020401,,1
TONY'S NEIGHBORHOOD FOOD STORE,820 N FITZHUGH,75246,liquor_store,TABC,32.799817054254,-96.768848276358,48113001302,,1
Tortas Las Tortugas,14510 Josey Ln Ste 201,75234,liquor_store,TABC,32.944706120736,-96.890223052049,48113013728,,1
Tortilleria La Sabrosa #2 LLC,2425 W Walnut St Ste 222,75042,liquor_store,TABC,32.916418940705,-96.664344229557,48113018900,,1
Liquor Den ,3950 S Carrier Pkwy Ste 170,75052,liquor_store,TABC,32.678114095763,-97.007045159346,48113016419,,1
Liquor Den,591 W Pioneer Pkwy,75051,liquor_store,TABC,32.7087138,-97.0119103,48113016406,,1
Tote A Bag,12331 Lake June Rd Ste A,75180,liquor_store,TABC,32.734161716839,-96.615377052801,48113017604,,1
SCKI FOOD MART,1700 S TOWN EAST BLVD,75149,liquor_store,TABC,32.787948278369,-96.653286393669,48113017805,,1
TRADER JOE'S #400,4501 COLE AVE,75205,liquor_store,TABC,32.821629366366,-96.789822143194,48113000705,,1
TRADER JOE'S #401,7939 WALNUT HILL LN,75230,liquor_store,TABC,32.880192538454,-96.772163130236,48113013104,,1
TRADER JOE'S #403,2001 GREENVILLE AVE,75206,liquor_store,TABC,32.814215560062,-96.770268072891,48113001002,,1
TRADER JOE'S #405,5550 W LOVERS LANE SUITE 168,75209,liquor_store,TABC,32.850534,-96.81831079999999,48113007101,,1
TRADER JOE'S #407,14856 PRESTON RD STE 200,75254,liquor_store,TABC,32.951465582093,-96.803399482286,48113013606,,1
Trader Joe's #456,120 S Denton Tap Rd Ste 301,75019,liquor_store,TABC,32.968642504873,-96.993633598665,48113014119,,1
TRAK 10,3420 W WALNUT ST,75042,liquor_store,TABC,32.916907573433,-96.681204610985,48113019013,,1
Dan's Seafood & Chicken,8360 S Polk St,75232,liquor_store,TABC,32.646310743873,-96.839869018481,48113011104,,1
Golden Dragon Chinese Restaurant,2828 Webb Chapel Ext,75220,liquor_store,TABC,32.856315072051,-96.871075394973,48113007204,,1
777 Palenque Grill,3334 Irving Blvd,75247,liquor_store,TABC,32.80774299999999,-96.8753375,48113010003,,1
WILMER PETRO,104 S. INTERSTATE HIGHWAY 45,75172,liquor_store,TABC,32.5912007,-96.6780868,48113016903,,1
TRINITY BUSH GAS & MORE,1010 E TRINITY MILLS ROAD,75006,liquor_store,TABC,32.982519683077,-96.909626819205,48113013719,,1
MAPLE MART,1301 E BELT LINE RD,75019,liquor_store,TABC,32.954479851519,-96.977221167674,48113014157,,1
WAYA,6334 GASTON AVE,75214,liquor_store,TABC,32.812959247254,-96.753812940404,48113001400,,1
AZ C-Store,13021 Coit Rd Ste 106,75240,liquor_store,TABC,32.925339529482,-96.769329826082,48113013610,,1
Locals Craft Beer and Fine Wine,13050 Bee St Ste 100,75234,liquor_store,TABC,32.92306770366,-96.895687176882,48113014001,,1
GOOD PRICE LIQUOR,1519 MARTIN LUTHER KING JR BLVD,75215,liquor_store,TABC,32.760273330408,-96.778886327293,48113020900,,1
PINE WINE SPIRITS BEER & MORE,2810 N O'CONNOR ROAD,75062,liquor_store,TABC,32.844930653884,-96.951052566276,48113014203,,1
PIZZA BY THE GIANT SLICE,1229 Admiral Nimitz Cir MAP PLAT 9 EMBARCADERO BLDG NO 9,75210,liquor_store,TABC,32.7811845,-96.7598774,48113020300,,1
EXPRESSWAY FOOD STORE,704 GROSS ROAD,75149,liquor_store,TABC,32.76406762228,-96.606298049639,48113017500,,1
Twin Liquors #88,538 CENTENNIAL,75081,liquor_store,TABC,32.938153874284,-96.720598985688,48113019040,,1
Twin Liquors #91,5757 GREENVILLE AVE,75206,liquor_store,TABC,32.8549023073,-96.769198610867,48113007909,,1
Twin Liquors #93,506 S RIVERFRONT BLVD,75207,liquor_store,TABC,32.7699571,-96.81068169999999,48113010002,,1
Twin Liquors #94,3209 N FITZHUGH AVE,75204,liquor_store,TABC,32.816556714496,-96.792677732165,48113000703,,1
Twin Liquors #970,2920 ANODE LN INCLUDING 2960,75220,liquor_store,TABC,32.876675952377,-96.879725540718,48113009803,,1
Stop N Get,1915 S Story Rd,75060,liquor_store,TABC,32.792180052838,-96.977214489236,48113015306,,1
MY LIQUOR STOP,10940 LAKE JUNE Rd,75180,liquor_store,TABC,32.7339994003,-96.638017897003,48113011801,,1
THE WINE THERAPIST,1909 SKILLMAN ST,75206,liquor_store,TABC,32.812859846126,-96.761905402727,48113001101,,1
MERCADO DURANGO,3064 WEBB CHAPEL EXT,75220,liquor_store,TABC,32.858441168081,-96.868541217491,48113007204,,1
KWIK WAY FOOD STORE,1004 W CAMP WISDOM DR,75232,liquor_store,TABC,32.662024545517,-96.838376644008,48113011104,,1
NORTHWEST HWY QUICK STOP,2745 W NW HWY,75220,liquor_store,TABC,32.858285079846,-96.874626095677,48113007204,,1
W B FERGUSON SHELL,10290 FERGUSON RD,75228,liquor_store,TABC,32.8345297,-96.67315029999999,48113012502,,1
Dallas Bruton Fuel Mart,9203 Bruton Rd,75217,liquor_store,TABC,32.748830677024,-96.663511154361,48113009002,,1
Raceway #725,1015 Gross Rd,75149,liquor_store,TABC,32.77809114784,-96.620971818473,48113017704,,1
Unimarket,7215 Skillman St suite 312,75231,liquor_store,TABC,32.879908111373,-96.735080169643,48113007824,,1
SUNNY FOOD STORE,301 W MARSHALL DR,75051,liquor_store,TABC,32.720336351537,-97.007288763953,48113016204,,1
BIG D FOOD STORE,11555 FERGUSON RD STE 100,75228,liquor_store,TABC,32.852386922474,-96.653145211509,48113012601,,1
MARKET STREET #564,700 N DENTON TAP ROAD,75019,liquor_store,TABC,32.988894593757,-96.993126528345,48113014134,,1
Market Street Express #564,750 N DENTON TAP ROAD,75019,liquor_store,TABC,32.987780056309,-96.993142745462,48113014134,,1
University Foods Inc,5420 Lyndon B Johnson Fwy Ste 280,75240,liquor_store,TABC,32.925403531104,-96.817046561354,48113009604,,1
UPTOWN LIQUORS,3128 MCKINNEY AVE STE D,75204,liquor_store,TABC,32.802175670017,-96.800702781777,48113001703,,1
CHEVRON FOOD MART 202,8817 CLARK RD,75249,liquor_store,TABC,32.6468713,-96.9431458,48113016526,,1
AMIGOS LA MERCADO,939A W CENTERVILLE RD,75041,liquor_store,TABC,32.859785112984,-96.644408328102,48113018403,,1
Urban Value Corner Store,900 Lake Carolyn Pkwy Suite 152,75039,liquor_store,TABC,32.868019280018,-96.93303637844,48113014209,,1
Urban Value Corner Store,11010 Harmony Hill Ln STE 1000,75089,liquor_store,TABC,32.9473169,-96.5649207,48113018143,,1
CONOCO EXPRESS,2930 W IRVING BLVD STE 100,75061,liquor_store,TABC,32.831938306514,-96.986047339697,48113014405,,1
KWIK LIQUOR,2607 SE 14TH ST,75052,liquor_store,TABC,32.705528124929,-96.985736399663,48113016407,,1
KWIK PIK FOOD STORE #9,2605 SE 14TH ST,75052,liquor_store,TABC,32.705558665739,-96.985737849923,48113016407,,1
BEAR CREEK BEVERAGE & SPIRITS,1350 E BEAR CREEK RD,75154,liquor_store,TABC,32.560550623242,-96.823963243094,48113016622,,1
Variedades la tiendona LLC,929 E SIXTH St,75060,liquor_store,TABC,32.808631024261,-96.935821717507,48113014903,,1
KWIK PIK FOOD STORE #8,1914 E GRAUWYLER ROAD,75061,liquor_store,TABC,32.830613489585,-96.918985322708,48113014704,,1
EXPRESS WAY,3925 BROADWAY BLVD,75043,liquor_store,TABC,32.866023234539,-96.607047882609,48113018111,,1
Royal Chopstix,9625 Webb Chapel Rd Suite 400,75220,liquor_store,TABC,32.8642456,-96.86226099999999,48113007206,,1
NATURAL GROCERS,11661 PRESTON RD STE 224,75230,liquor_store,TABC,32.907411093185,-96.804225634501,48113013400,,1
Natural Grocers,9440 Garland Road Suite 150,75218,liquor_store,TABC,32.832806853632,-96.703209807516,48113008102,,1
VECTOR BREWING,9850 WALNUT HILL LANE SUITE 405,75238,liquor_store,TABC,32.878803820681,-96.716348198079,48113013012,,1
LAVON BEER & WINE FOOD STORE,2376 LAVON DR STE 100,75040,liquor_store,TABC,32.935761,-96.6232313,48113018152,,1
Beer & Wine Stop,1417 N Duncanville Rd,75116,liquor_store,TABC,32.675685299525,-96.9086982185,48113016535,,1
Breakfast Brothers #2,3704 W Camp Wisdom Rd STE 110,75237,liquor_store,TABC,32.661957012864,-96.879093469809,48113010904,,1
VELASQUEZ CATERING & CONCESSIONS INC.,1229 ADMIRAL NIMITZ CIRCLE EMBARCADERO BUILDING 29 MAP PLAT NO. 26,75210,liquor_store,TABC,32.7811845,-96.7598774,48113020300,,1
LA MICHOACAN MEAT MARKET #10 DALLAS,1630 E MAIN ST,75050,liquor_store,TABC,32.748018519705,-96.982790550508,48113015600,,1
COOL BREEZE FOOD MART,610 E REDBIRD LN,75116,liquor_store,TABC,32.676427213775,-96.894523254753,48113016536,,1
VICE CITY,9147 Skillman St STE 330,75243,liquor_store,TABC,32.9023033,-96.7174996,48113018508,,1
Buzz & Bustle,5610 VILLAGE GLEN DR,75206,liquor_store,TABC,32.8592777,-96.7639165,48113007910,,1
TERROIR,9225 Garland Rd SUITE 2120,75218,liquor_store,TABC,32.831478465107,-96.705180370423,48113008101,,1
Vintage Wine Bar,5832 Live Oak St,75214,liquor_store,TABC,32.812043687429,-96.761426370899,48113001102,,1
COWBOYS CARWASH,10839 FERGUSON ROAD SUITE B,75228,liquor_store,TABC,32.843618853407,-96.663512518724,48113012601,,1
BEER MART & BURGERS,3250 SAMUELL,75223,liquor_store,TABC,32.792919595656,-96.739761708244,48113001202,,1
Chula's Drive Thru,3708 Samuell Blvd,75228,liquor_store,TABC,32.792896137603,-96.731227292072,48113001202,,1
Volcanes Taqueria,1815 W Tarrant Rd Ste 102,75050,liquor_store,TABC,32.757006098405,-97.027050407644,48113015403,,1
BUY & RIDE STORE,8505 LAKE JUNE RD,75217,liquor_store,TABC,32.734344339319,-96.674158939715,48113009203,,1
24 SEVEN MART,1463 W PLEASANT RUN RD,75146,liquor_store,TABC,32.60435741918,-96.788605360362,48113016707,,1
H M S MART,1458 W PLEASANT RUN RD,75146,liquor_store,TABC,32.604271232988,-96.783801100241,48113016806,,1
PAUL'S EXXON,2052 FORT WORTH AVENUE,75208,liquor_store,TABC,32.7621086,-96.856062,48113004400,,1
VP Rapid Fuel LLC,1430 N Galloway Ave,75149,liquor_store,TABC,32.782970674982,-96.601296447358,48113017705,,1
LIQUOR ROYALE,701 E Irving Blvd,75060,liquor_store,TABC,32.813242433556,-96.937600931682,48113014903,,1
Sonny's Liquor,2450 Walnut Hill Ln,75229,liquor_store,TABC,32.880930878726,-96.896482669308,48113009900,,1
Brother's Food Mart,3333 S Haskell Ave,75223,liquor_store,TABC,32.782883788056,-96.738552717606,48113002500,,1
AMIGOS LIQUOR BEER & WINE,4444 W JEFFERSON BLVD STE 622,75211,liquor_store,TABC,32.736918656776,-96.892319305997,48113019900,,1
WEST DAVIS FOOD MART,619 W DAVIS ST,75208,liquor_store,TABC,32.749507163961,-96.832088124476,48113004201,,1
CORNER STOP,2203 GREENVILLE AVE,75206,liquor_store,TABC,32.816088538419,-96.770247655653,48113001002,,1
CORNER STOP #2,3005 APOLLO RD,75044,liquor_store,TABC,32.951517520734,-96.674144996328,48113019028,,1
Roy Orr Mart,2970 Roy Orr Blvd,75050,liquor_store,TABC,32.7947188,-97.0295014,48113015304,,1
WALGREENS #03802,2140 E CAMPBELL ROAD,75081,liquor_store,TABC,32.973060942364,-96.683573684206,48113019037,,1
WALGREENS #03803,2141 N JOSEY LN,75006,liquor_store,TABC,32.97263030000001,-96.8908137,48113013716,,1
WALGREENS #03822,401 N GALLOWAY AVE,75149,liquor_store,TABC,32.769861551896,-96.599162166432,48113017704,,1
WALGREENS #03824,4435 GUS THOMASSON ROAD,75150,liquor_store,TABC,32.822643771184,-96.645355089351,48113017900,,1
WALGREENS #03847,5310 MACARTHUR,75038,liquor_store,TABC,32.8811883,-96.9631533,48113014313,,1
WALGREENS #03879,3732 W NW HWY,75220,liquor_store,TABC,32.860667618193,-96.85600386392,48113000410,,1
WALGREENS #03885,507 S CARRIER PARKWAY,75051,liquor_store,TABC,32.741445715487,-97.015256466293,48113016001,,1
WALGREENS #03886,4202 S CARRIER PARKWAY,75052,liquor_store,TABC,32.670904407536,-97.005431127972,48113016414,,1
WALGREENS #03921,10001 N MACARTHUR BOULEVARD,75063,liquor_store,TABC,32.940459860698,-96.952214490219,48113014128,,1
WALGREENS #03957,5101 S LANCASTER RD,75241,liquor_store,TABC,32.686047377684,-96.789935204259,48113011300,,1
WALGREENS #04012,6707 W NW HWY,75225,liquor_store,TABC,32.865669161744,-96.789510698477,48113007701,,1
WALGREENS #04013,18207 MIDWAY ROAD,75287,liquor_store,TABC,32.997531181534,-96.844045520882,,,1
WALGREENS #04203,438 W ILLINOIS AVE,75224,liquor_store,TABC,32.720277711401,-96.829190865662,48113006200,,1
WALGREENS #04267,1902 N JUPITER ROAD,75042,liquor_store,TABC,32.930129305206,-96.682909982049,48113019047,,1
WALGREENS #04293,734 E PLEASANT RUN RD,75115,liquor_store,TABC,32.604012002312,-96.841270185635,48113016620,,1
WALGREENS #04340,2614 LAVON DRIVE,75040,liquor_store,TABC,32.9395648,-96.6219419,48113018152,,1
WALGREENS #04418,313 N DENTON TAPP ROAD,75019,liquor_store,TABC,32.976904590466,-96.99374741052,48113020000,,1
WALGREENS #04459,8120 S COCKRELL HILL RD,75236,liquor_store,TABC,32.648212,-96.8907802,48113016607,,1
WALGREENS #04624,1461 ROBERT B CULLUM BOULEVARD,75210,liquor_store,TABC,32.775240804047,-96.76281822493,48113020300,,1
WALGREENS #04662,3045 BROADWAY,75041,liquor_store,TABC,32.879548792836,-96.622484199113,48113018206,,1
WALGREENS #04705,2060 S BUCKNER BLVD,75217,liquor_store,TABC,32.747806333121,-96.682731192628,48113009204,,1
WALGREENS #04746,3400 N BELTLINE ROAD,75062,liquor_store,TABC,32.852022321176,-96.992119469999,48113014309,,1
WALGREENS #05092,3418 MCKINNEY AVE,75204,liquor_store,TABC,32.805165215255,-96.798711962903,48113001703,,1
WALGREENS #05093,1306 N BECKLEY AVE,75203,liquor_store,TABC,32.759046131698,-96.822857085756,48113002001,,1
WALGREENS #05162,8310 ABRAMS RD,75243,liquor_store,TABC,32.8932542,-96.7406676,48113007825,,1
WALGREENS #05509,13260 JOSEY LN STE 100,75234,liquor_store,TABC,32.925111713213,-96.881465520127,48113013902,,1
WALGREENS #05558,1507 W PLEASANT RUN ROAD,75146,liquor_store,TABC,32.604352914944,-96.78894092698,48113016707,,1
WALGREENS #05826,7930 BELT LINE RD,75240,liquor_store,TABC,32.950573573497,-96.770857264093,48113013609,,1
WALGREENS #05959,1520 PIONEER RD,75149,liquor_store,TABC,32.746828196963,-96.583441397646,48113017312,,1
WALGREENS #06120,9937 GARLAND RD,75218,liquor_store,TABC,32.838058028438,-96.697099292475,48113008200,,1
WALGREENS #06390,1015 N TOWN EAST BLVD,75150,liquor_store,TABC,32.808825238289,-96.626789192571,48113017817,,1
WALGREENS #06891,11403 E NORTHWEST HWY,75218,liquor_store,TABC,32.8647601,-96.68252369999999,48113013010,,1
WALGREENS #07334,5001 ROSS AVENUE,75206,liquor_store,TABC,32.807145278434,-96.775198228071,48113000902,,1
WALGREENS #07354,1330 N BELT LINE ROAD,75061,liquor_store,TABC,32.828986762628,-96.993709120789,48113014405,,1
WALGREENS #07586,5950 BROADWAY BOULEVARD,75043,liquor_store,TABC,32.838894657339,-96.595466927207,48113018132,,1
WALGREENS #07592,802 E PIONEER PARKWAY,75051,liquor_store,TABC,32.70957740612,-96.994057778071,48113016301,,1
WALGREENS #07737,3435 LAKEVIEW PARKWAY,75088,liquor_store,TABC,32.908145,-96.5700811,48113018156,,1
WALGREENS #07783,2301 LAKELAND DR,75228,liquor_store,TABC,32.8111191,-96.70165019999999,48113012213,,1
WALGREENS #07839,3802 CEDAR SPRINGS ROAD,75219,liquor_store,TABC,32.809444845429,-96.809074095414,48113000605,,1
WALGREENS #09126,2602 FORT WORTH AVE,75211,liquor_store,TABC,32.7577596,-96.86449359999999,48113006800,,1
WALGREENS #09323,610 E MALLOY BRIDGE RD,75159,liquor_store,TABC,32.647776799847,-96.533291055307,48113017008,,1
WALGREENS #09647,5201 BELT LINE RD,75254,liquor_store,TABC,32.9547715,-96.8188469,48113013620,,1
WALGREENS #09909,5434 HWY 78,75048,liquor_store,TABC,32.973176915203,-96.600015066141,48113018153,,1
WALGREENS #10193,731 W BELT LINE RD,75115,liquor_store,TABC,32.589868338075,-96.87135608789,48113016618,,1
WALGREENS #11514,9807 WALNUT HILL LN,75238,liquor_store,TABC,32.879612,-96.7172646,48113013009,,1
WALGREENS #13930,11700 PRESTON  ROAD SUITE 703,75230,liquor_store,TABC,32.907973293727,-96.804073444098,48113013300,,1
Walgreens #15966,5301 W Lovers Ln Suite 101,75209,liquor_store,TABC,32.851548,-96.82069349999999,48113007301,,1
WALGREENS #15967,750 W WHEATLAND RD,75116,liquor_store,TABC,32.647285701129,-96.926032548188,48113016513,,1
3 GUYS LIQUOR,5552 E GRAND AVE STE C,75223,liquor_store,TABC,32.793367359956,-96.747686099799,48113001202,,1
PAPA MARKET,3522 RAMONA AVE,75216,liquor_store,TABC,32.702177109609,-96.806507777714,48113005700,,1
Wayward Coffee Co,2025 Irving Blvd Unit 102,75207,liquor_store,TABC,32.794916888573,-96.828512832738,48113010003,,1
WING BUCKET,2642 ELM ST,75226,liquor_store,TABC,32.784167603936,-96.785872971172,48113020401,,1
WEISS ENTERPRISES INC.,1610 FENWAY ST,75210,liquor_store,TABC,32.7290138,-96.7137671,48113009303,,1
Grand Trip,7500 S Westmoreland Rd,75237,liquor_store,TABC,32.655823690758,-96.884891057809,48113016607,,1
WFM BEVERAGE CORP.,4100 LOMO ALTO DR,75219,liquor_store,TABC,32.820505151982,-96.815425160355,48113019800,,1
WFM BEVERAGE CORP.,2118 ABRAMS RD,75214,liquor_store,TABC,32.816351574148,-96.752866836506,48113000100,,1
WFM BEVERAGE CORP.,8190 PARK LANE SUITE 351,75231,liquor_store,TABC,32.871714195414,-96.765165899361,48113007822,,1
WFM BEVERAGE CORP.,5100 BELT LINE RD STE 1012,75254,liquor_store,TABC,32.953965297782,-96.821670972107,48113013624,,1
WFM BEVERAGE CORP.,6741 N MACARTHUR BLVD,75039,liquor_store,TABC,32.900653609227,-96.958961958326,48113014152,,1
WFM BEVERAGE CORP.,11700 PRESTON RD STE 714,75230,liquor_store,TABC,32.907973293727,-96.804073444098,48113013300,,1
WFM BEVERAGES CORP.,2510 MCKINNEY AVE,75201,liquor_store,TABC,32.795379067709,-96.801965900029,48113001705,,1
Ezstop1,615 S Main St,75116,liquor_store,TABC,32.646735105229,-96.908472878575,48113016531,,1
SONNY BRYAN'S,2202 INWOOD RD,75235,liquor_store,TABC,32.817860350149,-96.840272403587,48113000401,,1
GREEN SPOT MARKET & FUELS,702 N BUCKNER BLVD,75218,liquor_store,TABC,32.845182731738,-96.71161988463,48113012900,,1
HILTON GARDEN INN DALLAS,10350 N CENTRAL EXPY,75231,liquor_store,TABC,32.886723058608,-96.76953128428,48113007822,,1
Benny's Mart,5249 Broadway Blvd,75043,liquor_store,TABC,32.851509337928,-96.598923268556,48113018128,,1
DISTRICT 9 DRAUGHTHAUS,718 N BUCKNER BLVD STE 215,75218,liquor_store,TABC,32.8450906024,-96.711518057485,48113012900,,1
TIGER MART 36,105 S INTERSTATE HIGHWAY 45,75172,liquor_store,TABC,32.590935676585,-96.679569921875,48113016903,,1
WINCO FOODS,800 S COCKRELL HILL RD,75137,liquor_store,TABC,32.646176229809,-96.891207336802,48113016517,,1
WINCO FOODS,1122 W CENTERVILLE RD,75041,liquor_store,TABC,32.855043,-96.6438512,48113018127,,1
WINCO FOODS,2620 N JOSEY LN,75007,liquor_store,TABC,32.986463740335,-96.890626696961,48113013720,,1
WINE TASTIC!,4140 LEMMON AVE STE 130,75219,liquor_store,TABC,32.815300207253,-96.809316976494,48113000606,,1
WINGSTOP RESTAURANT,6760 ABRAMS RD SUITE 119,75231,liquor_store,TABC,32.866870182326,-96.742870308251,48113007821,,1
WINGSTOP RESTAURANT,1152 N BUCKNER BLVD STE 106,75218,liquor_store,TABC,32.83474837647,-96.703284656761,48113008200,,1
THE DOCK,1229 ADMIRAL NIMITZ CIR EMBARCADERO BLDG 29 MAP PLAT #1,75210,liquor_store,TABC,32.7811845,-96.7598774,48113020300,,1
POWER MART #19,1501 N HAMPTON RD,75115,liquor_store,TABC,32.618724458131,-96.857237152838,48113016634,,1
7-ELEVEN CONVENIENCE STORE #25298A,1865 E ROSEMEADE PARKWAY,75007,liquor_store,TABC,33.011731606533,-96.888018813771,,,1
WOOD PULTZ BEVERAGE LLC,611 N BISHOP AVENUE SUITE 101,75208,liquor_store,TABC,32.749619520012,-96.827949871479,48113004201,,1
WOOD PULTZ BEVERAGES LLC,2510 N JOSEY LANE SUITE 106,75006,liquor_store,TABC,32.9836099,-96.88951639999999,48113013720,,1
C STORE NO. 11,13207 ESPERANZA RD,75240,liquor_store,TABC,32.92850200000001,-96.7616741,48113019208,,1
WORLD MARKET,5500 GREENVILLE AVENUE SUITE 300,75206,liquor_store,TABC,32.853883,-96.76861099999999,48113007909,,1
WORLD MARKET,3888 OAK LAWN AVE STE 111,75219,liquor_store,TABC,32.816021364013,-96.802258176785,48113000606,,1
WORLD MARKET,13912 DALLAS PKWY,75240,liquor_store,TABC,32.937291841316,-96.821632629406,48113013626,,1
Tito's Meat Market & Taqueria #2,1638 S First St Ste B,75040,liquor_store,TABC,32.897640100042,-96.630817449458,48113018204,,1
We The Best Foodmart,1415 N Dallas Ave,75134,liquor_store,TABC,32.605560952647,-96.759330173084,48113016706,,1
HIEP THAI FOOD STORE,3347 W WALNUT STREET SUITE 101,75042,liquor_store,TABC,32.916774594605,-96.679687076929,48113019046,,1
Royal Market,10110 Royal Ln suite 180,75238,liquor_store,TABC,32.8941336,-96.71376959999999,48113013009,,1
FRIENDLY LIQUOR,5431 BOTHAM JEAN BLVD,75215,liquor_store,TABC,32.7393529,-96.7587576,48113020900,,1
Y&L Beer Wine Groceries,5535 S Central Expy,75215,liquor_store,TABC,32.743962623946,-96.757973013957,48113020900,,1
Delight Food Mart,1420 W 6th St,75060,liquor_store,TABC,32.808602324471,-96.962540601106,48113015206,,1
COOL ZONE GARLAND,1012 S 1ST ST,75040,liquor_store,TABC,32.903288,-96.63060990000001,48113018204,,1
7-ELEVEN CONVENIENCE STORE # 21444B,3801 N TOWN EAST BLVD,75150,liquor_store,TABC,32.806613119565,-96.626445751662,48113017817,,1
CIRCLE K #2654434,2502 ROYAL LN STE 101,75229,liquor_store,TABC,32.895906009257,-96.895809926075,48113009900,,1
YOAKUM PACKING CO.,1229 ADMIRAL NIMITZ CIRCLE EMBARCADERO BUILDING 29 MAP PLAT NO. 30,75210,liquor_store,TABC,32.7811845,-96.7598774,48113020300,,1
QUICK WAY FOOD MART,1402 N CARROLL AVE,75204,liquor_store,TABC,32.800435441102,-96.777711374635,48113001503,,1
J. P BILLIARDS,9750 BROCKBANK DR STE 1,75220,liquor_store,TABC,32.869908749901,-96.875266671955,48113009804,,1
EZ TRIP FOOD STORE 18,3130 N BUCKNER BLVD,75228,liquor_store,TABC,32.807575318534,-96.682912086673,48113012210,,1
CHEAP RIVER LIQUOR,254 S RIVERFRONT BLVD,75207,liquor_store,TABC,32.7750367,-96.8127014,48113010002,,1
C & P GROCERY,6521 JEANE ST,75217,liquor_store,TABC,32.727120564683,-96.708359568701,48113009303,,1
ROCKING CRAB,11407 EMERALD ST STE 101,75229,liquor_store,TABC,32.896100327803,-96.899386669743,48113009900,,1
CIRCLE A,1701 S BELT LINE RD,75051,liquor_store,TABC,32.722614190137,-96.994163274459,48113016201,,1
Volcano Hot Pot BBQ,2528 Old Denton Rd suite 180,75006,liquor_store,TABC,32.979870537667,-96.909748566186,48113013719,,1
OVERTON TEXACO,3926 E OVERTON RD,75216,liquor_store,TABC,32.724200901079,-96.763646694452,48113021100,,1
Z TO A & COMPANY INC.,5701 MCCOMMAS BLVD,75206,liquor_store,TABC,32.829981272251,-96.770097466803,48113000202,,1
Zee's Stop,685 Town Square Blvd,75040,liquor_store,TABC,32.95441841433,-96.611559487751,48113018152,,1
Q MART,10433 Garland Rd,75218,liquor_store,TABC,32.842609210765,-96.691545410533,48113008200,,1
GATEWAY #12,108 IH 45 NORTH,75141,liquor_store,TABC,32.655103943819,-96.714560085302,48113016902,,1
GATEWAY 2,1739 S SAINT AUGUSTINE DR,75217,liquor_store,TABC,32.681936306589,-96.657257992397,48113017102,,1
TIGER MART #37,104 IH 45 SOUTH,75141,liquor_store,TABC,32.649070019267,-96.706939279059,48113016902,,1
Mi Rinconcito,1200 E Davis St Suite 127,75149,liquor_store,TABC,32.764301103801,-96.583597852027,48113017311,,1
Payless Liquor,3745 N Story Rd,75062,liquor_store,TABC,32.854849468743,-96.975213290908,48113014310,,1
Ferguson Food Mart,10750 Ferguson Rd,75228,liquor_store,TABC,32.8421373,-96.66468259999999,48113012502,,1
KOSTAS CAFE,4914 GREENVILLE AVENUE,75206,liquor_store,TABC,32.847380340163,-96.769918621246,48113007913,,1
K CORNER FOOD MART,104 W SHADY GROVE RD,75050,liquor_store,TABC,32.805146108983,-97.004959869223,48113015304,,1
FUEGO SMOKE SHOP BEER AND WINE,2780 Royal Ln STE A,75229,liquor_store,TABC,32.895026949095,-96.88384522872,48113009701,,1
GRAB N GO,427 N TOWN EAST BOULEVARD SUITE 101,75150,liquor_store,TABC,32.818320785944,-96.552858913086,48113018159,,1
7-Eleven Convenience Store #34113B,11363 E. Northwest Hwy,75238,liquor_store,TABC,32.864204464935,-96.683548989859,48113013007,,1
A-Z FOOD MART,2400 W 4TH ST,75060,liquor_store,TABC,32.810544276238,-96.976590963146,48113015305,,1
MINI MART FOOD STORE,2628 N STORY RD,75062,liquor_store,TABC,32.842635906854,-96.976386730575,48113014316,,1
7-Eleven,4024 Ross Avenue,75204,convenience_corner_store,OSM,32.7994705,-96.7837082,48113001602,,1
Shell,,,gas_station,OSM,32.8220386,-96.9933847,48113014406,,6
Doc's Food Stores,,,convenience_corner_store,OSM,32.9769676,-96.7407605,48113019211,,1
Castle Nails & Spa,5290 Belt Line Road,75254,barbershop_beauty,OSM,32.9526952,-96.8167606,48113013622,,1
Chevron,,,gas_station,OSM,32.604688,-96.823741,48113016610,,6
Alchemy Salon,North Bishop Avenue,75208,barbershop_beauty,OSM,32.747837,-96.8284755,48113004700,,1
7-Eleven,377 West Campbell Road,75080,convenience_corner_store,OSM,32.9750474,-96.7232357,48113019211,,1
7-Eleven,700 East Campbell Road,75081,convenience_corner_store,OSM,32.9750134,-96.7147003,48113019053,,1
7-Eleven,3702 Greenville Avenue,75206,convenience_corner_store,OSM,32.8324673,-96.7697745,48113000202,True,1
7-Eleven,4900 Belt Line Road,75254,convenience_corner_store,OSM,32.9537107,-96.8281654,48113013628,,1
Fins,,,gas_station,OSM,32.7339043,-96.6322875,48113011801,,1
Granada Market,387 East Las Colinas Boulevard,75039,convenience_corner_store,OSM,32.8653059,-96.9365014,48113014208,,1
EZ Mart,818 South Central Expressway,75080,convenience_corner_store,OSM,32.9404336,-96.7470183,48113019202,,1
7-Eleven,,,gas_station,OSM,32.7514321,-96.8153759,48113002002,,10
7-Eleven,1295 Commerce Street,75202,convenience_corner_store,OSM,32.7796427,-96.8009445,48113003102,True,1
Steven Keith - Oak Lawn Barber & Stylist,3012 Oak Lawn Avenue,75219,barbershop_beauty,OSM,32.8097782,-96.8079335,48113000605,,1
Indulgence Nail Salon,6922 Snider Plaza,75205,barbershop_beauty,OSM,32.8499448,-96.7877075,48113019400,,1
Osgood-O'Neil Salon,6932 Snider Plaza,75205,barbershop_beauty,OSM,32.8501599,-96.787707,48113019400,,1
Great Clips,,,barbershop_beauty,OSM,32.9772298,-96.7676602,48113019205,,9
Shell,1746 South Carrier Parkway,75051,gas_station,OSM,32.7206583,-97.0152873,48113016100,,1
One Star Stop Convenience Store,,,convenience_corner_store,OSM,32.7433099,-97.0091094,48113016001,,1
Circle K,,,convenience_corner_store,OSM,32.7097672,-96.9947925,48113016204,,2
(unnamed laundromat),,,laundromat,OSM,32.7061337,-96.9936704,48113016407,,5
Super Wash Center,,,laundromat,OSM,32.734688,-97.0150827,48113016100,,1
Washeteria,,,laundromat,OSM,32.7395073,-97.0160256,48113016100,,1
Texaco,,,gas_station,OSM,32.7574372,-97.0280006,48113015403,,3
Shamrock,1701 South Belt Line Road,75051,gas_station,OSM,32.7224093,-96.9945023,48113016201,,1
Texaco,271 South Highway 67,75104,gas_station,OSM,32.5862406,-96.9507869,48113016524,,1
Sim's Drive-In,,,convenience_corner_store,OSM,32.5881915,-96.956614,48113016524,,1
Cedar Hill Barbers,,,barbershop_beauty,OSM,32.5887944,-96.9562289,48113016524,,1
Exxon,,,gas_station,OSM,32.590536,-96.679734,48113016903,,4
Hudson,,,convenience_corner_store,OSM,32.8460597,-96.8501355,48113980100,,2
7-Eleven,2607 North Stemmons Freeway,,gas_station,OSM,32.80622,-96.8410493,48113010003,,1
Circle K,401 East FM 1382,75104,gas_station,OSM,32.5924092,-96.9368458,48113016629,,1
Kings Food Mart,602 Hall Rd,75159,convenience_corner_store,OSM,32.6516525,-96.5430842,48113017008,,1
Center Street Barbers,111 South Center Street,75050,barbershop_beauty,OSM,32.7451201,-97.0037346,48113015500,,1
Bliss Nail Bar,,,barbershop_beauty,OSM,32.5918008,-96.9360902,48113016629,,1
Scott LeMaster Salon and Spa,,,barbershop_beauty,OSM,32.8661917,-96.9433397,48113014205,,1
Hollywood Nails & Spa,,,barbershop_beauty,OSM,32.8659602,-96.9445516,48113014205,,1
Floyd's Barbershop,,,barbershop_beauty,OSM,32.9890815,-96.9938484,48113020000,,1
Supercuts,,,barbershop_beauty,OSM,32.9887013,-96.9928035,48113014134,,4
LA Hair Studio,,,barbershop_beauty,OSM,32.9671101,-96.6459065,48113019027,,1
Montanna Rae Hair,2100 Alamo Road,75080,barbershop_beauty,OSM,32.9773365,-96.716554,48113019210,,1
Sweet Nail Bar,336 West Campbell Road,75080,barbershop_beauty,OSM,32.9761783,-96.7228008,48113019210,,1
The Market at JSOM,,,convenience_corner_store,OSM,32.9848836,-96.7478665,48113980200,,1
Supercuts,140 West Farm-to-Market Road 1382,75104,barbershop_beauty,OSM,32.5994056,-96.9440729,48113016522,,1
Elegance Beauty Salon,617 West Main Street #B,75050,barbershop_beauty,OSM,32.7438729,-97.011459,48113015500,,1
Lure Salon,,,barbershop_beauty,OSM,32.8096353,-96.7964872,48113000703,,1
C-Store,,,convenience_corner_store,OSM,32.802646,-96.7998878,48113001703,,3
Uptown Liquors,,,liquor_store,OSM,32.8025458,-96.7999938,48113001703,,1
Step-n-Go,,,convenience_corner_store,OSM,32.9394454,-96.7644069,48113019208,,1
Shop-n-Go,,,convenience_corner_store,OSM,32.9394116,-96.7636935,48113019208,,1
Shamrock,,,gas_station,OSM,32.9394645,-96.7642272,48113019208,,2
Aqua Wash,,,laundromat,OSM,32.939415,-96.7635728,48113019208,,1
Food Mart,,,convenience_corner_store,OSM,32.9395003,-96.7685583,48113019208,,2
(unnamed convenience_corner_store),,,convenience_corner_store,OSM,32.8964986,-96.8970523,48113009900,,14
Luxx Nail Bar,700 East Campbell Road,75081,barbershop_beauty,OSM,32.9746349,-96.7152901,48113019053,,1
Duncanville Public Library,,,library,OSM,32.6493963,-96.9073908,48113016516,,1
Craft Beer Cellar,6324 Gaston Avenue,75214,liquor_store,OSM,32.8129791,-96.7535569,48113001400,,1
Speed Wash & Dry Lavenderia,,,laundromat,OSM,32.7945713,-96.7634216,48113001502,,1
Nails & Spa,,,barbershop_beauty,OSM,32.7946746,-96.7635441,48113001502,,1
Smokii Monkey,7732 Forest Lane,,barbershop_beauty,OSM,32.9092813,-96.7735521,48113013101,,1
Richardson Beer and Wine,515 West Campbell Road,,liquor_store,OSM,32.9761807,-96.7371485,48113019211,,1
The Village Salons,,,barbershop_beauty,OSM,32.8121492,-96.7299334,48113000100,,1
1st Choice Grocery & Checks Cashed,,,convenience_corner_store,OSM,32.9090119,-96.7645236,48113007805,,1
Stephany's Hair Salon,,,barbershop_beauty,OSM,32.9089314,-96.7645242,48113007805,,1
Ulta Beauty,416 West Farm to Market Road,75104,barbershop_beauty,OSM,32.6014545,-96.9416706,48113016522,,1
Allure Nail Bar,,,barbershop_beauty,OSM,32.6029585,-96.9414433,48113016522,,1
Natural Look Skin Care,,,barbershop_beauty,OSM,32.6022814,-96.9413343,48113016522,,1
Laura Elena Salon & Spa,,,barbershop_beauty,OSM,32.603206,-96.9433224,48113016522,,1
Perfect Brow,,,barbershop_beauty,OSM,32.6020431,-96.9411522,48113016522,,1
Perfect Brow Skincare,,,barbershop_beauty,OSM,32.6019926,-96.941217,48113016522,,1
Next Level Barbershop,,,barbershop_beauty,OSM,32.6023364,-96.9405329,48113016522,,1
Brow Art 23,,,barbershop_beauty,OSM,32.8404923,-96.9953898,48113014153,,1
George W. Bush Presidential Library,,,library,OSM,32.8412443,-96.7781963,48113019302,,1
King's Best Barber Shop,118 North Main Street,75116,barbershop_beauty,OSM,32.6521144,-96.9081962,48113016516,,1
Signature Salon Suites,,,barbershop_beauty,OSM,32.975948,-96.7091329,48113019052,,1
Poshe Nails & Spa,,,barbershop_beauty,OSM,32.9748792,-96.7088404,48113019053,,1
(unnamed library),,,library,OSM,32.9219555,-96.7292346,48113019034,,1
Floyd's 99 Barbershop,287 West Campbell Road,75080,barbershop_beauty,OSM,32.9750938,-96.7212982,48113019211,,1
"Nail ""n"" NAILS",,,barbershop_beauty,OSM,32.9328159,-96.701998,48113019039,,1
Hollywood Beauty,,,barbershop_beauty,OSM,32.9329958,-96.7019836,48113019039,,1
7-Eleven,2990 Olive Street,75219,convenience_corner_store,OSM,32.7896575,-96.8086495,48113001902,,1
Salon Express and Threading,3737 North Story Road,75062,barbershop_beauty,OSM,32.8550004,-96.9756123,48113014310,,1
Total Wine,9350 North Central Expressway,75231,liquor_store,OSM,32.8744604,-96.7682142,48113007822,,1
Shear Vintage Salon,5925 Forest Lane,75230,barbershop_beauty,OSM,32.9099897,-96.8053887,48113009604,,1
Care Boutique & Salon,201 West Main Street,75081,barbershop_beauty,OSM,32.9496616,-96.733694,48113019101,,1
Grammy Nails & Spa,3520 Lakeview Parkway,75088,barbershop_beauty,OSM,32.9062232,-96.5674118,48113018133,,1
Stop n Shop #3,207 West 6th Street,75060,convenience_corner_store,OSM,32.808811,-96.948042,48113014903,,1
Bank of America Gas,,,gas_station,OSM,32.8129741,-96.9482886,48113014903,,1
Braum's,,,convenience_corner_store,OSM,32.7337593,-96.6463403,48113011801,,1
Rowlett Public Library,3900 Main Street,75088,library,OSM,32.9027956,-96.5644908,48113018133,,1
Sovereign Barber Shop,,,barbershop_beauty,OSM,32.7831,-96.8001587,48113002100,,1
Expressway Foodstore,704 Gross Road,75149,convenience_corner_store,OSM,32.7764668,-96.6181851,48113017703,,1
Rivera's Salon,1426 North Galloway Avenue,75149,barbershop_beauty,OSM,32.7832997,-96.6013063,48113017705,,1
Hair Pro,,,barbershop_beauty,OSM,32.7734774,-96.5984099,48113017706,,1
Rosey Nails 2,500 North Galloway Avenue,75149,barbershop_beauty,OSM,32.7710228,-96.5978053,48113017706,,1
Champions Nail Spa Dallas,6411 East Northwest Highway,75231,barbershop_beauty,OSM,32.8577888,-96.7489716,48113007809,,1
K Nail & Spa,3620 North Belt Line Road,75182,barbershop_beauty,OSM,32.8152711,-96.5955006,48113018159,,1
East Branch Library,440 South Nursery Road,75060,library,OSM,32.8099052,-96.9340535,48113014903,,1
La Villita Nails,,,barbershop_beauty,OSM,32.9020352,-96.9416311,48113014143,,1
Melrose Nail Spa,,,barbershop_beauty,OSM,32.8048874,-96.8132275,48113000502,,1
(unnamed barbershop_beauty),,,barbershop_beauty,OSM,32.6861456,-96.8262609,48113011002,,5
L.L. Premium Bundle Hair,,,barbershop_beauty,OSM,32.6861555,-96.8263567,48113011002,,1
1 Stop,1940 Military Parkway,75149,convenience_corner_store,OSM,32.7675988,-96.6285739,48113017602,,1
Family Stop Food Store,1701 Bruton Road,75149,convenience_corner_store,OSM,32.7489838,-96.6228624,48113017606,,1
Lucky's Barber Shop,,,barbershop_beauty,OSM,32.9772146,-96.7687164,48113013605,,1
Swift T,2033 Military Parkway,75149,convenience_corner_store,OSM,32.7687572,-96.6301065,48113017602,,1
Ruiz Cuts,2033 Military Parkway,75149,barbershop_beauty,OSM,32.7687589,-96.6301839,48113017602,,1
Maste Kutz,2033 Military Parkway,75149,barbershop_beauty,OSM,32.7687695,-96.6303199,48113017602,,1
Mr. Joe Food Store,601 Pioneer Road,75149,convenience_corner_store,OSM,32.7604155,-96.5840176,48113017400,,1
Magic Touch Salon,625 Pioneer Road,75149,barbershop_beauty,OSM,32.759186,-96.5839895,48113017400,,1
Zuri Nails & Spa,1433 South Belt Line Road,75149,barbershop_beauty,OSM,32.7473714,-96.597197,48113017500,,1
One Stop Food Store,1433 South Belt Line Road,75149,convenience_corner_store,OSM,32.7469074,-96.5973018,48113017500,,1
Art Hair,1433 South Belt Line Road,75149,barbershop_beauty,OSM,32.7470693,-96.597232,48113017500,,1
(unnamed gas_station),,,gas_station,OSM,32.8298525,-96.9300974,48113014701,,29
Coin Laundry,,,laundromat,OSM,32.8680314,-96.8659005,48113009804,,3
Fox,10120 Harry Hines Boulevard,75220,convenience_corner_store,OSM,32.8601891,-96.8799319,48113009900,True,1
Sport Clips,,,barbershop_beauty,OSM,32.97501,-96.7148351,48113019053,,4
Salon A La Mode,,,barbershop_beauty,OSM,32.9532462,-96.7712828,48113013607,,1
Liquor Depot,,,liquor_store,OSM,32.5597455,-96.8241226,48113016622,,1
Red Coleman's Red-E-Mart,5329 Ross Avenue,,convenience_corner_store,OSM,32.8105047,-96.7717187,48113001002,,1
Salon Society,,,barbershop_beauty,OSM,32.812662,-96.770467,48113001002,,1
Top Fuel Minimart,,,convenience_corner_store,OSM,32.6493099,-96.7090922,48113016902,,1
George's Hair & Nails,2021 North Hampton Road,75115,barbershop_beauty,OSM,32.6304211,-96.8582325,48113016634,,1
Aesthetic Spa & Salon,5250 State Highway 78,75048,barbershop_beauty,OSM,32.9698467,-96.6030068,48113018151,,1
The Barbers Point - Executive Barber Lounge,,,barbershop_beauty,OSM,32.6422887,-96.924694,48113016513,,1
The Color Studio and Salon,17194 Preston Road,75248,barbershop_beauty,OSM,32.9834557,-96.8001468,48113013617,,2
(unnamed liquor_store),,,liquor_store,OSM,32.9741237,-96.5981326,48113018153,,2
A Hair Tech,,,barbershop_beauty,OSM,32.9744534,-96.5976927,48113018153,,1
Twin'Nails,,,barbershop_beauty,OSM,32.9754851,-96.5958206,48113018153,,1
Expressway Foodstore,2537 Valley View Lane,,convenience_corner_store,OSM,32.9243894,-96.8941396,48113013901,,1
7-Eleven,2120 Greenville Avenue,75206,convenience_corner_store,OSM,32.8155928,-96.7698759,48113001101,True,1
Payless Liquor,2497 South Peachtree Road,75180,liquor_store,OSM,32.734847,-96.6316332,48113011902,,1
Fuel Zone,11331 Lake June Road,75180,convenience_corner_store,OSM,32.7346543,-96.6316358,48113011902,,1
Fashion Barbers,101 West Main Street,75149,barbershop_beauty,OSM,32.7670223,-96.5993027,48113017500,,1
Bink Suites,111 West Main Street,75149,barbershop_beauty,OSM,32.7669717,-96.5996539,48113017500,,1
Iconic Salon Suites,1340 North Town East Boulevard,75150,barbershop_beauty,OSM,32.8073106,-96.6172566,48113017817,,1
SOI Brow Threading Salon,1344 North Town East Boulevard,75150,barbershop_beauty,OSM,32.807198,-96.6178685,48113017817,,1
Red Salon,1300 North Town East Boulevard,75150,barbershop_beauty,OSM,32.810363,-96.6150573,48113017817,,1
Great Clips,5701 President George Bush Highway,75088,barbershop_beauty,OSM,32.9101595,-96.5579982,48113018140,,1
Highlands Nail Salon,,,barbershop_beauty,OSM,32.8784729,-96.718856,48113013013,,1
Meez Food Mart,2315 Guthrie Road,75043,convenience_corner_store,OSM,32.8371394,-96.5945004,48113018132,,1
Five Star Fades,2309 Guthrie Road,75043,barbershop_beauty,OSM,32.8371526,-96.5947239,48113018132,,1
Benefit Brow Bar,9440 Garland Road,75218,barbershop_beauty,OSM,32.8317356,-96.7011879,48113008102,,1
Supercuts,9440 Garland Road,75218,barbershop_beauty,OSM,32.8319159,-96.7014162,48113008102,,1
European Wax Center,9440 Garland Road,75218,barbershop_beauty,OSM,32.83199,-96.7009688,48113008102,,1
Nails 2000,9440 Garland Road,75218,barbershop_beauty,OSM,32.8318708,-96.7013595,48113008102,,1
Tangerine Salon,7949 Walnut Hill Lane,75230,barbershop_beauty,OSM,32.881133,-96.7721444,48113013104,,1
Venetian Nail Spa,7949 Walnut Hill Lane,75230,barbershop_beauty,OSM,32.8814123,-96.7721633,48113013104,,1
Eighteen Eight Fine Men's Salons,7949 Walnut Hill Lane,75230,barbershop_beauty,OSM,32.8813078,-96.7721518,48113013104,,1
Benefit Brow Bar,,,barbershop_beauty,OSM,32.869524,-96.7673458,48113007822,,1
Laser Away,,,barbershop_beauty,OSM,32.8704007,-96.7685722,48113007822,,1
Hairotic Love Studio,,,barbershop_beauty,OSM,32.8727388,-96.7687444,48113007822,,1
Oviation,,,barbershop_beauty,OSM,32.8729495,-96.7682555,48113007822,,1
Spec's,,,liquor_store,OSM,32.8783621,-96.7691484,48113007822,,2
Hiatus Day Spa • Med Spa,9820 North Central Expressway,,barbershop_beauty,OSM,32.8817673,-96.7689361,48113007822,,1
Mattison Avenue Salon Suites & Spa,,,barbershop_beauty,OSM,32.8824876,-96.7691888,48113007822,,1
Angel Hair Salon & Supply,8224 Park Lane,,barbershop_beauty,OSM,32.8702913,-96.7632062,48113007819,,1
Suarez Hair Salon,6874 Shady Brook Lane,,barbershop_beauty,OSM,32.8709018,-96.7624146,48113007830,,1
Primetime Fades,2411 North Galloway Avenue,75150,barbershop_beauty,OSM,32.7979698,-96.6122325,48113017818,,1
Nail Court,14999-D Preston Road,,barbershop_beauty,OSM,32.9532058,-96.8045314,48113013622,,1
Mattison Avenue,,,barbershop_beauty,OSM,32.9843268,-96.8022754,48113013617,,1
Supercuts,3522 Gus Thomasson Road,75150,barbershop_beauty,OSM,32.8121449,-96.6341732,48113017819,,1
Cosmo Nails & Spa,6060 East Mockingbird Lane,75206,barbershop_beauty,OSM,32.8358825,-96.76233,48113000202,,1
Venue Nails & Spa,15203 Knoll Trail Drive,,barbershop_beauty,OSM,32.9615922,-96.8195074,48113013620,,1
City Salon Suites & Spa,15203 Knoll Trail Drive,,barbershop_beauty,OSM,32.9617364,-96.8194878,48113013620,,1
Libertè Hair,15203 Knoll Trail Drive,,barbershop_beauty,OSM,32.9615225,-96.8195062,48113013620,,1
"Spec's Wines, Spirits & Finer Foods",,,liquor_store,OSM,32.6057022,-96.9313141,48113016530,,1
20Twenty Barber Shop,1311 East Belt Line Rd,,barbershop_beauty,OSM,32.9541366,-96.9038945,48113013717,,1
Broadway Barber,1026 South Broadway Street,,barbershop_beauty,OSM,32.9526172,-96.9082851,48113013729,,1
Elm Street Barber Lounge,1110 Elm Street,,barbershop_beauty,OSM,32.9517412,-96.9083939,48113013729,,1
7-Eleven,2680 Old Denton Road,75007,convenience_corner_store,OSM,32.9874396,-96.9090632,48113013719,,1
Creative Style,,,barbershop_beauty,OSM,32.9690419,-96.9112348,48113013716,,1
Waxing the City,,,barbershop_beauty,OSM,32.9696959,-96.9916298,48113014135,,2
Songbird Society,,,barbershop_beauty,OSM,32.8233931,-96.7862481,48113000706,,1
Salon H,,,barbershop_beauty,OSM,32.9870265,-96.9090757,48113013719,,1
Speedy K Mart,,,convenience_corner_store,OSM,32.9690204,-96.9761827,48113014120,,1
Muse Hair Salon,,,barbershop_beauty,OSM,32.9848617,-96.9078205,48113013719,,1
Summer Breeze Nail Spa,,,barbershop_beauty,OSM,32.9848333,-96.9080787,48113013719,,1
Sharkey's Cuts for Kids,9660 Audelia Road,75238,barbershop_beauty,OSM,32.8781724,-96.7171044,48113013012,,1
Lake Highlands Cleaners,9815 Walnut Hill Lane,75238,laundromat,OSM,32.8793195,-96.7169324,48113013009,,1
Great Clips,7215 Skillman Street,75231,barbershop_beauty,OSM,32.8801994,-96.7358619,48113007824,,1
May Nails Spa,12817 Preston Road,75230,barbershop_beauty,OSM,32.9232807,-96.8045357,48113009604,,1
L Streets Salon,10233 East Northwest Highway,75238,barbershop_beauty,OSM,32.8652486,-96.7089715,48113013005,,1
7-Eleven,3710 Belt Line Road,75001,convenience_corner_store,OSM,32.9526782,-96.8548918,48113013726,,1
Great Clips,3742 Belt Line Road,75001,barbershop_beauty,OSM,32.9527088,-96.8535321,48113013726,,1
Supercuts,3720 Belt Line Road,75001,barbershop_beauty,OSM,32.9524122,-96.8543908,48113013726,,1
L.A. Nails & Spa,3756 Belt Line Road,75001,barbershop_beauty,OSM,32.9507147,-96.8532573,48113013726,,1
Elegant Salon Suites,3812 Belt Line Road,75001,barbershop_beauty,OSM,32.9507452,-96.8510252,48113013726,,1
Toni & Guy,,,barbershop_beauty,OSM,32.9289082,-96.8192936,48113013628,,1
MKT,,,barbershop_beauty,OSM,32.9303524,-96.8192262,48113013628,,1
B&B News & More,,,convenience_corner_store,OSM,32.9298009,-96.8196176,48113013628,,1
Nail Spa,,,barbershop_beauty,OSM,32.9296268,-96.8196056,48113013628,,2
Lavanderia Coin Laundry,,,laundromat,OSM,32.9153253,-96.6509423,48113018802,,1
Bulldog Barber Shop,318 South Central Expressway,75080,barbershop_beauty,OSM,32.9473506,-96.7377784,48113019202,,1
KJ Nails & Hair,515 West Campbell Road,,barbershop_beauty,OSM,32.9761281,-96.7370808,48113019211,,1
Sigel's,538 Centennial Boulevard,75081,liquor_store,OSM,32.9378275,-96.7203462,48113019040,,1
Chilly Mart,540 Centennial Boulevard,75081,convenience_corner_store,OSM,32.9378331,-96.7198,48113019040,,1
Jay Jay's Barber Studio,,,barbershop_beauty,OSM,32.9613908,-96.7676767,48113019215,,1
Magic Coin Laundry and Dry Cleaning,7879 Spring Valley Road,75254,laundromat,OSM,32.9413137,-96.7694746,48113013609,,1
Goody Goody,,,liquor_store,OSM,32.9063722,-96.5685991,48113018133,,1
Le's Nails,3718 Belt Line Road,75001,barbershop_beauty,OSM,32.9524671,-96.8543917,48113013726,,1
Ulta Beauty,13710 Dallas Parkway,75240,barbershop_beauty,OSM,32.9346778,-96.8207633,48113013626,,1
A New U,,,barbershop_beauty,OSM,32.7770556,-96.9089325,48113010602,,1
Chevron,8600 North MacArthur Boulevard,75063,gas_station,OSM,32.9241883,-96.9539486,48113014130,,1
BB Nails,,,barbershop_beauty,OSM,32.743297,-96.8249563,48113004700,,1
Barber Shop,,,barbershop_beauty,OSM,32.7433085,-96.8254845,48113004700,,1
Star Nail Salon,,,barbershop_beauty,OSM,32.9619872,-96.7506614,48113019203,,1
Ideal Image,4430 Lavon Drive,75040,barbershop_beauty,OSM,32.9573643,-96.6152111,48113018152,,1
Vince's Salon,5966 Broadway Boulevard,75043,barbershop_beauty,OSM,32.8429891,-96.5949393,48113018138,,1
Laundromat Lavanderia Fox,10120 Harry Hines Boulevard,75220,laundromat,OSM,32.8598485,-96.8799817,48113009900,True,1
7-Eleven,North Josey Lane,75006,convenience_corner_store,OSM,32.9739744,-96.8904541,48113013716,True,1
El Catrin Barber & Shave Parlor,1103 South Josey Lane,75006,barbershop_beauty,OSM,32.9525577,-96.8878531,48113013729,,1
AppleJack's Liquor,"8704 Cypress Waters Blvd, #100",75063,liquor_store,OSM,32.9247293,-96.9903595,48113014150,,1
Tangerine Salon,723 West Main Street,75019,barbershop_beauty,OSM,32.9532747,-97.007449,48113014126,,1
Tailor Made Cuts,595 South Belt Line Road,,barbershop_beauty,OSM,32.8086786,-96.9946151,48113015304,,1
Mobil,3230 West Davis Street,75211,gas_station,OSM,32.7494006,-96.8738511,48113004500,,1
Nu U Slaon,2150 North Josey Lane,75006,barbershop_beauty,OSM,32.9752204,-96.8879547,48113013720,,1
LA Hair,,,barbershop_beauty,OSM,32.9820263,-96.9088135,48113013719,,1
Clip-Cuts,,,barbershop_beauty,OSM,32.9837325,-96.8892317,48113013720,,1
UpTown Barbers,,,barbershop_beauty,OSM,32.983575,-96.8908593,48113013720,,1
Kulsum's Speedy Shop #2,,,convenience_corner_store,OSM,32.9843526,-96.8906649,48113013720,,1
Dairy Way,,,convenience_corner_store,OSM,32.7491896,-96.8682744,48113004500,,1
Salon on the Creek,684 Denton Tap Road,,barbershop_beauty,OSM,32.9548571,-96.9930087,48113014119,,1
Ulta Beauty,1655 North Town East Boulevard,75150,barbershop_beauty,OSM,32.8130455,-96.6229724,48113017812,,1
Silk Nails & Spa,,,barbershop_beauty,OSM,32.9741568,-96.8903862,48113013716,,1
Estyles Salon,,,barbershop_beauty,OSM,32.9218719,-96.8827026,48113014001,,2
Divine Nail Bar,,,barbershop_beauty,OSM,32.9873276,-96.8893348,48113013720,,1
Deluxe Nails & Spa,,,barbershop_beauty,OSM,32.9669075,-96.9941251,48113014126,,1
Caesar Nails,,,barbershop_beauty,OSM,32.8393565,-96.9912263,48113014306,,1
Palm Beach Tan,1930 North Coit Road,,barbershop_beauty,OSM,32.9775319,-96.7676462,48113019205,,1
Glamour Nails & Spa,1930 North Coit Road,,barbershop_beauty,OSM,32.9776425,-96.767639,48113019205,,1
Hair Art & Co.,1251 West Campbell Road,,barbershop_beauty,OSM,32.9776842,-96.7621857,48113019205,,1
Pavilion Barbers,1331 West Campbell Road,,barbershop_beauty,OSM,32.9768934,-96.7645245,48113019205,,1
Divas Hair Salon,,,barbershop_beauty,OSM,32.9528716,-96.8892447,48113013729,,1
On Image Salon,,,barbershop_beauty,OSM,32.9528636,-96.8896383,48113013729,,1
Corner Market,2827 Live Oak Street,75204,convenience_corner_store,OSM,32.790145,-96.7878098,48113002200,,1
7-Eleven,1919 Bryan Street,75201,convenience_corner_store,OSM,32.784254,-96.7972827,48113002100,,1
Boardroom Salon for Men,,,barbershop_beauty,OSM,32.8806405,-96.7679678,48113007822,,1
Wash & Dry Lavanderia,2560 Gus Thomasson Road,,laundromat,OSM,32.8338117,-96.6719941,48113012502,,1
Shear Diva Artistry,411 North Akard Street,75201,barbershop_beauty,OSM,32.7831414,-96.8007158,48113002100,,1
Mustang Barbers,5500 Greenville Avenue,,barbershop_beauty,OSM,32.8533097,-96.7683331,48113007909,,1
Knockouts Haircuts for Men,,,barbershop_beauty,OSM,32.8453204,-96.7698141,48113007914,,1
Vogue Hair,3014 Commerce Street,75226,barbershop_beauty,OSM,32.7837291,-96.7796281,48113020401,,1
Level 101 Hair Studio,2928 Main Street,75226,barbershop_beauty,OSM,32.7842639,-96.7811258,48113020401,,1
Te'zers Salon,3023 Commerce Street,75226,barbershop_beauty,OSM,32.7840932,-96.7792365,48113020401,,1
Hair Lounge Salon,,,barbershop_beauty,OSM,32.7872023,-96.7875236,48113002200,,1
Armstrong McCall,,,barbershop_beauty,OSM,32.8389013,-96.9769926,48113014306,,1
Quickway Irving,,,convenience_corner_store,OSM,32.8389474,-96.9770103,48113014306,,1
Chic Nails Lounge,,,barbershop_beauty,OSM,32.8963467,-96.9611486,48113014152,,1
Palm Beach Tan,,,barbershop_beauty,OSM,32.8926007,-96.9602302,48113014144,,3
Nail Lounge,,,barbershop_beauty,OSM,32.8918663,-96.9595561,48113014144,,1
Amazing Lash Studio,,,barbershop_beauty,OSM,32.8913788,-96.9592679,48113014144,,2
European Wax Center,,,barbershop_beauty,OSM,32.8913395,-96.9592389,48113014144,,5
Pro Image Salon,,,barbershop_beauty,OSM,32.9098994,-96.9593653,48113014124,,1
Rapido Lavanderia,,,laundromat,OSM,32.8565879,-96.9931137,48113014153,,1
Glamour Braids,,,barbershop_beauty,OSM,32.8411632,-96.9922277,48113014306,,1
Nail Times,,,barbershop_beauty,OSM,32.8660625,-96.7880853,48113007701,,1
Nucare Cleaners,,,laundromat,OSM,32.9099437,-96.8025734,48113013201,,1
T Nails,,,barbershop_beauty,OSM,32.8354116,-97.0088646,48113014407,,1
Griffin,,,barbershop_beauty,OSM,32.9230337,-96.882649,48113014001,,1
Beyond Cuts,,,barbershop_beauty,OSM,32.923956,-96.8826631,48113014001,,1
Urban Value Corner Store,900 Lake Carolyn Parkway,75039,convenience_corner_store,OSM,32.8689185,-96.9343291,48113014209,,1
Mane,5321 East Mockingbird Lane,75206,barbershop_beauty,OSM,32.8381327,-96.7759174,48113007914,,1
Woodhouse Spa,5331 East Mockingbird Lane,75206,barbershop_beauty,OSM,32.8376734,-96.776478,48113007914,,1
Hydrate IV Bar,5331 East Mockingbird Lane,75206,barbershop_beauty,OSM,32.8370145,-96.7764194,48113007914,,1
QuikTrip,3512 Cole Avenue,75204,convenience_corner_store,OSM,32.807696,-96.7988878,48113000704,True,1
Valero,,,gas_station,OSM,32.8958307,-96.8958092,48113009900,,3
Great Clips,9540 Garland Road,,barbershop_beauty,OSM,32.8337953,-96.7009154,48113008200,,1
Kroger,,,gas_station,OSM,32.9081277,-96.959352,48113014124,,1
7-Eleven,3200 Hackberry Road,75063,convenience_corner_store,OSM,32.9251036,-96.9879104,48113014150,,1
Star Mart,6500 Northwest Drive,75150,convenience_corner_store,OSM,32.8475179,-96.6297776,48113018130,,1
Swift-T Mart,2333 Oates Drive,75150,convenience_corner_store,OSM,32.8336521,-96.6346733,48113018001,,1
Qwik Wash & Dry,1820 Hillcrest Street,75149,laundromat,OSM,32.7860756,-96.6063329,48113017704,,1
Diamond Nails & Spa,,,barbershop_beauty,OSM,32.9667182,-96.9927299,48113014119,,1
Art Brows Threading & Spa,,,barbershop_beauty,OSM,32.9667758,-96.9927268,48113014119,,1
Delaney Salons,,,barbershop_beauty,OSM,32.9679122,-96.9923003,48113014119,,1
Knockouts,,,barbershop_beauty,OSM,32.9677119,-96.9925134,48113014119,,2
The Lash Lounge,South Denton Tap Road,,barbershop_beauty,OSM,32.9677198,-96.9927329,48113014119,,1
Fox,,,gas_station,OSM,32.8580456,-97.0106134,48113014161,,1
Lux Spa & Nail Salon,,,barbershop_beauty,OSM,32.9251383,-96.9911132,48113014150,,1
Diva Nails,3068 Forest Lane,75234,barbershop_beauty,OSM,32.9092247,-96.8733726,48113009611,,1
Yatzil Beauty,,,barbershop_beauty,OSM,32.9244636,-96.8364023,48113009603,,1
Sinclair,,,gas_station,OSM,32.7695812,-96.8735123,48113020500,,1
Z Indian Beauty Salon,,,barbershop_beauty,OSM,32.9703507,-96.9945191,48113020000,,1
Tiger Mart,,,convenience_corner_store,OSM,32.7704574,-96.8732701,48113020500,,2
Jeanet's Beauty Salon,407 West Rochelle Road,75062,barbershop_beauty,OSM,32.8446929,-96.950635,48113014203,,1
7-Eleven,2800 North O'Connor Road,75062,convenience_corner_store,OSM,32.8447451,-96.9508066,48113014203,True,1
Pine Wine,2810 North O'Connor Road,75062,liquor_store,OSM,32.8450493,-96.9506889,48113014203,,1
(unnamed barbershop_beauty),2834 North O'Connor Road,75062,barbershop_beauty,OSM,32.8455845,-96.9502806,48113014203,,1
Brow Perfection,9301 North Central Expressway,75225,barbershop_beauty,OSM,32.8752913,-96.77119,48113007801,,1
7-Eleven,1502 Elm Street,75201,convenience_corner_store,OSM,32.781216,-96.7995997,48113003103,True,1
deka lash,,,barbershop_beauty,OSM,32.9703866,-96.9960567,48113020000,,1
Resort Nails & Spa,,,barbershop_beauty,OSM,32.9703936,-96.9958623,48113020000,,1
Abrams Beer and Food Wine,,,liquor_store,OSM,32.9134672,-96.7362224,48113019016,,1
Beauty Times,,,barbershop_beauty,OSM,32.9115239,-96.8041878,48113009604,,1
Rod's Gold 7 Beauty Supply,4344 South Hampton Road,75232,barbershop_beauty,OSM,32.69069,-96.8566559,48113011004,,1
Radiant Waxing,6751 North MacArthur Boulevard,75039,barbershop_beauty,OSM,32.9014767,-96.9607292,48113014152,,1
blo,110 State Highway 161,,barbershop_beauty,OSM,32.9014797,-96.9607887,48113014152,,1
Grand Nail Salon,120 North MacArthur Boulevard,,barbershop_beauty,OSM,32.9015961,-96.9610979,48113014152,,1
Floyd's 99 Barbershop,4532 Belt Line Road,75001,barbershop_beauty,OSM,32.9537843,-96.8345305,48113013806,,1
Texaco,9401 North MacArthur Boulevard,,gas_station,OSM,32.9332451,-96.9525886,48113014128,,1
"Glow by Cladia, Salon",15715 Quorum Drive,75001,barbershop_beauty,OSM,32.9630661,-96.8260367,48113013628,,1
Addison Haircutting Company,15660 Quorum Drive,75001,barbershop_beauty,OSM,32.9624548,-96.8256633,48113013628,,1
Myth & Mane,5039 Addison Circle,75001,barbershop_beauty,OSM,32.9621285,-96.824334,48113013628,,1
Sigel's,506 South Riverfront Boulevard,75207,liquor_store,OSM,32.7699933,-96.8107191,48113010002,,1
Fossil Creek Liquor,6440 East Mockingbird Lane,75214,liquor_store,OSM,32.8355075,-96.7513558,48113008000,,1
The Hive,6458 East Mockingbird Lane,,barbershop_beauty,OSM,32.8355005,-96.7510279,48113008000,,1
Cloud 9 Nail Spa,6454 East Mockingbird Lane,75214,barbershop_beauty,OSM,32.835506,-96.7511979,48113008000,,1
Romie's Nail Boutique,6243 Retail Road,75231,barbershop_beauty,OSM,32.8622737,-96.7530367,48113007819,,1
MiniLuxe,,,barbershop_beauty,OSM,32.7929469,-96.8022196,48113001705,,1
Fili Barber,,,barbershop_beauty,OSM,32.9261361,-96.7696443,48113013610,,1
Vitalyc Medspa,5290 Belt Line Road,75254,barbershop_beauty,OSM,32.9529566,-96.8167591,48113013622,,1
The Boardroom Salon For Men,5100 Belt Line Road,75254,barbershop_beauty,OSM,32.9520693,-96.8218419,48113013624,,1
Blow Dry Bar,5000 Belt Line Road,75254,barbershop_beauty,OSM,32.9534688,-96.8249666,48113013628,,1
Nail Lounge,5000 Belt Line Road,75254,barbershop_beauty,OSM,32.953469,-96.8249083,48113013628,,1
Amazing Lash Studio,5000 Belt Line Road,75254,barbershop_beauty,OSM,32.9534671,-96.8245265,48113013628,,1
European Wax Center,5000 Belt Line Road,75254,barbershop_beauty,OSM,32.9534643,-96.8241027,48113013628,,1
Nail Bloom,4900 Belt Line Road,75254,barbershop_beauty,OSM,32.9537253,-96.8280893,48113013628,,1
Addison Salon Suites & Spa,4930 Belt Line Road,75254,barbershop_beauty,OSM,32.9532072,-96.8276682,48113013628,,1
Zoya Salon,4950 Belt Line Road,75254,barbershop_beauty,OSM,32.9532893,-96.8268452,48113013628,,1
Adrins Sports Barbershop,4950 Belt Line Road,75254,barbershop_beauty,OSM,32.9532894,-96.8269435,48113013628,,1
Nails Now!,5100 Belt Line Road,75254,barbershop_beauty,OSM,32.9513059,-96.8192766,48113013624,,1
Mattison Avenue Salon Suites & Spa,5100 Belt Line Road,75254,barbershop_beauty,OSM,32.9505234,-96.8224196,48113013624,,1
7-Eleven,5804 ABRAMS,75214,convenience_corner_store,OSM,32.8556338,-96.7504033,48113007902,,1
Lizy Beauty Salon,5840 Abrams Road,,barbershop_beauty,OSM,32.8558886,-96.7492484,48113007902,,1
Elite Nails,5838 Abrams Road,,barbershop_beauty,OSM,32.8558611,-96.7492832,48113007902,,1
Sport Clips,6333 East Mockingbird Lane,,barbershop_beauty,OSM,32.8379402,-96.7537673,48113000201,,1
Signature Nail Bar & Spa,6333 East Mockingbird Lane,,barbershop_beauty,OSM,32.8379382,-96.7536531,48113000201,,1
Salon Jean-Claude,15400 Addison Road,75001,barbershop_beauty,OSM,32.9591085,-96.8295432,48113013628,,1
Salon Kindle,,,barbershop_beauty,OSM,32.9591055,-96.8294642,48113013628,,1
Level-Up Microblading,3939 US Highway 80,,barbershop_beauty,OSM,32.7952924,-96.6587477,48113017806,,1
Addison Park Place Salons,15058 Beltway Drive,75001,barbershop_beauty,OSM,32.952588,-96.8336211,48113013806,,1
Buy-Rite Salon & Spa Equipment,15026 Beltway Drive,75001,barbershop_beauty,OSM,32.9515745,-96.8331644,48113013806,,1
Swank Salon,15635 Quorum Drive,75001,barbershop_beauty,OSM,32.9619863,-96.8261156,48113013628,,1
Bomb Hair Studio,4289 Belt Line Road,75001,barbershop_beauty,OSM,32.9548908,-96.8378683,48113013727,,1
Addison Nail Salon,4285 Belt Line Road,75001,barbershop_beauty,OSM,32.9548894,-96.8380319,48113013727,,1
Exclusive Styles,4281 Belt Line Road,75001,barbershop_beauty,OSM,32.954889,-96.8381176,48113013727,,1
Cool Heads,4150 Belt Line Road,,barbershop_beauty,OSM,32.9540264,-96.840851,48113013727,,1
Urban Nail Bar,4150 Belt Line Road,75001,barbershop_beauty,OSM,32.9540248,-96.8404746,48113013727,,1
Ego Tripp Hair Lounge,4151 Belt Line Road,75001,barbershop_beauty,OSM,32.9553267,-96.8396646,48113013727,,1
SBL Salon Suites and Spa,4151 Belt Line Road,75001,barbershop_beauty,OSM,32.9552349,-96.8393458,48113013727,,1
Buckhorn's Discount Liquors,14825 Inwood Road,75001,liquor_store,OSM,32.9503716,-96.8300804,48113013806,,1
Goody Goody Liquor,14851 Inwood Road,75001,liquor_store,OSM,32.9508674,-96.8310588,48113013806,,1
American Spirits,14821 Inwood Road,75001,liquor_store,OSM,32.9501603,-96.8298839,48113013806,,1
Famous,14811 Inwood Road,75001,barbershop_beauty,OSM,32.9497606,-96.8297345,48113013806,,1
Nail Star,,,barbershop_beauty,OSM,32.9536367,-96.8536603,48113013727,,1
Sona Salon,,,barbershop_beauty,OSM,32.954793,-96.8400969,48113013727,,1
Luxury Nails & Day Spa,,,barbershop_beauty,OSM,32.954829,-96.8412341,48113013727,,1
Beauty Supply,,,barbershop_beauty,OSM,32.954829,-96.8414606,48113013727,,1
Breathe Salon Suites,,,barbershop_beauty,OSM,32.9552724,-96.8442261,48113013727,,1
June Street,,,barbershop_beauty,OSM,32.9552724,-96.8442771,48113013727,,1
Josselyn's Studio,,,barbershop_beauty,OSM,32.9552726,-96.8444796,48113013727,,1
Karizma Threading & Styling,,,barbershop_beauty,OSM,32.9541079,-96.8474607,48113013727,,1
Seve Salon & Barber,1108 Graham Avenue,,barbershop_beauty,OSM,32.7938204,-96.7485134,48113002400,,1
(unnamed convenience_corner_store),5530 Columbia Avenue,,convenience_corner_store,OSM,32.8006759,-96.7563183,48113002400,,1
Champions Nail Spa,,,barbershop_beauty,OSM,32.9394851,-96.8538874,48113013805,,1
Highway 6 Market,610 E Cook St,75189,convenience_corner_store,OSM,32.7827258,-96.7379958,48113002500,,1
Wash & Dry Lavanderia,4824 Gaston Avenue,,laundromat,OSM,32.7992536,-96.7696916,48113001502,,1
D&M Food Mart,4814 Gaston Avenue,,convenience_corner_store,OSM,32.7990015,-96.7700061,48113001502,,1
Johnny's Liquor,4928 Columbia Avenue,,liquor_store,OSM,32.7957201,-96.7624405,48113002400,,1
The Lash Lounge,6465 East Mockingbird Lane,,barbershop_beauty,OSM,32.8371876,-96.7503899,48113007902,,1
Vie Nail Bar,6465 East Mockingbird Lane,,barbershop_beauty,OSM,32.8374559,-96.7504174,48113007902,,1
Salon Suites,6465 East Mockingbird Lane,,barbershop_beauty,OSM,32.8378283,-96.7507481,48113007902,,1
Babe Factory,,,barbershop_beauty,OSM,32.9774676,-96.8310754,48113013727,,1
Hair + Industry,1630 Irving Boulevard,75207,barbershop_beauty,OSM,32.7924424,-96.8225311,48113010003,,1
Revel Workshop,1380 River Bend Drive,75247,barbershop_beauty,OSM,32.8173748,-96.8597163,48113010001,,1
Blanco's Flawless Cuts,1218 North Josey Lane,,barbershop_beauty,OSM,32.9572394,-96.8897672,48113013718,,1
Becky's Beauty Bar,1015 South Broadway Street,75006,barbershop_beauty,OSM,32.9528123,-96.9081099,48113013729,,1
Renewaskin Spa,760 North Denton Tap Road,75019,barbershop_beauty,OSM,32.9889907,-96.9927408,48113014134,,1
Glo Sun Spa,,,barbershop_beauty,OSM,32.951537,-96.8025974,48113013606,,1
Unique Salon Suites,,,barbershop_beauty,OSM,32.9512518,-96.8027232,48113013606,,1
Floyd's 99 Barbershop,11811 Preston Road,75230,barbershop_beauty,OSM,32.9101499,-96.8043715,48113009604,,1
Ava Sophia Salon Suites and Spa,,,barbershop_beauty,OSM,32.9585902,-96.8205299,48113013620,,1
Pinkie Luxe Nail Salon,,,barbershop_beauty,OSM,32.9582724,-96.8206,48113013620,,1
Manolo Salon,,,barbershop_beauty,OSM,32.9569622,-96.8204168,48113013620,,1
Salon Shima,,,barbershop_beauty,OSM,32.9532588,-96.8319528,48113013806,,1
Highlight Clips,,,barbershop_beauty,OSM,32.9403681,-96.8553239,48113013726,,1
Cactus Salon,,,barbershop_beauty,OSM,32.9402955,-96.8546736,48113013726,,1
BeLYFE Hair Studio,15502 Quorum Drive,75001,barbershop_beauty,OSM,32.9602098,-96.8258247,48113013628,,1
QuikTrip,,,convenience_corner_store,OSM,32.6318417,-96.7022344,48113016902,,2
Murphy Express,,,gas_station,OSM,32.9644577,-96.6426006,48113019027,,2
Zatome Braids,,,barbershop_beauty,OSM,32.9851056,-96.8437771,48113013722,,1
Today's Cut,,,barbershop_beauty,OSM,32.984993,-96.8438309,48113013722,,1
Gold Beauty Super Store,,,barbershop_beauty,OSM,32.9847467,-96.8437659,48113013722,,1
Legend Nails,,,barbershop_beauty,OSM,32.9845634,-96.8431865,48113013722,,1
Kings Lunge Barber Shop,,,barbershop_beauty,OSM,32.9845676,-96.8430849,48113013722,,1
Dreads by dotie,2607 South 2nd Avenue,75210,barbershop_beauty,OSM,32.7677626,-96.7527621,48113002703,,1
Laundry Wash,,,laundromat,OSM,32.943462,-96.8134871,48113013622,,1
Jorge's Barbershop,9723 Rustown Drive,75228,barbershop_beauty,OSM,32.8208817,-96.6780062,48113012301,,1
RaceTrac,,,convenience_corner_store,OSM,32.6480036,-96.8921815,48113016516,,2
The Glam Doll Lashes,925 West Pioneer Parkway,75051,barbershop_beauty,OSM,32.708836,-97.0184455,48113016419,,1
Epic Nails and Lashes Bar,3810 S State Hwy 161,75052,barbershop_beauty,OSM,32.680366,-97.0230089,48113016419,,1
Kent James Salon,5338 Belt Line Road,75254,barbershop_beauty,OSM,32.9533217,-96.8148802,48113013622,,1
Miracle Brow Art,,,barbershop_beauty,OSM,32.9523203,-96.6131828,48113018152,,1
The Salons at Bella Suites,,,barbershop_beauty,OSM,32.9544977,-96.6110849,48113018152,,1
Madison Reed,,,barbershop_beauty,OSM,32.9540214,-96.6135747,48113018152,,2
My Nail Spa,,,barbershop_beauty,OSM,32.9521171,-96.6120361,48113018152,,1
Skin Damsel Aesthetics,4801 Spring Valley Road,75244,barbershop_beauty,OSM,32.9405298,-96.8285072,48113013806,,1
Sport Clips,240 North Denton Tap Road,75019,barbershop_beauty,OSM,32.9743286,-96.9932041,48113014135,,1
Mattison Avenue Salon Suites & Spa,2100 Alamo Road,75080,barbershop_beauty,OSM,32.9769332,-96.7166043,48113019210,,1
Blue Angels Nail & Spa,,,barbershop_beauty,OSM,32.6034063,-96.8213193,48113016805,,1
USA Beauty Supply,,,barbershop_beauty,OSM,32.6038177,-96.8210309,48113016805,,1
Classic Cuts & Styles,,,barbershop_beauty,OSM,32.6034549,-96.8201275,48113016805,,1
Mack Hair Salon etc,,,barbershop_beauty,OSM,32.6030649,-96.8201344,48113016805,,1
Hot Nails & Spa,,,barbershop_beauty,OSM,32.5921319,-96.8231226,48113016620,,1
Hair Couture Salon,,,barbershop_beauty,OSM,32.5922214,-96.8231207,48113016620,,1
Corn's Cutz,,,barbershop_beauty,OSM,32.5926844,-96.8231327,48113016620,,1
Sexy Nails,,,barbershop_beauty,OSM,32.593586,-96.8213071,48113016805,,1
Grand Nail Bar,,,barbershop_beauty,OSM,32.6037168,-96.8235831,48113016620,,1
Braids & Weaves,,,barbershop_beauty,OSM,32.6046209,-96.825491,48113016610,,1
Top Nails,,,barbershop_beauty,OSM,32.6055649,-96.8254843,48113016610,,1
SOI Brow Threading Salon,,,barbershop_beauty,OSM,32.605634,-96.8255496,48113016610,,1
Bradford's Barber & Beauty,,,barbershop_beauty,OSM,32.607148,-96.8222906,48113016709,,1
Supercuts,344 West Campbell Road,75080,barbershop_beauty,OSM,32.9759969,-96.7229436,48113019210,,1
Art Nails,2050 North Collins Boulevard,75080,barbershop_beauty,OSM,32.9766757,-96.7219654,48113019210,,1
Grand Spa,,,barbershop_beauty,OSM,32.9797442,-96.7707208,48113013618,,1
QuikTrip,3230 West Mockingbird Lane,75235,gas_station,OSM,32.8335679,-96.8371521,48113000409,,1
Chevron,3100 West Mockingbird Lane,75235,gas_station,OSM,32.8324343,-96.8386648,48113000409,,1
Aritaum,,,barbershop_beauty,OSM,32.984588,-96.9121752,48113013719,,1
H Cosmetic,,,barbershop_beauty,OSM,32.9846996,-96.912173,48113013719,,1
Artistik Edge Hair Studio,,,barbershop_beauty,OSM,32.8756742,-96.7329432,48113007826,,1
Deluxe Nail Salon,,,barbershop_beauty,OSM,32.8756887,-96.7327029,48113007826,,2
Luxury Nails,,,barbershop_beauty,OSM,32.9801615,-96.7675127,48113019205,,1
Ninety Degrees Barbershop,407 North Lamar Street,75202,barbershop_beauty,OSM,32.7821208,-96.8052235,48113002100,,1
Skin Laundry,,,barbershop_beauty,OSM,32.8814014,-96.7678731,48113007822,,1
Rose Couture Nail Bar,,,barbershop_beauty,OSM,32.8819933,-96.7676811,48113007822,,1
Salon Culture,8185 Walnut HIll SLane,,barbershop_beauty,OSM,32.8826867,-96.7656783,48113007822,,1
French Nails Luxury Spa & Bar,,,barbershop_beauty,OSM,32.8896581,-96.7716861,48113013107,,1
JR Coin Laundry,,,laundromat,OSM,32.8084832,-96.8185928,48113000405,,1
Thera Head & Nails Spa,,,barbershop_beauty,OSM,32.9103317,-96.8018333,48113013201,,1
Restore Hyper Wellness,,,barbershop_beauty,OSM,32.9113434,-96.802786,48113013201,,1
Forest Nails & Spa,,,barbershop_beauty,OSM,32.9099387,-96.8023975,48113013201,,1
Sola Salons,,,barbershop_beauty,OSM,32.9113581,-96.8055653,48113009604,,1
Capelli Salon,11909 Preston Road,75230,barbershop_beauty,OSM,32.9113598,-96.8045742,48113009604,,1
Serenity Nailes & Spa,5915 Forest Lane,75230,barbershop_beauty,OSM,32.9105218,-96.8064446,48113009604,,1
Nail Spa & Lounge,11811 Preston Road,75230,barbershop_beauty,OSM,32.9106751,-96.804293,48113009604,,1
Dermani Medspa,,,barbershop_beauty,OSM,32.9091173,-96.80531,48113013400,,1
Nails Now,,,barbershop_beauty,OSM,32.9090515,-96.80531,48113013400,,1
Michael Raymond Salon,11661 Preston Road,75230,barbershop_beauty,OSM,32.9073208,-96.8053153,48113013400,,1
Milano Nail Spa,11661 Preston Road,75230,barbershop_beauty,OSM,32.9073713,-96.804704,48113013400,,1
l.a.r.c. salon,2650 North Fitzhugh Avenue,,barbershop_beauty,OSM,32.8147331,-96.7852868,48113000901,,1
#1 Polished Nail Salon & Spa,,,barbershop_beauty,OSM,32.8975465,-96.7679983,48113007823,,1
Essence of Locks,4222 Rosehill Road,75043,barbershop_beauty,OSM,32.8629217,-96.6026855,48113018148,,1
Essence of Locks,8499 Greenville Avenue,75231,barbershop_beauty,OSM,32.8937923,-96.7545868,48113007805,,1
7 Eleven,2920 N Westmoreland Rd,75212,convenience_corner_store,OSM,32.7782,-96.8733251,48113020500,True,2
Wash Dry Lavanderia,1204 3017 N Westmoreland Rd,75212,laundromat,OSM,32.7795166,-96.8741639,48113010500,,1
Main Street Market,3102 Main Street,75226,convenience_corner_store,OSM,32.784795,-96.7785157,48113020401,,1
Salon Gossip,2917 Elm Street,,barbershop_beauty,OSM,32.7851387,-96.7818251,48113020401,,1
Coffney M Salon,,,barbershop_beauty,OSM,32.7842145,-96.7813758,48113020401,,1
Topoff Kutz,,,barbershop_beauty,OSM,32.784228,-96.7813234,48113020401,,1
The Orange Salon,2932 Main Street,,barbershop_beauty,OSM,32.784324,-96.7808602,48113020401,,1
Tonya Beauty,1400 Hi Line Drive,75207,barbershop_beauty,OSM,32.7949446,-96.8162175,48113010003,,1
AZC Store,13021 Coit Road,,liquor_store,OSM,32.9259438,-96.7698592,48113013610,,1
Life Stream,,,barbershop_beauty,OSM,32.9539592,-97.0070007,48113014126,,1
7-Eleven,8440 Park Lane,,convenience_corner_store,OSM,32.8707621,-96.7589142,48113007832,,1
Express Hair Salon,,,barbershop_beauty,OSM,32.8706212,-96.7590981,48113007832,,1
Crowne Spirits & Beverages,8451 Park Lane,,liquor_store,OSM,32.8712205,-96.7587213,48113007821,,1
24 Hour Store,8455 Park Lane,,convenience_corner_store,OSM,32.8711819,-96.7584905,48113007821,,1
Hair Pro Salon,8451 Park Lane,,barbershop_beauty,OSM,32.8712026,-96.7586049,48113007821,,1
JF international,818 South Central Expressway,75080,barbershop_beauty,OSM,32.9408473,-96.7468387,48113019202,,1
Texas Nail Supply,5130 North Jupiter Road,,barbershop_beauty,OSM,32.9628628,-96.681748,48113019031,,1
Lee Nails,5018 North Jupiter Road,,barbershop_beauty,OSM,32.9620761,-96.6814728,48113019031,,1
QuikTrip,4906 North Jupiter Road,,convenience_corner_store,OSM,32.9611841,-96.6818818,48113019031,,2
Xtreme Beauty Supply,5120 North Jupiter Road,,barbershop_beauty,OSM,32.9626101,-96.6814757,48113019031,,1
Jill at Scarlet,2021 North Hampton Road,75115,barbershop_beauty,OSM,32.630717,-96.8582898,48113016634,,1
Berkeley’s Market,2001 Ross Avenue,,convenience_corner_store,OSM,32.7873791,-96.7991668,48113002100,,1
Milan Laser Hair Removal,,,barbershop_beauty,OSM,32.6039252,-96.9348848,48113016522,,1
American Nail Bar,,,barbershop_beauty,OSM,32.6039197,-96.9344107,48113016522,,1
Top End Liquor,,,liquor_store,OSM,32.8870006,-96.7573098,48113007815,,1
Ruby Kisses,,,barbershop_beauty,OSM,32.5884253,-96.9431408,48113016626,,1
Sahel African Hair Braiding,,,barbershop_beauty,OSM,32.588435,-96.9435139,48113016626,,1
Skillz Salon,,,barbershop_beauty,OSM,32.5881789,-96.9458389,48113016626,,1
Hair,,,barbershop_beauty,OSM,32.5881144,-96.946009,48113016626,,1
U Need Nails,130 West Belt Line Road,75104,barbershop_beauty,OSM,32.5881331,-96.9458748,48113016626,,1
JMajorCutz,4100 Commerce Street,75226,barbershop_beauty,OSM,32.7835789,-96.7679084,48113020300,,1
Barber Uibez,,,barbershop_beauty,OSM,32.9757846,-96.6976867,48113019036,,1
Dallas Beauty Bar,,,barbershop_beauty,OSM,32.9758526,-96.6977071,48113019036,,1
Habibi Cutz Barbershop,,,barbershop_beauty,OSM,32.9753574,-96.6983094,48113019036,,1
Cleaners,,,laundromat,OSM,32.9760377,-96.6993977,48113019036,,1
Rose Nails,,,barbershop_beauty,OSM,32.976039,-96.6993608,48113019036,,1
Alexsandra's Suites,1739 North Galloway Avenue,75149,barbershop_beauty,OSM,32.7863588,-96.6067351,48113017703,,1
Tidy Whites Laundromat,2117 Tradewind Drive,75150,laundromat,OSM,32.7953696,-96.6525524,48113017816,,1
M&S Food Mart,3802 North Town East Boulevard,75150,convenience_corner_store,OSM,32.7956703,-96.6528868,48113017816,,1
Dorado Nail Salon,,,barbershop_beauty,OSM,32.893476,-96.8026112,48113007604,,1
Mr. Winston's,,,barbershop_beauty,OSM,32.8936841,-96.8023342,48113007604,,1
Cupcake Polish,,,barbershop_beauty,OSM,32.8971437,-96.7040135,48113018506,,1
elite Salon Services,,,barbershop_beauty,OSM,32.897143,-96.7035326,48113018506,,1
Ken's Man Shop,,,barbershop_beauty,OSM,32.8951257,-96.8027694,48113013300,,1
Face Haus,,,barbershop_beauty,OSM,32.8961797,-96.8027137,48113013300,,1
The Hair Bar,,,barbershop_beauty,OSM,32.896176,-96.8032538,48113013300,,1
Skin Spirit,5959 Royal Lane,75230,barbershop_beauty,OSM,32.8961451,-96.8052334,48113013400,,1
Cedar Hill Nails,,,barbershop_beauty,OSM,32.5904543,-96.9374574,48113016626,,1
Clark's Barbershop,1910 Summit Avenue,75206,barbershop_beauty,OSM,32.8139353,-96.7721604,48113001002,,1
Heavenly Hair,,,barbershop_beauty,OSM,32.9769753,-96.7409362,48113019211,,1
QNails,,,barbershop_beauty,OSM,32.9774917,-96.7416196,48113019211,,1
Lace Me by J Lacy,9100 North Central Expressway,75231,barbershop_beauty,OSM,32.8725575,-96.7689651,48113007822,,1
Q Nails,223 East FM 1382,75104,barbershop_beauty,OSM,32.599703,-96.9416561,48113016522,,1
Kris Koffee Beauty,223 East FM 1382,75104,barbershop_beauty,OSM,32.5996591,-96.9419718,48113016522,,1
Luxury Eyebrow Threading,223 East FM 1382,75104,barbershop_beauty,OSM,32.5996852,-96.941813,48113016522,,1
#1 Nails Spa,642 Uptown Boulevard,75104,barbershop_beauty,OSM,32.5991205,-96.9446708,48113016522,,1
Palm Beach Tan,140 West FM 1382,75104,barbershop_beauty,OSM,32.599541,-96.944207,48113016522,,1
1382 Nails Spa,140 West FM 1382,75104,barbershop_beauty,OSM,32.5991606,-96.9437172,48113016522,,1
SkyHigh Nail Salon,,,barbershop_beauty,OSM,32.6868089,-97.0231832,48113016419,,1
Circle On Foodmart,,,convenience_corner_store,OSM,32.5870419,-96.9429632,48113016626,,1
Hometown Washateria,,,laundromat,OSM,32.5868801,-96.9429767,48113016626,,1
Christelle Hair Braiding,125 North Clark Road,75104,barbershop_beauty,OSM,32.5909873,-96.9428654,48113016626,,1
1st Solar Nails and Spa,125 North Clark Road,75104,barbershop_beauty,OSM,32.5905147,-96.942874,48113016626,,1
GreenHaus Esthetics,1910 Summit Avenue,75206,barbershop_beauty,OSM,32.8139232,-96.7720933,48113001002,,1
Allure Nails,,,barbershop_beauty,OSM,32.956419,-96.6162871,48113018152,,1
Firewheel Salon,,,barbershop_beauty,OSM,32.9560072,-96.6162993,48113018152,,1
Bayou Kutz,1300 Campbell Road,75080,barbershop_beauty,OSM,32.9806096,-96.7656429,48113019205,,1
Quaeindacut,12409 Jupiter Road,75238,barbershop_beauty,OSM,32.8633101,-96.683557,48113012801,,1
Blade Kings III,,,barbershop_beauty,OSM,32.6055797,-96.9324134,48113016530,,1
4 Nails & Spa,105 East Belt Line Road,75104,barbershop_beauty,OSM,32.5905221,-96.9405082,48113016626,,1
Black Diamond Cutz,103 East Belt Line Road,75104,barbershop_beauty,OSM,32.5906456,-96.9414296,48113016626,,1
Miss K Braids,103 East Belt Line Road,75104,barbershop_beauty,OSM,32.5906446,-96.9413743,48113016626,,1
LaBella Nail & Spa,145 West FM 1382,75104,barbershop_beauty,OSM,32.6004305,-96.9435233,48113016522,,1
S&S Laundry,1901 North Josey Lane,75006,laundromat,OSM,32.964328,-96.8905275,48113013718,,1
Bellaz Salon,,,barbershop_beauty,OSM,32.9534475,-96.7681947,48113019215,,1
Anomalía Beauty Society,"2414, Unit 105 Marsh Lane",75006,barbershop_beauty,OSM,32.9768618,-96.8551799,48113013722,,1
Simply Liquor Sachse,5120 State Highway 78,75048,liquor_store,OSM,32.9685016,-96.6047099,48113018151,,1
Bellini Nail Bar,1815 Range Drive,75149,barbershop_beauty,OSM,32.7882722,-96.5970251,48113017705,,1
The Service Station Barber Shop,1830 Range Drive,75149,barbershop_beauty,OSM,32.7876437,-96.596596,48113017705,,1
Hair Derby,1830 Range Drive,75149,barbershop_beauty,OSM,32.7872178,-96.5971423,48113017705,,1
Nice's Nails,1830 Range Drive,75149,barbershop_beauty,OSM,32.7872282,-96.5968247,48113017705,,1
Salon U-Me,1830 Range Drive,75149,barbershop_beauty,OSM,32.7872825,-96.5967203,48113017705,,1
Roots Chapter 1,1750 Range Drive,75149,barbershop_beauty,OSM,32.7866098,-96.5978423,48113017705,,1
Lily's Nails & Spa,408 North Highway 67,75104,barbershop_beauty,OSM,32.5950462,-96.937585,48113016629,,1
Istyle Threading Salon Grand Prairie,"425 E Pioneer Pkwy, #8",75051,barbershop_beauty,OSM,32.7084936,-96.9995375,48113016407,,1
BL Nails,638 Uptown Boulevard,75104,barbershop_beauty,OSM,32.598127,-96.944064,48113016522,,1
BeBe Nails Bar,7535 Lake Ridge Parkway,75054,barbershop_beauty,OSM,32.5918767,-97.0348164,48113016416,,1
Alex's Hair Stylists Barber and Beauty Salon,1050 North Westmoreland Road,75211,barbershop_beauty,OSM,32.7561496,-96.8724564,48113006900,,1
Yessica's Beauty Salon,1050 North Westmoreland Road,75211,barbershop_beauty,OSM,32.7552387,-96.8716481,48113006900,,1
Kecho's Barber Shop,1050 North Westmoreland Road,75211,barbershop_beauty,OSM,32.7553035,-96.8714623,48113006900,,1
Cedar Hill Library in a Park,450 Pioneer Trail,75104,library,OSM,32.5949249,-96.9498458,48113016522,,1
Wash-It-Kwik,,,laundromat,OSM,32.5903048,-96.930905,48113016629,,1
Carroll Barber Shop,515 North Carroll Avenue,,barbershop_beauty,OSM,32.794625,-96.7713137,48113001502,,1
(unnamed barbershop_beauty),4108 Live Oak Street,,barbershop_beauty,OSM,32.7966315,-96.7794158,48113001504,,1
Suave Elite Barbershop,4540 Ross Avenue,,barbershop_beauty,OSM,32.8032768,-96.7791661,48113001503,,1
Chosen Hands Studio,4906 Ross Avenue,,barbershop_beauty,OSM,32.806345,-96.7757728,48113001503,,1
Feather Laundry,4819 Ross Avenue,,laundromat,OSM,32.8060461,-96.7767004,48113000801,,1
Estetica Unisex Genesis,4815 Ross Avenue,,barbershop_beauty,OSM,32.8059729,-96.7767934,48113000801,,1
Country Beauty Salon,12111 Seagoville Road,75180,barbershop_beauty,OSM,32.705318,-96.6174471,48113017204,,1
Blessed Blade Barbershop,12111 Seagoville Road,75180,barbershop_beauty,OSM,32.7053916,-96.6173105,48113017204,,1
Hairstory Studio,1906 North Henderson Avenue,,barbershop_beauty,OSM,32.8114387,-96.7744214,48113001002,,1
Lip Lab,2323 North Henderson Avenue,,barbershop_beauty,OSM,32.8140909,-96.7780966,48113000902,,1
The Bearded Bastard,2328 North Henderson Avenue,,barbershop_beauty,OSM,32.8149406,-96.7782287,48113001002,,1
Mirame Hair Salon,2330 North Henderson Avenue,,barbershop_beauty,OSM,32.8149303,-96.7783379,48113001002,,1
Mane Collective,1920 North Haskell Avenue,,barbershop_beauty,OSM,32.8020337,-96.7860781,48113000801,,1
Juarez Barbershop & Color Studio,1600 North Plano Road,75081,barbershop_beauty,OSM,32.9695088,-96.6994303,48113019036,,1
Nail Opus by Yen,9540 Garland Road,75218,barbershop_beauty,OSM,32.8328359,-96.6998973,48113008200,,1
Top Cuts,410 East Pioneer Parkway,75051,barbershop_beauty,OSM,32.7099875,-97.0004394,48113016204,,1
Blowouts & Company,3600 Commerce Street,,barbershop_beauty,OSM,32.7849577,-96.7733434,48113020401,,1
Bourne Blonde,4528 Cabell Drive,75204,barbershop_beauty,OSM,32.8065783,-96.7830569,48113000801,,1
Dazzle By G,5203 Barton Drive,75240,barbershop_beauty,OSM,32.9333815,-96.8200018,48113013626,,1
(unnamed convenience_corner_store),2210 Highland Road,,convenience_corner_store,OSM,32.802114,-96.7148793,48113012208,,1
Q Wash-n-Dry,7918 Ferguson Road,,laundromat,OSM,32.8012637,-96.7139616,48113012212,,1
Minne's Beauty & Barbershop Salon,2318 Highland Road,,barbershop_beauty,OSM,32.8011395,-96.7135173,48113012212,,1
B&S Mart,8024 Ferguson Road,,convenience_corner_store,OSM,32.8012248,-96.7126434,48113012213,,1
Trinity Barbershop,,,barbershop_beauty,OSM,32.796672,-96.7208201,48113012208,,1
Mr. Ice Water Fade  at Crown Barbershop,518 North Plano Road,75042,barbershop_beauty,OSM,32.9173334,-96.6998511,48113019032,,1
Cinthia's Hispanic Beauty Salon,8533 Ferguson Road,,barbershop_beauty,OSM,32.8112782,-96.702795,48113012209,,1
Happy's Market,,,convenience_corner_store,OSM,32.9396234,-96.7476165,48113019202,,1
Bookmarks,,,library,OSM,32.8685822,-96.7737062,48113007801,,1
Dallas Nail Spa,9051 Garland Road,,barbershop_beauty,OSM,32.8284463,-96.7092299,48113008101,,1
Ocean Nail Spa,9208 East R L Thornton Freeway,,barbershop_beauty,OSM,32.7948599,-96.6874572,48113012207,,1
Barber and Styles,3474 Highland Road,,barbershop_beauty,OSM,32.7968822,-96.6933279,48113012212,,1
Beautiful Hair Boutique,9219 Garland Road,,barbershop_beauty,OSM,32.8304849,-96.7067314,48113008101,,1
Supreme Beer & Wine,2932 North Buckner Boulevard,,convenience_corner_store,OSM,32.8103817,-96.6842445,48113012301,,1
Diamond Braids,3302 North Buckner Boulevard,,barbershop_beauty,OSM,32.8059278,-96.6819287,48113012302,,1
Gel Nails,3302 North Buckner Boulevard,,barbershop_beauty,OSM,32.8059321,-96.6817367,48113012302,,1
Buckner Wash n Dry,3312 North Buckner Boulevard,,laundromat,OSM,32.8065379,-96.6807491,48113012302,,1
(unnamed barbershop_beauty),3312 North Buckner Boulevard,,barbershop_beauty,OSM,32.8066165,-96.6806132,48113012302,,1
Feet First & Hair,9777 Ferguson Road,,barbershop_beauty,OSM,32.8206164,-96.6798832,48113012400,,1
7-Eleven,2831 North Henderson Avenue,,convenience_corner_store,OSM,32.8197022,-96.7845052,48113000901,True,1
Hair Mart Beauty Supply,3041 North Belt Line Road,,barbershop_beauty,OSM,32.8486138,-96.99362,48113014153,,1
Speed Queen,2520 Gus Thomasson Road,,laundromat,OSM,32.8336319,-96.6732906,48113012502,,1
Shell,10290 Ferguson Road,,convenience_corner_store,OSM,32.834473,-96.673066,48113012502,,1
Lovely Nails,2508 Gus Thomasson Road,,barbershop_beauty,OSM,32.8344024,-96.6729399,48113012502,,1
Park Jun's Hair Salon,2625 Old Denton Road,,barbershop_beauty,OSM,32.9856354,-96.9126285,48113013719,,1
Paradise Barbershop,10255 Ferguson Road,,barbershop_beauty,OSM,32.8337611,-96.6744021,48113012400,,1
Brow-Art Threading,2262 Gus Thomasson Road,,barbershop_beauty,OSM,32.8340967,-96.6765973,48113012400,,1
Scrub-a-Duds Super Coin Laundry,2215 Gus Thomasson Road,,laundromat,OSM,32.8355791,-96.6771414,48113012702,,1
God Level Barbershop,525 West Arapaho Road,,barbershop_beauty,OSM,32.9623517,-96.736972,48113019203,,1
Razorz Barbershop,1455 West Buckingham Road,,barbershop_beauty,OSM,32.9326177,-96.6987503,48113019024,,1
Wash & Dry Lavanderia,1455 West Buckingham Road,,laundromat,OSM,32.9326183,-96.6988607,48113019024,,1
Lavui Nails Spa,9090 Skillman Street,,barbershop_beauty,OSM,32.8971759,-96.7204755,48113007835,,1
$100 Braids,8632 Skillman Street,,barbershop_beauty,OSM,32.8951032,-96.7220803,48113007835,,1
Daily Stop,9901 Royal Lane,,convenience_corner_store,OSM,32.8948367,-96.7230555,48113007835,,1
Spincycle Washateria,9901 Royal Lane,,laundromat,OSM,32.8947635,-96.7229647,48113007835,,1
Beauty Nails,8256 Abrams Road,,barbershop_beauty,OSM,32.8924972,-96.7406483,48113007825,,1
3D Wigs and Braids,8250 Abrams Road,,barbershop_beauty,OSM,32.8923905,-96.7407,48113007825,,1
EZ Shop Food Store,8240 Abrams Road,,convenience_corner_store,OSM,32.8922268,-96.7407812,48113007825,,1
KCB Braid Barber & Salon,3031 North Belt Line Road,,barbershop_beauty,OSM,32.8485398,-96.993621,48113014153,,1
Hollywood Nails,,,barbershop_beauty,OSM,32.8479342,-96.9936295,48113014153,,1
African Food Store,3009 North Belt Line Road,,convenience_corner_store,OSM,32.8480543,-96.9936278,48113014153,,1
The Family Salon & Barbershop,3021 North Belt Line Road,,barbershop_beauty,OSM,32.8482589,-96.993625,48113014153,,1
Garcia's Beauty Salon,1147 Peavy Road,,barbershop_beauty,OSM,32.8392254,-96.6975461,48113008200,,1
Peavy Wash & Dry,1169 Peavy Road,,laundromat,OSM,32.8389282,-96.6976394,48113008200,,1
Glo Tanning,9440 Garland Road,,barbershop_beauty,OSM,32.8320158,-96.7015344,48113008102,,1
VIO Med Spa,9440 Garland Road,,barbershop_beauty,OSM,32.8319717,-96.7014796,48113008102,,1
Salons by JC,9540 Garland Road,,barbershop_beauty,OSM,32.8328725,-96.6999509,48113008200,,1
Casa Linda Barbers,294 Casa Linda Plaza,,barbershop_beauty,OSM,32.8329789,-96.6998068,48113008200,,1
Aria Nail Bar,9540 Garland Road,,barbershop_beauty,OSM,32.8342576,-96.7004368,48113008200,,1
Nail Star,1152 North Buckner Boulevard,,barbershop_beauty,OSM,32.8349851,-96.7019267,48113008200,,1
Soi Brow,1152 North Buckner Boulevard,,barbershop_beauty,OSM,32.8347525,-96.7025593,48113008200,,1
Quick Way Corner,,,convenience_corner_store,OSM,32.8573164,-97.0010767,48113014139,,1
Radiant Waxing,4343 West Northwest Highway,75220,barbershop_beauty,OSM,32.8648491,-96.8359392,48113020600,,1
Radiant Waxing,3858 Oak Lawn Avenue,75219,barbershop_beauty,OSM,32.8149533,-96.8009322,48113000606,,1
Dallas Nutrition,1157 Easton Road,,convenience_corner_store,OSM,32.8431301,-96.6916804,48113008200,,1
MTP Barbershop,2404 West Walnut Street,75042,barbershop_beauty,OSM,32.9160293,-96.6643649,48113018900,,1
The Only Facial,718 North Buckner Boulevard,,barbershop_beauty,OSM,32.8459463,-96.7118663,48113012900,,1
Aria Nail Bar,,,barbershop_beauty,OSM,32.8372021,-96.7799068,48113019302,,1
Arochi's Barberers,5150,,barbershop_beauty,OSM,32.8248214,-96.8199796,48113000609,,1
Glynnis Neal at Pura Vida Salon,3324 McKinney Avenue,75204,barbershop_beauty,OSM,32.8047704,-96.7984818,48113001703,,1
Mr. Earl's Barber Shop,10209 Garland Road,,barbershop_beauty,OSM,32.8407556,-96.6940759,48113008200,,1
The Cutting Company,8519 Ferndale Road,,barbershop_beauty,OSM,32.8648972,-96.7110837,48113013012,,1
Hi-Lite Hair Salon,10256 East Northwest Highway,,barbershop_beauty,OSM,32.8638644,-96.7090587,48113012900,,1
Diamond Luxe Nails & Spa,8440 Abrams Road,,barbershop_beauty,OSM,32.8944582,-96.7390457,48113007825,,1
Paris Beauty Salon,12412 Jupiter Road,,barbershop_beauty,OSM,32.8633675,-96.6827629,48113012801,,1
Certified Diamond Cut Barbershop,10675 East Northwest Highway,,barbershop_beauty,OSM,32.8646925,-96.7023352,48113013005,,1
Pro Threading & Beauty,10675 East Northwest Highway,,barbershop_beauty,OSM,32.8648302,-96.7023891,48113013005,,1
Highland Nail Bar,10675 East Northwest Highway,,barbershop_beauty,OSM,32.8651643,-96.7024923,48113013005,,1
Ultimate Image Med Spa,8604 Greenville Avenue,,barbershop_beauty,OSM,32.8937197,-96.7526669,48113007812,,1
"Golden Star - Afghan Market, Bakery, & Cafe",300 #309 Terrace Drive,75081,convenience_corner_store,OSM,32.951711,-96.7278383,48113019102,,1
"Golden Star Halal Market - Afghan Market, Bakery, & Cafe",300 #309 Terrace Drive,75081,convenience_corner_store,OSM,32.951711,-96.7278383,48113019102,,1
Ferguson Super Wash-n-Dry,10355 Ferguson Road,,laundromat,OSM,32.8366299,-96.6721291,48113012702,,1
9-11 Hair & Nail Salon,10340 Ferguson Road,,barbershop_beauty,OSM,32.8357884,-96.6717354,48113012502,,1
Super Guanaco Express,2309 Gus Thomasson Road,,convenience_corner_store,OSM,32.8358933,-96.6755073,48113012702,,1
Breezer Barber,2327 Gus Thomasson Road,,barbershop_beauty,OSM,32.8358955,-96.6750803,48113012702,,1
Absolute Solutions for Healthy Hair,2339 Gus Thomasson Road,,barbershop_beauty,OSM,32.8361108,-96.6750412,48113012702,,1
Casa View Villa Nail Salon,2403 Gus Thomasson Road,,barbershop_beauty,OSM,32.8358971,-96.6743635,48113012702,,1
Mademoiselle Beauty Salon,10331 Ferguson Road,,barbershop_beauty,OSM,32.8361543,-96.6726109,48113012702,,1
Sarai Salon de Belleza,10851 Ferguson Road,,barbershop_beauty,OSM,32.8439381,-96.6634996,48113012601,,1
Notorious Cuts,10835 Ferguson Road,,barbershop_beauty,OSM,32.8436587,-96.6639967,48113012601,,1
Shadami Beauty Salon,10890 Ferguson Road,,barbershop_beauty,OSM,32.8425806,-96.6632358,48113012603,,1
Estrella's Beauty Salon,10824 Ferguson Road,,barbershop_beauty,OSM,32.8421323,-96.6633578,48113012603,,1
Ferguson Lavanderia,10814 Ferguson Road,,laundromat,OSM,32.8420508,-96.663456,48113012603,,1
My Store,10810 Ferguson Road,,convenience_corner_store,OSM,32.8419386,-96.6635865,48113012603,,1
QuikTrip,15659,,convenience_corner_store,OSM,32.9615804,-96.769679,48113013607,,1
Payless Convenience,205 North Carroll Avenue,75246,convenience_corner_store,OSM,32.7922656,-96.768626,48113001502,,1
Shell,353 Singleton Boulevard,75212,gas_station,OSM,32.7787849,-96.8300298,48113010102,,1
Arcadia Park,1302 North Justin Ave.,75211,library,DallasLibraries,32.75724164100046,-96.91142079699966,48113010701,False,1
Dallas West,2332 Singleton Boulevard,75212,library,DallasLibraries,32.77865084700045,-96.8601404689997,48113020500,False,1
Highland Hills,3624 Simpson Stuart Road,75241,library,DallasLibraries,32.67409044000044,-96.75999099899968,48113020200,False,1
Renner Frankford,6400 Frankford Road,75252,library,DallasLibraries,32.997840305000466,-96.7937701569997,,False,1
Skillman Southwestern,5707 Skillman Street,75206,library,DallasLibraries,32.85726070300046,-96.75631060899968,48113007916,False,1
Martin Luther King,2922 Martin Luther King Jr. Blvd.,75215,library,DallasLibraries,32.770500753000476,-96.76685053599965,48113020300,False,1
Pleasant Grove,7310 Lake June Road,75217,library,DallasLibraries,32.734240732000444,-96.69562104899967,48113009301,False,1
White Rock Hills,9150 Ferguson Rd,75228,library,DallasLibraries,32.81499711100048,-96.6940998019997,48113012210,False,1
Audelia Road,10045 Audelia Road,75238,library,DallasLibraries,32.88535104200048,-96.71795112899969,48113013008,False,1
Forest Green,9015 Forest Lane,75243,library,DallasLibraries,32.90924016100047,-96.74869056499966,48113007828,False,1
Vickery Park,8333 Park Lane,75231,library,DallasLibraries,32.871584729412405,-96.76159215999924,48113007815,False,1
Polk-Wisdom,7151 Library Lane,75232,library,DallasLibraries,32.66092100400044,-96.84173045399967,48113011101,False,1
Hampton-Illinois,2951 South Hampton Road,75224,library,DallasLibraries,32.714113229000475,-96.8571618259997,48113010804,False,1
Lochwood,11221 Lochwood Boulevard,75218,library,DallasLibraries,32.84861051900049,-96.68766108199969,48113012802,False,1
Bachman Lake,9480 Webb Chapel Rd.,75220,library,DallasLibraries,32.862430994000476,-96.8596104189997,48113009802,False,1
Oak Lawn,4100 Cedar Springs Road,75219,library,DallasLibraries,32.81238045700047,-96.81298100799967,48113000501,False,1
Prairie Creek,9609 Lake June Rd.,75217,library,DallasLibraries,32.734197879000476,-96.6566004769997,48113011802,False,1
Timberglen,18505 Midway Road,75287,library,DallasLibraries,33.003242963000446,-96.84385896199967,,False,1
Lakewood,6121 Worth Street,75214,library,DallasLibraries,32.80997152000049,-96.75272090999965,48113001301,False,1
Fretz Park,6990 Belt Line Road,75254,library,DallasLibraries,32.94996066700048,-96.78351023499965,48113013607,False,1
Bookmarks in NorthPark Center,8687 North Central Expressway,75225,library,DallasLibraries,32.86969037300048,-96.77071068199967,48113007801,False,1
Park Forest,3421 Forest Lane,75234,library,DallasLibraries,32.909710292000455,-96.86348093599969,48113009605,False,1
North Oak Cliff,302 West Tenth Street,75208,library,DallasLibraries,32.74508025200049,-96.8272105429997,48113004700,False,1
Kleberg Rylie,1301 Edd Road,75253,library,DallasLibraries,32.686331135000444,-96.6001002969997,48113017101,False,1
Skyline,6006 Everglade Road,75227,library,DallasLibraries,32.78541300800049,-96.69988517499968,48113012207,False,1
Preston Royal,5626 Royal Lane,75229,library,DallasLibraries,32.89480091000047,-96.81134015899966,48113007605,False,1
Grauwyler Park,2146 Gilford Street,75235,library,DallasLibraries,32.83375132600048,-96.85956613999969,48113000410,False,1
Paul Laurence Dunbar Lancaster-Kiest,2008 East Kiest Blvd,75216,library,DallasLibraries,32.71553112300046,-96.7896611169997,48113008802,False,1
Central Library,1515 Young St.,75201,library,DallasLibraries,32.77787075100048,-96.79693086699967,48113003103,False,1
Mountain Creek,6102 Mountain Creek Parkway,75249,library,DallasLibraries,32.65007111300048,-96.96650074199965,48113016528,False,1
