name,address,zip,category,geoid,tier,reach_raw,need_composite,need_grounded,rank_score_composite,rank_score_grounded,rank_composite,rank_grounded,in_top50_both,greedy_pick_order,data_completeness
SUPER FUELS LOMBARDY LLC,3400 LOMBARDY LN STE 108,75220,liquor_store,48113007205,1.0,14289,0.566645,0.8395773308974355,0.6813553305636969,0.6840136739761883,1,5,True,3,complete
LA MICHOACANA MEAT MARKET DALLAS #30,3380 LOMBARDY LANE,75220,liquor_store,48113007205,1.0,14231,0.566645,0.8395773308974355,0.6785896640249122,0.6812372170449392,2,6,True,,complete
LIRAS BARBER SHOP,3400 LOMBARDY LN,75220,barbershop_beauty,48113007205,1.0,14066,0.566645,0.8395773308974355,0.6707218195611282,0.6733386757750064,3,7,True,,complete
FIESTA MART #77,3460 WEBB CHAPEL EXTENSION,75220,liquor_store,48113007206,1.0,12256,0.605465,0.9047413796838146,0.6376020288615091,0.6338862949379959,4,12,True,,complete
Fiesta Mart Fuel Station #177,3434 Webb Chapel Ext,75220,liquor_store,48113007206,1.0,12256,0.605465,0.9047413796838146,0.6376020288615091,0.6338862949379959,5,13,True,,complete
7-ELEVEN CONVENIENCE STORE # 38111A,9707 WEBB CHAPEL ROAD,75220,convenience_corner_store,48113007206,1.0,11959,0.605465,0.9047413796838146,0.6221510005837784,0.6185253101471518,6,22,True,,complete
BURMESE ASIAN GROCERY STORE,8361 PARK LN Ste:100,75231,convenience_corner_store,48113007815,1.0,17437,0.453707,0.7296254228449779,0.6113126485133556,0.7214191575646156,7,3,True,1,complete
MARU GROCERY LLC,8353 PARK LN,75231,convenience_corner_store,48113007815,1.0,17437,0.453707,0.7296254228449779,0.6113126485133556,0.7214191575646156,8,4,True,,complete
1 ABC BEER WINE,9625 WEBB CHAPEL ROAD SUITE 100A,75220,convenience_corner_store,48113007206,1.0,11694,0.605465,0.9047413796838146,0.6083647295615607,0.6048193809566681,9,24,True,,complete
FIESTA MART #32,9727 WEBB CHAPEL RD,75220,liquor_store,48113009804,1.0,14156,0.52374,0.7785353929935459,0.6071151367125339,0.6265867731633231,10,14,True,,complete
EL PARAISO RESTAURANTE,3373 LOMBARDY LANE,75220,liquor_store,48113009804,1.0,14118,0.52374,0.7785353929935459,0.6054854125535146,0.6249047798474,11,15,True,,complete
Coin Laundry,,,laundromat,48113009804,1.0,13940,0.52374,0.7785353929935459,0.5978514414928456,0.6170259690517607,12,23,True,,complete
SHOE PALACE,9683 WEBB CHAPEL RD,75220,grocery_food_mart,48113007206,1.0,11446,0.605465,0.9047413796838146,0.5954628608313344,0.5919927000538757,13,27,True,,complete
PERFURMS AGUIRRE,3460 WEBB CHAPEL EXT Ste:5,75220,convenience_corner_store,48113007205,1.0,12256,0.566645,0.8395773308974355,0.5844139499887094,0.586694071541197,14,29,True,,complete
METRO BY T-MOBILE - KJ MOBILE,3440 WEBB CHAPEL EXT,75220,convenience_corner_store,48113007205,1.0,12256,0.566645,0.8395773308974355,0.5844139499887094,0.586694071541197,15,30,True,,complete
ICE HOUSE BEVERAGE #2,9430 LARGA DRIVE SUITE 101,75220,liquor_store,48113007206,1.0,11143,0.605465,0.9047413796838146,0.5796996905681949,0.5763213923379641,16,33,True,,complete
CHILLY MART #11,9763 WEBB CHAPEL ROAD,75220,liquor_store,48113009804,1.0,13481,0.52374,0.7785353929935459,0.578166089151008,0.5967092603146904,17,26,True,,complete
Royal Chopstix,9625 Webb Chapel Rd Suite 400,75220,liquor_store,48113007206,1.0,11062,0.605465,0.9047413796838146,0.5754857737651774,0.572132032849552,18,34,True,,complete
VICKERY MEADOW BRANCH LIBRARY,8333 PARK LN,75231,library,48113007815,1.0,16110,0.453707,0.7296254228449779,0.5647902028760773,0.6665173268547318,19,8,True,,complete
BONITO FOOD STORE,7020 FAIR OAKS AVE Ste:100 A,75231,convenience_corner_store,48113007815,1.0,16047,0.453707,0.7296254228449779,0.5625815261050535,0.6639108345150764,20,9,True,,complete
NEW ELEGANT SALON SPA,9730 WEBB CHAPEL RD Ste:B,75220,barbershop_beauty,48113009804,1.0,13099,0.52374,0.7785353929935459,0.5617830726050778,0.5798008011914643,21,32,True,,complete
SISTER'S FOOD TO GO,8336 PARK LN Ste:B,75231,convenience_corner_store,48113007815,1.0,15836,0.453707,0.7296254228449779,0.5551842118401962,0.6551811538219449,22,11,True,,complete
NEVERIA TROPICANA,9430 LARGA DR Ste:201,75220,convenience_corner_store,48113007206,1.0,10671,0.605465,0.9047413796838146,0.555144521049377,0.5519093222326495,23,40,True,,complete
CONOCO,9763 WEBB CHAPEL RD,75220,grocery_food_mart,48113009804,1.0,12838,0.52374,0.7785353929935459,0.5505894408812878,0.568248162889993,24,35,True,,complete
JP Discount Beer & Wine Beverages,9757 Webb Chapel Rd,75220,liquor_store,48113009804,1.0,12800,0.52374,0.7785353929935459,0.5489597167222685,0.56656616957407,25,37,True,,complete
JP DISCOUNT BEER & WINE,9757 WEBB CHAPEL RD,75220,convenience_corner_store,48113009804,1.0,12514,0.52374,0.7785353929935459,0.5366938980517554,0.5539069567226494,26,38,True,,complete
TAQUERIA TAXCO,3025 WEBB CHAPEL EXT Ste:103,75220,convenience_corner_store,48113007204,1.0,12363,0.510326,0.7699757296925895,0.5116786375658129,0.5409701636668102,27,42,True,,complete
ALL-N-GO,3025 WEBB CHAPEL EXT,75220,liquor_store,48113007204,1.0,12363,0.510326,0.7699757296925895,0.5116786375658129,0.5409701636668102,28,43,True,,complete
Vickery Park,8333 Park Lane,75231,library,48113007815,1.0,14308,0.453707,0.7296254228449779,0.5016150355525086,0.5919633713617319,29,28,True,,complete
LAVANDERIA,8202 SPRING VALLEY RD Ste:400,75240,laundromat,48113019208,1.0,12753,0.490048,0.7468611555818807,0.49890995894963386,0.5406169232205948,30,44,True,5,complete
CROWN SPIRITS & BEVERAGES,8451 PARK LANE,75231,liquor_store,48113007821,2.0,16489,0.408663,0.6652298664803632,0.49504612683417876,0.6194548612339758,31,16,True,,complete
7-ELEVEN CONVENIENCE STORE #17433C,8440 PARK LN,75231,convenience_corner_store,48113007821,2.0,16489,0.408663,0.6652298664803632,0.49504612683417876,0.6194548612339758,32,17,True,,complete
DOMINO'S PIZZA,8446 PARK LN,75231,convenience_corner_store,48113007821,2.0,16489,0.408663,0.6652298664803632,0.49504612683417876,0.6194548612339758,33,18,True,,complete
Crowne Spirits & Beverages,8451 Park Lane,,liquor_store,48113007821,2.0,16489,0.408663,0.6652298664803632,0.49504612683417876,0.6194548612339758,34,19,True,,complete
24 Hour Store,8455 Park Lane,,convenience_corner_store,48113007821,2.0,16489,0.408663,0.6652298664803632,0.49504612683417876,0.6194548612339758,35,20,True,,complete
Hair Pro Salon,8451 Park Lane,,barbershop_beauty,48113007821,2.0,16489,0.408663,0.6652298664803632,0.49504612683417876,0.6194548612339758,36,21,True,,complete
7-Eleven,8440 Park Lane,,convenience_corner_store,48113007832,2.0,16828,0.403051,0.7586965005321819,0.4946663816531272,0.7251303471115748,37,1,True,,complete
Express Hair Salon,,,barbershop_beauty,48113007832,2.0,16828,0.403051,0.7586965005321819,0.4946663816531272,0.7251303471115748,38,2,True,,complete
DBA 3 ESTRELLAS SALON BARBER,8282 SPRING VALLEY RD Ste:260,75240,barbershop_beauty,48113019208,1.0,12540,0.490048,0.7468611555818807,0.49057718852257576,0.5315875650581243,39,46,True,,complete
FRUTTI,2915 COMMUNITY DR Ste:103,75220,convenience_corner_store,48113007204,1.0,11731,0.510326,0.7699757296925895,0.4855214832390642,0.5133156183754226,40,50,True,33,complete
TODAY'S DISCOUNT FOOD MART,8405 PARK LANE,75231,liquor_store,48113007821,2.0,16072,0.408663,0.6652298664803632,0.48252661474188374,0.6037891036298416,41,25,True,,complete
MERCADO DURANGO,3064 WEBB CHAPEL EXT,75220,liquor_store,48113007204,1.0,11584,0.510326,0.7699757296925895,0.47943746158395023,0.50688331116366,42,53,False,,complete
SHOP N GO #3,8220 SPRING VALLEY ROAD SUITE 103,75240,liquor_store,48113019208,1.0,12095,0.490048,0.7468611555818807,0.4731683488979708,0.5127234130285497,43,51,False,,complete
SAM'S CLUB #8248,9461 WEBB CHAPEL RD,75220,grocery_food_mart,48113007206,1.0,9058,0.605465,0.9047413796838146,0.4712303506386708,0.4684841758769881,44,63,False,,complete
KWICK SAVE MART,7015 HOLLY HILL DR,75231,liquor_store,48113007815,1.0,13360,0.453707,0.7296254228449779,0.46837970890281766,0.5527418675840606,45,39,True,,complete
PARK LANE PHARMACY,8405 PARK LN Ste:100,75231,convenience_corner_store,48113007830,2.0,16072,0.400152,0.7253375870149694,0.467234746935553,0.660873026260628,46,10,True,,complete
KWICK SAVEMART,7015 HOLLY HILL DR,75231,convenience_corner_store,48113007815,1.0,13284,0.453707,0.7296254228449779,0.4657152734330112,0.549597527618762,47,41,True,,complete
CERVECERIA EL RANCHO,1264 W SPRING VALLEY ROAD,75080,liquor_store,48113019214,1.0,12617,0.463703,0.715862797588128,0.45643047817833443,0.5117412483166699,48,52,False,,complete
Aqua Wash,,,laundromat,48113019208,1.0,11662,0.490048,0.7468611555818807,0.4562289611284114,0.49436795723348054,49,56,False,,complete
GOODY GOODY LIQUOR STORE #3,7124 GREENVILLE AVENUE,75231,liquor_store,48113007815,1.0,13001,0.453707,0.7296254228449779,0.4557937571441267,0.537888998537453,50,45,True,,complete
QUALITY LICENSING CORP. (STORE #8248),9461 WEBB CHAPEL RD,75220,liquor_store,48113007206,1.0,8752,0.605465,0.9047413796838146,0.455311109382827,0.4526577066985427,51,70,False,,complete
TODOS AMIGOS,2915 COMMUNITY DR STE 101,75220,liquor_store,48113007204,1.0,10926,0.510326,0.7699757296925895,0.4522042217943923,0.47809107888243696,52,59,False,,complete
COSTCO BUSINESS CENTER,8282 PARK LN,75231,grocery_food_mart,48113007815,1.0,12767,0.453707,0.7296254228449779,0.44759010056603843,0.5282077412758759,53,47,False,,complete
El Encanto,3054 Webb Chapel Ext,75220,liquor_store,48113007204,1.0,10482,0.510326,0.7699757296925895,0.433827993121803,0.45866288567139885,54,67,False,,complete
Shamrock,,,gas_station,48113019208,1.0,10912,0.490048,0.7468611555818807,0.42688822018806594,0.4625744425768941,55,65,False,,complete
Shop-n-Go,,,convenience_corner_store,48113019208,1.0,10771,0.490048,0.7468611555818807,0.42137216089128093,0.4565972618214559,56,68,False,,complete
LINDAS LIQUOR BEER WINE,9740 WEBB CHAPEL RD,75220,convenience_corner_store,48113009802,2.0,12838,0.433507,0.6748328747577819,0.42108854024073117,0.4895797659364667,57,57,False,,complete
BIRRIERIA AGUINAGA,2829 W NORTHWEST HWY STE 520,75220,liquor_store,48113007204,1.0,10158,0.510326,0.7699757296925895,0.42041831273910274,0.4444855554903711,58,73,False,,complete
CORNER FOOD #9,4002 N BELT LINE ROAD SUITE 101,75038,liquor_store,48113014309,2.0,13247,0.423771,0.6856934486443875,0.42008570547265095,0.5136783374162087,59,49,False,4,complete
SUPER MERCADO 5 ESTRELLAS,9648 OVERLAKE DRIVE,75220,convenience_corner_store,48113007204,1.0,10096,0.510326,0.7699757296925895,0.4178522627893268,0.4417726095915325,60,75,False,,complete
BARBY'S SALON,9656 OVERLAKE DR,75220,barbershop_beauty,48113007204,1.0,10096,0.510326,0.7699757296925895,0.4178522627893268,0.4417726095915325,61,76,False,,complete
#1 CHAMPION BILLARD & GAMES,9530 OVERLAKE DR Ste:D,75220,other_storefront,48113007204,1.0,10074,0.510326,0.7699757296925895,0.4169417289361805,0.4408099513693639,62,78,False,,complete
Choe Convenience,6866 Shady Brook Ln,75231,liquor_store,48113007830,2.0,14262,0.400152,0.7253375870149694,0.41461560233915234,0.5864466837063885,63,31,False,,complete
The Liquor Outpost,4070 N Belt Line Rd STE 114,75038,liquor_store,48113014309,2.0,13015,0.423771,0.6856934486443875,0.41272857678920155,0.5046820836017178,64,54,False,,complete
A1 FOOD STORE,2938 STOREY LN,75220,convenience_corner_store,48113007204,1.0,9971,0.510326,0.7699757296925895,0.4126787749873591,0.43630296060193846,65,83,False,,complete
AFRICAN MARKET ON PARK LANE,8224 PARK LN Ste:100A,75231,convenience_corner_store,48113007815,1.0,11766,0.453707,0.7296254228449779,0.4124966807597719,0.4867934741013516,66,58,False,,complete
Sam Food and Beer,9530 Overlake Dr Ste A,75220,liquor_store,48113007204,1.0,9878,0.510326,0.7699757296925895,0.4088297000626951,0.4322335417536804,67,84,False,,complete
Step-n-Go,,,convenience_corner_store,48113019208,1.0,10448,0.490048,0.7468611555818807,0.4087360817929722,0.44290485484268605,68,74,False,,complete
STEP & GO,8188 SPRING VALLEY RD,75240,liquor_store,48113019208,1.0,10420,0.490048,0.7468611555818807,0.4076406941311993,0.44171789696217345,69,77,False,,complete
LAKESIDE LIQUOR,2806 W NORTHWEST HWY,75220,liquor_store,48113007203,1.0,9573,0.520906,0.7693571973736062,0.4075289267951206,0.41853771421946656,70,90,False,,complete
JOY DONUTS #1,8188 SPRING VALLEY RD Ste:110,75240,convenience_corner_store,48113019208,1.0,10391,0.490048,0.7468611555818807,0.40650618548150597,0.4404885477287855,71,79,False,,complete
RACETRAC #2337,2807 W NORTHWEST HWY,75220,liquor_store,48113007204,1.0,9744,0.510326,0.7699757296925895,0.40328372113898575,0.42637007803683563,72,85,False,,complete
BACK COUNTRY BAR-B-Q,6940 GREENVILLE AVE,75231,liquor_store,48113007815,1.0,11496,0.453707,0.7296254228449779,0.4030309231696701,0.4756227926456857,73,60,False,,complete
QUIKTRIP #933,7104 GREENVILLE AVENUE,75231,liquor_store,48113007815,1.0,11484,0.453707,0.7296254228449779,0.40261022283233217,0.47512631791432275,74,61,False,,complete
Suarez Hair Salon,6874 Shady Brook Lane,,barbershop_beauty,48113007830,2.0,13808,0.400152,0.7253375870149694,0.4014172091641436,0.5677784187784191,75,36,False,,complete
Hippo Beverage,1310 W Spring Valley Rd,75080,liquor_store,48113019214,1.0,11051,0.463703,0.715862797588128,0.399779124542187,0.44822481851054274,76,72,False,,complete
BUD QUICKWAY FOOD MART,9738 WEBB CHAPEL RD,75220,liquor_store,48113009802,2.0,11922,0.433507,0.6748328747577819,0.3910435875331046,0.4546479178606135,77,69,False,,complete
MI TIENDA SALVADORENA,9505 LARGA DR,75220,convenience_corner_store,48113009802,2.0,11840,0.433507,0.6748328747577819,0.3883539738627712,0.4515208310241288,78,71,False,,complete
DAWN WIRELESS,2750 W NORTHWEST HWY Ste:130,75220,convenience_corner_store,48113007203,1.0,9105,0.520906,0.7693571973736062,0.3876058579828239,0.3980764533550865,79,100,False,,complete
7-ELEVEN CONVENIENCE STORE #26721A,2750 W NORTHWEST HWY STE 100,75220,liquor_store,48113007203,1.0,9105,0.520906,0.7693571973736062,0.3876058579828239,0.3980764533550865,80,101,False,,complete
LA PRINCIPAL BARBER SHOP,3021 LOMBARDY LN Ste:103,75220,barbershop_beauty,48113007204,1.0,9318,0.510326,0.7699757296925895,0.3856524747098799,0.40772951428029913,81,92,False,,complete
TIENDA MI MEXICO,2739 W NW HWY,75220,liquor_store,48113007204,1.0,9276,0.510326,0.7699757296925895,0.3839141828084187,0.4058917122197955,82,94,False,,complete
NORTHWEST HWY QUICK STOP,2745 W NW HWY,75220,liquor_store,48113007204,1.0,9276,0.510326,0.7699757296925895,0.3839141828084187,0.4058917122197955,83,95,False,,complete
CASA HIMALAYA,3343 Country Club Dr W,75038,liquor_store,48113014309,2.0,12042,0.423771,0.6856934486443875,0.381873032784907,0.4669521053193919,84,64,False,,complete
METRO BY T-MOBILE,9671 WEBB CHAPEL RD,75220,convenience_corner_store,48113009802,2.0,11469,0.433507,0.6748328747577819,0.37618511201284827,0.43737266984930184,85,80,False,,complete
D CROWN NAIL BAR,9659 WEBB CHAPEL RD,75220,barbershop_beauty,48113009802,2.0,11469,0.433507,0.6748328747577819,0.37618511201284827,0.43737266984930184,86,81,False,,complete
LITTLE CAESARS PIZZA,9667 WEBB CHAPEL RD,75220,convenience_corner_store,48113009802,2.0,11469,0.433507,0.6748328747577819,0.37618511201284827,0.43737266984930184,87,82,False,,complete
TRAK 10,3420 W WALNUT ST,75042,liquor_store,48113019013,1.0,8511,0.533263,0.8680196140759859,0.3740760793141475,0.42172515827834356,88,86,False,10,complete
EL RANCHO #37,3460 W Walnut St STE 106,75042,liquor_store,48113019013,1.0,8475,0.533263,0.8680196140759859,0.37249380474531785,0.41994133667124445,89,87,False,,complete
ODAA  BEAUTY SUPPLY LLC,5555 PRESTON OAKS RD Ste:1B,75254,convenience_corner_store,48113013629,2.0,14423,0.368013,0.6411467265540008,0.3674760211470979,0.5213148998010212,90,48,False,2,complete
7-ELEVEN CONVENIENCE STORE #21261A,230 W PIONEER PKWY,75051,liquor_store,48113016203,1.0,7299,0.588974,0.7129243294719578,0.366264588994271,0.29477761471239994,91,162,False,22,complete
Family Dollar #25937,8152 Spring Valley Rd,75240,liquor_store,48113019208,1.0,9338,0.490048,0.7468611555818807,0.36531178520126095,0.39585045315093814,92,102,False,,complete
THE MODA,8096 SPRING VALLEY RD,75240,convenience_corner_store,48113019208,1.0,9292,0.490048,0.7468611555818807,0.3635122197569197,0.3939004509186675,93,103,False,,complete
Golden Dragon Chinese Restaurant,2828 Webb Chapel Ext,75220,liquor_store,48113007204,1.0,8782,0.510326,0.7699757296925895,0.3634685590150423,0.38427565941291975,94,106,False,,complete
DAILY MART,2963 BELLE STARR DRIVE,75227,liquor_store,48113012000,1.0,9113,0.494465,0.736557919249281,0.36100942072370923,0.38076424282192917,95,107,False,8,complete
Rapido Lavanderia,,,laundromat,48113014153,2.0,12117,0.406255,0.5418212416628312,0.36052456596832894,0.3668488938783234,96,118,False,,complete
WALNUT BEER AND WINE,3246 W WALNUT STREET,75042,liquor_store,48113019013,1.0,8177,0.533263,0.8680196140759859,0.3593960874811167,0.40517525781247976,97,96,False,,complete
FOOD PLUS 3,9602 SCYENE RD,75227,convenience_corner_store,48113012000,1.0,9058,0.494465,0.736557919249281,0.3588306082426598,0.3784662033886793,98,109,False,,complete
FAMILY DOLLAR,9554 SCYENE RD,75227,grocery_food_mart,48113012000,1.0,9007,0.494465,0.736557919249281,0.3568102548511412,0.37633529409602945,99,110,False,,complete
QUIK TRIP - STORE #933,7104 GREENVILLE AVE,75231,grocery_food_mart,48113007815,1.0,10118,0.453707,0.7296254228449779,0.35472050109870573,0.41861094432750934,100,89,False,,complete
Family Dollar #25507,9554 Scyene Rd,75227,liquor_store,48113012000,1.0,8951,0.494465,0.736557919249281,0.35459182759770896,0.37399547212762957,101,113,False,,complete
VILLAGE LIQUOR,9508 WEBB CHAPEL RD # 100,75220,liquor_store,48113009802,2.0,10728,0.433507,0.6748328747577819,0.35188018847971364,0.4091144827049708,102,91,False,,complete
7-SEVEN BEVERAGE STORE,9500 WEBB CHAPEL RD,75220,liquor_store,48113009802,2.0,10664,0.433507,0.6748328747577819,0.34978097781018513,0.4066738295642998,103,93,False,,complete
LA MICHOACANA MEAT MARKET,202 W PIONEER PKWY,75051,liquor_store,48113016203,1.0,6970,0.588974,0.7129243294719578,0.3497553343321097,0.2814906116653552,104,179,False,,complete
PALELERIA Y NEVERIA LA MICHOACANA,8086 SPRING VALLEY RD,75240,convenience_corner_store,48113019208,1.0,8704,0.490048,0.7468611555818807,0.3405090788596889,0.3689743354279038,105,116,False,,complete
SHAQ SHELL STATION,14040 COIT RD,75240,convenience_corner_store,48113019208,1.0,8605,0.490048,0.7468611555818807,0.33663610105556335,0.3647775914932344,106,119,False,,complete
SUSHI TIA,14211 COIT RD,75254,convenience_corner_store,48113019214,1.0,9245,0.463703,0.715862797588128,0.3344455711150592,0.37497406996018173,107,111,False,,complete
EL CENTRO SUPERMARKET,8231 PARK LANE,75231,liquor_store,48113007815,1.0,9507,0.453707,0.7296254228449779,0.33329984225591974,0.3933321059222803,108,104,False,,complete
Food Mart,,,convenience_corner_store,48113019208,1.0,8478,0.490048,0.7468611555818807,0.33166773558966484,0.35939388967805247,109,121,False,,complete
ARCENIO'S BARBER ACADEMY,14215 COIT RD Ste:126,75254,barbershop_beauty,48113019214,1.0,9145,0.463703,0.715862797588128,0.33082798786881734,0.3709181038167509,110,115,False,,complete
FIESTA MART #58,8060 SPRING VALLEY RD,75240,liquor_store,48113019208,1.0,8362,0.490048,0.7468611555818807,0.3271297009908914,0.35447649274450044,111,123,False,,complete
FIESTAR LAUNDRY LLC DBA WONDER WASH,8028 SPRING VALLEY RD,75240,laundromat,48113019208,1.0,8309,0.490048,0.7468611555818807,0.325056288631107,0.3522297510421017,112,125,False,,complete
C STORE NO. 11,13207 ESPERANZA RD,75240,liquor_store,48113019208,1.0,8255,0.490048,0.7468611555818807,0.32294375528340213,0.34994061798682746,113,126,False,,complete
AMEX PHARMACY,7150 GREENVILLE AVE Ste:107,75231,convenience_corner_store,48113007815,1.0,9189,0.453707,0.7296254228449779,0.3221512833164664,0.38017552554116263,114,108,False,,complete
H & M FOOD MART,3635 N BELT LINE RD,75062,liquor_store,48113014153,2.0,10819,0.406255,0.5418212416628312,0.3219043723043122,0.3275512241371281,115,131,False,,complete
KROGER #402,3612 N BELT LINE ROAD,75062,liquor_store,48113014309,2.0,10104,0.423771,0.6856934486443875,0.3204156388688507,0.39180236440351573,116,105,False,,complete
TIGERMART #89,1436 W SPRING VALLEY ROAD,75080,liquor_store,48113019214,1.0,8547,0.463703,0.715862797588128,0.30919484005629105,0.3466634262790344,117,128,False,,complete
THE LOCAL SHOPPE #702,14040 MONTFORT DR,75240,convenience_corner_store,48113013615,3.0,14401,0.331391,0.6124634973078427,0.3079572250298643,0.49611159706562574,118,55,False,,complete
EL RANCHO #40,3535 N Belt Line Rd,75062,liquor_store,48113014153,2.0,10243,0.406255,0.5418212416628312,0.3047662894457038,0.3101125047450414,119,144,False,,complete
Family Dollar #26955,3620 N BELT LINE RD,75062,liquor_store,48113014309,2.0,9605,0.423771,0.6856934486443875,0.30459146984712104,0.372452663311141,120,114,False,,complete
ACADEMY SPORTS & OUTDOORS,6375 E NORTHWEST HWY,75231,grocery_food_mart,48113007819,3.0,13768,0.33729,0.6062874926460072,0.30350032311977426,0.4692803811617571,121,62,False,,complete
7-ABC BEER TO GO,3021 LOMBARDY LN STE 104,75220,liquor_store,48113009804,1.0,7027,0.52374,0.7785353929935459,0.30137030698495165,0.31103597449976483,122,143,False,,complete
TERRY'S DONUT,9496 WEBB CHAPEL RD,75220,convenience_corner_store,48113009802,2.0,9148,0.433507,0.6748328747577819,0.300055925075729,0.34886085829465624,123,127,False,,complete
LOW PRIZE FOOD MART,1472 W SPRING VALLEY RD,75080,liquor_store,48113019214,1.0,8236,0.463703,0.715862797588128,0.2979441561604789,0.3340493715729645,124,129,False,,complete
LA MICHOACANA MEAT MARKET #26,3500 N BELT LINE RD STE 110,75062,liquor_store,48113014309,2.0,9392,0.423771,0.6856934486443875,0.29783686463343684,0.36419317166249204,125,120,False,,complete
METRO BY T-MOBILE,6889 SHADY BROOK LN,75231,other_storefront,48113007819,3.0,13476,0.33729,0.6062874926460072,0.29706350627266687,0.45932760143345713,126,66,False,,complete
HANDY FOOD MART,2128 SW 3rd St,75051,liquor_store,48113016204,1.0,6491,0.547063,0.645670597987047,0.2953067367486953,0.2363503428279512,127,277,False,,complete
MEDELLIN NAIL SPA,2990 LOMBARDY LN Ste:206,75220,barbershop_beauty,48113007204,1.0,7027,0.510326,0.7699757296925895,0.2908327902754159,0.3074817875990193,128,149,False,,complete
7-ELEVEN CONVENIENCE STORE #21764A,2990 LOMBARDY LANE SUITE 101,75220,liquor_store,48113007204,1.0,7027,0.510326,0.7699757296925895,0.2908327902754159,0.3074817875990193,129,150,False,,complete
Family Dollar #25670,726 W PIONEER PKWY,75051,liquor_store,48113016203,1.0,5718,0.588974,0.7129243294719578,0.28692984242625585,0.23092730523708765,130,296,False,,complete
ORALE LIQUOR STORE,9702 BROCKBANK DR Ste:120,75220,liquor_store,48113009804,1.0,6681,0.52374,0.7785353929935459,0.2865312396423028,0.29572098272846575,131,159,False,,complete
STOP N BUY,9750 BROCKBANK DR # 4,75220,liquor_store,48113009804,1.0,6664,0.52374,0.7785353929935459,0.2858021525185311,0.2949685120345002,132,160,False,,complete
J. P BILLIARDS,9750 BROCKBANK DR STE 1,75220,liquor_store,48113009804,1.0,6664,0.52374,0.7785353929935459,0.2858021525185311,0.2949685120345002,133,161,False,,complete
CVS/PHARMACY #7421,810 W PIONEER PKWY,75051,liquor_store,48113016100,1.0,6185,0.552116,0.6889898339024092,0.284879136326308,0.24104020781078983,134,260,False,,complete
Fina Mart,1303 E Grauwyler Rd,75061,liquor_store,48113014701,1.0,8056,0.454854,0.6599934917041483,0.28346314213800594,0.3001532427236883,135,156,False,,complete
(unnamed gas_station),,,gas_station,48113014701,1.0,8056,0.454854,0.6599934917041483,0.28346314213800594,0.3001532427236883,136,157,False,,complete
EZ Food Mart,688 W Pioneer Pkwy ste 140,75051,liquor_store,48113016203,1.0,5632,0.588974,0.7129243294719578,0.28261435336563007,0.22745410687220666,137,311,False,,complete
EL RANCHO #14,14211 S Coit Rd,75254,liquor_store,48113013609,2.0,9231,0.412239,0.6214227847316898,0.28083082043314544,0.322893048224699,138,132,False,,complete
Chevron Food Mart 2,14225 S Coit Rd,75254,liquor_store,48113013609,2.0,9196,0.412239,0.6214227847316898,0.2797660301920925,0.32166877602365207,139,133,False,,complete
SOCIETY OF VENCENT DE PAUL,5750 PINELAND DR Ste:280,75231,convenience_corner_store,48113007815,1.0,7961,0.453707,0.7296254228449779,0.2790996154622254,0.3293696113650229,140,130,False,,complete
Bachman Lake,9480 Webb Chapel Rd.,75220,library,48113009802,2.0,8386,0.433507,0.6748328747577819,0.2750621980416553,0.31980183183854255,141,135,False,,complete
RED BIRD,3641 W NORTHWEST HWY Ste:140,75220,grocery_food_mart,48113007206,1.0,5260,0.605465,0.9047413796838146,0.2736444738749623,0.27204976430922473,142,197,False,,complete
Star Mart,1033 SW 3rd St,75051,liquor_store,48113016002,1.0,5439,0.588085,0.7705363615027627,0.27238904929393243,0.23817554842783908,143,270,False,,complete
LIQUOR DEPOT,3505 N BELT LINE ROAD,75240,liquor_store,48113014153,2.0,9143,0.406255,0.5418212416628312,0.27203731176433366,0.2768093947948759,144,189,False,,complete
Fox,,,gas_station,48113014161,2.0,8288,0.433616,0.5305385704606631,0.2719487735384265,0.24539824839428492,145,250,False,11,complete
ORALE LIQUOR STORE,9702 BROCKBANK DRIVE SUITE 120,75220,liquor_store,48113009804,1.0,6340,0.52374,0.7785353929935459,0.27190660968899866,0.28062730586715656,146,181,False,,complete
Orale Food Mart,9702 Brockbank Dr Ste 100,75220,liquor_store,48113009804,1.0,6340,0.52374,0.7785353929935459,0.27190660968899866,0.28062730586715656,147,182,False,,complete
GREATER THAN PERFORMANCE & REHAB,7035 GREENVILLE AVE Ste:101,75231,barbershop_beauty,48113007822,3.0,13001,0.326831,0.42987960707786643,0.2713914895345993,0.3076157359459336,148,148,False,,complete
VIVA FOOD MARKET,6760 SHADYBROOK LN,75231,liquor_store,48113007819,3.0,12304,0.33729,0.6062874926460072,0.2712280633109894,0.41938014307192467,149,88,False,,complete
PARK LANE MART,8209 PARK LN,75231,convenience_corner_store,48113007815,1.0,7734,0.453707,0.7296254228449779,0.2711413674142509,0.31997796436340753,150,134,False,,complete
Dollar General Store #31905,604 E PIONEER PKWY,75051,liquor_store,48113016204,1.0,5951,0.547063,0.645670597987047,0.27073954558488456,0.21668785859946657,151,346,False,,complete
4243 W PIONEER DRIVE,4243 W Pioneer Dr,75061,liquor_store,48113014407,1.0,8126,0.437827,0.7726399853089242,0.2704585304662481,0.3568502236489251,152,122,False,14,complete
MI TIENDA SALVADORENA,2647 W NORTHWEST HWY Ste:140,75220,convenience_corner_store,48113007204,1.0,6525,0.510326,0.7699757296925895,0.2700560632627137,0.28551567725680954,153,175,False,,complete
GP CORNER STORE,595 W PIONEER PARKWAY,75051,liquor_store,48113016406,1.0,6731,0.498206,0.555423904911549,0.2694620259098898,0.20919500522403056,154,380,False,,complete
Liquor Den,591 W Pioneer Pkwy,75051,liquor_store,48113016406,1.0,6731,0.498206,0.555423904911549,0.2694620259098898,0.20919500522403056,155,381,False,,complete
LUNA MART,2647 W Northwest Hwy STE A,75220,liquor_store,48113007204,1.0,6467,0.510326,0.7699757296925895,0.2676555649226007,0.2829777601256379,156,177,False,,complete
Magic Coin Laundry and Dry Cleaning,7879 Spring Valley Road,75254,laundromat,48113013609,2.0,8759,0.412239,0.6214227847316898,0.2664713634680881,0.30638286311343715,157,151,False,,complete
SHS Nursery Inc,900 E. Grauwyler Road,75061,liquor_store,48113014704,2.0,8234,0.428961,0.6560512397317662,0.265892007734786,0.30486713897210255,158,152,False,12,complete
7-ELEVEN CONVENIENCE STORE #22654A,3321 WALNUT HILL LN,75038,liquor_store,48113014158,2.0,10403,0.368216,0.6039800113661445,0.2652886412429175,0.3531663820756289,159,124,False,,complete
SUPER FUELS NORTHGATE LLC,4455 W NORTHGATE DR,75062,liquor_store,48113014161,2.0,8070,0.433616,0.5305385704606631,0.2647956807981542,0.2389435164746476,160,268,False,,complete
QUIKTRIP #904,6060 SKILLMAN ST,75231,liquor_store,48113007809,2.0,10332,0.368929,0.4963180023004522,0.26430159695740685,0.28502651111290306,161,176,False,,complete
Family Dollar #21479,982 E GRAUWYLER RD,75061,liquor_store,48113014704,2.0,8182,0.428961,0.6560512397317662,0.2642128257573499,0.30294181820132904,162,153,False,,complete
SHOP & FUN FOOD MART,917 SW 3rd St,75051,liquor_store,48113016002,1.0,5273,0.588085,0.7705363615027627,0.264075649370639,0.23090635537047166,163,297,False,,complete
LA MICHOACANA SUPERMARKET #3,934 E GRAUWYLER RD,75061,liquor_store,48113014704,2.0,8150,0.428961,0.6560512397317662,0.26317948300200456,0.30175700541931455,164,154,False,,complete
Angel Hair Salon & Supply,8224 Park Lane,,barbershop_beauty,48113007819,3.0,11871,0.33729,0.6062874926460072,0.2616830575068884,0.40462139778989087,165,97,False,,complete
QUIKTRIP #994,4301 N BELT LINE,75038,liquor_store,48113014310,2.0,9432,0.386493,0.5964851443126667,0.25979865023311827,0.3160252135036085,166,141,False,,complete
QUALITY LICENSING CORP. (STORE #5823),6185 RETAIL RD STE 200,75231,liquor_store,48113007819,3.0,11780,0.33729,0.6062874926460072,0.2596770632154954,0.401519675340318,167,98,False,,complete
QUALITY LICENSING CORP. (STORE #6372),6185 RETAIL RD STE 100,75231,liquor_store,48113007819,3.0,11780,0.33729,0.6062874926460072,0.2596770632154954,0.401519675340318,168,99,False,,complete
Bonita Food Mart,901 SW 3rd St,75051,liquor_store,48113016002,1.0,5158,0.588085,0.7705363615027627,0.258316366291249,0.2258704686138617,169,315,False,,complete
METRO BY T-MOBILE,9585 SCYENE RD Ste:H,75227,convenience_corner_store,48113012102,2.0,9067,0.393695,0.5739403329257945,0.25704501472983926,0.2917168526237713,170,164,False,,complete
365 Food & Fuel #13,7057 Greenville Ave,75231,liquor_store,48113007822,3.0,12274,0.326831,0.42987960707786643,0.2562156097644544,0.2904142406738242,171,169,False,,complete
TIPICO'S RESTAURANT,3118 W NORHTWEST HWY,75220,liquor_store,48113000410,1.0,6268,0.505161,0.46819253537623756,0.2558001994159674,0.16249688387095168,172,822,False,,complete
LA  OVEHRA SWEETS BAR,9575 SCYENE RD Ste:102,75227,convenience_corner_store,48113012102,2.0,9006,0.393695,0.5739403329257945,0.255315694568979,0.2897542709528714,173,170,False,,complete
J'S MINI MART,9595 SCYENE RD,75227,convenience_corner_store,48113012102,2.0,8989,0.393695,0.5739403329257945,0.2548337528848048,0.28920732196262056,174,171,False,,complete
A & M Food Mart,314 S Barnes Dr,75042,liquor_store,48113019013,1.0,5772,0.533263,0.8680196140759859,0.2536913558690235,0.286006064338221,175,174,False,,complete
PRIMOS FOOD MART,207 CLARICE ST,75051,liquor_store,48113016002,1.0,5049,0.588085,0.7705363615027627,0.25285756754643585,0.22109732377498795,176,331,False,,complete
(unnamed laundromat),,,laundromat,48113016407,1.0,6213,0.50304,0.5927537949593471,0.2520824548366584,0.2068006776829652,177,395,False,,complete
WINCO FOODS,1122 W CENTERVILLE RD,75041,liquor_store,48113018127,2.0,7724,0.430934,0.621629061976121,0.2511267536232969,0.270273532325824,178,200,False,15,complete
CLASSE EATS & SWEETS,7634 GREAT TRINITY FOREST WAY,75217,convenience_corner_store,48113009304,1.0,5780,0.52734,0.795672134188592,0.25021578624147855,0.2616929170658596,179,206,False,50,complete
ALDI (TEXAS) LLC #70,424 E PIONEER PARKWAY,75051,liquor_store,48113016204,1.0,5489,0.547063,0.645670597987047,0.2497209487002909,0.19986551098176306,180,438,False,,complete
RNS FINAL STOP,3005 S CARRIER PKWY #101,75052,liquor_store,48113016406,1.0,6237,0.498206,0.555423904911549,0.2496857310355048,0.19384181363575675,181,472,False,,complete
SOULS BOUTIQUE,880 W KIEST BLVD Ste:105,75224,convenience_corner_store,48113006001,1.0,7486,0.437383,0.6589066795957749,0.24878576989359188,0.2784352365061386,182,186,False,19,complete
One Stop Liquor,2501 S Carrier Pkwy,75051,liquor_store,48113016406,1.0,6207,0.498206,0.555423904911549,0.24848474146823443,0.19290943357978868,183,477,False,,complete
Quick Way Corner,,,convenience_corner_store,48113014139,2.0,9488,0.374215,0.44792736295468105,0.24831809731712942,0.23461328513546792,184,281,False,,complete
QUIK TRIP - STORE #904,6060 SKILLMAN ST,75231,grocery_food_mart,48113007809,2.0,9705,0.368929,0.4963180023004522,0.24826238854739002,0.2677296061121491,185,201,False,,complete
Top Cuts,410 East Pioneer Parkway,75051,barbershop_beauty,48113016204,1.0,5441,0.547063,0.645670597987047,0.24753719837461888,0.1981177346058978,186,448,False,,complete
Buzz & Bustle,5610 VILLAGE GLEN DR,75206,liquor_store,48113007910,3.0,11307,0.335886,0.41986541700566515,0.2474756034302607,0.26084334095511136,187,209,False,,complete
ONE STOP FOOD STORE,702 E Warrior Trail,75052,liquor_store,48113016407,1.0,6057,0.50304,0.5927537949593471,0.24575300642936423,0.2016081932602157,188,427,False,,complete
UNIVERSAL PURPOSE LLC,4333 GANNON LN Ste:116,75237,convenience_corner_store,48113016607,1.0,6192,0.493824,0.7423248554852548,0.2448509608172038,0.26082749296260577,189,210,False,,complete
YADI'S BEAUTY SALON,7330 LAKE JUNE RD,75217,barbershop_beauty,48113009301,1.0,6315,0.486844,0.6553329109110991,0.24478712578838674,0.23354735086913211,190,284,False,39,complete
EL RANCHO #33,2506 S Belt Line Rd,75052,liquor_store,48113016407,1.0,6008,0.50304,0.5927537949593471,0.24376491045527826,0.19997722058896747,191,437,False,,complete
WALGREENS #04746,3400 N BELTLINE ROAD,75062,liquor_store,48113014309,2.0,7675,0.423771,0.6856934486443875,0.24338777002359752,0.2976131380440403,192,158,False,,complete
Romie's Nail Boutique,6243 Retail Road,75231,barbershop_beauty,48113007819,3.0,10977,0.33729,0.6062874926460072,0.24197581688595018,0.37414953108749327,193,112,False,,complete
TATIANA'S BEAUTY STUDIO LLC,2828 FOREST LN Ste:2270,75229,barbershop_beauty,48113009610,1.0,5627,0.52404,0.7795457989020851,0.24151655373724157,0.24940375881013718,194,230,False,,complete
Family Dollar #22768,415 E PIONEER PARKWAY,75051,liquor_store,48113016407,1.0,5951,0.50304,0.5927537949593471,0.24145222738338232,0.19807996666527053,195,449,False,,complete
Pleasant Grove,7310 Lake June Road,75217,library,48113009301,1.0,6218,0.486844,0.6553329109110991,0.24102713351578603,0.22996000438705677,196,299,False,,complete
Taqueria El Sabroso LLC,3701 W. Walnut St.,75042,liquor_store,48113019032,2.0,7810,0.415998,0.6492223543045772,0.24088229737725603,0.28601689010792386,197,173,False,,complete
B & D SMOKE & VAPOR,7015 GREENVILLE AVE Ste:100,75231,other_storefront,48113007822,3.0,11518,0.326831,0.42987960707786643,0.24043436477651833,0.27252657846513834,198,196,False,,complete
VILLAGE SALON,6939 GREENVILLE AVE Ste:B,75231,barbershop_beauty,48113007822,3.0,11496,0.326831,0.42987960707786643,0.2399751221975043,0.272006038030494,199,198,False,,complete
GOBRANDS TEXAS LLC,6955 GREENVILLE AVE,75231,liquor_store,48113007822,3.0,11496,0.326831,0.42987960707786643,0.2399751221975043,0.272006038030494,200,199,False,,complete
SHOPS AT LOMBARDY,2911 LOMBARDY LN Ste:103,75220,convenience_corner_store,48113007204,1.0,5795,0.510326,0.7699757296925895,0.23984289449922233,0.2535729271575803,201,219,False,,complete
Circle K,,,convenience_corner_store,48113016204,1.0,5267,0.547063,0.645670597987047,0.23962110344405763,0.19178204524338607,202,488,False,,complete
Circle K #2706114,726 E PIONEER PKWY,75051,liquor_store,48113016204,1.0,5259,0.547063,0.645670597987047,0.2392571450564456,0.19149074918074183,203,489,False,,complete
286 Noodle House,3347 W Walnut St STE 105,75042,liquor_store,48113019046,2.0,8103,0.403675,0.561821750073222,0.23875646035598397,0.2548991789315576,204,216,False,,complete
HIEP THAI FOOD STORE,3347 W WALNUT STREET SUITE 101,75042,liquor_store,48113019046,2.0,8103,0.403675,0.561821750073222,0.23875646035598397,0.2548991789315576,205,217,False,,complete
WALGREENS #07354,1330 N BELT LINE ROAD,75061,liquor_store,48113014405,1.0,6545,0.46597,0.7359872219475203,0.23842953625020852,0.2732459789556153,206,194,False,,complete
ARHAMNA FOOD MART,3701 ESTERS RD STE 109,75038,liquor_store,48113014161,2.0,7262,0.433616,0.5305385704606631,0.23828330036631917,0.21501955596516614,207,351,False,,complete
KWIK MART #25,2501 S BELT LINE RD,75052,liquor_store,48113016407,1.0,5860,0.50304,0.5927537949593471,0.23776004914579407,0.19505101741866668,208,463,False,,complete
GUANATACO,2505 S BELT LINE ROAD SUITE 102,75052,liquor_store,48113016407,1.0,5860,0.50304,0.5927537949593471,0.23776004914579407,0.19505101741866668,209,464,False,,complete
H&E SHELL,3501 W WALNUT ST,75042,liquor_store,48113019032,2.0,7703,0.415998,0.6492223543045772,0.2375821173747763,0.2820983488478025,210,178,False,,complete
"AT HOME STORES, LLC",6051 SKILLMAN ST,75231,grocery_food_mart,48113007819,3.0,10769,0.33729,0.6062874926460072,0.23739068707705177,0.36705987977418375,211,117,False,20,complete
LIQUOR DEPOT,1815 W TARRANT ROAD SUITE 215,75050,liquor_store,48113015403,1.0,5568,0.521466,0.6621740866493975,0.23738200990789263,0.2081719193524967,212,386,False,,complete
FINA MART,1821 W TARRANT,75050,liquor_store,48113015403,1.0,5568,0.521466,0.6621740866493975,0.23738200990789263,0.2081719193524967,213,387,False,,complete
Volcanes Taqueria,1815 W Tarrant Rd Ste 102,75050,liquor_store,48113015403,1.0,5568,0.521466,0.6621740866493975,0.23738200990789263,0.2081719193524967,214,388,False,,complete
CAFE DE LA ESQUINA,2903 LOMBARDY LN Ste:150,75220,convenience_corner_store,48113007204,1.0,5703,0.510326,0.7699757296925895,0.2360352074769741,0.24954726550123904,215,229,False,,complete
DISCOUNT CIGARETTES & TOBACCO,323 W Marshall Dr,75051,liquor_store,48113016204,1.0,5180,0.547063,0.645670597987047,0.235663055978777,0.18861420056213019,216,506,False,,complete
D'S UNIQUE ACCESSORIES,7616 GREAT TRINITY FOREST WAY Ste:A,75217,convenience_corner_store,48113009304,1.0,5441,0.52734,0.795672134188592,0.23554050050863062,0.2463444916531734,217,245,False,,complete
KISHA LARO HAIR CARE,7600 GREAT TRINITY FOREST WAY Ste:A101,75217,barbershop_beauty,48113009304,1.0,5441,0.52734,0.795672134188592,0.23554050050863062,0.2463444916531734,218,246,False,,complete
SUNNY FOOD STORE,301 W MARSHALL DR,75051,liquor_store,48113016204,1.0,5176,0.547063,0.645670597987047,0.235481076784971,0.1884685525308081,219,511,False,,complete
TARGET STORES T-1784,6419 SKILLMAN ST,75231,liquor_store,48113007833,1.0,5668,0.510953,0.8488609196559814,0.23498392068146806,0.2744361367354276,220,193,False,,complete
BOOST MOBILE,9430 EL CENTRO DR,75220,convenience_corner_store,48113009802,2.0,7162,0.433507,0.6748328747577819,0.23491479398692292,0.27312434052321033,221,195,False,,complete
Istyle Threading Salon Grand Prairie,"425 E Pioneer Pkwy, #8",75051,barbershop_beauty,48113016407,1.0,5783,0.50304,0.5927537949593471,0.2346358983293732,0.19248806036384802,222,481,False,,complete
KROGER #191,313 E PIONEER PARKWAY,75051,liquor_store,48113016407,1.0,5748,0.50304,0.5927537949593471,0.23321582977645466,0.19132307988438502,223,491,False,,complete
FRIENDLY 2 MART,3287 S POLK ST,75224,convenience_corner_store,48113006001,1.0,7012,0.437383,0.6589066795957749,0.23303310426046836,0.26080522019517016,224,211,False,,complete
Family Dollar #25206,3323 W Northwest Hwy,75220,liquor_store,48113007206,1.0,4471,0.605465,0.9047413796838146,0.23259780279371797,0.23124229966284102,225,294,False,,complete
BACHMAN LAKE CHEVRON,3311 W NORTHWEST HWY,75220,liquor_store,48113007206,1.0,4471,0.605465,0.9047413796838146,0.23259780279371797,0.23124229966284102,226,295,False,,complete
Ferguson Food Mart,11770 Ferguson Rd,75228,liquor_store,48113012604,2.0,7553,0.415563,0.6573779389523499,0.23258839864236316,0.28024495630329144,227,183,False,,complete
TEXACO S & A FOOD MART,11770 FERGUSON RD,75228,convenience_corner_store,48113012604,2.0,7516,0.415563,0.6573779389523499,0.2314490141925065,0.2788721159242074,228,185,False,,complete
Sprouts Farmers Market,2500 S. Carrier Parkway Suite B,75052,liquor_store,48113016419,1.0,5815,0.495794,0.5028436872409088,0.23122384367066892,0.16265934746333183,229,817,False,,complete
GREG DANIELS PHOTOGRAPHY,2750 NORTHAVEN RD Ste:310,75229,barbershop_beauty,48113009610,1.0,5349,0.52404,0.7795457989020851,0.229584511452018,0.2370820518705214,230,276,False,,complete
Sam's 99 Cent Store,817 W Pioneer Pkwy Ste 158,75051,liquor_store,48113016419,1.0,5730,0.495794,0.5028436872409088,0.2278439594553625,0.1602816957807208,231,872,False,,complete
MISS MANGO,7879 SPRING VALLEY RD Ste:112,75254,grocery_food_mart,48113013609,2.0,7470,0.412239,0.6214227847316898,0.2272566600190225,0.2612946669091649,232,208,False,,complete
TEXACO AT GRAND PRAIRIE,1402 N STATE HIGHWAY 161,75050,liquor_store,48113015403,1.0,5313,0.521466,0.6621740866493975,0.2265105277731023,0.19863818382180584,233,446,False,,complete
Texaco,,,gas_station,48113015403,1.0,5313,0.521466,0.6621740866493975,0.2265105277731023,0.19863818382180584,234,447,False,,complete
CLASASSY LASH LOUNGE,3525 MARVIN D LOVE FWY Ste:104,75224,barbershop_beauty,48113006001,1.0,6788,0.437383,0.6589066795957749,0.2255888065773045,0.25247373569378423,235,221,False,,complete
BELT LINE BEER/WINE FOOD MART & COIN LAUNDRY,710 S BELT LINE ROAD,75051,liquor_store,48113016002,1.0,4493,0.588085,0.7705363615027627,0.2250126858756459,0.19674990606476941,236,456,False,,complete
CASH AMERICA,14031 COIT RD,75240,other_storefront,48113013610,2.0,7779,0.39803,0.543593246825866,0.2243006845662445,0.23632805963526723,237,278,False,,complete
French Nails Luxury Spa & Bar,,,barbershop_beauty,48113013107,2.0,9769,0.343448,0.4645699828440142,0.22207191030926032,0.25116862385050726,238,224,False,6,complete
A-LIST CBD,13021 COIT RD Ste:226,75240,convenience_corner_store,48113013610,2.0,7692,0.39803,0.543593246825866,0.22179211539832272,0.23368497682407446,239,283,False,17,complete
T Nails,,,barbershop_beauty,48113014407,1.0,6652,0.437827,0.7726399853089242,0.22139923020692626,0.2921200698637275,240,163,False,,complete
TU MODA,1150 W KIEST BLVD Ste:360,75224,other_storefront,48113006100,1.0,6451,0.446816,0.6786197456603651,0.22119191395641927,0.2474537240974128,241,235,False,,complete
MD & ASSOCIATES,3535 MARVIN D LOVE FWY Ste:100,75224,other_storefront,48113006001,1.0,6653,0.437383,0.6589066795957749,0.22110228788432632,0.2474525285166097,242,236,False,,complete
GAS HUB MARVIN D LOVE FWY LLC,3603 Marvin D. Love Fwy,75224,liquor_store,48113006001,1.0,6653,0.437383,0.6589066795957749,0.22110228788432632,0.2474525285166097,243,237,False,,complete
7-ELEVEN,2075 S BUCKNER BLVD,75217,convenience_corner_store,48113009104,1.0,5102,0.526897,0.6813141415677817,0.22061254447272355,0.19651976996355444,244,457,False,,complete
Pekes Fruteria y Neveria,2622 W. Walnut St. Ste. 210,75042,liquor_store,48113019013,1.0,5001,0.533263,0.8680196140759859,0.2198043088532548,0.24780255158618214,245,234,False,,complete
A.M. SPORTS,7007 LAKE JUNE RD Ste:150,75217,convenience_corner_store,48113009301,1.0,5650,0.486844,0.6553329109110991,0.21900985917725813,0.2089536868425331,246,382,False,,complete
Tortas Las Tortugas,14510 Josey Ln Ste 201,75234,liquor_store,48113013728,2.0,6905,0.422723,0.6476817394555783,0.21816073883034862,0.25224549218558934,247,223,False,24,complete
LOBAS BARBER & BEAUTY SALON,1242 N JIM MILLER RD,75217,barbershop_beauty,48113009301,1.0,5623,0.486844,0.6553329109110991,0.21796326339003938,0.20795514710009977,248,389,False,,complete
BONITA FOOD MART,7102 LAKE JUNE RD,75217,liquor_store,48113009301,1.0,5623,0.486844,0.6553329109110991,0.21796326339003938,0.20795514710009977,249,390,False,,complete
DISCOUNT FOOD MART,7491 S WESTMORELAND RD,75237,convenience_corner_store,48113016607,1.0,5509,0.493824,0.7423248554852548,0.2178430140733165,0.23205727692684028,250,291,False,,complete
7-Eleven Convenience Store #42111A,2523 S Hampton Rd,75224,liquor_store,48113010804,1.0,5223,0.513096,0.7931695839612649,0.21778638592766186,0.23570205867631644,251,280,False,,complete
LIQUOR DEPOT,910 E PIONEER PKWY,75051,liquor_store,48113016301,1.0,5948,0.467461,0.5377556585950718,0.21767268749971053,0.17865007977751335,252,613,False,,complete
EPHESUS MEDITERRANEAN GRILL,10455 N CENTRAL EXPY STE 118,75231,liquor_store,48113013107,2.0,9568,0.343448,0.4645699828440142,0.21750271653587908,0.24600075678182545,253,247,False,,complete
CVS/PHARMACY #7740,10455 N CENTRAL EXPY,75231,liquor_store,48113013107,2.0,9568,0.343448,0.4645699828440142,0.21750271653587908,0.24600075678182545,254,248,False,,complete
Tom Thumb #2544,10455 N Central Expy Suite 115,75231,liquor_store,48113013107,2.0,9568,0.343448,0.4645699828440142,0.21750271653587908,0.24600075678182545,255,249,False,,complete
Family Dollar #23653,4444 W ILLINOIS AVE STE 216,75211,liquor_store,48113010809,2.0,6888,0.421745,0.6615011709789734,0.21687054900602198,0.25724913645329356,256,214,False,25,complete
JUST LIQUOR,6106 SKILLMAN ST,75231,liquor_store,48113007809,2.0,8477,0.368929,0.4963180023004522,0.21684907446844154,0.23385305213938046,257,282,False,,complete
GOOD N FRESH MART,10334 SCYENE RD,75227,liquor_store,48113017605,2.0,7147,0.410177,0.6135754403039416,0.21578267844970783,0.2466823253126665,258,243,False,,complete
GLAMOROUS EYEBROWS AND SKIN,4353 GANNON LN Ste:108,75237,barbershop_beauty,48113016607,1.0,5452,0.493824,0.7423248554852548,0.21558905658517363,0.22965624864859924,259,300,False,,complete
LA MICHOACANA MEAT MARKET DALLAS #2,8702 SPRING VALLEY RD STE C,75240,liquor_store,48113019213,2.0,7371,0.400741,0.6633589001710903,0.21477027161896153,0.2760970855634674,260,190,False,,complete
New Valley Mart,8702 Spring Valley Rd Ste D,75240,liquor_store,48113019213,2.0,7371,0.400741,0.6633589001710903,0.21477027161896153,0.2760970855634674,261,191,False,,complete
Murphy USA #6548,13729 N CENTRAL EXPY,75243,liquor_store,48113019213,2.0,7367,0.400741,0.6633589001710903,0.21465372283501416,0.2759472567285394,262,192,False,,complete
STAR FOOD MART,4201 W WALNUT ST,75042,liquor_store,48113019032,2.0,6956,0.415998,0.6492223543045772,0.21454254296494146,0.2547418037888244,263,218,False,28,complete
TIGER MART 86,116 N JIM MILLER RD Ste:110,75217,grocery_food_mart,48113009304,1.0,4955,0.52734,0.795672134188592,0.21450159529870697,0.224340554335871,264,320,False,,complete
WALGREENS #07592,802 E PIONEER PARKWAY,75051,liquor_store,48113016301,1.0,5860,0.467461,0.5377556585950718,0.21445224424147677,0.17600697167051582,265,642,False,,complete
CBA WAREHOUSE,4343 GANNON LN Ste:110,75237,grocery_food_mart,48113016607,1.0,5414,0.493824,0.7423248554852548,0.21408641825974506,0.22805556312977188,266,303,False,,complete
PANCHAKANYA ENTERPRISES LLC,7419 S WESTMORELAND RD,75237,convenience_corner_store,48113016607,1.0,5412,0.493824,0.7423248554852548,0.21400733203209094,0.22797131652351782,267,305,False,,complete
FINLEY FOOD MART,3329 N STORY ROAD,75062,liquor_store,48113014306,2.0,7337,0.400275,0.6135505850730318,0.2133973860327454,0.25322949574660203,268,220,False,21,complete
GPM #4626,10405 N CENTRAL EXPY,75231,liquor_store,48113013107,2.0,9382,0.343448,0.4645699828440142,0.21327450737245163,0.24121855143468712,269,259,False,,complete
CIRCLE K #2742413,1401 N BELT LINE ROAD,75061,liquor_store,48113014407,1.0,6407,0.437827,0.7726399853089242,0.21324486890195074,0.2813609873146275,270,180,False,,complete
F AND B FOODMART,7500 S WESTMORELAND RD,75237,convenience_corner_store,48113016607,1.0,5389,0.493824,0.7423248554852548,0.21309784041406835,0.227002480551596,271,313,False,,complete
TIENDA HONDURAS MAYA,2602 W WALNUT ST STE 106,75042,liquor_store,48113019013,1.0,4819,0.533263,0.8680196140759859,0.2118050318663937,0.2387843423502923,272,269,False,,complete
Fox,10120 Harry Hines Boulevard,75220,convenience_corner_store,48113009900,2.0,6443,0.433542,0.5594792586308812,0.2113566837354667,0.20178809696957603,273,426,False,,complete
CASA LATINA,2031 S BUCKNER BLVD,75217,convenience_corner_store,48113009104,1.0,4880,0.526897,0.6813141415677817,0.21101317464266778,0.18796873332460717,274,517,False,,complete
ELOTES LOCOS,2029 S BUCKNER BLVD,75217,convenience_corner_store,48113009104,1.0,4880,0.526897,0.6813141415677817,0.21101317464266778,0.18796873332460717,275,518,False,,complete
ILLINOIS EVENTS,4444 W ILLINOIS AVE Ste:105,75211,other_storefront,48113010809,2.0,6699,0.421745,0.6615011709789734,0.21091983272232015,0.2501904711237825,276,225,False,,complete
JOY ROOM,2014 S BUCKNER BLVD Ste:150,75217,other_storefront,48113009104,1.0,4876,0.526897,0.6813141415677817,0.2108402130241082,0.18781466059237387,277,520,False,,complete
LUCKY ROOM,2010 S BUCKNER BLVD Ste:B,75217,other_storefront,48113009104,1.0,4876,0.526897,0.6813141415677817,0.2108402130241082,0.18781466059237387,278,521,False,,complete
La Azteca Meat Market #12,1423 B N Belt Line Rd,75061,liquor_store,48113014407,1.0,6321,0.437827,0.7726399853089242,0.21038252166836752,0.27758432976678016,279,187,False,,complete
VALU+PAWN,8726 LAKE JUNE RD,75217,other_storefront,48113009202,1.0,5410,0.4879,0.7292705620349698,0.2103454477004354,0.22371391734736962,280,323,False,,complete
SOKOL ZIZKA,7448 GREENVILLE AVE,75231,liquor_store,48113007815,1.0,5981,0.453707,0.7296254228449779,0.20968405980147847,0.2474512806901397,281,238,False,,complete
Laundromat Lavanderia Fox,10120 Harry Hines Boulevard,75220,laundromat,48113009900,2.0,6391,0.433542,0.5594792586308812,0.20965087160536514,0.20015951074539196,282,435,False,,complete
DAIRY MART #6,3000 W PIONEER DRIVE,75061,liquor_store,48113014405,1.0,5755,0.46597,0.7359872219475203,0.2096504172834148,0.24026441694263806,283,262,False,,complete
LITEFUL FOODS,129 N JIM MILLER RD,75217,convenience_corner_store,48113009304,1.0,4842,0.52734,0.795672134188592,0.20960983338775763,0.21922441253164227,284,336,False,,complete
OLD MAC BOUTIQUE,117 N JIM MILLER RD,75217,convenience_corner_store,48113009304,1.0,4842,0.52734,0.795672134188592,0.20960983338775763,0.21922441253164227,285,337,False,,complete
ITS YOUR FLORIST GIFTS AND BALLOON,10300 SCYENE RD Ste:110,75227,convenience_corner_store,48113017605,2.0,6939,0.410177,0.6135754403039416,0.20950272922380334,0.23950309995027183,286,266,False,,complete
SADLER'S FOOD MART #2,10300 SCYENE RD STE 100,75227,liquor_store,48113017605,2.0,6939,0.410177,0.6135754403039416,0.20950272922380334,0.23950309995027183,287,267,False,,complete
SPEEDEE WAY,1931 N JUPITER RD,75042,liquor_store,48113019044,1.0,6138,0.444679,0.6842618031357266,0.20899340592235982,0.23749370712012313,288,275,False,,complete
4 BROTHERS MINI MART,115 N JIM MILLER RD Ste:A,75217,convenience_corner_store,48113009304,1.0,4811,0.52734,0.795672134188592,0.20826784560687775,0.21782086920481844,289,339,False,,complete
NEW TRUONG NGUYEN MARKET L.P.,3555 W WALNUT STREET SUITE 221,75042,liquor_store,48113019032,2.0,6746,0.415998,0.6492223543045772,0.20806555417502806,0.2470512087923245,290,239,False,,complete
MOGO,5610 VILLAGE GLEN DR,75206,grocery_food_mart,48113007915,3.0,11996,0.295142,0.31977996583839935,0.2079157725900318,0.2057931372999674,291,404,False,,complete
ROUNDHOUSE BAR,5625 VILLAGE GLEN DR Ste:400,75206,other_storefront,48113007915,3.0,11996,0.295142,0.31977996583839935,0.2079157725900318,0.2057931372999674,292,405,False,,complete
SQUARED AWAY,5665 VILLAGE GLEN DR Ste:130,75206,barbershop_beauty,48113007915,3.0,11996,0.295142,0.31977996583839935,0.2079157725900318,0.2057931372999674,293,406,False,,complete
ILLINOIS FOOD MART,4404 W ILLINOIS AVE,75211,gas_station,48113010809,2.0,6601,0.421745,0.6615011709789734,0.20783427613077105,0.24653042243440634,294,244,False,,complete
QUIKTRIP #995,1718 N BELT LINE RD,75061,liquor_store,48113014405,1.0,5696,0.46597,0.7359872219475203,0.20750109067703404,0.23780123699483346,295,274,False,,complete
VILLAGE GOLF CLUB,5683 VILLAGE GLEN DR,75206,other_storefront,48113007915,3.0,11965,0.295142,0.31977996583839935,0.20737847774589285,0.20526132775876207,296,410,False,,complete
BARKIN CREEK DOG KITCHEN,5670 VILLAGE GLEN DR Ste:130,75206,barbershop_beauty,48113007915,3.0,11965,0.295142,0.31977996583839935,0.20737847774589285,0.20526132775876207,297,411,False,,complete
Laundry Wash,,,laundromat,48113013622,3.0,11520,0.300608,0.4708881595405502,0.20670503991861297,0.3004890875691754,298,155,False,,complete
STOP & SAVE FOOD MART,3033 S WESTMORELAND RD,75233,convenience_corner_store,48113010805,1.0,5824,0.457273,0.7330556948629839,0.2065016324690394,0.24213622966145598,299,257,False,49,complete
MOTION,2995 S WESTMORELAND RD,75233,liquor_store,48113010805,1.0,5824,0.457273,0.7330556948629839,0.2065016324690394,0.24213622966145598,300,258,False,,complete
THE CANNABIS SHOP,2065 S BUCKNER BLVD Ste:110,75217,convenience_corner_store,48113009104,1.0,4772,0.526897,0.6813141415677817,0.20634321094155952,0.18380876955430844,301,557,False,,complete
7-Eleven Convenience Store #38523A,2075 S Buckner Boulevard,75217,liquor_store,48113009104,1.0,4772,0.526897,0.6813141415677817,0.20634321094155952,0.18380876955430844,302,558,False,,complete
S & J SHOP,3618 S TYLER ST,75224,convenience_corner_store,48113006002,1.0,6205,0.436995,0.6628236846879564,0.20594454924331826,0.2322257417427946,303,287,False,,complete
TYLER SMOKESHOP,3614 S TYLER ST,75224,convenience_corner_store,48113006002,1.0,6205,0.436995,0.6628236846879564,0.20594454924331826,0.2322257417427946,304,288,False,,complete
Y@J ACCESSORIES AND MORE,3610 S TYLER ST,75224,convenience_corner_store,48113006002,1.0,6205,0.436995,0.6628236846879564,0.20594454924331826,0.2322257417427946,305,289,False,,complete
LASHED AND LACED BOUTIQ,3622 S TYLER ST,75224,convenience_corner_store,48113006002,1.0,6205,0.436995,0.6628236846879564,0.20594454924331826,0.2322257417427946,306,290,False,,complete
STOP & SHOP,1313 N JIM MILLER RD,75217,liquor_store,48113009103,1.0,5846,0.454672,0.6676619593147031,0.20558184225332238,0.22046129035636655,307,334,False,,complete
BLOODMARK TATTOO COMPANY LLC,14001 GOLDMARK DR Ste:220,75240,barbershop_beauty,48113019213,2.0,7050,0.400741,0.6633589001710903,0.20541723170718745,0.26407332156049995,308,205,False,,complete
HENDERSON CHICKEN,1328 N JIM MILLER RD Ste:108,75217,convenience_corner_store,48113009105,1.0,5888,0.450777,0.6314345997531512,0.20449501762126196,0.2094408904120385,309,375,False,,complete
Family Dollar #30822,3709 S CARRIER PKWY,75052,liquor_store,48113016409,1.0,5363,0.48018,0.3799070054088549,0.2038896022089442,0.11105727368240594,310,1787,False,,complete
7-ELEVEN CONVENIENCE STORE #36382B,822 E CAMP WISDOM RD,75116,liquor_store,48113016516,2.0,6373,0.423384,0.6153461866691218,0.2018233386005766,0.22063415136052725,311,333,False,36,complete
SNS BEER AND WINE,1901 N JOSEY LN STE 100,75006,liquor_store,48113013718,1.0,5226,0.483249,0.6262621448663281,0.20047414360115884,0.184295743381096,312,549,False,,complete
S&S Laundry,1901 North Josey Lane,75006,laundromat,48113013718,1.0,5226,0.483249,0.6262621448663281,0.20047414360115884,0.184295743381096,313,550,False,,complete
CHILLY MART,3705 S CARRIER PKWY,75052,liquor_store,48113016409,1.0,5269,0.48018,0.3799070054088549,0.20031592654091498,0.1091107169555467,314,1819,False,,complete
CC FOOD MART,7470 GREENVILLE AVENUE,75231,liquor_store,48113007815,1.0,5707,0.453707,0.7296254228449779,0.20007806876559733,0.23611510765735283,315,279,False,,complete
STOP & SHOP #1,1313 N JIM MILLER RD,75217,convenience_corner_store,48113009103,1.0,5663,0.454672,0.6676619593147031,0.19914642023273427,0.21356009019639136,316,352,False,,complete
DOMINO'S,2419 W ILLINOIS AVE,75233,convenience_corner_store,48113010804,1.0,4774,0.513096,0.7931695839612649,0.199064178904587,0.21543971436353337,317,348,False,,complete
ALDI (TEXAS) LLC #56,2440 W ILLINOIS AVE,75233,liquor_store,48113010804,1.0,4774,0.513096,0.7931695839612649,0.199064178904587,0.21543971436353337,318,349,False,,complete
7-ELEVEN CONVENIENCE STORE #23379B,7037 LAKE JUNE RD,75217,liquor_store,48113009103,1.0,5650,0.454672,0.6676619593147031,0.19868925910558868,0.21306984100469914,319,356,False,,complete
MALONE'S COST PLUS #2,7007 LAKE JUNE ROAD,75217,liquor_store,48113009103,1.0,5650,0.454672,0.6676619593147031,0.19868925910558868,0.21306984100469914,320,357,False,,complete
KIEST BLVD SHELL,500 W KIEST BOULEVARD,75224,liquor_store,48113006001,1.0,5973,0.437383,0.6589066795957749,0.19850352706043606,0.22216052199454528,321,328,False,,complete
FUEL CITY,10025 HARRY HINES BLVD,75220,grocery_food_mart,48113009900,2.0,6033,0.433542,0.5594792586308812,0.1979070111712045,0.18894732097120165,322,504,False,,complete
L.V. STUDIO,1312 N JIM MILLER RD,75217,barbershop_beauty,48113009105,1.0,5696,0.450777,0.6314345997531512,0.19782670182926432,0.20261129615947207,323,422,False,,complete
SN FOOD STORE,1009 N CARRIER PARKWAY SUITE 100,75050,liquor_store,48113015403,1.0,4634,0.521466,0.6621740866493975,0.19756254201026843,0.1732522762714565,324,674,False,,complete
"PRODUCTS FOR YOUR TABLE, INC.",5656 ALPHA RD Ste:B,75240,convenience_corner_store,48113013615,3.0,9216,0.331391,0.6124634973078427,0.1970789379817533,0.31748937424878876,325,136,False,,complete
DOLLAR & NOVELTY SHOP,5625 ALPHA RD,75240,convenience_corner_store,48113013615,3.0,9216,0.331391,0.6124634973078427,0.1970789379817533,0.31748937424878876,326,137,False,,complete
ALPHA WASH AND DRY LLC,5665 ALPHA RD,75240,laundromat,48113013615,3.0,9216,0.331391,0.6124634973078427,0.1970789379817533,0.31748937424878876,327,138,False,,complete
SHOP N GO #4,5609 ALPHA ROAD,75240,liquor_store,48113013615,3.0,9216,0.331391,0.6124634973078427,0.1970789379817533,0.31748937424878876,328,139,False,,complete
ALPHA FOOD MART,5626 ALPHA RD,75240,liquor_store,48113013615,3.0,9216,0.331391,0.6124634973078427,0.1970789379817533,0.31748937424878876,329,140,False,,complete
CITY FOOD MART,2847 ROYAL LN,75229,liquor_store,48113009610,1.0,4575,0.52404,0.7795457989020851,0.1963636455212156,0.202776292261663,330,420,False,,complete
WRAP AND GO,3121 DAWES DR,75211,convenience_corner_store,48113006402,2.0,7701,0.368137,0.5840281296565564,0.19631647596953133,0.2523583617282634,331,222,False,16,complete
Family Dollar #32107,2010 S BELT LINE ROAD,75051,liquor_store,48113016302,1.0,4334,0.545094,0.6674421801269226,0.1962204646841419,0.16338525367796888,332,800,False,,complete
SOPHYS FLOWER DESIGNS,2425 S COCKRELL HILL RD Ste:C,75211,convenience_corner_store,48113010809,2.0,6228,0.421745,0.6615011709789734,0.1960902699200791,0.23259982895341355,333,285,False,,complete
7-ELEVEN CONVENIENCE STORE #25274A,4118 W AIRPORT FREEWAY,75062,liquor_store,48113014407,1.0,5881,0.437827,0.7726399853089242,0.1957379544267789,0.2582618958010496,334,212,False,,complete
QUALITY LICENSING CORP. (STORE #880),4100 W AIRPORT FREEWAY,75062,liquor_store,48113014407,1.0,5881,0.437827,0.7726399853089242,0.1957379544267789,0.2582618958010496,335,213,False,,complete
KWIK PIK FOOD STORE #9,2605 SE 14TH ST,75052,liquor_store,48113016407,1.0,4818,0.50304,0.5927537949593471,0.19548257965604707,0.1603678842872246,336,871,False,,complete
7-ELEVEN CONVENIENCE STORE #24634A,4163 W NORTHGATE DRIVE,75062,liquor_store,48113014139,2.0,7461,0.374215,0.44792736295468105,0.19526784613017523,0.1844909064498025,337,545,False,,complete
MY BEER STORE,1007 W PLEASANT RUN RD,75146,liquor_store,48113016706,1.0,3592,0.626324,0.8055204648039281,0.19524506295756758,0.16472024257665582,338,782,False,,complete
SUPER SEALS GROCERY,2769 W CLARENDON DRIVE,75211,liquor_store,48113005300,2.0,7292,0.379538,0.6238680304838287,0.19518404564153546,0.2561219853603921,339,215,False,,complete
Rochelle Food Mart,1101 W Rochelle Rd,75062,liquor_store,48113014316,2.0,7510,0.372125,0.5304706079540149,0.19479559143065658,0.22233239432761162,340,327,False,18,complete
THRIFT TOWN STORES LLC,1516 S WESTMORELAND RD,75211,grocery_food_mart,48113006402,2.0,7624,0.368137,0.5840281296565564,0.19435356613319138,0.24983510580655502,341,226,False,,complete
SAVERS COST PLUS,1610 S WESTMORELAND RD,75211,liquor_store,48113006402,2.0,7624,0.368137,0.5840281296565564,0.19435356613319138,0.24983510580655502,342,227,False,,complete
ROLINGO DALLAS LLC,6110 GREENVILLE AVE Ste:100,75206,convenience_corner_store,48113007912,3.0,8994,0.333344,0.3612405868962099,0.19429524858957575,0.17632784253382114,343,638,False,,complete
GLAMOROUS EYEBROWS AND SKIN,3227 DAWES DR,75211,barbershop_beauty,48113006402,2.0,7619,0.368137,0.5840281296565564,0.194226104455507,0.2496712580194311,344,228,False,,complete
LAKE HIGHLANDS DANCE ACADEMY,6300 SKILLMAN ST Ste:150,75231,barbershop_beauty,48113007809,2.0,7585,0.368929,0.4963180023004522,0.19403093427428678,0.20924565299955183,345,377,False,,complete
THAI OPAL RESTAURANT,6300 SKILLMAN ST STE 156,75231,liquor_store,48113007809,2.0,7585,0.368929,0.4963180023004522,0.19403093427428678,0.20924565299955183,346,378,False,,complete
KOBA ETHIOPIAN TO GO & GROCERY STORE,5528 ALPHA RD Ste:105,75240,convenience_corner_store,48113013615,3.0,9057,0.331391,0.6124634973078427,0.19367881307516707,0.3120118557477517,347,142,False,,complete
KORNER FOOD STORE,8502 LAKE JUNE RD,75217,convenience_corner_store,48113009202,1.0,4981,0.4879,0.7292705620349698,0.1936655591489591,0.20597394127675567,348,403,False,,complete
TARGET,9440 MARSH LN,75220,grocery_food_mart,48113009401,1.0,4457,0.528651,0.5029500027293169,0.19359642474077848,0.12470086494970911,349,1500,False,,complete
PUFF N SHOP,9460 MARSH LN,75220,convenience_corner_store,48113009401,1.0,4457,0.528651,0.5029500027293169,0.19359642474077848,0.12470086494970911,350,1501,False,,complete
SHELL ON THE GO,7101 LAKE JUNE ROAD,75217,liquor_store,48113009105,1.0,5567,0.450777,0.6314345997531512,0.19334642715651587,0.19802266252102896,351,450,False,,complete
Highland Hills,3624 Simpson Stuart Road,75241,library,48113020200,1.0,5541,0.451648,0.6390124541819242,0.19298295696377513,0.19957894314874902,352,441,False,,complete
STARTING STRENTH DALLAS,6109 GREENVILLE AVE Ste:B,75206,barbershop_beauty,48113007912,3.0,8924,0.333344,0.3612405868962099,0.19278305519383748,0.1749554888561063,353,649,False,,complete
CRAFT BOBA TEA,6105 GREENVILLE AVE,75206,convenience_corner_store,48113007912,3.0,8924,0.333344,0.3612405868962099,0.19278305519383748,0.1749554888561063,354,650,False,,complete
ASURION TECH REPAIR & SOLUTIONS,6121 GREENVILLE AVE,75206,convenience_corner_store,48113007912,3.0,8924,0.333344,0.3612405868962099,0.19278305519383748,0.1749554888561063,355,651,False,,complete
MCFLY'S CLASSIC CUTS,3229 DAWES DR,75211,barbershop_beauty,48113006402,2.0,7539,0.368137,0.5840281296565564,0.1921867176125564,0.24704969342544836,356,240,False,,complete
MC MYS CLASSIC CUTS,3231 DAWES DR,75211,barbershop_beauty,48113006402,2.0,7539,0.368137,0.5840281296565564,0.1921867176125564,0.24704969342544836,357,241,False,,complete
XCLUSIVE BARBER & BEAUTY,13531 MONTFORT DR Ste:102,75240,barbershop_beauty,48113013615,3.0,8976,0.331391,0.6124634973078427,0.1919466739718118,0.3092214217943932,358,145,False,,complete
RICH SKIN BY KHADIJAH LLC,4041 W WHEATLAND RD Ste:102,75237,barbershop_beauty,48113016607,1.0,4854,0.493824,0.7423248554852548,0.19194227451658707,0.2044665133786318,359,414,False,,complete
CIRCLE K #2742003,5518 ALPHA ROAD,75240,liquor_store,48113013615,3.0,8974,0.331391,0.6124634973078427,0.1919039051050623,0.3091525221906066,360,146,False,,complete
COWBOY'S CRISPY CHICKEN,2989 S WESTMORELAND RD Ste:A,75233,convenience_corner_store,48113010805,1.0,5396,0.457273,0.7330556948629839,0.19132603173127347,0.22434187761902755,361,319,False,,complete
FOREVER VAPES,13519 MONTFORT DR,75240,convenience_corner_store,48113013615,3.0,8946,0.331391,0.6124634973078427,0.19130514097056914,0.3081879277375938,362,147,False,,complete
7-ELEVEN CONVENIENCE STORE #22598B,14300 MONTFORT DR,75254,liquor_store,48113013622,3.0,10637,0.300608,0.4708881595405502,0.1908612421540179,0.2774568076799756,363,188,False,,complete
NORTHWEST WONDER WASH,3237 W NORTHWEST HWY Ste:100,75220,laundromat,48113000410,1.0,4665,0.505161,0.46819253537623756,0.19038097164573833,0.12093936873930913,364,1574,False,,complete
AMIGOS C-STORE,950 S Carrier Pkwy STE 110,75051,liquor_store,48113016100,1.0,4130,0.552116,0.6889898339024092,0.19022648876760745,0.1609532834694522,365,861,False,,complete
ESTERS LIQUOR,1885 ESTERS RD STE 120,75061,liquor_store,48113014410,2.0,6834,0.38901,0.6190273853482162,0.1901612859658912,0.23808058014711778,366,271,False,,complete
SHOP N GO,1885 ESTERS RD STE 110,75061,liquor_store,48113014410,2.0,6834,0.38901,0.6190273853482162,0.1901612859658912,0.23808058014711778,367,272,False,,complete
7-Eleven Convenience Store #35393B,2510 Belt Line Rd,75044,liquor_store,48113019020,2.0,6638,0.395951,0.5706767295169797,0.18985817206415986,0.21228738112091558,368,359,False,,complete
Liquor Island,2329 W Shady Grove Rd,75060,liquor_store,48113015206,1.0,5696,0.438116,0.6485778032194927,0.18976460499508982,0.20838129315282924,369,385,False,,complete
MINI MART,2475 S COCKRELL HILL RD STE 100,75211,liquor_store,48113010809,2.0,6026,0.421745,0.6615011709789734,0.1897302451089269,0.225055646961026,370,316,False,,complete
Payless Food & Beer & Wine,3249 DAWES DR,75211,convenience_corner_store,48113006402,2.0,7434,0.368137,0.5840281296565564,0.18951002238118375,0.24360888989584603,371,253,False,,complete
FOODPLUS2,7036 GREAT TRINITY FOREST WAY,75217,convenience_corner_store,48113011601,1.0,4882,0.487132,0.6674839681629444,0.18939720453738662,0.18405608084041644,372,555,False,,complete
MY T QUICK,4330 GANNON LN Ste:A,75237,convenience_corner_store,48113016607,1.0,4786,0.493824,0.7423248554852548,0.18925334277634645,0.20160212876599337,373,428,False,,complete
HEY BEAUTY,6181 BONNIE VIEW RD Ste:140,75241,convenience_corner_store,48113020200,1.0,5430,0.451648,0.6390124541819242,0.18911702875172334,0.19558088094165446,374,462,False,,complete
HI - FLAMEZ,832 HOLCOMB RD,75217,convenience_corner_store,48113009202,1.0,4860,0.4879,0.7292705620349698,0.18896097519854269,0.20097035828247992,375,432,False,,complete
TACQUERIA LA FAMOSITA,11716 FERGUSON RD,75228,convenience_corner_store,48113012604,2.0,6135,0.415563,0.6573779389523499,0.18892225945596425,0.22763177636974619,376,306,False,,complete
STORE T-24,11740 FERGUSON RD,75228,convenience_corner_store,48113012604,2.0,6135,0.415563,0.6573779389523499,0.18892225945596425,0.22763177636974619,377,307,False,,complete
UPTOWN SPA NAILS 4U,11710 FERGUSON RD,75228,barbershop_beauty,48113012604,2.0,6135,0.415563,0.6573779389523499,0.18892225945596425,0.22763177636974619,378,308,False,,complete
NOVELTY VAPE & MORE,11728 FERGUSON RD,75228,convenience_corner_store,48113012604,2.0,6135,0.415563,0.6573779389523499,0.18892225945596425,0.22763177636974619,379,309,False,,complete
Tom Thumb #2561,925 Northwest Hwy,75041,liquor_store,48113018402,2.0,5784,0.43166,0.6712677394768762,0.18852188689573277,0.21935554893548667,380,335,False,,complete
KWIK LIQUOR,2607 SE 14TH ST,75052,liquor_store,48113016407,1.0,4636,0.50304,0.5927537949593471,0.18809822318087052,0.15430998579401686,381,970,False,,complete
Grand Trip,7500 S Westmoreland Rd,75237,liquor_store,48113016607,1.0,4752,0.493824,0.7423248554852548,0.18790887690622615,0.20016993645967415,382,434,False,,complete
FAMILY DOLLAR STORES #28762,2401 FINLEY RD STE 180,75062,liquor_store,48113014310,2.0,6816,0.386493,0.5964851443126667,0.18774253604632468,0.22837445454204788,383,301,False,,complete
7-ELEVEN CONVENIENCE STORE #26376A,3401 N STORY RD,75062,liquor_store,48113014310,2.0,6816,0.386493,0.5964851443126667,0.18774253604632468,0.22837445454204788,384,302,False,,complete
D-Town Fuel & Food,7036 Great Trinity Forest Way,75217,liquor_store,48113011601,1.0,4834,0.487132,0.6674839681629444,0.18753504439445448,0.1822464348182247,385,572,False,,complete
Family Dollar #23805,2454 W Illinois Ave STE 750,75233,liquor_store,48113010804,1.0,4493,0.513096,0.7931695839612649,0.18734716292800782,0.20275882627468692,386,421,False,,complete
HENK'S EUROPEAN DELI INC.,5811 BLACKWELL ST,75231,liquor_store,48113007819,3.0,8482,0.33729,0.6062874926460072,0.18697630307248148,0.28910780018986226,387,172,False,,complete
CHOP N BLADES,2805 W CLARENDON DR,75211,barbershop_beauty,48113005300,2.0,6962,0.379538,0.6238680304838287,0.1863509772019158,0.24453116594611216,388,251,False,,complete
INTEGRAL LASER SPA,2836 W CLARENDON DR,75211,barbershop_beauty,48113005300,2.0,6954,0.379538,0.6238680304838287,0.18613684220944016,0.24425017638455387,389,252,False,,complete
STOP & BUY,2924 W IRVING BLVD,75061,liquor_store,48113014405,1.0,5104,0.46597,0.7359872219475203,0.1859349660841962,0.21308593989143781,390,354,False,,complete
CONOCO EXPRESS,2930 W IRVING BLVD STE 100,75061,liquor_store,48113014405,1.0,5104,0.46597,0.7359872219475203,0.1859349660841962,0.21308593989143781,391,355,False,,complete
TEXACO LAKE JUNE,8470 LAKE JUNE RD Ste:A,75217,convenience_corner_store,48113009202,1.0,4781,0.4879,0.7292705620349698,0.18588938733008903,0.1977035561622503,392,452,False,,complete
Family Dollar #21336,3230 FALLS DR,75211,liquor_store,48113006402,2.0,7260,0.368137,0.5840281296565564,0.1850743559977662,0.23790698690393355,393,273,False,,complete
MARISA'S BEAUTY SALON,8749 LAKE JUNE RD Ste:120,75217,barbershop_beauty,48113009202,1.0,4758,0.4879,0.7292705620349698,0.184995127570919,0.1967524618740822,394,455,False,,complete
SAI TOBACCO STORE,2210 HIGHLAND ROAD SUITE B,75228,liquor_store,48113012208,1.0,5074,0.464665,0.7374434103459083,0.18410185079720884,0.21227007342493043,395,360,False,,complete
FUEL CITY FRIENDLYS,10025 HARRY HINES BLVD,75220,liquor_store,48113009900,2.0,5601,0.433542,0.5594792586308812,0.18373564885959165,0.17541752772413402,396,645,False,,complete
(unnamed convenience_corner_store),2210 Highland Road,,convenience_corner_store,48113012208,1.0,5060,0.464665,0.7374434103459083,0.18359388353052364,0.21168438540207887,397,367,False,,complete
MAGNI FURNITURE,7728 GREAT TRINITY FOREST WAY Ste:1,75217,convenience_corner_store,48113009304,1.0,4239,0.52734,0.795672134188592,0.18350600655322277,0.1919232310453597,398,485,False,,complete
STOP AND SHOP #2,7771 GREAT TRINITY FOREST WAY Ste:100,75217,convenience_corner_store,48113009304,1.0,4239,0.52734,0.795672134188592,0.18350600655322277,0.1919232310453597,399,486,False,,complete
Stop n Shop #2,7771 S Great Trinity Forest Way,75217,liquor_store,48113009304,1.0,4239,0.52734,0.795672134188592,0.18350600655322277,0.1919232310453597,400,487,False,,complete
IHR SSH TEXAS BEVERAGE CORPORATION,2300 IH 30 STE M,75150,liquor_store,48113017819,1.0,4549,0.500823,0.6323900280235025,0.18344090313443318,0.16206840395696356,401,829,False,,complete
Quick Elephant,3228 Military Parkway,75149,liquor_store,48113017602,2.0,5623,0.431874,0.5738145435907128,0.18340882480749376,0.1808696267772853,402,592,False,,complete
YASAHI,3045 N BELT LINE RD,75062,liquor_store,48113014153,2.0,6156,0.406255,0.5418212416628312,0.18316326055137683,0.1863763135029264,403,533,False,,complete
TIGER MART 17,710 E BELT LINE RD,75104,liquor_store,48113016626,1.0,4199,0.53001,0.6255513538096666,0.18302774438496225,0.14790206012220802,404,1092,False,,complete
A-STAR CONVENIENCE STORE,7010 BRUTON RD,75217,convenience_corner_store,48113009104,1.0,4229,0.526897,0.6813141415677817,0.18286367122209876,0.1628933961536401,405,815,False,,complete
LAWSON CONVENIENCE STORE,421 W LAWSON RD Ste:40,75253,convenience_corner_store,48113017101,1.0,4910,0.472895,0.6514233489023185,0.18266880623254303,0.1804520136045413,406,595,False,,complete
OH Eight Beverages,1428 N Irving Heights Dr,75061,liquor_store,48113014704,2.0,5629,0.428961,0.6560512397317662,0.18177144905745812,0.20841597343623575,407,384,False,,complete
The Family Salon & Barbershop,3021 North Belt Line Road,,barbershop_beauty,48113014153,2.0,6091,0.406255,0.5418212416628312,0.18122927550656856,0.1844084024604166,408,548,False,43,complete
LA AZTECA MEAT MARKET,2712 W IRVING BLVD,75061,liquor_store,48113014405,1.0,4962,0.46597,0.7359872219475203,0.18076201052307633,0.20715760849163686,409,393,False,,complete
LA MICHOACANA MEAT MARKET DALLAS #4,6770 GREENVILLE AVE,75231,liquor_store,48113007819,3.0,8198,0.33729,0.6062874926460072,0.18071583737187022,0.2794276993582281,410,184,False,,complete
Velarde Pizza,13505 Montfort Pl Ste. 104,75240,liquor_store,48113013615,3.0,8447,0.331391,0.6124634973078427,0.18063430871656577,0.2909974765928297,411,165,False,,complete
Koba Ethiopian to go and grocery store,5528 Alpha rd Suite 105,75240,liquor_store,48113013615,3.0,8447,0.331391,0.6124634973078427,0.18063430871656577,0.2909974765928297,412,166,False,,complete
Rodriguez Meat Market Company LLC,5528 Alpha Rd Suite108,75240,liquor_store,48113013615,3.0,8447,0.331391,0.6124634973078427,0.18063430871656577,0.2909974765928297,413,167,False,,complete
MUNDO LATINO,13523 MONTFORT PLACE,75240,liquor_store,48113013615,3.0,8447,0.331391,0.6124634973078427,0.18063430871656577,0.2909974765928297,414,168,False,,complete
OK FOOD MART,4343 W CAMP WISDOM ROAD SUITE 124,75237,liquor_store,48113010903,2.0,6087,0.405548,0.661845259511921,0.18062916394528722,0.22745760247854796,415,310,False,,complete
CLEAR SMILES,6336 GREENVILLE AVE Ste:B,75206,convenience_corner_store,48113007912,3.0,8352,0.333344,0.3612405868962099,0.1804262748743759,0.16374139880392197,416,797,False,,complete
FRY DADDY'S,10350 SCYENE RD Ste:100,75227,convenience_corner_store,48113017605,2.0,5975,0.410177,0.6135754403039416,0.18039757992682304,0.2062301516360966,417,399,False,,complete
TEXAS ICE VENDING LLC,3221 FALLS DR,75211,convenience_corner_store,48113006402,2.0,7066,0.368137,0.5840281296565564,0.18012884290361103,0.2315496927635254,418,292,False,,complete
FRANKIES FOOD MART,6449 GREENVILLE AVE,75206,convenience_corner_store,48113007912,3.0,8329,0.333344,0.3612405868962099,0.1799294113300619,0.16329048259552995,419,801,False,,complete
6449 Greenville Operations LLC,6449 Greenville Ave,75206,liquor_store,48113007912,3.0,8329,0.333344,0.3612405868962099,0.1799294113300619,0.16329048259552995,420,802,False,,complete
7-ELEVEN CONVENIENCE STORE #24409A,3001 N BELT LINE RD,75062,liquor_store,48113014153,2.0,6044,0.406255,0.5418212416628312,0.17983085555109185,0.18298545139890954,421,562,False,,complete
AFRICAN VILLAGE RESTAURANT,3003 N BELT LINE RD,75062,liquor_store,48113014153,2.0,6044,0.406255,0.5418212416628312,0.17983085555109185,0.18298545139890954,422,563,False,,complete
SKECHERS OUTLET,2909 FOREST LN Ste:300,75234,grocery_food_mart,48113009611,2.0,5772,0.418371,0.5555152706469191,0.1795558709303119,0.17942108462329762,423,603,False,,complete
1 STOP FOOD STORE,3805 W WALNUT STREET,75042,liquor_store,48113019032,2.0,5816,0.415998,0.6492223543045772,0.17938174667684006,0.21299285952211078,424,358,False,,complete
One Stop Mart,1901 Esters Rd,75061,liquor_store,48113014410,2.0,6445,0.38901,0.6190273853482162,0.17933706292803173,0.22452872974073368,425,318,False,,complete
DOLLAR TREE,6301 ABRAMS RD Ste:110,75231,grocery_food_mart,48113007809,2.0,7005,0.368929,0.4963180023004522,0.17919402697315476,0.193245326204596,426,476,False,,complete
LA SURENA MINI MARKET LLC,2220 HIGHLAND RD Ste:A,75228,convenience_corner_store,48113012208,1.0,4936,0.464665,0.7374434103459083,0.17909474488274005,0.20649686291396468,427,397,False,,complete
African Food Store,3009 North Belt Line Road,,convenience_corner_store,48113014153,2.0,6015,0.406255,0.5418212416628312,0.17896800068494664,0.18210746031840516,428,575,False,,complete
Hair Mart Beauty Supply,3041 North Belt Line Road,,barbershop_beauty,48113014153,2.0,6002,0.406255,0.5418212416628312,0.178581203675985,0.18171387810990322,429,577,False,,complete
KCB Braid Barber & Salon,3031 North Belt Line Road,,barbershop_beauty,48113014153,2.0,6002,0.406255,0.5418212416628312,0.178581203675985,0.18171387810990322,430,578,False,,complete
7-ELEVEN CONVENIENCE STORE #35395B,3300 E ILLINOIS AVE,75216,liquor_store,48113008604,1.0,4864,0.468056,0.7404278156747088,0.17832621637569607,0.20434251152132155,431,415,False,,complete
1 STAR BEVERAGE,510 N PLANO RD,75042,liquor_store,48113019032,2.0,5777,0.415998,0.6492223543045772,0.17817887733014187,0.21156460616561795,432,368,False,,complete
CLIFF BEER AND WINE,2460 W ILLINOIS AVENUE,75233,liquor_store,48113010804,1.0,4273,0.513096,0.7931695839612649,0.17817369846235867,0.1928307288385794,433,478,False,,complete
ARLEN'S CLEANERS,7812 GREAT TRINITY FOREST WAY Ste:100,75217,laundromat,48113009304,1.0,4114,0.52734,0.795672134188592,0.1780947655012877,0.18626378214687658,434,535,False,,complete
Family Dollar #27096,1875 ESTERS ROAD,75061,liquor_store,48113014410,2.0,6392,0.38901,0.6190273853482162,0.17786229732133108,0.222682333669941,435,326,False,,complete
JWC JEWELRY,2911 ROYAL LN Ste:A,75229,convenience_corner_store,48113009701,1.0,4709,0.477762,0.7028065046651475,0.17775304172383,0.1873624724275459,436,523,False,,complete
Family Dollar #27627,620 N Jim Miller Rd,75217,liquor_store,48113009304,1.0,4106,0.52734,0.795672134188592,0.17774844607396384,0.18590157741737365,437,537,False,,complete
C STORE #1,2880 FOREST LN,75234,liquor_store,48113009611,2.0,5711,0.418371,0.5555152706469191,0.17765827769975936,0.17752491584955868,438,625,False,,complete
Super Wash Center,,,laundromat,48113016100,1.0,3857,0.552116,0.6889898339024092,0.17765219544229102,0.15031399862994604,439,1039,False,,complete
The Glam Doll Lashes,925 West Pioneer Parkway,75051,barbershop_beauty,48113016419,1.0,4467,0.495794,0.5028436872409088,0.17762285635027997,0.12495258901439438,440,1492,False,,complete
PIZZA HUT #034516,603 S TYLER ST Ste:100,75208,convenience_corner_store,48113005100,2.0,5926,0.407802,0.6494967359018763,0.17734478280976343,0.21711734581871378,441,344,False,,complete
FLAMINGO BEER AND WINE,1107 S JOSEY LN,75006,liquor_store,48113013729,2.0,5767,0.415107,0.5538596562463778,0.17729601854778843,0.1787014743452457,442,611,False,,complete
Fili Barber,,,barbershop_beauty,48113013610,2.0,6147,0.39803,0.543593246825866,0.17724338707143655,0.18674747172875533,443,529,False,,complete
Hollywood Nails,,,barbershop_beauty,48113014153,2.0,5947,0.406255,0.5418212416628312,0.1769447547919165,0.18004872261239493,444,598,False,,complete
RODEO WEST DALLAS,704 S WALTON WALKER BLVD Ste:140,75211,other_storefront,48113021200,1.0,4565,0.485431,0.6143637649933201,0.17623111785641873,0.1577759345361077,445,908,False,,complete
THREE AMIGOS,1927 E BELTLINE RD STE 136,75006,liquor_store,48113013718,1.0,4587,0.483249,0.6262621448663281,0.17596151869470256,0.16176130403541664,446,843,False,,complete
Shell Food Mart,3000 N Belt Line Rd,75062,liquor_store,48113014306,2.0,6044,0.400275,0.6135505850730318,0.17579035044049518,0.2086028447992998,447,383,False,,complete
CLIFF STOP,2418 W CLARENDON DR,75211,convenience_corner_store,48113005300,2.0,6567,0.379538,0.6238680304838287,0.17577806194843162,0.230657306344171,448,298,False,32,complete
ELITE MART,1746 S CARRIER PARKWAY,75051,liquor_store,48113016100,1.0,3807,0.552116,0.6889898339024092,0.1753492113167752,0.14836541166300352,449,1077,False,,complete
AZC Store,13021 Coit Road,,liquor_store,48113013610,2.0,6079,0.39803,0.543593246825866,0.1752826663424862,0.1846816138993173,450,544,False,,complete
Supercuts,3522 Gus Thomasson Road,75150,barbershop_beauty,48113017819,1.0,4345,0.500823,0.6323900280235025,0.17521449200244277,0.1548004429969239,451,963,False,,complete
Curry Bliss,101 S Coit Rd Suite 359,75080,liquor_store,48113019215,2.0,7860,0.339296,0.3446654606523758,0.17502764092118708,0.1463974451079261,452,1115,False,,complete
RAINBOW BILLIARDS,3211 W NORTHWEST HWY Ste:200,75220,other_storefront,48113000410,1.0,4280,0.505161,0.46819253537623756,0.17466893004153483,0.11095830615310677,453,1791,False,,complete
DOLLAR GENERAL STORE #2939,1103 S JOSEY LANE #412,75006,liquor_store,48113013729,2.0,5680,0.415107,0.5538596562463778,0.17462136038693227,0.1760056137126748,454,643,False,,complete
KROGER #450,3600 GUS THOMASSON RD STE 150,75150,liquor_store,48113017819,1.0,4330,0.500823,0.6323900280235025,0.1746096088309729,0.15426603410280332,455,972,False,,complete
7-ELEVEN CONVENIENCE STORE #38550A,806 W CENTERVILLE RD,75041,liquor_store,48113018127,2.0,5369,0.430934,0.621629061976121,0.17455975403980853,0.18786879791006594,456,519,False,,complete
NEW DAIRY WAY 2,1800 N GALLOWAY AVE STE 200,75149,liquor_store,48113017705,1.0,4802,0.465118,0.6983686116061287,0.17447595388654424,0.18980351993992542,457,501,False,,complete
Mr. Ice Water Fade  at Crown Barbershop,518 North Plano Road,75042,barbershop_beauty,48113019032,2.0,5654,0.415998,0.6492223543045772,0.1743852124674783,0.20706011481052516,458,394,False,,complete
SHOP N GO #12,607 S TYLER ST,75208,convenience_corner_store,48113005100,2.0,5826,0.407802,0.6494967359018763,0.17435212700804617,0.21345353640564063,459,353,False,,complete
Chevron,717 E Jefferson St,75051,liquor_store,48113016002,1.0,3467,0.588085,0.7705363615027627,0.1736298646630012,0.15182103813188416,460,1008,False,,complete
MOTLEY MART,2101 MOTLEY DRIVE,75150,liquor_store,48113017816,1.0,4812,0.462805,0.6641276930552902,0.17359503368611523,0.1804626876343874,461,594,False,,complete
CIGARETTE MART,3502 S CARRIER PKWY STE D,75052,liquor_store,48113016419,1.0,4355,0.495794,0.5028436872409088,0.17316936185481738,0.12181968326789512,462,1558,False,,complete
STUDIO 938,938 W PAGE AVE Ste:100,75208,barbershop_beauty,48113005100,2.0,5786,0.407802,0.6494967359018763,0.17315506468735928,0.2119880126404114,463,361,False,,complete
QUIKTRIP #903,2968 FOREST LN,75234,liquor_store,48113009611,2.0,5552,0.418371,0.5555152706469191,0.17271209206602417,0.17258244314423912,464,687,False,,complete
YOUR BEAUTY SALON,902 W JEFFERSON BLVD,75208,barbershop_beauty,48113005100,2.0,5770,0.407802,0.6494967359018763,0.17267623975908453,0.2114018031343197,465,369,False,,complete
7-ELEVEN CONVENIENCE STORE #35761B,1426 BELT LINE ROAD,75044,liquor_store,48113019049,2.0,5703,0.410782,0.582225264206402,0.17257105561961272,0.18627723838710297,466,534,False,,complete
MEXICO SHOP,7902 LAKE JUNE RD,75217,convenience_corner_store,48113009301,1.0,4449,0.486844,0.6553329109110991,0.17245572804949053,0.16453715978096103,467,789,False,,complete
Hope Food Mart,3802 N Town East Blvd,75150,liquor_store,48113017816,1.0,4779,0.462805,0.6641276930552902,0.17240454405360442,0.17922510062442587,468,604,False,,complete
J & B BEER WINE,1901 E BELT LINE ROAD,75006,liquor_store,48113013718,1.0,4493,0.483249,0.6262621448663281,0.17235559265212527,0.158446378685661,469,895,False,,complete
7-ELEVEN CONVENIENCE STORE #21104A,11441 SHILOH ROAD,75228,liquor_store,48113012701,2.0,5522,0.419182,0.6768378354736461,0.1722794914896084,0.2112368118627766,470,371,False,,complete
RACETRAC #2336,10707 FERGUSON RD,75228,liquor_store,48113012702,2.0,5495,0.420333,0.6321026779783646,0.17214418001401346,0.19567848919389147,471,461,False,,complete
THE BEST DEAL FURNITURE PLUS,920 W JEFFERSON BLVD,75208,convenience_corner_store,48113005100,2.0,5751,0.407802,0.6494967359018763,0.17210763515675823,0.21070567934583578,472,372,False,,complete
URBAN THRIFT BY MS,922 W JEFFERSON BLVD,75208,convenience_corner_store,48113005100,2.0,5751,0.407802,0.6494967359018763,0.17210763515675823,0.21070567934583578,473,373,False,,complete
Tacos Al Carbon,1916 Walnut Plaza Ste 100,75006,liquor_store,48113013718,1.0,4470,0.483249,0.6262621448663281,0.17147329159915423,0.15763527992986973,474,915,False,,complete
LATINO MARKET,1916 WALNUT PLAZA SUITE 105,75006,liquor_store,48113013718,1.0,4470,0.483249,0.6262621448663281,0.17147329159915423,0.15763527992986973,475,916,False,,complete
BRUTON STORE,9199 BRUTON ROAD,75217,liquor_store,48113009002,1.0,5124,0.43926,0.6883109673288886,0.17136349504104353,0.19948564725111473,476,442,False,,complete
Dallas Bruton Fuel Mart,9203 Bruton Rd,75217,liquor_store,48113009002,1.0,5124,0.43926,0.6883109673288886,0.17136349504104353,0.19948564725111473,477,443,False,,complete
MS HARDWARE LUMBER AND MORE LLC,1126 S Hampton Rd,75208,liquor_store,48113005300,2.0,6396,0.379538,0.6238680304838287,0.17120092648426508,0.2246511544658623,478,317,False,,complete
20Twenty Barber Shop,1311 East Belt Line Rd,,barbershop_beauty,48113013717,1.0,3683,0.555822,0.7158023466423657,0.17116367935080612,0.14936807722673023,479,1056,False,,complete
A & A PIZZA,900 S CORINTH ST RD,75203,convenience_corner_store,48113021100,1.0,4003,0.522503,0.7212350348395278,0.17112501313200326,0.16363105799145927,480,798,False,,complete
TEXAS ICE VENDING LLC,6171 BONNIE VIEW RD Ste:BU1,75241,convenience_corner_store,48113020200,1.0,4913,0.451648,0.6390124541819242,0.17111085861090547,0.17695927588698865,481,630,False,,complete
IMAGIONAIRE,2410 EMMETT ST,75211,barbershop_beauty,48113005300,2.0,6386,0.379538,0.6238680304838287,0.17093325774367055,0.22429991751391445,482,321,False,,complete
7 MART,3425 FOREST Ln STE A,75042,liquor_store,48113019013,1.0,3883,0.533263,0.8680196140759859,0.1706658930768223,0.1924049805657159,483,482,False,,complete
KIEST FOOD MART,3308 W KIEST,75233,liquor_store,48113010807,1.0,4193,0.503504,0.7808006040999902,0.17034170943568522,0.1861559216505819,484,536,False,,complete
7-Eleven Convenience Store #42780H,4231 N. State Hwy. 161,75038,liquor_store,48113014161,2.0,5182,0.433616,0.5305385704606631,0.1700336081655558,0.15343312297046147,485,982,False,,complete
SPRING CREEK BARBEQUE GRAND PRAIRIE,4108 S CARRIER PARKWAY,75052,liquor_store,48113016414,1.0,4468,0.480265,0.5213997843322563,0.1699061040069803,0.1298796289319279,486,1420,False,,complete
7-Eleven Convenience Store #25842B,3640 Gus Thomasson Road,75150,liquor_store,48113017819,1.0,4210,0.500823,0.6323900280235025,0.16977054345921383,0.1499907629498388,487,1044,False,,complete
MEO Food Mart,3803 S Polk St,75224,liquor_store,48113006100,1.0,4951,0.446816,0.6786197456603651,0.1697599079209784,0.18991526709134873,488,500,False,,complete
CLIPPERS & SCISSORS,7904 LAKE JUNE RD,75217,barbershop_beauty,48113009301,1.0,4376,0.486844,0.6553329109110991,0.16962604314330648,0.16183740418104864,489,838,False,,complete
PRODUCTS FOR YOUR TABLE,7906 LAKE JUNE RD,75217,convenience_corner_store,48113009301,1.0,4376,0.486844,0.6553329109110991,0.16962604314330648,0.16183740418104864,490,839,False,,complete
Fresh Food Store,4020 W Northgate Dr,75062,liquor_store,48113014154,2.0,7563,0.340487,0.41969365381131846,0.16942096954847016,0.17439552990090812,491,658,False,,complete
CJ'S BILLIARDS,3939 S POLK ST Ste:110,75224,other_storefront,48113006002,1.0,5104,0.436995,0.6628236846879564,0.1694022529150518,0.1910201749968128,492,493,False,,complete
STAR-OUT SOUL FOOD & MORE,2233 N PRAIRIE CREEK RD Ste:L8,75227,convenience_corner_store,48113009002,1.0,5063,0.43926,0.6883109673288886,0.16932345343341207,0.1971108181171729,493,453,False,,complete
7-ELEVEN CONVENIENCE STORE #18688A,1023 S HAMPTON RD,75208,liquor_store,48113005300,2.0,6323,0.379538,0.6238680304838287,0.16924694467792495,0.2220871247166428,494,330,False,,complete
HAMPTON INN & SUITES,202 E INTERSTATE 20,75116,liquor_store,48113016536,1.0,4649,0.465453,0.5940265087665296,0.16909095540503993,0.15509231899575804,495,957,False,,complete
JERRYS MARKET,3301 BERNAL DR,75212,grocery_food_mart,48113010500,1.0,4217,0.498524,0.7297267387782101,0.16896901367197695,0.17449474131923598,496,657,False,,complete
SAM FOOD AND BEER,2802 ROYAL LANE STE 101,75229,liquor_store,48113009701,1.0,4475,0.477762,0.7028065046651475,0.1689201235324144,0.17805204164647864,497,621,False,,complete
Family Dollar #32503,712 S WALTON WALKER BLVD STE 100,75211,grocery_food_mart,48113010704,1.0,4150,0.503361,0.7472754555478685,0.16852848045991312,0.1760257104358079,498,641,False,,complete
TEX-MEX VIDEO AND GROCERIES,1501 SMALL STREET,75050,liquor_store,48113015600,1.0,4072,0.509469,0.68902839196725,0.16814141828075801,0.15870220020875708,499,889,False,,complete
Quick Way,820 S Belt Line Rd,75060,liquor_store,48113015305,2.0,5545,0.411339,0.6232514316056799,0.16813529969094862,0.1945588589045012,500,467,False,,complete
CHILLY MART,9401 N MACARTHUR BLVD,75063,liquor_store,48113014128,3.0,8697,0.312991,0.3963236020817491,0.1680909536652239,0.1885344893728484,501,509,False,9,complete
AMIGO LIQUOR BEER & WINE,203 S BELTLINE RD STE 400,75051,liquor_store,48113016002,1.0,3353,0.588085,0.7705363615027627,0.1679206623060407,0.14682894169489694,502,1113,False,,complete
CVS/PHARMACY #5894,13033 COIT RD,75240,liquor_store,48113013610,2.0,5819,0.39803,0.543593246825866,0.16778579296708787,0.17678274572793673,503,633,False,,complete
AZ C-Store,13021 Coit Rd Ste 106,75240,liquor_store,48113013610,2.0,5819,0.39803,0.543593246825866,0.16778579296708787,0.17678274572793673,504,634,False,,complete
WALGREENS #03803,2141 N JOSEY LN,75006,liquor_store,48113013716,1.0,4722,0.457285,0.5130555941731305,0.16743434084200182,0.13493489838167458,505,1338,False,,complete
Ferguson Food Mart,10750 Ferguson Rd,75228,liquor_store,48113012502,2.0,5623,0.406083,0.5495146281506247,0.16719646305594862,0.17279566902849483,506,681,False,,complete
MS Food Mart,4323 W Illinois Ave STE 104,75211,liquor_store,48113006502,2.0,6480,0.370886,0.5604310813520071,0.16718174007345388,0.20331135436679973,507,418,False,,complete
KIEST BLVD TATTOO,309 W KIEST BLVD Ste:A,75224,barbershop_beauty,48113006002,1.0,5037,0.436995,0.6628236846879564,0.16717851644457601,0.1885126609441509,508,510,False,,complete
7-Eleven,,,gas_station,48113002002,2.0,5263,0.424059,0.7456573783386373,0.16706844890309724,0.2227313270053357,509,325,False,,complete
VALU+PAWN,2222 S BUCKNER BLVD,75227,other_storefront,48113009101,2.0,5319,0.420912,0.615252938851031,0.16697483924134435,0.18411521620501126,510,554,False,,complete
FIESTA MART #68,6401 ABRAMS,75231,liquor_store,48113007809,2.0,6526,0.368929,0.4963180023004522,0.1669407880123923,0.18003126321358934,511,599,False,,complete
Good Spirits LLC #4260,2165 East Buckingham Rd,75081,liquor_store,48113019024,2.0,6157,0.38254,0.506965510587835,0.16686992686778332,0.17372548762487885,512,666,False,40,complete
ROYAL THAI RESTAURANT,5500 GREENVILLE AVENUE SUITE 608,75206,liquor_store,48113007909,3.0,9683,0.294224,0.40963337350026974,0.16683292757678594,0.21752452723406848,513,340,False,7,complete
SHAKE SHACK,5500 GREENVILLE AVE STE 505,75206,liquor_store,48113007909,3.0,9683,0.294224,0.40963337350026974,0.16683292757678594,0.21752452723406848,514,341,False,,complete
Mustang Barbers,5500 Greenville Avenue,,barbershop_beauty,48113007909,3.0,9683,0.294224,0.40963337350026974,0.16683292757678594,0.21752452723406848,515,342,False,,complete
SAVE NOW FOOD MART,634 N CARRIER PARKWAY SUITE 160,75050,liquor_store,48113015500,1.0,3465,0.570621,0.7158312249255363,0.16676487173607013,0.1405327624720763,516,1222,False,,complete
Afayi Fuel Station,3828 US Highway 80 E,75149,liquor_store,48113017805,1.0,4834,0.448076,0.6056823200747785,0.1664291175299278,0.16459336132019753,517,784,False,,complete
EXPRESS 24-7,3460 N Town E Blvd Ste 100,75150,liquor_store,48113017816,1.0,4613,0.462805,0.6641276930552902,0.1664160204476412,0.17299966293795283,518,678,False,,complete
LAS TARASCAS,2200 W CLARENDON DR,75208,convenience_corner_store,48113005300,2.0,6216,0.379538,0.6238680304838287,0.16638288915356342,0.21832888933080052,519,338,False,,complete
Texaco,9401 North MacArthur Boulevard,,gas_station,48113014128,3.0,8606,0.312991,0.3963236020817491,0.16633215444899582,0.18656178171124907,520,530,False,,complete
SPEC'S LIQUORS #156 SFP DISTRIBUTION SPEC'S WINE & SPIRITS,9972 MARSH LN,75220,liquor_store,48113009401,1.0,3823,0.528651,0.5029500027293169,0.16605769167242454,0.10696239773451603,521,1860,False,,complete
Tailor Made Cuts,595 South Belt Line Road,,barbershop_beauty,48113015304,1.0,4501,0.470119,0.6244573463247142,0.1660557925530121,0.15824848879193015,522,901,False,,complete
Silk Nails & Spa,,,barbershop_beauty,48113013716,1.0,4680,0.457285,0.5130555941731305,0.16594509003400432,0.133734715041558,523,1356,False,,complete
DRIVE THRU SUPER DISCOUNT CIGARETTES,929 W PIONEER PARKWAY SUITE C,75051,liquor_store,48113016419,1.0,4173,0.495794,0.5028436872409088,0.16593243329969068,0.11672871142983383,524,1663,False,,complete
LITTLE CAESARS PIZZA,13323 MONTFORT DR,75240,convenience_corner_store,48113013615,3.0,7759,0.331391,0.6124634973078427,0.1659218185547335,0.2672960128902292,525,202,False,,complete
CHILLY MART 41,401 S BELT LINE RD,75051,liquor_store,48113016002,1.0,3313,0.588085,0.7705363615027627,0.16591743340886156,0.14507732890998912,526,1136,False,,complete
LILIAN'S RESTAURANT / TIENDA,417 S BELT LINE ROAD,75051,liquor_store,48113016002,1.0,3313,0.588085,0.7705363615027627,0.16591743340886156,0.14507732890998912,527,1137,False,,complete
OH DONUTS,2236 S BUCKNER BLVD,75227,convenience_corner_store,48113009101,2.0,5276,0.420912,0.615252938851031,0.1656249768447702,0.18262678712119562,528,565,False,,complete
MI SAZON OAXACA,2324 W CLARENDON DR Ste:100,75208,convenience_corner_store,48113005300,2.0,6183,0.379538,0.6238680304838287,0.16549958230960146,0.21716980738937253,529,343,False,,complete
Dollar General Store #17248,3424 S Briery Rd,75060,liquor_store,48113015305,2.0,5444,0.411339,0.6232514316056799,0.16507278115735333,0.19101504560434704,530,494,False,,complete
RACETRAC #2308,714 S BELT LINE RD,75060,liquor_store,48113015305,2.0,5444,0.411339,0.6232514316056799,0.16507278115735333,0.19101504560434704,531,495,False,,complete
Gally's Wine and Spirits ,7047 Twin Hills Ave STE 125,75231,liquor_store,48113007822,3.0,7904,0.326831,0.42987960707786643,0.16499333384212542,0.18701598161038835,532,527,False,,complete
BAWA TEXACO,6808 LAKE JUNE ROAD,75217,liquor_store,48113009301,1.0,4256,0.486844,0.6553329109110991,0.16497450631122312,0.1573994497702338,533,921,False,,complete
7-ELEVEN CONVENIENCE STORE #36002C,9998 MARSH LN,75220,liquor_store,48113009401,1.0,3798,0.528651,0.5029500027293169,0.1649717794851866,0.1062629313616772,534,1872,False,,complete
WASH WORLD,1214 S HAMPTON RD,75208,laundromat,48113005300,2.0,6159,0.379538,0.6238680304838287,0.16485717733217456,0.2163268387046976,535,347,False,,complete
Y-SATURN CONVENIENCE STORE,5013 SATURN ROAD,75041,liquor_store,48113018403,2.0,5724,0.397688,0.7163429327168459,0.16482770621402587,0.23232589857563554,536,286,False,,complete
KWIK MART/CHURCHS,820 S WALTON WALKER BLVD,75211,liquor_store,48113010704,1.0,4055,0.503361,0.7472754555478685,0.1646705995819151,0.17199620622101228,537,695,False,,complete
Shamrock,1701 South Belt Line Road,75051,gas_station,48113016201,1.0,4004,0.507943,0.5600061184633105,0.1646504960591966,0.12552579227644994,538,1485,False,,complete
MOKA LOKA INC,7150 CHAUCER PL Ste:104,75237,convenience_corner_store,48113010906,2.0,5594,0.403206,0.6388825651640834,0.16453499521175574,0.20144499309741,539,429,False,,complete
AL Food Mart,7150 Chaucer Pl Ste 108,75237,liquor_store,48113010906,2.0,5594,0.403206,0.6388825651640834,0.16453499521175574,0.20144499309741,540,430,False,,complete
55 Seventy Dallas BevCo,7015 Twin Hills Ave STE 120,75231,liquor_store,48113007822,3.0,7882,0.326831,0.42987960707786643,0.16453409126311141,0.18649544117574407,541,532,False,,complete
Dennis Water & Beer Wine,11055 Dennis Road Suite 3,75229,liquor_store,48113009610,1.0,3833,0.52404,0.7795457989020851,0.16451625208367637,0.1698888586314654,542,725,False,,complete
TWICE THE ICE,9041 FOREST LN,75243,convenience_corner_store,48113007805,2.0,6708,0.359446,0.5539291654358188,0.16448521006689434,0.2078877025743199,543,391,False,27,complete
O'REILLY AUTO PARTS,9025 FOREST LN Ste:110,75243,grocery_food_mart,48113007805,2.0,6708,0.359446,0.5539291654358188,0.16448521006689434,0.2078877025743199,544,392,False,,complete
WALGREENS #04267,1902 N JUPITER ROAD,75042,liquor_store,48113019047,2.0,6067,0.382005,0.5434036487403511,0.16406784537383648,0.18424908008007504,545,551,False,,complete
TORITOS VIP,7930 LAKE JUNE RD,75217,other_storefront,48113009301,1.0,4227,0.486844,0.6553329109110991,0.1638503849101363,0.15632694412095352,546,940,False,,complete
El Rico Taco,160 Grand Central Shopping Center Suite 160B,75050,liquor_store,48113015600,1.0,3966,0.509469,0.68902839196725,0.1637644560170644,0.1545709543290596,547,966,False,,complete
QUALITY LICENSING CORP. (STORE #789),200 US HIGHWAY 80 E,75149,liquor_store,48113017705,1.0,4506,0.465118,0.6983686116061287,0.16372108459241322,0.1781038444084348,548,620,False,,complete
360 Liquors #5,2815 N MacArthur Blvd,75062,liquor_store,48113014316,2.0,6311,0.372125,0.5304706079540149,0.16369573602115495,0.18683618383509415,549,528,False,,complete
Qwik Wash & Dry,1820 Hillcrest Street,75149,laundromat,48113017704,2.0,5037,0.430684,0.45403545391335276,0.16362482144005674,0.12636975018874372,550,1467,False,,complete
MISS BOUTIQUE LLC,2240 N PRAIRIE CREEK RD Ste:700,75227,convenience_corner_store,48113009002,1.0,4891,0.43926,0.6883109673288886,0.1635712049659922,0.19041457859195984,551,497,False,,complete
JG's Old Fashioned Hamburgers,12101 Greenville Ave Suite 109,75243,liquor_store,48113007828,2.0,6427,0.367232,0.5539643621645067,0.16318901064978128,0.19919259515118096,552,444,False,,complete
TOP SIX FIVE BARBERS,8434 LAKE JUNE RD,75217,barbershop_beauty,48113009202,1.0,4193,0.4879,0.7292705620349698,0.16302744218261103,0.17338862392560458,553,673,False,,complete
DOLLAR GENERAL STORE #3247,3480 S CARRIER PKWY STE 110,75052,liquor_store,48113016419,1.0,4099,0.495794,0.5028436872409088,0.1629899458651886,0.11465875584732539,554,1713,False,,complete
1 STOP SHOP & TAQUERIA,3480 S Carrier Pkwy STE 200,75052,liquor_store,48113016419,1.0,4099,0.495794,0.5028436872409088,0.1629899458651886,0.11465875584732539,555,1714,False,,complete
WIZARDS CBD & WELLNESS,7702 N CENTRAL EXPY,75206,convenience_corner_store,48113007912,3.0,7542,0.333344,0.3612405868962099,0.16292803700940411,0.14786130624750712,556,1094,False,,complete
SPRING CONVENIENCE STORE,2743 FOREMAN ST,,other_storefront,48113002703,1.0,4310,0.478027,0.5749275889660188,0.1628194668075422,0.13891908784828316,557,1257,False,,complete
ONE STOP FOOD STORE,617 S BELT LINE RD,75060,liquor_store,48113015304,1.0,4411,0.470119,0.6244573463247142,0.16273541456372725,0.15508422218644832,558,958,False,,complete
VALLEY RANCH LIQUORS,8600 N MACARTHUR BOULEVARD #160,75063,liquor_store,48113014130,3.0,8480,0.311762,0.3371263008940393,0.16273180860683012,0.15416759204414934,559,973,False,35,complete
DALLAS STAR FOOD MART,865 S WALTON WALKER BLVD,75211,liquor_store,48113021200,1.0,4215,0.485431,0.6143637649933201,0.16271942207334172,0.14567920352019584,560,1132,False,,complete
7-Eleven Convenience Store #39047D,10025 N MacArthur Blvd,75063,liquor_store,48113014128,3.0,8419,0.312991,0.3963236020817491,0.16271791869696675,0.18250797585719336,561,566,False,,complete
TAPS LIQUOR 3,10045 N MACARTHUR BLVD STE 101,75063,liquor_store,48113014128,3.0,8419,0.312991,0.3963236020817491,0.16271791869696675,0.18250797585719336,562,567,False,,complete
Valley Ranch Shell,9975 N MacArthur Blvd,75063,liquor_store,48113014128,3.0,8419,0.312991,0.3963236020817491,0.16271791869696675,0.18250797585719336,563,568,False,,complete
WALGREENS #03921,10001 N MACARTHUR BOULEVARD,75063,liquor_store,48113014128,3.0,8419,0.312991,0.3963236020817491,0.16271791869696675,0.18250797585719336,564,569,False,,complete
CVS/PHARMACY #7809,4203 S CARRIER PKWY,75052,liquor_store,48113016412,1.0,4613,0.455257,0.33905199748405335,0.16252354961591783,0.08438989857118546,565,2331,False,,complete
EL BARBERO DALLAS BARBER LOUNGE,2232 S BUCKNER BLVD,75227,barbershop_beauty,48113009101,2.0,5177,0.420912,0.615252938851031,0.16251715411777395,0.17919993876543397,566,605,False,,complete
TRI-OPS INC.,1919 S BUCKNER BLVD Ste:110,75217,convenience_corner_store,48113009104,1.0,3758,0.526897,0.6813141415677817,0.16249744063671012,0.14475133193317083,567,1147,False,,complete
Family Dollar #22476,1450 W PLEASANT RUN ROAD SUITE 160,75146,liquor_store,48113016806,1.0,4847,0.43988,0.5102676710133658,0.1624356496095023,0.13770838635087662,568,1289,False,,complete
FIESTA MART #213,1450 W PLEASANT RUN RD STE 200,75146,liquor_store,48113016806,1.0,4847,0.43988,0.5102676710133658,0.1624356496095023,0.13770838635087662,569,1290,False,,complete
Orange Lee’s Poboys & Wings,1450 W Pleasant Run Rd 156,75146,liquor_store,48113016806,1.0,4847,0.43988,0.5102676710133658,0.1624356496095023,0.13770838635087662,570,1291,False,,complete
H M S MART,1458 W PLEASANT RUN RD,75146,liquor_store,48113016806,1.0,4847,0.43988,0.5102676710133658,0.1624356496095023,0.13770838635087662,571,1292,False,,complete
7-Eleven Convenience Store #27528B,2145 N JOSEY LN STE 100,75006,liquor_store,48113013716,1.0,4579,0.457285,0.5130555941731305,0.1623637964242961,0.13084855986651586,572,1399,False,,complete
TOBACCO CHEAPER,2145 N JOSEY LN STE 110,75006,liquor_store,48113013716,1.0,4579,0.457285,0.5130555941731305,0.1623637964242961,0.13084855986651586,573,1400,False,,complete
7-Eleven,North Josey Lane,75006,convenience_corner_store,48113013716,1.0,4579,0.457285,0.5130555941731305,0.1623637964242961,0.13084855986651586,574,1401,False,,complete
FALLAS PAREDES #7245,2223 S BUCKNER BLVD Ste:225,75227,grocery_food_mart,48113009101,2.0,5171,0.420912,0.615252938851031,0.16232880122522872,0.1789922509862969,575,607,False,,complete
FAMILY DOLLAR,2223 S BUCKNER BLVD Ste:215,,grocery_food_mart,48113009101,2.0,5171,0.420912,0.615252938851031,0.16232880122522872,0.1789922509862969,576,608,False,,complete
BOOST MOBILE,13505 MONTFORT PL Ste:102,75240,convenience_corner_store,48113013615,3.0,7589,0.331391,0.6124634973078427,0.16228646488102494,0.26143954656836565,577,207,False,,complete
EXQUISITE EATZ,110 LONGBRANCH LN Ste:A,75217,convenience_corner_store,48113011601,1.0,4183,0.487132,0.6674839681629444,0.16227949745593775,0.15770311064224946,578,913,False,,complete
HANDY STOP CONVENIENCE STORE & CHECK CASHING,2771 ROYAL LN,75229,liquor_store,48113009610,1.0,3780,0.52404,0.7795457989020851,0.16224143826670928,0.16753975622930845,579,746,False,,complete
BIG MART,910 S CORINTH ST RD,75203,convenience_corner_store,48113021100,1.0,3793,0.522503,0.7212350348395278,0.16214768294021695,0.15504686559120787,580,960,False,,complete
9-11 Hair & Nail Salon,10340 Ferguson Road,,barbershop_beauty,48113012502,2.0,5451,0.406083,0.5495146281506247,0.16208214834038343,0.16751008214019655,581,747,False,,complete
BUCKNER SHELL,2438 S BUCKNER BLVD,75227,convenience_corner_store,48113009101,2.0,5163,0.420912,0.615252938851031,0.1620776640351684,0.17871533394744749,582,610,False,,complete
THE GREAT STOP N SHOP,2403 WESTERN PARK DR,75211,liquor_store,48113010809,2.0,5147,0.421745,0.6615011709789734,0.16205469159901206,0.19222725106345848,583,483,False,,complete
MIGALITOS SUPERMERCARDO #5,3160 SATURN ROAD SUITE 202,75040,liquor_store,48113018402,2.0,4964,0.43166,0.6712677394768762,0.16179506337317037,0.18825742477796606,584,513,False,,complete
Spec's Wines Spirits & Finer Foods Spec's Liquor #218 SFP Distribution,4136 S Carrier Pkwy Suite 350,75052,liquor_store,48113016414,1.0,4252,0.480265,0.5213997843322563,0.1616922010379768,0.12360075698714355,585,1529,False,,complete
CK WASH & DRY LAVANDERIA,3734 W CLARENDON DR,75211,laundromat,48113006501,2.0,6589,0.359501,0.5668340231950851,0.16160775327470805,0.20922419711553752,586,379,False,,complete
MOYA SCHOOL OF WRESTLING,2112 S COCKRELL HILL RD Ste:A,75211,barbershop_beauty,48113006502,2.0,6260,0.370886,0.5604310813520071,0.1615058167993551,0.19640880838521083,587,458,False,,complete
"RC BUSINESS, LLC",8426 LAKE JUNE RD,75217,convenience_corner_store,48113009202,1.0,4148,0.4879,0.7292705620349698,0.16127780352336527,0.1715277872748409,588,701,False,,complete
VANES BEAUTY SALON,8428 LAKE JUNE RD,75217,barbershop_beauty,48113009202,1.0,4148,0.4879,0.7292705620349698,0.16127780352336527,0.1715277872748409,589,702,False,,complete
LA MONARCA PALETERIA & FRUTERIA,8432 LAKE JUNE RD,75217,convenience_corner_store,48113009202,1.0,4148,0.4879,0.7292705620349698,0.16127780352336527,0.1715277872748409,590,703,False,,complete
GC DELIVERY LLC,8422 LAKE JUNE RD,75217,convenience_corner_store,48113009202,1.0,4148,0.4879,0.7292705620349698,0.16127780352336527,0.1715277872748409,591,704,False,,complete
TIENDA SALVADORENA LA TIENDONA,8424 LAKE JUNE RD,75217,convenience_corner_store,48113009202,1.0,4148,0.4879,0.7292705620349698,0.16127780352336527,0.1715277872748409,592,705,False,,complete
SWEET PARTY,8430 LAKE JUNE RD,75217,convenience_corner_store,48113009202,1.0,4148,0.4879,0.7292705620349698,0.16127780352336527,0.1715277872748409,593,706,False,,complete
THE ARTISTRY BARBER STUDIO,2100 W CLARENDON DR,75208,barbershop_beauty,48113005300,2.0,6017,0.379538,0.6238680304838287,0.16105628121573215,0.21133927398703775,594,370,False,,complete
Forest Green,9015 Forest Lane,75243,library,48113007828,2.0,6334,0.367232,0.5539643621645067,0.1608276324032542,0.1963102376983943,595,460,False,,complete
Swift-T Mart,2333 Oates Drive,75150,convenience_corner_store,48113018001,2.0,5663,0.394078,0.5705278311645955,0.16078574836874795,0.18105644754835334,596,587,False,,complete
MM FOOD MART,3626 Saturn Rd,75041,liquor_store,48113018402,2.0,4933,0.43166,0.6712677394768762,0.16078465906926862,0.18708176398664517,597,526,False,,complete
Variedades la tiendona LLC,929 E SIXTH St,75060,liquor_store,48113014903,2.0,5632,0.39536,0.55189166847014,0.16071274819948408,0.17386330662138574,598,662,False,,complete
MI TIENDA SALVADORENA,9706 ABERNATHY AVE,75220,convenience_corner_store,48113009803,2.0,5257,0.413422,0.5751097470489208,0.1606267309908756,0.1694991938411672,599,733,False,,complete
360 Liquors #2,425 S Belt Line Rd STE A,75051,liquor_store,48113016002,1.0,3207,0.588085,0.7705363615027627,0.16060887683133684,0.14043555502998342,600,1223,False,,complete
SPRING CREEK BARBEQUE,3514 W AIRPORT FREEWAY,75062,liquor_store,48113014407,1.0,4824,0.437827,0.7726399853089242,0.16055770993959895,0.21184413966064664,601,362,False,,complete
CONSEJERA Y CURANDERA LUZ,7922 LAKE JUNE RD Ste:102,75217,convenience_corner_store,48113009301,1.0,4141,0.486844,0.6553329109110991,0.1605167835138099,0.1531464101265362,602,988,False,,complete
CIRCLE A,1701 S BELT LINE RD,75051,liquor_store,48113016201,1.0,3902,0.507943,0.5600061184633105,0.16045610280294337,0.12232808228339354,603,1549,False,,complete
LEGENDARY INK,1624 MORRELL AVE,75203,convenience_corner_store,48113021100,1.0,3750,0.522503,0.7212350348395278,0.16030946771047022,0.1532891500044897,604,986,False,,complete
KROGER #527,200 W CAMP WISDOM ROAD,75116,liquor_store,48113016518,1.0,4481,0.45997,0.6273337682492148,0.160233899459552,0.15830694338202433,605,899,False,,complete
SWIF-T #11,2333 OATES DR,75150,liquor_store,48113018001,2.0,5632,0.394078,0.5705278311645955,0.15990558622864004,0.18006532095926647,606,597,False,,complete
LITTLE CAESARS PIZZA 1617-0011,3536 SIMPSON STUART RD,75241,convenience_corner_store,48113020200,1.0,4587,0.451648,0.6390124541819242,0.15975687124938395,0.1652172193148009,607,772,False,,complete
Family Dollar #21991,2417 Gus Thomasson Rd,75228,liquor_store,48113012702,2.0,5096,0.420333,0.6321026779783646,0.15964453891745453,0.18146998743076814,608,582,False,,complete
HAMPTON FOOD MART,1232 S HAMPTON RD,75208,grocery_food_mart,48113005300,2.0,5962,0.379538,0.6238680304838287,0.1595841031424622,0.20940747075132446,609,376,False,,complete
CIRCLE K #2740759,3341 N TOWN EAST BOULEVARD,75150,liquor_store,48113017806,2.0,4907,0.430786,0.5440872385728756,0.15945777961728186,0.14921918167808143,610,1059,False,,complete
MUSHI'S 1 ,3502 Simpson Stuart Rd STE 100,75241,liquor_store,48113020200,1.0,4578,0.451648,0.6390124541819242,0.15944341761056893,0.16489305210882024,611,775,False,,complete
WESTCHESTER EXPRESS,4155 S Carrier Pkwy,75052,liquor_store,48113016412,1.0,4525,0.455257,0.33905199748405335,0.1594231654047319,0.08278003274108264,612,2364,False,,complete
EL RANCHO #28,2770 Valwood Pkwy,75234,liquor_store,48113013902,2.0,6741,0.351553,0.583540070005791,0.15934631970870383,0.2207051800659925,613,332,False,,complete
MS DISCOUNT EXPRESS,2950 W CAMP WISDOM RD,75237,liquor_store,48113010905,2.0,5060,0.421564,0.6601655469759322,0.15921308733734912,0.18857867906686954,614,507,False,,complete
LATINOS SALON & BARBER,10825 DENNIS RD Ste:101,75229,barbershop_beauty,48113009611,2.0,5111,0.418371,0.5555152706469191,0.158993426251702,0.15887407545212648,615,881,False,,complete
QUIKTRIP 853R,1005 W PIONEER PARKWAY,75051,liquor_store,48113016419,1.0,3992,0.495794,0.5028436872409088,0.15873526808827348,0.11166571196450914,616,1776,False,,complete
Family Dollar #22337,610 S Carrier Pkwy,75051,liquor_store,48113016100,1.0,3444,0.552116,0.6889898339024092,0.15862954656553027,0.13421867028300083,617,1348,False,,complete
WALGREENS #04459,8120 S COCKRELL HILL RD,75236,liquor_store,48113016607,1.0,4011,0.493824,0.7423248554852548,0.15860742956036894,0.16895656884254062,618,739,False,,complete
WALGREENS #05826,7930 BELT LINE RD,75240,liquor_store,48113013609,2.0,5212,0.412239,0.6214227847316898,0.15856247818194713,0.18231162033876405,619,571,False,,complete
ONE STOP FOOD MART,3708 SHEPHERD LANE,75180,liquor_store,48113017204,2.0,5051,0.420792,0.6400226410323856,0.15849398411730278,0.18223134345369435,620,574,False,,complete
CENTRAL MARKET,5750 E LOVERS LN,75206,grocery_food_mart,48113007909,3.0,9196,0.294224,0.40963337350026974,0.15844217721740406,0.2065842768196317,621,396,False,,complete
SHAVED ICE PALACE,1626 MORRELL AVE,75203,convenience_corner_store,48113021100,1.0,3706,0.522503,0.7212350348395278,0.15842850328933403,0.1514905573111037,622,1018,False,,complete
WORLD MARKET,5500 GREENVILLE AVENUE SUITE 300,75206,liquor_store,48113007909,3.0,9188,0.294224,0.40963337350026974,0.15830434148254766,0.20640456018038014,623,398,False,,complete
VAPOR ZONE,1707 BARNES BRIDGE RD,75228,convenience_corner_store,48113012701,2.0,5068,0.419182,0.6768378354736461,0.1581152594837623,0.19386964189071923,624,470,False,,complete
SUPER SAVE STORE,1727 BARNES BRIDGE RD,75228,convenience_corner_store,48113012701,2.0,5068,0.419182,0.6768378354736461,0.1581152594837623,0.19386964189071923,625,471,False,,complete
Rivera's Salon,1426 North Galloway Avenue,75149,barbershop_beauty,48113017705,1.0,4348,0.465118,0.6983686116061287,0.15798030976649197,0.1718587473341932,626,699,False,,complete
PURELY CBD,5917 GREENVILLE AVE,75206,convenience_corner_store,48113007912,3.0,7310,0.333344,0.3612405868962099,0.15791619604067145,0.14331293405850928,627,1166,False,,complete
ZARA FOOD MART,1102 E PIONEER DR STE H,75061,liquor_store,48113014704,2.0,4890,0.428961,0.6560512397317662,0.15790768980120273,0.18105420325158872,628,588,False,,complete
Family Dollar #23215,210 W CAMP WISDOM RD,75116,liquor_store,48113016518,1.0,4414,0.45997,0.6273337682492148,0.15783807904808358,0.1559399348556696,629,946,False,,complete
ONE STOP FOODMART,1731 S BUCKNER BLVD Ste:100,75217,convenience_corner_store,48113009105,1.0,4542,0.450777,0.6314345997531512,0.15774734545444494,0.16156258903727563,630,846,False,,complete
MY GROCERY STORE,3540 SIMPSON STUART RD,75241,grocery_food_mart,48113020200,1.0,4527,0.451648,0.6390124541819242,0.15766718032395055,0.16305610460826328,631,809,False,,complete
CANDLES AND MORE,2445 S BUCKNER BLVD Ste:110,75227,convenience_corner_store,48113009101,2.0,5022,0.420912,0.615252938851031,0.1576513710603556,0.17383467113772638,632,663,False,,complete
Blanco's Flawless Cuts,1218 North Josey Lane,,barbershop_beauty,48113013718,1.0,4108,0.483249,0.6262621448663281,0.157586640243697,0.14486929081698094,633,1141,False,,complete
Family Dollar #26050,6171 BONNIE VIEW ROAD,75241,liquor_store,48113016711,2.0,5430,0.399626,0.6336797647745276,0.15753813623307544,0.19386984258264492,634,469,False,,complete
HILTON GARDEN INN DALLAS,10350 N CENTRAL EXPY,75231,liquor_store,48113007822,3.0,7544,0.326831,0.42987960707786643,0.15747845527644158,0.17849804722529983,635,615,False,,complete
ROYAL MARKET,1326 W KINGSLEY RD,75041,liquor_store,48113018402,2.0,4829,0.43166,0.6712677394768762,0.15739491559811436,0.18313761165447182,636,560,False,,complete
TEXAS WIRELESS SUPPLY,6525 ABRAMS RD,75231,convenience_corner_store,48113007809,2.0,6148,0.368929,0.4963180023004522,0.15727121739199934,0.16960346402653192,637,729,False,,complete
WHITE ROCK TUMBLE & CHEER,6510 ABRAMS RD Ste:100,75231,barbershop_beauty,48113007809,2.0,6148,0.368929,0.4963180023004522,0.15727121739199934,0.16960346402653192,638,730,False,,complete
BLINK FITNESS,6515 ABRAMS RD,75231,barbershop_beauty,48113007809,2.0,6148,0.368929,0.4963180023004522,0.15727121739199934,0.16960346402653192,639,731,False,,complete
DALLAS NUTRITION,6523 ABRAMS RD,75231,convenience_corner_store,48113007809,2.0,6148,0.368929,0.4963180023004522,0.15727121739199934,0.16960346402653192,640,732,False,,complete
Family Dollar #30178,7570 MOUNTAIN CREEK PARKWAY,75249,liquor_store,48113016511,1.0,4366,0.46188,0.5745644328835816,0.15705390907696415,0.14063037958804958,641,1216,False,,complete
Family Dollar #26768,6300 Skillman St Ste 147B,75231,liquor_store,48113007809,2.0,6137,0.368929,0.4963180023004522,0.156989827770771,0.1693000095528345,642,736,False,,complete
SPEED KING WASH & DRY,10100 BRUTON RD Ste:301,75217,laundromat,48113011901,2.0,6349,0.361195,0.400560963610142,0.15692364097746844,0.13922399351516843,643,1243,False,37,complete
7-ELEVEN CONVENIENCE STORE #24466A,10100 BRUTON RD,75217,liquor_store,48113011901,2.0,6349,0.361195,0.400560963610142,0.15692364097746844,0.13922399351516843,644,1244,False,,complete
ADI'S CHEVRON,2313 S BUCKNER BLVD,75227,liquor_store,48113009101,2.0,4997,0.420912,0.615252938851031,0.15686656734141713,0.17296930539132194,645,679,False,,complete
Scrub-a-Duds Super Coin Laundry,2215 Gus Thomasson Road,,laundromat,48113012702,2.0,5006,0.420333,0.6321026779783646,0.15682507100093748,0.17826506222104108,646,618,False,,complete
BUY & RIDE STORE,8505 LAKE JUNE RD,75217,liquor_store,48113009203,2.0,4981,0.421646,0.6378891065401504,0.15677300988644352,0.1790779076305972,647,606,False,,complete
Casa View Villa Nail Salon,2403 Gus Thomasson Road,,barbershop_beauty,48113012702,2.0,5003,0.420333,0.6321026779783646,0.15673108873705355,0.17815823138071682,648,619,False,,complete
LEANING SIGN LIQUOR,406 N CARRIER PKWY,75050,liquor_store,48113015500,1.0,3251,0.570621,0.7158312249255363,0.15646539625222627,0.13185339416932756,649,1390,False,,complete
AL'S STOP & SHOP,7926 LAKE JUNE RD,75217,convenience_corner_store,48113009301,1.0,4035,0.486844,0.6553329109110991,0.15640792597880293,0.14922621706364975,650,1058,False,,complete
EL MAYOREO MEAT MARKET,1105 S WALTON WALKER BLVD,75211,convenience_corner_store,48113021200,1.0,4046,0.485431,0.6143637649933201,0.15619520325237027,0.13983821054394124,651,1231,False,,complete
MINI MART CONVENIENCE STORE,300 S ST AUGUSTINE RD,75217,convenience_corner_store,48113011701,1.0,4135,0.477828,0.6512134657592868,0.15611647800049802,0.15191797976026014,652,1006,False,,complete
I & H WHOLESALE,7925 GREAT TRINITY FOREST WAY,75217,grocery_food_mart,48113009304,1.0,3604,0.52734,0.795672134188592,0.15601690200939253,0.16317323064106543,653,805,False,,complete
CVS/PHARMACY #10880,8580 N MACARTHUR BLVD,75063,liquor_store,48113014130,3.0,8124,0.311762,0.3371263008940393,0.1559001430568264,0.14769546200078645,654,1097,False,,complete
Alexsandra's Suites,1739 North Galloway Avenue,75149,barbershop_beauty,48113017703,2.0,4793,0.431018,0.5545588948962277,0.155877547582682,0.14871826708692001,655,1071,False,,complete
The Market at JSOM,,,convenience_corner_store,48113980200,1.0,4315,0.463033,0.581416309277081,0.1557755213384988,0.14073469625343515,656,1214,False,,complete
LIL JOE REAL SMOKE BBQ,3142 E ILLINOIS AVE Ste:C,75216,convenience_corner_store,48113008604,1.0,4248,0.468056,0.7404278156747088,0.15574213963074773,0.17846360792404892,657,616,False,,complete
SAVERS COST PLUS #5253,1713 S BELT LINE RD,75051,liquor_store,48113016201,1.0,3786,0.507943,0.5600061184633105,0.1556860085115181,0.11869147091874113,658,1624,False,,complete
HIGHLAND HILLS COMMUNITY,3530 SIMPSON STUART RD,75241,laundromat,48113020200,1.0,4464,0.451648,0.6390124541819242,0.15547300485224547,0.1607869341663988,659,867,False,,complete
HONSUSHI,1902 E Belt Line Rd,75006,liquor_store,48113013729,2.0,5055,0.415107,0.5538596562463778,0.15540686210491947,0.15663879882351606,660,934,False,,complete
LA SALSA VERDE TAQUERIA,1916 E BELT LINE RD STE A,75006,liquor_store,48113013729,2.0,5055,0.415107,0.5538596562463778,0.15540686210491947,0.15663879882351606,661,935,False,,complete
AT&T AUTHORIZED RETAILER #2406,5521 GREENVILLE AVE Ste:101,,convenience_corner_store,48113007909,3.0,9009,0.294224,0.40963337350026974,0.15522026691513624,0.2023834003771272,662,423,False,,complete
ZAR,5521 GREENVILLE AVE Ste:106B,75206,convenience_corner_store,48113007909,3.0,9009,0.294224,0.40963337350026974,0.15522026691513624,0.2023834003771272,663,424,False,,complete
Elegance Beauty Salon,617 West Main Street #B,75050,barbershop_beauty,48113015500,1.0,3225,0.570621,0.7158312249255363,0.15521405810932937,0.1307988914783394,664,1403,False,,complete
LA TEXICA,1721 BARNES BRIDGE RD,75228,convenience_corner_store,48113012701,2.0,4965,0.419182,0.6768378354736461,0.1549017883458721,0.1899295130204067,665,499,False,,complete
Taqueria Moctezuma Inc,4117 N Story Rd,75038,liquor_store,48113014310,2.0,5622,0.386493,0.5964851443126667,0.1548545389748294,0.18836871822702364,666,512,False,,complete
TERES WESTERN & BOOTS,8033 LAKE JUNE RD,75217,convenience_corner_store,48113009301,1.0,3989,0.486844,0.6553329109110991,0.15462483685983763,0.1475250012061707,667,1103,False,,complete
GARIBALDI BEAUTY SALON,8017 LAKE JUNE RD Ste:D,75217,barbershop_beauty,48113009301,1.0,3989,0.486844,0.6553329109110991,0.15462483685983763,0.1475250012061707,668,1104,False,,complete
DOLLAR PLUS STORE,2901 S FIFTH STREET STE B,75041,liquor_store,48113018300,1.0,4471,0.449454,0.6253743003250053,0.15462019436919955,0.15743598440596318,669,920,False,,complete
GP SMOKE SHOP,809 W Jefferson St STE A,75051,liquor_store,48113016100,1.0,3356,0.552116,0.6889898339024092,0.15457629450462243,0.13078915722118198,670,1404,False,,complete
SUPER MERCADO MONTERREY,1120 S WESTMORELAND ROAD,75211,liquor_store,48113006402,2.0,6062,0.368137,0.5840281296565564,0.1545345380245811,0.19864905710904204,671,445,False,,complete
TOBACCO AND MORE,10818 DENNIS RD Ste:103A,75229,convenience_corner_store,48113009611,2.0,4963,0.418371,0.5555152706469191,0.1543894295611812,0.1542735348207599,672,971,False,,complete
Tom Thumb #3614,315 S Hampton Rd,75208,liquor_store,48113004500,1.0,4566,0.442264,0.5314095168877079,0.15423549692238092,0.13542904942004594,673,1331,False,,complete
KIEST SHELL,4411 W KIEST BLVD,75236,convenience_corner_store,48113010807,1.0,3796,0.503504,0.7808006040999902,0.15421348175956623,0.1685303788661123,674,741,False,,complete
WHEATLAND SHELL,3805 W WHEATLAND RD,75237,liquor_store,48113016635,1.0,3930,0.490644,0.7316371823577514,0.15400733026801605,0.16306265236800357,675,808,False,,complete
VILLA NAIL SPA,2403 GUS THOMASSON RD,,barbershop_beauty,48113017815,1.0,4578,0.440902,0.5417741343935772,0.1539437980832353,0.13858874533557494,676,1271,False,,complete
DOLLAR GENERAL STORE #3369,839 W CENTERVILLE RD,75041,liquor_store,48113018403,2.0,5345,0.397688,0.7163429327168459,0.15391406179489314,0.21694303422200767,677,345,False,,complete
SISTER'S BEAUTY & NAIL SALON,3304 W KIEST BLVD,75233,barbershop_beauty,48113010806,2.0,5287,0.400431,0.5517146932524495,0.1538651317456514,0.1631576556917713,678,806,False,,complete
MIDTOWN BARBERS,13307 MONTFORT DR,75240,barbershop_beauty,48113013615,3.0,7195,0.331391,0.6124634973078427,0.153860998131371,0.24786632462239966,679,232,False,,complete
SMOKE HEAVEN,13311 MONTFORT DR,75240,convenience_corner_store,48113013615,3.0,7195,0.331391,0.6124634973078427,0.153860998131371,0.24786632462239966,680,233,False,,complete
WALGREENS #03886,4202 S CARRIER PARKWAY,75052,liquor_store,48113016414,1.0,4046,0.480265,0.5213997843322563,0.15385857135457529,0.11761257355832146,681,1648,False,,complete
WALGREENS #03956,1104 S WESTMORELAND RD,75211,grocery_food_mart,48113006402,2.0,6034,0.368137,0.5840281296565564,0.1538207526295484,0.1977315095011481,682,451,False,,complete
Ferguson Super Wash-n-Dry,10355 Ferguson Road,,laundromat,48113012702,2.0,4901,0.420333,0.6321026779783646,0.1535356917650009,0.1745259828096928,683,656,False,,complete
TOM THUMB #2642,5809 E LOVERS LANE,75206,liquor_store,48113007909,3.0,8909,0.294224,0.40963337350026974,0.15349732022943155,0.2001369423864831,684,436,False,,complete
DOLLAR GENERAL STORE #4515,508 N CARRIER PKWY,75050,liquor_store,48113015500,1.0,3186,0.570621,0.7158312249255363,0.15333705089498398,0.12921713744185717,685,1427,False,,complete
NUEVA FRUTERIA Y MAS,7909 LAKE JUNE RD,75217,convenience_corner_store,48113009105,1.0,4415,0.450777,0.6314345997531512,0.15333653240452982,0.1570450970056301,686,928,False,,complete
AFC SUSHI,5809 E LOVERS LN Ste:130,75206,grocery_food_mart,48113007909,3.0,8889,0.294224,0.40963337350026974,0.15315273089229062,0.1996876507883543,687,440,False,,complete
JOY'S DONUT,3502 SIMPSON STUART RD Ste:400,75241,convenience_corner_store,48113020200,1.0,4394,0.451648,0.6390124541819242,0.1530350321059065,0.15826563367543825,688,900,False,,complete
POLO CLEANERS,8989 FOREST LN Ste:142,75243,laundromat,48113007805,2.0,6239,0.359446,0.5539291654358188,0.15298497698380348,0.19335291836034316,689,475,False,,complete
HALL'S HONEY FRIED CHICKEN - CW2,4105 W CAMP WISDOM RD,75237,convenience_corner_store,48113010903,2.0,5153,0.405548,0.661845259511921,0.1529131069180327,0.19255610737176893,690,479,False,,complete
QUALITY LICENSING CORP. (STORE #5021),2275 GUS THOMASSON RD,75228,liquor_store,48113012702,2.0,4879,0.420333,0.6321026779783646,0.15284648849651894,0.17374255664731508,691,665,False,,complete
ADAMS APPLICANCES,1102 S EWING AVE,75216,convenience_corner_store,48113021000,1.0,3842,0.495881,0.7603398917735704,0.15280813339434696,0.16592756882681403,692,763,False,,complete
CLARK ROAD ACE HARDWARE LLC,7586 Mountain Creek Pkwy,75249,liquor_store,48113016511,1.0,4247,0.46188,0.5745644328835816,0.1527732367956635,0.13679734817005187,693,1307,False,,complete
7-ELEVEN CONVENIENCE STORE # 22788B,5365 SPRING VALLEY ROAD,75254,liquor_store,48113013624,3.0,11057,0.263691,0.3399824983049027,0.1527649191489926,0.20288393253399953,694,419,False,,complete
QUIKTRIP #953,1110 N BELT LINE RD,75050,liquor_store,48113014406,1.0,4577,0.438517,0.6620988477111875,0.15268983551560752,0.17110085725162133,695,712,False,,complete
SALON SUSY CUTS & STYLES,1639 S BUCKNER BLVD Ste:801,75217,barbershop_beauty,48113009105,1.0,4396,0.450777,0.6314345997531512,0.15267664698761338,0.1563692517410532,696,939,False,,complete
LA MICHOACANA MEAT MARKET D#27,2004 E BELT LINE ROAD,75006,liquor_store,48113013729,2.0,4964,0.415107,0.5538596562463778,0.1526092311550584,0.1538189905756545,697,978,False,,complete
LUIS TACO TO GO,6412 SKILLMAN ST,75231,convenience_corner_store,48113007809,2.0,5965,0.368929,0.4963180023004522,0.15258991732974564,0.16455508505501998,698,786,False,,complete
ICE BOX BEVERAGES,6410 SKILLMAN STREET,75231,liquor_store,48113007809,2.0,5965,0.368929,0.4963180023004522,0.15258991732974564,0.16455508505501998,699,787,False,,complete
Circle ON,207 S Clark Rd,75104,liquor_store,48113016626,1.0,3497,0.53001,0.6255513538096666,0.15242867876023172,0.12317539991601846,700,1537,False,,complete
NURSERY FOOD MART,1140 S NURSERY RD,75060,liquor_store,48113015001,2.0,5545,0.385911,0.6129229354660073,0.15237284780203472,0.19117468814571242,701,492,False,,complete
PARAGON CLEANERS,5365 SPRING VALLEY RD Ste:134,75254,laundromat,48113013624,3.0,11027,0.263691,0.3399824983049027,0.15235043533109718,0.2023334651399487,702,425,False,,complete
A MOTION FOOD MART,829 S CORINTH STREET RD,75203,liquor_store,48113021000,1.0,3829,0.495881,0.7603398917735704,0.1522910834895769,0.16536612728731673,703,767,False,,complete
BEST FOR LESS,1066 PIONEER RD,75149,liquor_store,48113017312,2.0,5626,0.3822,0.45461682752307464,0.15226467379037753,0.14134002878998952,704,1202,False,,complete
CVS/PHARMACY #6775,701 E MAIN ST,75050,liquor_store,48113015500,1.0,3162,0.570621,0.7158312249255363,0.1521819695323099,0.12824375034248348,705,1441,False,,complete
DS ELAM MART,12300 Elam Rd,75180,liquor_store,48113017204,2.0,4848,0.420792,0.6400226410323856,0.15212410116822092,0.17490745457602655,706,652,False,,complete
Amigos Latinos,10818 Dennis Rd Suite 103,75229,liquor_store,48113009611,2.0,4884,0.418371,0.5555152706469191,0.15193189078718697,0.15181784083509797,707,1009,False,,complete
CVS/PHARMACY #7739,10306 FERGUSON RD,75228,liquor_store,48113012502,2.0,5104,0.406083,0.5495146281506247,0.15176431574560942,0.1568467178946181,708,929,False,,complete
"THE PHONE BROTHERS, LLC",1222 S BUCKNER BLVD Ste:150,75217,convenience_corner_store,48113009301,1.0,3915,0.486844,0.6553329109110991,0.15175638914671957,0.14478826265283487,709,1143,False,,complete
ACCESSORIES & MORE,10333 DENTON DR Ste:2,75220,convenience_corner_store,48113009900,2.0,4623,0.433542,0.5594792586308812,0.15165325918191255,0.14478757912313367,710,1144,False,,complete
LAS HAMACAS,10333 DENTON DR  #7,75220,liquor_store,48113009900,2.0,4623,0.433542,0.5594792586308812,0.15165325918191255,0.14478757912313367,711,1145,False,,complete
HOWDYS EXPRESS,1100 PIONEER ROAD,75149,liquor_store,48113017312,2.0,5597,0.3822,0.45461682752307464,0.1514798043378498,0.1406114719405566,712,1217,False,,complete
Super Guanaco Express,2309 Gus Thomasson Road,,convenience_corner_store,48113012702,2.0,4835,0.420333,0.6321026779783646,0.15146808195955505,0.17217570432255963,713,692,False,,complete
7-ELEVEN CONVENIENCE STORE #20947A,4901 GUS THOMASSON RD,75150,liquor_store,48113012501,2.0,5676,0.378808,0.373369614488947,0.15146556999739363,0.11534628807495555,714,1691,False,,complete
Kindred Spirits & Wine,3578 W Airport Fwy,75062,liquor_store,48113014407,1.0,4550,0.437827,0.7726399853089242,0.15143813852097332,0.1998115330547144,715,439,False,,complete
LOVELY MART,3249 FOREST LN,75042,liquor_store,48113019013,1.0,3445,0.533263,0.8680196140759859,0.15141488582272802,0.17070181767934361,716,720,False,,complete
FATHER & SON TOBACCO STORE,3225 FOREST LN,75042,liquor_store,48113019013,1.0,3445,0.533263,0.8680196140759859,0.15141488582272802,0.17070181767934361,717,721,False,,complete
Main St Chevron,525 W Main St,75050,liquor_store,48113015500,1.0,3145,0.570621,0.7158312249255363,0.15136378690041577,0.12755426781376045,718,1447,False,,complete
ADVANCED AUTO PARTS,1685 S BUCKNER BLVD,75217,grocery_food_mart,48113009105,1.0,4358,0.450777,0.6314345997531512,0.15135687615378052,0.15501756121189944,719,961,False,,complete
DECORASIONES Y MAS,818 W JEFFERSON BLVD Ste:B,75208,convenience_corner_store,48113005000,2.0,5888,0.36994,0.6725108601797917,0.15128566074089875,0.22373220984749836,720,322,False,,complete
DBA ORALIA'S POT'S,8320 LAKE JUNE RD,75217,convenience_corner_store,48113009202,1.0,3889,0.4879,0.7292705620349698,0.1512076610179285,0.16081763855155648,721,865,False,,complete
Family Dollar #31006,3451 N Town East Blvd,75150,liquor_store,48113017806,2.0,4649,0.430786,0.5440872385728756,0.15107381647457577,0.14137354302453647,722,1201,False,,complete
Going Concern Enterprises LLC,2903 Royal Ln,75229,liquor_store,48113009611,2.0,4852,0.418371,0.5555152706469191,0.15093643204329057,0.15082312934723494,723,1027,False,,complete
VIVA FOOD,535 N PLANO ROAD,75042,liquor_store,48113019045,2.0,5490,0.386024,0.6097097709657308,0.15093083730994258,0.18823609302614486,724,514,False,,complete
LA MICHOACANA SUPERMARKET #39,950 W Centerville Rd Suite B,75041,liquor_store,48113018127,2.0,4641,0.430934,0.621629061976121,0.15089063484797008,0.1623950626002265,725,825,False,,complete
El Catrin Barber & Shave Parlor,1103 South Josey Lane,75006,barbershop_beauty,48113013729,2.0,4906,0.415107,0.5538596562463778,0.1508261257144876,0.1520217501539406,726,1002,False,,complete
1 ST STOP,4100 GUS THOMASSON RD,75150,liquor_store,48113018002,2.0,5290,0.394928,0.5599306290232793,0.15069808227217976,0.16581842133743244,727,765,False,,complete
AK C Store,7995 Lyndon B Johnson Fwy STE 110,75251,liquor_store,48113013610,2.0,5224,0.39803,0.543593246825866,0.15062948658877248,0.15870648972035428,728,888,False,,complete
Deez smoke 4 less,2915 Esters Rd,75062,liquor_store,48113014148,2.0,5472,0.385818,0.5567287863668202,0.15030996679051087,0.17048804285161007,729,723,False,,complete
QUIKTRIP #924,102 E CAMP WISDOM,75116,liquor_store,48113016516,2.0,4746,0.423384,0.6153461866691218,0.15029869213844918,0.16430718379994702,730,791,False,,complete
BIG D FOOD STORE,11555 FERGUSON RD STE 100,75228,liquor_store,48113012601,3.0,7049,0.330755,0.5849961780479461,0.1502376898025208,0.2313958267030267,731,293,False,,complete
OLMO MARKET,2111 S EDGEFIELD AVE,75224,convenience_corner_store,48113006302,2.0,5992,0.364317,0.4631962633485328,0.15019122241524846,0.15357261364762476,732,981,False,45,complete
BIRRIERIA AGUINAGA,507 E MAIN ST,75050,liquor_store,48113015500,1.0,3118,0.570621,0.7158312249255363,0.1500643203674074,0.12645920732696506,733,1465,False,,complete
BARNES BRIDGE ENTERTAINMENT,1709 BARNES BRIDGE RD,75228,other_storefront,48113012701,2.0,4806,0.419182,0.6768378354736461,0.1499411872689348,0.18384717816235135,734,556,False,,complete
LITTLE CAESARS PAZZA 1617-0013,3215 KIRNWOOD DR Ste:115,75237,convenience_corner_store,48113016635,1.0,3826,0.490644,0.7316371823577514,0.14993181822021104,0.1587475083867638,735,887,False,,complete
CARNITAS LA PRIMERA MEAT MARKET,8721 LAKE JUNE ROAD,75217,liquor_store,48113009203,2.0,4758,0.421646,0.6378891065401504,0.14975426240507894,0.17106056705608944,736,715,False,,complete
HEB CENTRAL MARKET #552,5750 E LOVERS LN,75206,liquor_store,48113007913,3.0,9295,0.284121,0.38254928394491133,0.14964981709773556,0.19393257535023226,737,468,False,,complete
CORNER STOP #2,3005 APOLLO RD,75044,liquor_store,48113019028,2.0,6058,0.361014,0.531606642098063,0.14960862494279398,0.17975282041195112,738,601,False,,complete
Lubellas Patisserie,10323 Ferguson Rd,75228,liquor_store,48113012702,2.0,4775,0.420333,0.6321026779783646,0.14958843668187702,0.1700390875160749,739,724,False,,complete
MARICHELO BEAUTY SUPPLY AND BARBER,2328 S BUCKNER BLVD,75227,barbershop_beauty,48113009101,2.0,4762,0.420912,0.615252938851031,0.14948941238339572,0.16483486737512007,740,777,False,,complete
GROVE STOP MINI MART LLC,2338 S BUCKNER BLVD,75227,convenience_corner_store,48113009101,2.0,4762,0.420912,0.615252938851031,0.14948941238339572,0.16483486737512007,741,778,False,,complete
Family Dollar #21606,3939 S POLK ST STE 216,75224,liquor_store,48113006100,1.0,4359,0.446816,0.6786197456603651,0.1494614095389911,0.16720675605962212,742,753,False,,complete
MALONE'S COST PLUS,3939 S POLK STREET SUITE 323,75224,liquor_store,48113006100,1.0,4359,0.446816,0.6786197456603651,0.1494614095389911,0.16720675605962212,743,754,False,,complete
Absolute Solutions for Healthy Hair,2339 Gus Thomasson Road,,barbershop_beauty,48113012702,2.0,4769,0.420333,0.6321026779783646,0.14940047215410923,0.16982542583542645,744,727,False,,complete
ABSOLUTE SOLUTIONS FOR HEALTHY HAIR,2339 GUS THOMASSON RD,75228,barbershop_beauty,48113012702,2.0,4764,0.420333,0.6321026779783646,0.14924383504763605,0.16964737443488606,745,728,False,,complete
Mir's Food Mart,2698 S R L Thornton Fwy,75224,liquor_store,48113005600,2.0,5040,0.404975,0.5273490500803241,0.1492370336333993,0.1482787828121859,746,1082,False,,complete
DISCOUNT SMOKE & BEER,1335 N BELT LINE RD STE 13,75061,liquor_store,48113014408,2.0,6625,0.341595,0.6094235221503563,0.14922916572521416,0.22703987566415232,747,312,False,,complete
QuikTrip #921,3768 S CARRIER PARKWAY,75052,liquor_store,48113016419,1.0,3752,0.495794,0.5028436872409088,0.14919206559799653,0.10495234250772503,748,1903,False,,complete
DOLLAR GENERAL STORE #19624,342 S ST AUGUSTINE DR,75217,grocery_food_mart,48113011701,1.0,3946,0.477828,0.6512134657592868,0.14898080343167236,0.14497420752938006,749,1138,False,,complete
LAREDO TACO RESTAURANT,13635 PRESTON RD Ste:110,75240,grocery_food_mart,48113013615,3.0,6966,0.331391,0.6124634973078427,0.14896396288855182,0.23997731998883057,750,263,False,,complete
7-Eleven Convenience Store #38277H,13635 Preston Rd,75240,liquor_store,48113013615,3.0,6966,0.331391,0.6124634973078427,0.14896396288855182,0.23997731998883057,751,264,False,,complete
Laredo Taco 38277H,13635 Preston Rd Suite 110,75240,liquor_store,48113013615,3.0,6966,0.331391,0.6124634973078427,0.14896396288855182,0.23997731998883057,752,265,False,,complete
FAMILY DOLLAR STORE #6957,10909 WEBB CHAPEL RD Ste:150,75229,grocery_food_mart,48113009611,2.0,4781,0.418371,0.5555152706469191,0.14872775795527043,0.14861611323353877,753,1074,False,,complete
PHO CA DAO NOODLE & GRILL,4545 W WALNUT ST,75042,liquor_store,48113019045,2.0,5408,0.386024,0.6097097709657308,0.1486764969348214,0.18542455211027165,754,541,False,,complete
NEW RUSH HOUR FOOD MART,8912 LAKE JUNE ROAD,75217,liquor_store,48113009202,1.0,3810,0.4879,0.7292705620349698,0.14813607314947483,0.15755083643132686,755,917,False,,complete
FUEGO SMOKE SHOP BEER AND WINE,2780 Royal Ln STE A,75229,liquor_store,48113009701,1.0,3922,0.477762,0.7028065046651475,0.14804574849030822,0.1560491859972043,756,942,False,,complete
LUNA BEAUTY SALON,1401 S BUCKNER BLVD Ste:115,75217,barbershop_beauty,48113009105,1.0,4262,0.450777,0.6314345997531512,0.14802271825778168,0.15160276408561618,757,1012,False,,complete
SHOE PALACE,1401 S BUCKNER BLVD Ste:101,,convenience_corner_store,48113009105,1.0,4262,0.450777,0.6314345997531512,0.14802271825778168,0.15160276408561618,758,1013,False,,complete
Family Dollar #26957,10909 WEBB CHAPEL RD STE 150,75229,liquor_store,48113009611,2.0,4758,0.418371,0.5555152706469191,0.14801227198309494,0.14790116435163722,759,1093,False,,complete
KWIK VAPE,1003 Hill St,75050,liquor_store,48113015404,1.0,3556,0.512243,0.6160223116976064,0.14793744927181432,0.1232512873640822,760,1533,False,,complete
KORNER SHOP,727 ORIOLE BLVD,75116,liquor_store,48113016516,2.0,4670,0.423384,0.6153461866691218,0.14789188628035352,0.1616760531701965,761,845,False,,complete
DOLLAR GENERAL STORE #15500,1220 PIONEER ROAD,75149,liquor_store,48113017312,2.0,5464,0.3822,0.45461682752307464,0.14788023064177439,0.13727015949315724,762,1297,False,,complete
7-ELEVEN CONVENIENCE STORE #35404A,447 E HIGHWAY 67,75137,liquor_store,48113016517,1.0,4051,0.466562,0.6167923724634088,0.1478430487947374,0.1405923649893884,763,1218,False,,complete
Texas Bodega,1230 E AIRPORT FWY,75062,liquor_store,48113014701,1.0,4199,0.454854,0.6599934917041483,0.1477484773879701,0.15644779868380923,764,937,False,,complete
LAS MAMALONAS MICHELADAS Y MARISCOS,10349 Ferguson Rd,75228,liquor_store,48113012702,2.0,4715,0.420333,0.6321026779783646,0.14770879140419899,0.16790247070959022,765,743,False,,complete
SEAGOVILLE FOOD MART #6,2817 HWY 175 NORTH,75159,liquor_store,48113017005,1.0,3324,0.537284,0.6781612023170657,0.1475908727233079,0.12741515593666067,766,1449,False,,complete
Guapito's,4460 W Walnut St Ste 108,75042,liquor_store,48113019033,2.0,5605,0.375422,0.6022904960685119,0.14744927172821307,0.18972185001604566,767,502,False,,complete
SOUTHWEST FARMERS MARKET,4460 W WALNUT ST STE 126,75042,liquor_store,48113019033,2.0,5605,0.375422,0.6022904960685119,0.14744927172821307,0.18972185001604566,768,503,False,,complete
NAMINOHANA,5521 GREENVILLE AVE STE 111,75206,liquor_store,48113007909,3.0,8556,0.294224,0.40963337350026974,0.14741531842889397,0.19220694567950944,769,484,False,,complete
WALGREENS #03885,507 S CARRIER PARKWAY,75051,liquor_store,48113016001,1.0,3557,0.510601,0.6492083684769571,0.14732612085484134,0.1302610909057685,770,1411,False,,complete
EL RANCHO,2314 W Illinois Ave,75224,liquor_store,48113006301,2.0,4909,0.408513,0.5448485180899209,0.14729966017857274,0.14950082688629565,771,1053,False,,complete
Family Dollar #28605,2216 W SHADY GROVE RD,75060,liquor_store,48113015207,2.0,5423,0.383012,0.4622807127321139,0.14726286021238771,0.13869598302124958,772,1265,False,,complete
Good Spirits LLC (Store #36),2200 W Shady Grove Rd,75060,liquor_store,48113015207,2.0,5423,0.383012,0.4622807127321139,0.14726286021238771,0.13869598302124958,773,1266,False,,complete
FRANK'S BARBER SHOP,1424 FERNDALE AVE,75224,barbershop_beauty,48113006302,2.0,5875,0.364317,0.4631962633485328,0.14725858339278783,0.15057394946258268,774,1028,False,,complete
Champions Nail Spa,,,barbershop_beauty,48113013805,2.0,5763,0.368567,0.48197504607766134,0.1471893598865279,0.1540982733270522,775,975,False,,complete
QUALITY LICENSING CORP. (STORE #3204) FUEL CENTER,840 E BELT LINE RD,75104,liquor_store,48113016624,1.0,3972,0.471563,0.4486064132994121,0.14718053817054746,0.09837648974738443,776,2029,False,,complete
RAPIDO MART,1112 N JOSEY LN,75006,liquor_store,48113013729,2.0,4787,0.415107,0.5538596562463778,0.14716768524159238,0.14833430859904478,777,1078,False,,complete
QUIKTRIP #906,4906 JUPITER RD,75044,liquor_store,48113019031,2.0,5402,0.383453,0.37501123415071136,0.1469589198337423,0.11030213830129358,778,1804,False,,complete
QuikTrip,4906 North Jupiter Road,,convenience_corner_store,48113019031,2.0,5402,0.383453,0.37501123415071136,0.1469589198337423,0.11030213830129358,779,1805,False,,complete
One Star Stop Convenience Store,,,convenience_corner_store,48113016001,1.0,3547,0.510601,0.6492083684769571,0.1469119344031831,0.12989488036063,780,1419,False,,complete
CVS/PHARMACY #7640,1225 N BLUEGROVE RD,75146,liquor_store,48113016806,1.0,4381,0.43988,0.5102676710133658,0.1468187705672023,0.12446883445495989,781,1504,False,,complete
Mr Margaritas,5917 Greenville Ave,75206,liquor_store,48113007912,3.0,6793,0.333344,0.3612405868962099,0.14674756767500424,0.1331771218959581,782,1372,False,,complete
TEXAS HAMPTONS LLC,902 S HAMPTON RD,75208,grocery_food_mart,48113005200,2.0,6294,0.34866,0.49677786180477634,0.14674439781799106,0.17380215983200345,783,664,False,,complete
HERBY'S BURGERS,2109 S Edgefield Ave,75224,liquor_store,48113006302,2.0,5849,0.364317,0.4631962633485328,0.14660688583224105,0.14990757964368445,784,1046,False,,complete
SELENA'S BEAUTY SALON,2308 W CLARENDON DR,75208,barbershop_beauty,48113005200,2.0,6287,0.34866,0.49677786180477634,0.1465811930539736,0.17360886222812294,785,671,False,,complete
Tom Thumb #2643,14280 Marsh Ln,75001,liquor_store,48113013805,2.0,5738,0.368567,0.48197504607766134,0.1465508497360571,0.1534297921829994,786,983,False,,complete
LA MICHOACAN MEAT MARKET #10 DALLAS,1630 E MAIN ST,75050,liquor_store,48113015600,1.0,3548,0.509469,0.68902839196725,0.1465043595432538,0.13827981491666752,787,1275,False,,complete
RAINBOW,4241 W CAMP WISDOM RD Ste:B,75237,grocery_food_mart,48113010903,2.0,4937,0.405548,0.661845259511921,0.14650339779823937,0.18448466953122905,788,546,False,,complete
"SKILLMAN ENTERTAINMENT, LLC",6416 SKILLMAN ST,75231,other_storefront,48113007809,2.0,5721,0.368929,0.4963180023004522,0.14634818391340734,0.15782391309300411,789,905,False,,complete
Quality Mart,1751 N Country Club Rd,75040,liquor_store,48113018105,2.0,5457,0.379985,0.5175819366784221,0.14633952317764554,0.15739764344703844,790,922,False,,complete
OK FOOD MART 2,701 W PLEASANT RUN ROAD,75146,liquor_store,48113016706,1.0,2691,0.626324,0.8055204648039281,0.14627073062884585,0.12340260934682094,791,1532,False,,complete
LA MILPA TORTILLERIANY TAQUERIA,2002 S EDGEFIELD AVE,75224,convenience_corner_store,48113006302,2.0,5833,0.364317,0.4631962633485328,0.14620584117959684,0.14949750590897784,792,1054,False,,complete
TIGER MART 35,7110 S Cockrell Hill Rd,75236,liquor_store,48113010904,2.0,5942,0.359797,0.5191471709630978,0.14593547110150037,0.17193619550427283,793,698,False,,complete
On Image Salon,,,barbershop_beauty,48113013729,2.0,4746,0.415107,0.5538596562463778,0.14590721415429234,0.14706384554231597,794,1110,False,,complete
OKURA'S ELECTRONIC,2303 W CLARENDON DR,75208,convenience_corner_store,48113005200,2.0,6252,0.34866,0.49677786180477634,0.14576516923388627,0.17264237420872033,795,686,False,,complete
MacArthur Shell Food Mart,2800 N MacArthur Blvd,75062,liquor_store,48113014308,3.0,7333,0.317912,0.5849346482324158,0.14576237812755408,0.24069196508461213,796,261,False,,complete
Breezer Barber,2327 Gus Thomasson Road,,barbershop_beauty,48113012702,2.0,4652,0.420333,0.6321026779783646,0.14573516386263705,0.16565902306278127,797,766,False,,complete
MALONE'S COST PLUS #7,333 S SAINT AUGUSTINE DR STE 129,75217,liquor_store,48113011701,1.0,3858,0.477828,0.6512134657592868,0.1456583729446001,0.14174112839542533,798,1198,False,,complete
LA MICHOACANA MEAT MARKET DALLAS #13,800 W JEFFERSON BLVD,75208,liquor_store,48113005000,2.0,5667,0.36994,0.6725108601797917,0.14560730968387792,0.2153346523786979,799,350,False,,complete
VAPOR PLUS,2015 S EDGEFIELD AVE,75224,convenience_corner_store,48113006302,2.0,5807,0.364317,0.4631962633485328,0.14555414361905003,0.14883113609007959,800,1068,False,,complete
PANADERIA CELAYA #2,2019 S EDGEFIELD AVE,75224,convenience_corner_store,48113006302,2.0,5807,0.364317,0.4631962633485328,0.14555414361905003,0.14883113609007959,801,1069,False,,complete
Shell,1746 South Carrier Parkway,75051,gas_station,48113016100,1.0,3160,0.552116,0.6889898339024092,0.14554859673260037,0.1231506963107673,802,1539,False,,complete
1921 N Plano Investments LLC,1921 N Plano Rd Unit 100,75042,liquor_store,48113019045,2.0,5294,0.386024,0.6097097709657308,0.14554241397428708,0.1815158244955211,803,581,False,,complete
WSS,2320 W ILLINOIS AVE,75224,convenience_corner_store,48113006301,2.0,4850,0.408513,0.5448485180899209,0.14552930370056585,0.14770401515553755,804,1096,False,,complete
BELLA'S NUTRITION,2304 W CLARENDON DR,75208,barbershop_beauty,48113005200,2.0,6241,0.34866,0.49677786180477634,0.14550870460471596,0.17233862083119378,805,688,False,,complete
THE ELLA BEAUTY STUDIO,2306 W CLARENDON DR,75208,barbershop_beauty,48113005200,2.0,6241,0.34866,0.49677786180477634,0.14550870460471596,0.17233862083119378,806,689,False,,complete
BOTAS EL DURANGO,2302 W CLARENDON DR,75208,convenience_corner_store,48113005200,2.0,6241,0.34866,0.49677786180477634,0.14550870460471596,0.17233862083119378,807,690,False,,complete
ICY FADEZ BARBERSHOP,8932 LAKE JUNE RD,75217,barbershop_beauty,48113009202,1.0,3742,0.4879,0.7292705620349698,0.14549217473105902,0.15473890549239505,808,964,False,,complete
LA GUADALUPANA,902 S Hampton Rd,75208,liquor_store,48113005200,2.0,6239,0.34866,0.49677786180477634,0.14546207467213956,0.17228339294437078,809,691,False,,complete
MY STORE,10810 FERGUSON RD,75228,convenience_corner_store,48113012603,2.0,5761,0.365936,0.5327494516700303,0.14544382912944426,0.17132927608032886,810,708,False,,complete
KWIK STOP DRIVE THRU,4921 GUS THOMASSON RD,75150,liquor_store,48113012501,2.0,5443,0.378808,0.373369614488947,0.14524790301194745,0.1106113188851274,811,1800,False,,complete
TAQUERIA MI ZACATECAS,1913 S EDGEFIELD AVE,75224,convenience_corner_store,48113006302,2.0,5794,0.364317,0.4631962633485328,0.14522829483877664,0.14849795118063047,812,1076,False,,complete
DTX BARBERS,4821 BERNAL DR Ste:A,75212,barbershop_beauty,48113010601,2.0,4436,0.432942,0.5590604492827375,0.1452213512253467,0.13882115293782385,813,1260,False,,complete
Pepe's Corner Store,4819 Bernal Dr,75212,liquor_store,48113010601,2.0,4436,0.432942,0.5590604492827375,0.1452213512253467,0.13882115293782385,814,1261,False,,complete
LIQUOR DEPOT,610 PLYMOUTH PARK,75061,liquor_store,48113014405,1.0,3986,0.46597,0.7359872219475203,0.1452070483565059,0.16641076732117382,815,762,False,,complete
QUALITY LICENSING CORP. (STORE #3204),820 E BELT LINE RD,75104,liquor_store,48113016624,1.0,3918,0.471563,0.4486064132994121,0.14517959429813818,0.09703904502272209,816,2051,False,,complete
UNCLE DAN'S PAWN,8012 LAKE JUNE RD,75217,other_storefront,48113009301,1.0,3744,0.486844,0.6553329109110991,0.1451279491610008,0.13846417761742372,817,1273,False,,complete
Family Dollar #30199,3200 MILITARY PKWY,75149,liquor_store,48113017602,2.0,4449,0.431874,0.5738145435907128,0.14511574987880843,0.14310669918764757,818,1170,False,,complete
MARISOL'S BEAUTY SALON,11555 FERGUSON RD Ste:600,75228,barbershop_beauty,48113012601,3.0,6807,0.330755,0.5849961780479461,0.14507986302819678,0.22345175093878605,819,324,False,,complete
LAKE HIGHLANDS CAFE,6751 Abrams Rd STE 100,75231,liquor_store,48113007833,1.0,3499,0.510953,0.8488609196559814,0.14506152760487945,0.16941638010537424,820,734,False,,complete
Mademoiselle Beauty Salon,10331 Ferguson Road,,barbershop_beauty,48113012702,2.0,4629,0.420333,0.6321026779783646,0.14501463317286048,0.16483998662029548,821,776,False,,complete
STONE'S ACE HARDWARE,2433 GUS THOMASSON RD,75228,grocery_food_mart,48113012702,2.0,4628,0.420333,0.6321026779783646,0.14498330575156582,0.16480437634018738,822,780,False,,complete
WORKOUT ANYTIME,2425 GUS THOMASSON RD,75228,barbershop_beauty,48113012702,2.0,4628,0.420333,0.6321026779783646,0.14498330575156582,0.16480437634018738,823,781,False,,complete
KORNER FOOD MART,103 W DANIELDALE RD,75137,liquor_store,48113016517,1.0,3967,0.466562,0.6167923724634088,0.14477743139193366,0.13767709501676223,824,1293,False,,complete
BELKNAP MINISTRIES,2019 N MASTERS DR,75217,grocery_food_mart,48113011901,2.0,5855,0.361195,0.400560963610142,0.14471380027139355,0.12839131863778722,825,1436,False,,complete
BRUTON FOOD MART,2015 N MASTERS DRIVE SUITE 260,75217,liquor_store,48113011901,2.0,5855,0.361195,0.400560963610142,0.14471380027139355,0.12839131863778722,826,1437,False,,complete
SPRING VALLEY MART,710 W SPRING VALLEY RD,75080,liquor_store,48113019202,2.0,5232,0.387294,0.5643381027063337,0.14458072910384112,0.16536298286109635,827,768,False,,complete
GENE'S LIQUOR,2445 W NORTHWEST HWY STE 109C,75220,liquor_store,48113009900,2.0,4406,0.433542,0.5594792586308812,0.1445347739466811,0.13799136353375013,828,1279,False,,complete
SAN PEDROS RESTAURANT,2445 W NW HWY SUITE 102,75220,liquor_store,48113009900,2.0,4406,0.433542,0.5594792586308812,0.1445347739466811,0.13799136353375013,829,1280,False,,complete
JORDANS CIGARETTE STORE ,1012 Pioneer Rd,75149,liquor_store,48113017312,2.0,5338,0.3822,0.45461682752307464,0.14447010819286085,0.13410470559562104,830,1352,False,,complete
WALGREENS #03879,3732 W NW HWY,75220,liquor_store,48113000410,1.0,3538,0.505161,0.46819253537623756,0.14438754076797905,0.09172207644151677,831,2174,False,,complete
TOBACCO HEMP CIGARS,3021 BACHMAN DR Ste:104,75220,convenience_corner_store,48113000410,1.0,3537,0.505161,0.46819253537623756,0.14434673027030578,0.09169615160363052,832,2175,False,,complete
AVE MARIA CATHOLIC BOOKS AND GIFTS,2353 GUS THOMASSON RD,75228,convenience_corner_store,48113012702,2.0,4605,0.420333,0.6321026779783646,0.14426277506178928,0.1639853398977016,833,795,False,,complete
Madrid Market & Cafe,1580 Mira Lago Blvd Suite 111,75234,liquor_store,48113009900,2.0,4397,0.433542,0.5594792586308812,0.14423953723185584,0.1377094928411029,834,1287,False,,complete
Hampton Inn and Suites Farmers Branch,1570 Mira Lago Blvd,75234,liquor_store,48113009900,2.0,4397,0.433542,0.5594792586308812,0.14423953723185584,0.1377094928411029,835,1288,False,,complete
THERAPEUTIC SPA,13237 MONTFORT DR Ste:A,75240,barbershop_beauty,48113013628,3.0,7065,0.322714,0.3148723528120475,0.14422784738498026,0.11915232628812653,836,1609,False,23,complete
CENTRO MEDICO VIDA SANA,2304 W ILLINOIS AVE,75224,convenience_corner_store,48113006301,2.0,4805,0.408513,0.5448485180899209,0.1441790318105606,0.14633356553038307,837,1117,False,,complete
7-ELEVEN CONVENIENCE STORE #21446C,510 N NURSERY ROAD,75061,liquor_store,48113014704,2.0,4464,0.428961,0.6560512397317662,0.14415131437066853,0.16528138309102086,838,769,False,,complete
7-ELEVEN CONVENIENCE STORE #35402B,2821 S WALTON WALKER BLVD,75211,liquor_store,48113016533,1.0,3791,0.480079,0.6676805226525897,0.14408277525392135,0.14296836496607793,839,1171,False,,complete
FINA MART #1,1612 E MAIN STREET,75050,liquor_store,48113015600,1.0,3487,0.509469,0.68902839196725,0.14398554163678862,0.1359023998349548,840,1325,False,,complete
LAKE JUNE LAVANDERIA,7857 LAKE JUNE RD,75217,laundromat,48113009105,1.0,4140,0.450777,0.6314345997531512,0.14378555926494982,0.14726312607096456,841,1106,False,,complete
Twin Liquors #91,5757 GREENVILLE AVE,75206,liquor_store,48113007909,3.0,8344,0.294224,0.40963337350026974,0.1437626714552,0.18744445473934393,842,522,False,,complete
FAST & QUALITY CLEANERS,1544 S BUCKNER BLVD,75217,laundromat,48113009105,1.0,4139,0.450777,0.6314345997531512,0.14375082845353315,0.14722755526756579,843,1109,False,,complete
MJ'S CHICKEN & RICE,6751 ABRAMS RD Ste:120,75231,convenience_corner_store,48113007833,1.0,3467,0.510953,0.8488609196559814,0.14373487173652957,0.16786698766085523,844,744,False,,complete
7- ELEVEN CONVENIENCE STORE #41155H,6769 ABRAMS RD,75231,liquor_store,48113007833,1.0,3467,0.510953,0.8488609196559814,0.14373487173652957,0.16786698766085523,845,745,False,,complete
East Branch Library,440 South Nursery Road,75060,library,48113014903,2.0,5037,0.39536,0.55189166847014,0.1437340398936082,0.1554952903856392,846,949,False,,complete
Texas Nail Supply,5130 North Jupiter Road,,barbershop_beauty,48113019031,2.0,5283,0.383453,0.37501123415071136,0.14372157968931146,0.10787230593219808,847,1848,False,,complete
Xtreme Beauty Supply,5120 North Jupiter Road,,barbershop_beauty,48113019031,2.0,5280,0.383453,0.37501123415071136,0.14363996607222496,0.10781104965398558,848,1851,False,,complete
Hometown Washateria,,,laundromat,48113016626,1.0,3295,0.53001,0.6255513538096666,0.1436238194209218,0.11606032105326874,849,1684,False,,complete
FREE MY MUSIC,1914 ABRAMS PKWY,75214,convenience_corner_store,48113001400,1.0,4291,0.439433,0.39403586768226884,0.14358820981402,0.09244068713662194,850,2159,False,,complete
FAJITA PETE'S,1920 ABRAMS PKWY,75214,convenience_corner_store,48113001400,1.0,4291,0.439433,0.39403586768226884,0.14358820981402,0.09244068713662194,851,2160,False,,complete
GREAT CLIPS,5500 GREENVILLE AVE Ste:606,75206,barbershop_beauty,48113007909,3.0,8333,0.294224,0.40963337350026974,0.1435731473197725,0.18719734436037308,852,524,False,,complete
Big Boyz Beer & Wine,3500 E Illinois Ave,75216,liquor_store,48113008701,1.0,3610,0.495748,0.6414205227414708,0.14352710664187135,0.13054074465082202,853,1408,False,,complete
QUALITY LICENSING CORP. (STORE #5889),9410 WEBB CHAPEL RD,75220,liquor_store,48113009802,2.0,4375,0.433507,0.6748328747577819,0.14350072936229935,0.16684152328805438,854,758,False,,complete
GOLDEN ROOSTER,1323 BERKLEY AVE,75224,barbershop_beauty,48113006302,2.0,5725,0.364317,0.4631962633485328,0.14349878977424857,0.14672950819970823,855,1114,False,,complete
SUPER AMIGOS,7002 MILITARY PKWY,75227,convenience_corner_store,48113008500,2.0,4875,0.403254,0.6378004428704498,0.14341337803012902,0.1752414336749037,856,646,False,,complete
La Michoacana Supermarket #37,2806 N Highway 175,75159,liquor_store,48113017010,1.0,3247,0.535144,0.6777770635389729,0.14339515618729923,0.12438989866871279,857,1505,False,,complete
7-ELEVEN CONVENIENCE STORE #35389,105 HWY 80 EAST,75150,liquor_store,48113017814,1.0,4235,0.442826,0.35735004523846275,0.1433206780184031,0.08205380524515954,858,2379,False,,complete
YOLO FRUITS AND SNACKS,7038 MILITARY PKWY,75227,convenience_corner_store,48113008500,2.0,4871,0.403254,0.6378004428704498,0.14329570551482224,0.1750976458318884,859,647,False,,complete
VARIEOLAOLES LUNA,7022 MILITARY PKWY,75227,convenience_corner_store,48113008500,2.0,4871,0.403254,0.6378004428704498,0.14329570551482224,0.1750976458318884,860,648,False,,complete
OCAMPO HAIR STYLES,736 W JEFFERSON BLVD,75208,barbershop_beauty,48113005000,2.0,5575,0.36994,0.6725108601797917,0.14324347123480138,0.21183883659983074,861,363,False,,complete
PERFECT TOBACCO SHOP,738 W JEFFERSON BLVD,75208,convenience_corner_store,48113005000,2.0,5575,0.36994,0.6725108601797917,0.14324347123480138,0.21183883659983074,862,364,False,,complete
NOVIAS Y QUINCEANERAS OCAMPO #2,716 W JEFFERSON BLVD,75208,convenience_corner_store,48113005000,2.0,5575,0.36994,0.6725108601797917,0.14324347123480138,0.21183883659983074,863,365,False,,complete
LATINAS NAIL SALON,714 W JEFFERSON BLVD Ste:110,75208,barbershop_beauty,48113005000,2.0,5575,0.36994,0.6725108601797917,0.14324347123480138,0.21183883659983074,864,366,False,,complete
Lovely Nails,2508 Gus Thomasson Road,,barbershop_beauty,48113012502,2.0,4816,0.406083,0.5495146281506247,0.14320081203582583,0.14799643287235126,865,1089,False,,complete
W B FERGUSON SHELL,10290 FERGUSON RD,75228,liquor_store,48113012502,2.0,4813,0.406083,0.5495146281506247,0.14311160887218224,0.1479042424033693,866,1090,False,,complete
Shell,10290 Ferguson Road,,convenience_corner_store,48113012502,2.0,4813,0.406083,0.5495146281506247,0.14311160887218224,0.1479042424033693,867,1091,False,,complete
DOLLAR GENERAL STORE #1220,5112 JUPITER RD,75044,liquor_store,48113019031,2.0,5260,0.383453,0.37501123415071136,0.14309587529164836,0.1074026744659023,868,1854,False,,complete
PAYLOW FOOD BEER AND WINE,3701 W CLARENDON DRIVE SUITE 100,75211,liquor_store,48113019900,3.0,6506,0.336644,0.6224594192639687,0.14294772273703107,0.22797323554102125,869,304,False,,complete
6-Twelve Grocery Store,1910 S Edgefield Ave,75224,liquor_store,48113006302,2.0,5700,0.364317,0.4631962633485328,0.14287215750449203,0.14608876798922915,870,1126,False,,complete
TEXAS HOME LINEN CASH FOR GOLD,1604 S BUCKNER BLVD,75217,convenience_corner_store,48113009105,1.0,4112,0.450777,0.6314345997531512,0.14281309654528349,0.14626714357579862,871,1118,False,,complete
LA BONITA,1602 S BUCKNER BLVD,75217,convenience_corner_store,48113009105,1.0,4112,0.450777,0.6314345997531512,0.14281309654528349,0.14626714357579862,872,1119,False,,complete
MAS O MENOS,3115 S COCKRELL HILL RD,75236,convenience_corner_store,48113010805,1.0,4026,0.457273,0.7330556948629839,0.1427499265659946,0.1673833208477029,873,749,False,,complete
SMOKE & MIRRORS BARBER SHOP,3109 S COCKRELL HILL RD,75233,barbershop_beauty,48113010805,1.0,4026,0.457273,0.7330556948629839,0.1427499265659946,0.1673833208477029,874,750,False,,complete
MAS POR MENOS,3111 S COCKRELL HILL RD,75236,convenience_corner_store,48113010805,1.0,4026,0.457273,0.7330556948629839,0.1427499265659946,0.1673833208477029,875,751,False,,complete
Birrieria Aguinaga,10346 Ferguson Rd,75228,liquor_store,48113012502,2.0,4800,0.406083,0.5495146281506247,0.14272506182972675,0.1475047503711142,876,1105,False,,complete
AMIGOS LOCOS LLC,2780 ROYAL LN Ste:A,75229,convenience_corner_store,48113009701,1.0,3780,0.477762,0.7028065046651475,0.1426856015536372,0.15039926646339424,877,1037,False,,complete
FRESITA'S FRUTERIA Y NEVERIA,2802 ROYAL LN Ste:103,75229,convenience_corner_store,48113009701,1.0,3780,0.477762,0.7028065046651475,0.1426856015536372,0.15039926646339424,878,1038,False,,complete
SPEED QUEEN,2520 GUS THOMASSON RD,75228,laundromat,48113012702,2.0,4554,0.420333,0.6321026779783646,0.1426650765757629,0.16216921561218955,879,826,False,,complete
LV NAILS SPA,6406 GASTON AVE,75214,barbershop_beauty,48113001400,1.0,4258,0.439433,0.39403586768226884,0.14248394252810467,0.09172977064267915,880,2173,False,,complete
COBBS PLACE,10695 ALEDO DR,75228,other_storefront,48113012702,2.0,4548,0.420333,0.6321026779783646,0.14247711204799512,0.1619555539315411,881,834,False,,complete
"AMERICAN DRY CLEANERS, LLC CLEANERS 2020",2311 GUS THOMASSON RD,75228,laundromat,48113012702,2.0,4547,0.420333,0.6321026779783646,0.1424457846267005,0.161919943651433,882,836,False,,complete
HIBBETT SPORTS,2203 GUS THOMASSON RD,75228,grocery_food_mart,48113012702,2.0,4547,0.420333,0.6321026779783646,0.1424457846267005,0.161919943651433,883,837,False,,complete
Divas Hair Salon,,,barbershop_beauty,48113013729,2.0,4633,0.415107,0.5538596562463778,0.14243323286490442,0.14356232541035605,884,1158,False,,complete
PET SUPPLIES PLUS,2461 GUS THOMASSON RD,75228,grocery_food_mart,48113012702,2.0,4544,0.420333,0.6321026779783646,0.1423518023628166,0.1618131128111088,885,841,False,,complete
7-11,2450 GUS THOMASSON RD,75228,convenience_corner_store,48113012702,2.0,4544,0.420333,0.6321026779783646,0.1423518023628166,0.1618131128111088,886,842,False,,complete
REPUBLIC HAIR CO,5323 GREENVILLE AVE Ste:3,75206,barbershop_beauty,48113007909,3.0,8260,0.294224,0.40963337350026974,0.14231539623920805,0.18555743002720287,887,539,False,,complete
PENNY SAVER FOOD STORE,14330 MARSH LANE,75001,liquor_store,48113013805,2.0,5569,0.368567,0.48197504607766134,0.14223452111887452,0.14891085964920245,888,1067,False,,complete
Lee Nails,5018 North Jupiter Road,,barbershop_beauty,48113019031,2.0,5222,0.383453,0.37501123415071136,0.1420621028085528,0.10662676160854408,889,1867,False,,complete
Happy Mart,4302 W Camp Wisdom Rd,75237,liquor_store,48113010904,2.0,5784,0.359797,0.5191471709630978,0.14205499240172975,0.16736434782846082,890,752,False,,complete
E&J MASSAGE,2405 GUS THOMASSON RD,,barbershop_beauty,48113012702,2.0,4533,0.420333,0.6321026779783646,0.1420072007285756,0.1614213997299199,891,848,False,,complete
HOUSE OF LIV,2333 GUS THOMASSON RD,75228,convenience_corner_store,48113012702,2.0,4533,0.420333,0.6321026779783646,0.1420072007285756,0.1614213997299199,892,849,False,,complete
MURPHY USA #8920,2110 N TOWN EAST BLVD,75150,liquor_store,48113017815,1.0,4221,0.440902,0.5417741343935772,0.14193900648958854,0.12778136611215857,893,1443,False,,complete
GOOD COMPANY TATTOO STUDIO,10831 FERGUSON RD Ste:180,75228,barbershop_beauty,48113012603,2.0,5618,0.365936,0.5327494516700303,0.14183361083999615,0.1670765271687706,894,756,False,,complete
Estrella's Beauty Salon,10824 Ferguson Road,,barbershop_beauty,48113012603,2.0,5611,0.365936,0.5327494516700303,0.1416568868677854,0.1668683506486244,895,757,False,,complete
LA SEGUNDITA,1424 S BUCKNER BLVD Ste:A,75217,convenience_corner_store,48113009105,1.0,4075,0.450777,0.6314345997531512,0.14152805652286726,0.14495102385004363,896,1139,False,,complete
Ferguson Lavanderia,10814 Ferguson Road,,laundromat,48113012603,2.0,5605,0.365936,0.5327494516700303,0.14150540917731905,0.16668991363135624,897,759,False,,complete
My Store,10810 Ferguson Road,,convenience_corner_store,48113012603,2.0,5605,0.365936,0.5327494516700303,0.14150540917731905,0.16668991363135624,898,760,False,,complete
S PADILLA WORK AND WESTERN WEAR,2540 GUS THOMASSON RD,75228,convenience_corner_store,48113012502,2.0,4757,0.406083,0.5495146281506247,0.14144648315083544,0.14618335364903964,899,1125,False,,complete
S. BUCKNER MART,521 S BUCKNER BOULEVARD,75217,liquor_store,48113009301,1.0,3649,0.486844,0.6553329109110991,0.14144548250226813,0.13495079704219526,900,1337,False,,complete
FOODLAND MARKETS #51,8411 LAKE JUNE RD,75217,liquor_store,48113009203,2.0,4492,0.421646,0.6378891065401504,0.14138212415376517,0.1614972818864972,901,847,False,,complete
Shady Grove Food And More,1427 W Shady Grove Rd,75060,liquor_store,48113015206,1.0,4243,0.438116,0.6485778032194927,0.14135730670543648,0.15522503982574692,902,956,False,,complete
Family Dollar #28159,4025 PIONEER RD,75180,liquor_store,48113017204,2.0,4503,0.420792,0.6400226410323856,0.1412984380281557,0.16246045131102468,903,824,False,,complete
MIS GEFT SHOP,4107 W CAMP WISDOM RD Ste:225,75237,grocery_food_mart,48113010903,2.0,4760,0.405548,0.661845259511921,0.14125099726951984,0.17787057463411998,904,623,False,,complete
CHELY'S BEAUTY SALON,1304 NEWPORT AVE,75224,barbershop_beauty,48113006302,2.0,5632,0.364317,0.4631962633485328,0.14116771773075423,0.14434595461672606,905,1149,False,,complete
Level-Up Microblading,3939 US Highway 80,,barbershop_beauty,48113017806,2.0,4343,0.430786,0.5440872385728756,0.14113004623555228,0.13206825066800643,906,1386,False,,complete
One Star Stop,513 W Jefferson St Ste 105,75051,liquor_store,48113016001,1.0,3407,0.510601,0.6492083684769571,0.14111332407996752,0.12476793272869083,907,1497,False,,complete
DISCOUNT LIQUOR,513 W JEFFERSON ST STE 150,75051,liquor_store,48113016001,1.0,3407,0.510601,0.6492083684769571,0.14111332407996752,0.12476793272869083,908,1498,False,,complete
SNOWCONES N DELI,3505 FORDHAM RD,75216,convenience_corner_store,48113008701,1.0,3548,0.495748,0.6414205227414708,0.14106209816214946,0.12829877064296855,909,1439,False,,complete
Salon Express and Threading,3737 North Story Road,75062,barbershop_beauty,48113014310,2.0,5121,0.386493,0.5964851443126667,0.14105480151015679,0.17158239168277983,910,700,False,,complete
S&A Food Mart #2,502 E Camp Wisdom Rd,75116,liquor_store,48113016518,1.0,3942,0.45997,0.6273337682492148,0.14096006062699265,0.1392648897147824,911,1242,False,,complete
DEEP ROOTS  DALLAS,428 W DAVIS ST Ste:2,75208,barbershop_beauty,48113004201,2.0,5814,0.356878,0.506103788864851,0.1408945658250465,0.16375137965383524,912,796,False,,complete
SHOES 4 YOU,4207 W ILLINOIS AVE Ste:100,75211,convenience_corner_store,48113006502,2.0,5461,0.370886,0.5604310813520071,0.14089189545387834,0.17134001638844032,913,707,False,,complete
GLAD MART STORE,1726 S BELT LINE ROAD,75051,liquor_store,48113016301,1.0,3848,0.467461,0.5377556585950718,0.14082120065549533,0.11557590904234555,914,1688,False,,complete
Wash-It-Kwik,,,laundromat,48113016629,1.0,4100,0.447335,0.42767030224816055,0.14081869830743024,0.09647456265071079,915,2063,False,,complete
CLUB PILATES LAKEWOOD,6402 GASTON AVE,75214,barbershop_beauty,48113001400,1.0,4208,0.439433,0.39403586768226884,0.14081081027671782,0.09065262443973553,916,2203,False,,complete
Popshelf Store #24749,3921 W Airport Fwy,75032,liquor_store,48113014153,2.0,4732,0.406255,0.5418212416628312,0.14079411126203947,0.1432639238947121,917,1167,False,,complete
Circle On Foodmart,,,convenience_corner_store,48113016626,1.0,3230,0.53001,0.6255513538096666,0.14079057260381714,0.11377081547862157,918,1735,False,,complete
CITY WIRELESS,2570 GUS THOMASSON RD,75228,convenience_corner_store,48113012502,2.0,4731,0.406083,0.5495146281506247,0.14067338906592444,0.14538436958452944,919,1133,False,,complete
VIRTUS BARBER AND CO,6224 LA VISTA DR,75214,barbershop_beauty,48113001400,1.0,4201,0.439433,0.39403586768226884,0.14057657176152366,0.09050182397132342,920,2207,False,,complete
C F HAWN FWY SUNOCO,9512 C F HAWN FWY,75217,convenience_corner_store,48113011701,1.0,3719,0.477828,0.6512134657592868,0.14041044297070185,0.13663433294520133,921,1309,False,,complete
Happy's Market,,,convenience_corner_store,48113019202,2.0,5081,0.387294,0.5643381027063337,0.14040800546189158,0.16059046558051043,922,870,False,,complete
OATS GAS & MORE,2212 OATES DRIVE,75150,liquor_store,48113018001,2.0,4944,0.394078,0.5705278311645955,0.14037166518366412,0.15806870504662882,923,903,False,,complete
DOLLAR TREE STORES INC,4421 W KIEST BLVD,75236,grocery_food_mart,48113010807,1.0,3455,0.503504,0.7808006040999902,0.14036026856672848,0.15339105874141676,924,984,False,,complete
OK FOOD MART 6,1227 MORRELL AVE,75203,convenience_corner_store,48113021000,1.0,3529,0.495881,0.7603398917735704,0.1403591626102682,0.15240978406814853,925,996,False,,complete
7-Eleven Convenience Store #35981B,10811 Webb Chapel Rd,75229,liquor_store,48113009611,2.0,4509,0.418371,0.5555152706469191,0.14026635863215112,0.14016106558670285,926,1226,False,,complete
DOLLAR GENERAL STORE #8497,1546 CLARK ROAD,75137,liquor_store,48113016511,1.0,3898,0.46188,0.5745644328835816,0.14021899623957998,0.125555936700462,927,1484,False,,complete
FOREST GREEN BRANCH LIBRARY,9619 GREENVILLE AVE,75243,library,48113007805,2.0,5718,0.359446,0.5539291654358188,0.14020966475290725,0.1772066015682709,928,626,False,,complete
PIZZA HUT #034527,2343 GUS THOMASSON RD,75228,convenience_corner_store,48113012702,2.0,4475,0.420333,0.6321026779783646,0.14019021029348683,0.15935600348365137,929,878,False,,complete
MURPHY'S DELI,4925 GREENVILLE AVE Ste:132,75206,convenience_corner_store,48113007913,3.0,8707,0.284121,0.38254928394491133,0.1401829970381908,0.18166443610268662,930,580,False,,complete
ADANE TAILOR ALTERATION AND SELLING CLOTHES,10560 WALNUT ST Ste:900A,75243,barbershop_beauty,48113019019,2.0,4980,0.391859,0.45116081705434846,0.14015842005406368,0.12409380377380101,931,1516,False,,complete
EZ TRIP #20,10550 WALNUT ST,75243,liquor_store,48113019019,2.0,4980,0.391859,0.45116081705434846,0.14015842005406368,0.12409380377380101,932,1517,False,,complete
REEMCO IMPORTS,1438 S BUCKNER BLVD,75217,convenience_corner_store,48113009105,1.0,4033,0.450777,0.6314345997531512,0.1400693624433678,0.1434570501072947,933,1160,False,,complete
CHIPINQUE FURNITURE,1440 S BUCKNER BLVD,75217,convenience_corner_store,48113009105,1.0,4033,0.450777,0.6314345997531512,0.1400693624433678,0.1434570501072947,934,1161,False,,complete
ESTRELLAS BEAUTY SALON,10824 FERGUSON RD,75228,barbershop_beauty,48113012603,2.0,5548,0.365936,0.5327494516700303,0.1400663711178887,0.16499476196730853,935,773,False,,complete
KAHLO'S MS BEAUTY SALON,1133 N ZANG BLVD Ste:104,75203,barbershop_beauty,48113002001,2.0,5935,0.351191,0.5176625340364546,0.14005360404505018,0.17121298481822994,936,709,False,46,complete
R & J GROCERY STORE,3439 MAYBETH ST,75212,convenience_corner_store,48113010601,2.0,4277,0.432942,0.5590604492827375,0.14001616753625068,0.1338453722080867,937,1355,False,,complete
GRACIES UNISEX BEAUTY SALON,1217 S BUCKNER BLVD,75217,barbershop_beauty,48113009301,1.0,3610,0.486844,0.6553329109110991,0.13993373303184103,0.13350846185868046,938,1360,False,,complete
Brake Time,4125 W Airport Fwy,75062,liquor_store,48113014153,2.0,4701,0.406255,0.5418212416628312,0.13987174916374634,0.14232538170520742,939,1187,False,,complete
QUATRO Y 20,420 W DAVIS ST,75208,convenience_corner_store,48113004201,2.0,5771,0.356878,0.506103788864851,0.13985251795258744,0.1625402841386796,940,820,False,,complete
PATTYS BEAUTY SALON,4020 URBAN AVE,75227,barbershop_beauty,48113008500,2.0,4751,0.403254,0.6378004428704498,0.13976553005561906,0.17078401054142922,941,719,False,,complete
ELEVATE MASSAGE,4904 GREENVILLE AVE,75206,barbershop_beauty,48113007913,3.0,8679,0.284121,0.38254928394491133,0.13973219608297438,0.18108023899566067,942,585,False,,complete
KOSTAS CAFE,4914 GREENVILLE AVENUE,75206,liquor_store,48113007913,3.0,8679,0.284121,0.38254928394491133,0.13973219608297438,0.18108023899566067,943,586,False,,complete
PAYLESS FUEL CENTER 175/LOOP 12,8015 C F HAWN FREEWAY,75217,liquor_store,48113009304,1.0,3221,0.52734,0.795672134188592,0.1394368594262634,0.14583267921611312,944,1127,False,,complete
LA AZTECA MEAT MARKET #2,3046 FOREST LN STE B,75234,liquor_store,48113009611,2.0,4482,0.418371,0.5555152706469191,0.13942644031698853,0.1393217777688184,945,1237,False,,complete
SALON DV8,509 W DAVIS ST Ste:100,75208,barbershop_beauty,48113004201,2.0,5751,0.356878,0.506103788864851,0.1393678445235367,0.16197698389907234,946,831,False,,complete
SEVEN MART FOOD STORE,501 W DAVIS ST,75208,convenience_corner_store,48113004201,2.0,5751,0.356878,0.506103788864851,0.1393678445235367,0.16197698389907234,947,832,False,,complete
7 PLUS  AGUA,1515 S BUCKNER BLVD Ste:241,,convenience_corner_store,48113009105,1.0,4012,0.450777,0.6314345997531512,0.13934001540361804,0.14271006323592025,948,1182,False,,complete
CVS/PHARMACY #7741,1333 S STORY RD,75060,liquor_store,48113015306,2.0,5073,0.38572,0.554233004230539,0.13929428729564133,0.15730847912325993,949,926,False,,complete
PAYLOW LIQUOR BEER & WINE,3701 W CLARENDON DRIVE SUITE 200,75211,liquor_store,48113019900,3.0,6339,0.336644,0.6224594192639687,0.13927845287888718,0.2221214786496363,950,329,False,,complete
XPRESS FOOD MART,1225 BELT LINE RD STE 103,75040,liquor_store,48113019027,2.0,5247,0.377408,0.5552448331431477,0.13919639052944133,0.16301775148764863,951,810,False,,complete
MINI MART FOOD STORE,2628 N STORY RD,75062,liquor_store,48113014316,2.0,5366,0.372125,0.5304706079540149,0.13918417358414156,0.15885960425592063,952,882,False,,complete
EL RIO GRANDE LATIN MARKET #8,10909 WEBB CHAPEL RD STE 131,75229,liquor_store,48113009611,2.0,4474,0.418371,0.5555152706469191,0.13917757563101446,0.13907309989685265,953,1252,False,,complete
LUCKY MOUTH GROCERY,196 W DAVIS ST Ste:120,75208,convenience_corner_store,48113004201,2.0,5742,0.356878,0.506103788864851,0.13914974148046388,0.16172349879124906,954,844,False,,complete
7-Eleven Convenience Store #38,3117 Military Parkway,75149,liquor_store,48113017602,2.0,4265,0.431874,0.5738145435907128,0.13911410951519845,0.13718814835588153,955,1298,False,,complete
TOM THUMB #1786,4215 S CARRIER PARKWAY,75052,liquor_store,48113016412,1.0,3947,0.455257,0.33905199748405335,0.1390592781994424,0.0722061412660891,956,2553,False,,complete
LUXX SPORTS NUTRITION,508 W JEFFERSON BLVD,75208,convenience_corner_store,48113005000,2.0,5410,0.36994,0.6725108601797917,0.13900397836417497,0.20556916699642766,957,407,False,,complete
JERRY'S SUPERMARKET,532 W JEFFERSON BLVD,75208,liquor_store,48113005000,2.0,5410,0.36994,0.6725108601797917,0.13900397836417497,0.20556916699642766,958,408,False,,complete
KWIK MART,1726 E MAIN STREET,75050,liquor_store,48113015600,1.0,3366,0.509469,0.68902839196725,0.13898919792068554,0.13118654368926236,959,1395,False,,complete
COMMUNITY LAUNDRY,7015 WOODWICK DR,75232,laundromat,48113011103,1.0,3770,0.469792,0.729597248901656,0.1389491288263525,0.15596953515213988,960,944,False,,complete
OLIVELLA'S,3406 MCFARLIN BOULEVARD,75205,liquor_store,48113019400,3.0,8147,0.29264,0.35361915108992537,0.13892581005914245,0.1560533594249057,961,941,False,13,complete
ASIAN STREET FOOD,2315 BURLINGTON BLVD,75208,convenience_corner_store,48113005200,2.0,5952,0.34866,0.49677786180477634,0.1387706793474234,0.16435819118526926,962,790,False,,complete
Speed Queen,2520 Gus Thomasson Road,,laundromat,48113012502,2.0,4666,0.406083,0.5495146281506247,0.13874065385364687,0.1433869094232539,963,1165,False,,complete
Good Spirits LLC #4231,215 N Carrier Pkwy,75050,liquor_store,48113015404,1.0,3334,0.512243,0.6160223116976064,0.13870175924415884,0.11555674692684195,964,1689,False,,complete
DOLLAR GENERAL STORE #1826,422 W CAMP WISDOM RD,75116,liquor_store,48113016518,1.0,3875,0.45997,0.6273337682492148,0.13856424021552424,0.13689788118842766,965,1304,False,,complete
Del Rio Mexican Restaurant,421 W Lawson Rd Ste 41B,75253,liquor_store,48113017101,1.0,3722,0.472895,0.6514233489023185,0.13847113987729637,0.1367907117385138,966,1308,False,,complete
BAINS BROTHERS PETROLEUM #6,591 W CAMPBELL RD,75080,liquor_store,48113019211,2.0,5543,0.363542,0.5110738878914002,0.13845666876176865,0.15774654575363317,967,909,False,,complete
OAK CLIFF SMOKE SHOP,410 W DAVIS ST,75208,convenience_corner_store,48113004201,2.0,5713,0.356878,0.506103788864851,0.13844696500834033,0.16090671344381852,968,862,False,,complete
LONE STAR RANCH #2,8155 S RL THORNTON FREEWAY,75232,liquor_store,48113011105,1.0,4069,0.444445,0.7118271884433036,0.13843936573589505,0.16406695258469856,969,793,False,,complete
SS Beer & Wine ,7932 Great Trinity Forest Way Ste 112,75217,liquor_store,48113011601,1.0,3568,0.487132,0.6674839681629444,0.13842057062462013,0.134517020982918,970,1345,False,,complete
Washeteria,,,laundromat,48113016100,1.0,3004,0.552116,0.6889898339024092,0.13836328626099098,0.11707110497390663,971,1655,False,,complete
WSS SHOES,1551 S BUCKNER BLVD Ste:261,75217,grocery_food_mart,48113009105,1.0,3979,0.450777,0.6314345997531512,0.13819389862686843,0.1415362267237604,972,1200,False,,complete
BERKLEY'S MARKET,634 W DAVIS ST,75208,grocery_food_mart,48113004201,2.0,5702,0.356878,0.506103788864851,0.13818039462236242,0.16059689831203453,973,869,False,,complete
Family Dollar #32081,6404 S COCKRELL HILL RD,75236,liquor_store,48113010903,2.0,4653,0.405548,0.661845259511921,0.13807581728888146,0.17387222348163028,974,661,False,,complete
TARGET STORE T-0947,9440 MARSH LN,75220,liquor_store,48113009401,1.0,3177,0.528651,0.5029500027293169,0.1379977207541964,0.0888881866603603,975,2248,False,,complete
Hugos Beer & Wine,1823 S Edgefield Ave,75224,liquor_store,48113006302,2.0,5505,0.364317,0.4631962633485328,0.13798442580039097,0.14109099434749237,976,1207,False,,complete
EL RANCHO #19,2550 GUS THOMASSON Rd,75228,liquor_store,48113012502,2.0,4640,0.406083,0.5495146281506247,0.13796755976873584,0.14258792535874373,977,1184,False,,complete
Heavenly Hair,,,barbershop_beauty,48113019211,2.0,5519,0.363542,0.5110738878914002,0.13785718111062623,0.15706353707636686,978,927,False,,complete
DOLLAR GENERAL STORE #13707,3515 W NORTHWEST HWY,75220,liquor_store,48113009802,2.0,4201,0.433507,0.6748328747577819,0.13779350035451873,0.16020599756185516,979,874,False,,complete
7-ELEVEN STORE #41155 & CARWASH,6769 ABRAMS RD,75231,grocery_food_mart,48113007833,1.0,3321,0.510953,0.8488609196559814,0.1376820043371834,0.1607978846327373,980,866,False,,complete
Craft Beer Cellar,6324 Gaston Avenue,75214,liquor_store,48113001400,1.0,4112,0.439433,0.39403586768226884,0.13759839635405505,0.08858450373008377,981,2256,False,,complete
CIRCLE K #2742108,1502 S CLARK,75137,liquor_store,48113016511,1.0,3822,0.46188,0.5745644328835816,0.13748512150530393,0.12310795024863157,982,1540,False,,complete
TOP MART,7047 BRUTON RD,75217,liquor_store,48113009101,2.0,4379,0.420912,0.615252938851031,0.13746621940925868,0.15157746414020387,983,1016,False,,complete
BARRI MULTI-SERVICES,1506 S BUCKNER BLVD Ste:A,75217,convenience_corner_store,48113009105,1.0,3958,0.450777,0.6314345997531512,0.1374645515871187,0.14078923985238595,984,1211,False,,complete
DOLLAR GENERAL STORE #7170,400 S NURSERY RD,75060,liquor_store,48113014903,2.0,4817,0.39536,0.55189166847014,0.13745619816706584,0.14870375497074131,985,1073,False,,complete
SHERWIN WILLIAMS,4826 GREENVILLE AVE,75206,convenience_corner_store,48113007913,3.0,8530,0.284121,0.38254928394491133,0.13733329099985844,0.17797147581898667,986,622,False,,complete
TEXACO FOOD MART 100,1901 N GARLAND AVE,75040,liquor_store,48113018900,2.0,4924,0.389588,0.6402151487122754,0.13733224015676465,0.17770541494732536,987,624,False,,complete
LA MICHOACANA MEAT MARKET,2600 S ZANG BLVD,75224,liquor_store,48113006200,2.0,5812,0.351452,0.6299409286659414,0.13732064153201298,0.20622453670832763,988,400,False,,complete
Chevron,8600 North MacArthur Boulevard,75063,gas_station,48113014130,3.0,7155,0.311762,0.3371263008940393,0.13730496351201288,0.13007890578725098,989,1416,False,,complete
LEGENDARY ART TATTOO STUDIO,4099 W CAMP WISDOM RD Ste:119,75237,barbershop_beauty,48113010903,2.0,4627,0.405548,0.661845259511921,0.1373042782281656,0.1729006615193431,990,680,False,,complete
Artistik Edge Hair Studio,,,barbershop_beauty,48113007826,2.0,6122,0.340611,0.34669026372859685,0.13722557242806976,0.11475857148228728,991,1707,False,41,complete
G'S VAPE STORE,1504 CENTERVILLE RD,75228,convenience_corner_store,48113012702,2.0,4380,0.420333,0.6321026779783646,0.1372141052704966,0.1559730268733839,992,943,False,,complete
LA TRADICION MEAT MARKET Y TAQUERIA,444 W INTERSTATE 20,75052,liquor_store,48113016419,1.0,3450,0.495794,0.5028436872409088,0.13718353579773135,0.09650468594127168,993,2062,False,,complete
MAS GUAP@S #2,1642 S BUCKNER BLVD Ste:180,75217,barbershop_beauty,48113009203,2.0,4358,0.421646,0.6378891065401504,0.13716458082415595,0.1566796871018154,994,931,False,,complete
SEXY NAILS OF DALLAS,2719 S BUCKNER BLVD Ste:100,75227,barbershop_beauty,48113009101,2.0,4367,0.420912,0.615252938851031,0.1370895136241682,0.15116208858192973,995,1024,False,,complete
DAILY STOP,2326 W SHADY GROVE RD,75060,liquor_store,48113015207,2.0,5048,0.383012,0.4622807127321139,0.13707964564855857,0.12910516730430902,996,1428,False,,complete
ROCK ISLAND FUELS & FOOD MART,2630 ROCK ISLAND RD,75060,liquor_store,48113015305,2.0,4520,0.411339,0.6232514316056799,0.13705528486980842,0.15859441699699645,997,891,False,,complete
DULCERIA Y PINATERIA ROSS,2256 GUS THOMASSON RD,75228,convenience_corner_store,48113012400,2.0,5005,0.384943,0.4378112783033169,0.13699239973607305,0.12076870259453658,998,1581,False,,complete
FIRST STOP BEER & WINE,4847 SCYENE ROAD SUITE A,75210,liquor_store,48113002703,1.0,3626,0.478027,0.5749275889660188,0.13697990409376984,0.11687253191133984,999,1658,False,,complete
FIRST STOP LIQUORS,4847 SCYENE ROAD SUITE B,75210,liquor_store,48113002703,1.0,3626,0.478027,0.5749275889660188,0.13697990409376984,0.11687253191133984,1000,1659,False,,complete
"BSY DALLAS, LLC",5118 W LOVERS LN,75209,barbershop_beauty,48113007102,1.0,3776,0.464441,0.45585815278825087,0.13691147229716844,0.09514009535425912,1001,2090,False,,complete
MSTELLA NAIL BAR,7215 SKILLMAN ST Ste:320,75231,barbershop_beauty,48113007827,2.0,4922,0.388886,0.6377373820939984,0.1368901913830176,0.1769126001876578,1002,631,False,,complete
Doc's Food Stores,,,convenience_corner_store,48113019211,2.0,5480,0.363542,0.5110738878914002,0.1368830136775198,0.1559536479758091,1003,945,False,,complete
PRESSED BY PERLA LLC,443 W DAVIS ST,75208,convenience_corner_store,48113004201,2.0,5645,0.356878,0.506103788864851,0.13679907534956787,0.15899149262915377,1004,880,False,,complete
ANDRA'S PARTY SUPPLIES,7110 MILITARY PKWY,75227,convenience_corner_store,48113008500,2.0,4650,0.403254,0.6378004428704498,0.13679429904412307,0.16715336750529278,1005,755,False,,complete
BH SUPER MERCADO,4754 BERNAL Dr,75212,liquor_store,48113010601,2.0,4174,0.432942,0.5590604492827375,0.13664425608985512,0.13062206771020665,1006,1407,False,,complete
WEST DAVIS FOOD MART,619 W DAVIS ST,75208,liquor_store,48113004201,2.0,5637,0.356878,0.506103788864851,0.13660520597794756,0.15876617253331088,1007,886,False,,complete
EL REY DEL SABOR RESTAURANTE MEXICANO,1600 S BUCKNER BLVD,75217,convenience_corner_store,48113009105,1.0,3932,0.450777,0.6314345997531512,0.13656155049028568,0.13986439896401756,1008,1230,False,,complete
TEXAS ICE VENDING,6500 SKILLMAN ST Ste:A,75231,convenience_corner_store,48113007809,2.0,5338,0.368929,0.4963180023004522,0.13655070891972879,0.147258180054266,1009,1107,False,,complete
QNails,,,barbershop_beauty,48113019211,2.0,5462,0.363542,0.5110738878914002,0.13643339793916298,0.15544139146785935,1010,950,False,,complete
SMOOTHIE KING,3233 W WHEATLAND RD,75237,grocery_food_mart,48113016635,1.0,3481,0.490644,0.7316371823577514,0.13641209075393482,0.1444328480643818,1011,1148,False,,complete
EZ STOP #9,6343 LAKE JUNE RD STE 120,75217,liquor_store,48113011500,1.0,2666,0.597364,0.7943336626101164,0.1362806912094442,0.12049387158195025,1012,1586,False,,complete
Center Street Barbers,111 South Center Street,75050,barbershop_beauty,48113015500,1.0,2831,0.570621,0.7158312249255363,0.1362514724054299,0.11481911993028802,1013,1705,False,,complete
MEDICAL CITY DALLAS HOSPITAL,11990 N CENTRAL EXPY,75243,other_storefront,48113007829,1.0,4034,0.442205,0.6122893244746386,0.1362383938805851,0.13892898345784396,1014,1256,False,,complete
STUDIO FTLO,1300 S POLK ST Ste:255,75224,barbershop_beauty,48113006302,2.0,5434,0.364317,0.4631962633485328,0.1362047901542824,0.1392712921497318,1015,1241,False,,complete
Deluxe Nail Salon,,,barbershop_beauty,48113007826,2.0,6072,0.340611,0.34669026372859685,0.1361048147310094,0.11382130774917484,1016,1733,False,,complete
CHEAP RIVER LIQUOR,254 S RIVERFRONT BLVD,75207,liquor_store,48113010002,2.0,4304,0.422863,1.0,0.13605053577862847,0.24683145036416815,1017,242,False,,partial_1of4
Wash & Dry Lavanderia,2560 Gus Thomasson Road,,laundromat,48113012502,2.0,4575,0.406083,0.5495146281506247,0.1360348245564583,0.14059046519746823,1018,1219,False,,complete
SALON DE BELLEZA MAYRA'S,2957 S WESTMORELAND RD Ste:B,75233,barbershop_beauty,48113010805,1.0,3836,0.457273,0.7330556948629839,0.13601309446278076,0.159483958959709,1019,876,False,,complete
WAYA,6334 GASTON AVE,75214,liquor_store,48113001400,1.0,4063,0.439433,0.39403586768226884,0.13595872674769593,0.08752890045119902,1020,2275,False,,complete
SHOP N GO,2302 GUS THOMASSON RD Ste:100,75228,convenience_corner_store,48113012400,2.0,4965,0.384943,0.4378112783033169,0.135897555382538,0.11980351815821662,1021,1598,False,,complete
7-ELEVEN CONVENIENCE STORE #27206,13601 CF HAWN FREEWAY,75253,liquor_store,48113017005,1.0,3060,0.537284,0.6781612023170657,0.13586885395105966,0.1172955406637129,1022,1653,False,,complete
DOLLAR GENERAL STORE #1896,1464 W BUCKINGHAM RD,75042,liquor_store,48113018900,2.0,4871,0.389588,0.6402151487122754,0.13585404991949648,0.17579266373038627,1023,644,False,,complete
HOWDY'S FOOD MART,3620 SHEPHERD LN STE A,75180,liquor_store,48113017203,2.0,4527,0.408505,0.6123845036373143,0.13583330348202985,0.15593312234788398,1024,947,False,,complete
Skyline,6006 Everglade Road,75227,library,48113012207,2.0,4492,0.410578,0.6870570509407926,0.13582411933697386,0.1745480305511527,1025,655,False,,complete
CIRCLE K #2741740,2146 N JOSEY LANE,75006,liquor_store,48113013720,2.0,5555,0.358655,0.5211713853663278,0.1357215682302029,0.16140249987260544,1026,850,False,,complete
CVS/PHARMACY #6960,2142 N JOSEY LN,75006,liquor_store,48113013720,2.0,5555,0.358655,0.5211713853663278,0.1357215682302029,0.16140249987260544,1027,851,False,,complete
OCK BIILIARDS,10217 HARRY HINES BLVD Ste:104,75220,other_storefront,48113009900,2.0,4136,0.433542,0.5594792586308812,0.13567767250192306,0.12953524275433284,1028,1424,False,,complete
CHIJMES WELLNESS,975 N ZANG BLVD Ste:B100,75208,barbershop_beauty,48113004201,2.0,5597,0.356878,0.506103788864851,0.13563585911984613,0.15763957205409632,1029,914,False,,complete
Speedy B Mart,2302 W Walnut Hill Lane,75038,liquor_store,48113014310,2.0,4924,0.386493,0.5964851443126667,0.13562855743722163,0.16498178024721885,1030,774,False,,complete
NELLY'S BARBERSHOP AND BEAUTY SALON #2,1515 S BUCKNER BLVD Ste:149,75217,barbershop_beauty,48113009105,1.0,3904,0.450777,0.6314345997531512,0.13558908777061934,0.13886841646885162,1031,1258,False,,complete
BUCKNER SMOKE SHOP,1309 S BUCKNER BLVD,75217,convenience_corner_store,48113009105,1.0,3901,0.450777,0.6314345997531512,0.1354848953363694,0.1387617040586553,1032,1263,False,,complete
TARGET STORE T-0013,13131 MONTFORT DR,75240,liquor_store,48113013628,3.0,6629,0.322714,0.3148723528120475,0.13532716211111595,0.11179911832469792,1033,1773,False,,complete
GISELLE'S # 1 PLEASAN GROVEFADEZ,1314 S BUCKNER BLVD Ste:339,75217,barbershop_beauty,48113009105,1.0,3895,0.450777,0.6314345997531512,0.13527651046786945,0.13854827923826257,1034,1272,False,,complete
QuikTrip #907,3011 N SHILOH ROAD,75044,liquor_store,48113019029,3.0,6649,0.322064,0.5626369892093179,0.13525230295570245,0.20948044180038108,1035,374,False,29,complete
BEAUTY SALON & BARBER SHOP NUEVA IMAGEN,4010 URBAN AVE,75227,barbershop_beauty,48113008500,2.0,4597,0.403254,0.6378004428704498,0.1352351382163083,0.16524817858533994,1036,770,False,,complete
VEGA BOUTIQUE LLC,2302 MOUNTAIN LAKE RD,75224,convenience_corner_store,48113006302,2.0,5395,0.364317,0.4631962633485328,0.13522724381346218,0.13827173742138443,1037,1276,False,,complete
SOULTOPIA,900 W DAVIS ST,75208,convenience_corner_store,48113004202,2.0,5449,0.361931,0.5089725598278705,0.13512732898135482,0.15439484042772314,1038,969,False,,complete
BEAUTIQUE NAIL LOUNGE,5111 GREENVILLE AVE Ste:130,75206,barbershop_beauty,48113007913,3.0,8382,0.284121,0.38254928394491133,0.13495048595085737,0.17488357682470648,1039,653,False,,complete
CRACKER BARREL OLD COUNTRY STORE #197,5304 N GALLOWAY AVE,75150,liquor_store,48113018001,2.0,4753,0.394078,0.5705278311645955,0.13494873070751529,0.15196208638483552,1040,1005,False,,complete
626 MARKET,626 W DAVIS ST,75208,convenience_corner_store,48113004201,2.0,5565,0.356878,0.506103788864851,0.13486038163336495,0.15673829167072467,1041,930,False,,complete
Shadami Beauty Salon,10890 Ferguson Road,,barbershop_beauty,48113012603,2.0,5341,0.365936,0.5327494516700303,0.13484039079679946,0.1588386848715564,1042,884,False,,complete
LEAGCY BARBER,1809 BALBOA PL,75224,barbershop_beauty,48113006302,2.0,5379,0.364317,0.4631962633485328,0.134826199160818,0.13786166368667782,1043,1282,False,,complete
SUNSET ART STUDIOS,1813 BALBOA PL Ste:201,75224,barbershop_beauty,48113006302,2.0,5379,0.364317,0.4631962633485328,0.134826199160818,0.13786166368667782,1044,1283,False,,complete
LAKE JUNE C STORE,7938 LAKE JUNE RD,75217,convenience_corner_store,48113009301,1.0,3478,0.486844,0.6553329109110991,0.13481704251654936,0.1286267120067841,1045,1432,False,,complete
SUPER MERCADO EL CERRITO,10880 FERGUSON ROAD,75228,liquor_store,48113012603,2.0,5336,0.365936,0.5327494516700303,0.13471415938807751,0.15868998735716625,1046,890,False,,complete
BOOST MOBILE,2266 GUS THOMASSON RD,75228,convenience_corner_store,48113012400,2.0,4921,0.384943,0.4378112783033169,0.13469322659364943,0.11874181527826463,1047,1620,False,,complete
THE MANE BAR,2262 GUS THOMASSON RD,75228,barbershop_beauty,48113012400,2.0,4921,0.384943,0.4378112783033169,0.13469322659364943,0.11874181527826463,1048,1621,False,,complete
SPEEDMAX 6,9531 C F HAWN FWY,75217,liquor_store,48113011702,1.0,3568,0.477467,0.6500092241967682,0.13456546106580242,0.130832769274212,1049,1402,False,,complete
SHOP & GO,406 W CAMP WISDOM RD,75116,liquor_store,48113016518,1.0,3763,0.45997,0.6273337682492148,0.13455928669187553,0.13294109081601374,1050,1374,False,,complete
WESTMORELAND FLEA MARKET,2929 S WESTMORELAND RD,75233,grocery_food_mart,48113010805,1.0,3794,0.457273,0.7330556948629839,0.1345238999978598,0.15773778422657347,1051,911,False,,complete
TIENDITA SALVADORENA,10890 FERGUSON RD Ste:102,75228,convenience_corner_store,48113012603,2.0,5327,0.365936,0.5327494516700303,0.13448694285237797,0.15842233183126397,1052,896,False,,complete
TEXAS' MINI MART,7517 MILITARY PKWY,75227,convenience_corner_store,48113008500,2.0,4570,0.403254,0.6378004428704498,0.1344408487379876,0.16427761064498664,1053,792,False,,complete
CELLULAR GROVE WIRELESS,9015 LAKE JUNE RD,75217,convenience_corner_store,48113009202,1.0,3456,0.4879,0.7292705620349698,0.1343722490300748,0.14291225477865238,1054,1174,False,,complete
HAPPY'S MARKET #1,3036 BROADWAY BOULEVARD,75041,liquor_store,48113018205,2.0,4592,0.401676,0.6672979263647905,0.1342779843800574,0.17307232201227116,1055,676,False,,complete
Fastway Mesquite,4503 Gus Thomasson Rd,75150,liquor_store,48113017900,2.0,5326,0.365547,0.4660296132492251,0.13423008471600661,0.13739498670495331,1056,1296,False,,complete
WALGREENS #04705,2060 S BUCKNER BLVD,75217,liquor_store,48113009204,2.0,4558,0.403403,0.5879391125731567,0.1341637537112582,0.15041699557205887,1057,1035,False,,complete
EZ TRIP FOOD STORE 13,9811 WALNUT HILL LN,75238,convenience_corner_store,48113013009,2.0,5505,0.358097,0.39750570612683156,0.13415655096439308,0.11972250130868242,1058,1601,False,,complete
EL CHIROLO,2244 GUS THOMASSON RD,75228,convenience_corner_store,48113012400,2.0,4897,0.384943,0.4378112783033169,0.1340363199815284,0.11816270461647266,1059,1633,False,,complete
CITA'S SALSA,2234 GUS THOMASSON RD,75228,convenience_corner_store,48113012400,2.0,4897,0.384943,0.4378112783033169,0.1340363199815284,0.11816270461647266,1060,1634,False,,complete
LATINO SMOKE SHOP,2226 GUS THOMASSON RD,75228,convenience_corner_store,48113012400,2.0,4897,0.384943,0.4378112783033169,0.1340363199815284,0.11816270461647266,1061,1635,False,,complete
ONE STOP MARKET,3751 N STORY RD,75062,liquor_store,48113014310,2.0,4865,0.386493,0.5964851443126667,0.13400343865395678,0.16300494738073107,1062,812,False,,complete
Payless Liquor,3745 N Story Rd,75062,liquor_store,48113014310,2.0,4865,0.386493,0.5964851443126667,0.13400343865395678,0.16300494738073107,1063,813,False,,complete
ACE HARDWARE,7586 MOUNTAIN CREEK PKWY,75249,grocery_food_mart,48113016526,2.0,4304,0.418595,0.5595196750209478,0.13399697909910097,0.13480710784060115,1064,1341,False,,complete
BRASS TACKS BARBER SHOP,330 W DAVIS ST,75208,barbershop_beauty,48113004201,2.0,5529,0.356878,0.506103788864851,0.13398796946107364,0.15572435123943157,1065,948,False,,complete
University Foods Inc,5420 Lyndon B Johnson Fwy Ste 280,75240,liquor_store,48113009604,2.0,5842,0.345158,0.49873989688073317,0.13391891956750787,0.16199795876796894,1066,830,False,,complete
M&S Food Mart,3802 North Town East Boulevard,75150,convenience_corner_store,48113017816,1.0,3712,0.462805,0.6641276930552902,0.13391204593575637,0.13920978730233707,1067,1246,False,,complete
K P FOOD MART,1928 N SAINT AUGUSTINE DR,75217,liquor_store,48113011901,2.0,5416,0.361195,0.400560963610142,0.13386335478563066,0.11876471080141002,1068,1619,False,,complete
Minute Mart #2,1430 S Clark Rd,75137,liquor_store,48113016511,1.0,3721,0.46188,0.5745644328835816,0.13385194587159496,0.11985470509554108,1069,1596,False,,complete
DAIRYWAY CORNER STOP,4340 GUS THOMAS ROAD SUITE D,75150,liquor_store,48113018002,2.0,4697,0.394928,0.5599306290232793,0.13380508363561971,0.14723045841624202,1070,1108,False,,complete
CVS/PHARMACY #6967,1425 BUCKINGHAM RD,75081,liquor_store,48113019024,2.0,4934,0.38254,0.506965510587835,0.1337236022682545,0.13921740392092777,1071,1245,False,,complete
ALL GOOD THINGS,336 W DAVIS ST,75208,convenience_corner_store,48113004201,2.0,5516,0.356878,0.506103788864851,0.13367293173219066,0.15535820608368683,1072,952,False,,complete
"TYLER PHOENIX LLC, DBA BULLZERK",332 W DAVIS ST,75208,convenience_corner_store,48113004201,2.0,5516,0.356878,0.506103788864851,0.13367293173219066,0.15535820608368683,1073,953,False,,complete
WOOD PULTZ BEVERAGE LLC,611 N BISHOP AVENUE SUITE 101,75208,liquor_store,48113004201,2.0,5516,0.356878,0.506103788864851,0.13367293173219066,0.15535820608368683,1074,954,False,,complete
WALGREENS #11514,9807 WALNUT HILL LN,75238,liquor_store,48113013009,2.0,5485,0.358097,0.39750570612683156,0.13366915205080762,0.1192875421758625,1075,1607,False,,complete
SMOKI'S,351 S RIVERFRONT BLVD,75207,convenience_corner_store,48113010002,2.0,4228,0.422863,1.0,0.13364815642937758,0.24247290244881572,1076,254,False,,partial_1of4
Kwik Stop,339 S Riverfront Blvd,75207,liquor_store,48113010002,2.0,4228,0.422863,1.0,0.13364815642937758,0.24247290244881572,1077,255,False,,partial_1of4
MIKE'S MART,323 S RIVERFRONT BLVD,75207,liquor_store,48113010002,2.0,4228,0.422863,1.0,0.13364815642937758,0.24247290244881572,1078,256,False,,partial_1of4
Family Dollar #27043,1006 South Main St,75137,liquor_store,48113016517,1.0,3662,0.466562,0.6167923724634088,0.13364632058413436,0.12709188856853626,1079,1454,False,,complete
HACKNEY FOOD INC.,4815 COLLINS AVE,75210,liquor_store,48113002703,1.0,3537,0.478027,0.5749275889660188,0.1336177387699018,0.11400390109498319,1080,1730,False,,complete
THE VIEWING ROOM,5210 W LOVERS LN,75209,barbershop_beauty,48113007102,1.0,3684,0.464441,0.45585815278825087,0.13357570549331793,0.09282206336999221,1081,2144,False,,complete
UNIVERSAL CUTS BEAUTY SALON,7109 MILITARY PKWY Ste:A,75227,barbershop_beauty,48113008500,2.0,4538,0.403254,0.6378004428704498,0.1334994686155334,0.1631273079008642,1082,807,False,,complete
N Beach Liquor,"1205 Arkansas Ln, #100",75052,liquor_store,48113016419,1.0,3357,0.495794,0.5028436872409088,0.13348554483274902,0.09390325527676784,1083,2121,False,,complete
Gorditas Durango,11924 Elam Rd,75180,liquor_store,48113017201,1.0,3895,0.446334,0.6933894103880289,0.1333418988299186,0.15280751082333208,1084,992,False,,complete
TREASURE CHEST WIGS & BEAUTY SUPPLY,1001 KINGS HWY Ste:B,75208,convenience_corner_store,48113004202,2.0,5376,0.361931,0.5089725598278705,0.13331703442902618,0.15232641991914841,1085,998,False,,complete
Cedar Hill Nails,,,barbershop_beauty,48113016626,1.0,3058,0.53001,0.6255513538096666,0.13329336564163244,0.10771243149647824,1086,1852,False,,complete
DON PEDRO PUPUSERIA Y TAQUERIA,320 N MAIN ST,75116,liquor_store,48113016516,2.0,4209,0.423384,0.6153461866691218,0.13329270864111517,0.14571616869236767,1087,1131,False,,complete
LION BEVERAGE MART,7272 GASTON AVE,75214,liquor_store,48113000100,2.0,4625,0.397824,0.30109264352524556,0.13325133404192585,0.07423547511788745,1088,2517,False,,complete
DOLLAR TREE,140 S BUCKNER BLVD,75217,grocery_food_mart,48113009304,1.0,3077,0.52734,0.795672134188592,0.13320310973443417,0.13931299408506057,1089,1238,False,,complete
CVS/PHARMACY #7156,605 W CAMPBELL RD,75080,liquor_store,48113019211,2.0,5327,0.363542,0.5110738878914002,0.13306127990148683,0.15159946765823631,1090,1014,False,,complete
MARY'S PRODUCE,4008 URBAN AVE Ste:A,75227,convenience_corner_store,48113008500,2.0,4522,0.403254,0.6378004428704498,0.1330287785543063,0.16255215652880295,1091,818,False,,complete
ALLY'S HOME DISCOUNT (2),4006 URBAN AVE,75227,convenience_corner_store,48113008500,2.0,4522,0.403254,0.6378004428704498,0.1330287785543063,0.16255215652880295,1092,819,False,,complete
THE CLIFF SHOP,2303 MOUNTAIN LAKE RD Ste:110,75224,convenience_corner_store,48113006302,2.0,5306,0.364317,0.4631962633485328,0.1329964329331289,0.13599070227207893,1093,1323,False,,complete
9 ROUND,7170 SKILLMAN ST,75231,barbershop_beauty,48113007826,2.0,5933,0.340611,0.34669026372859685,0.13298910833318162,0.11121571457112224,1094,1784,False,,complete
THE UPS STORE,7150 SKILLMAN ST Ste:160,75231,convenience_corner_store,48113007826,2.0,5933,0.340611,0.34669026372859685,0.13298910833318162,0.11121571457112224,1095,1785,False,,complete
FUN HOUSE,610 S HAMPTON RD,75208,other_storefront,48113005200,2.0,5704,0.34866,0.49677786180477634,0.13298856770794742,0.15750993321921636,1096,918,False,,complete
ALDI TEXAS L.L.C. #29,1518 W BUCKINGHAM RD,75042,liquor_store,48113018900,2.0,4767,0.389588,0.6402151487122754,0.1329534502086306,0.17203934058771325,1097,693,False,,complete
RUSH 24/7,2410 S HAMPTON RD,75224,liquor_store,48113006302,2.0,5304,0.364317,0.4631962633485328,0.13294630235154836,0.13593944305524058,1098,1324,False,,complete
Como en Casa ,3950 S Carrier Pkwy STE 126,75052,liquor_store,48113016419,1.0,3342,0.495794,0.5028436872409088,0.1328890946771067,0.09348366968571882,1099,2127,False,,complete
Liquor Den ,3950 S Carrier Pkwy Ste 170,75052,liquor_store,48113016419,1.0,3342,0.495794,0.5028436872409088,0.1328890946771067,0.09348366968571882,1100,2128,False,,complete
Dollar General Store #1604,1690 W Polo Rd Ste 200,75052,liquor_store,48113016410,1.0,3625,0.467786,0.4719214265995565,0.13279200940771702,0.09477626983041042,1101,2099,False,,complete
POSCO BEER & WINE,1900 S JOSEY LN,75006,liquor_store,48113020700,2.0,5290,0.364649,0.4265440928763767,0.1327917260154572,0.12412367909981718,1102,1514,False,,complete
Montfort Mart,13329 Montfort Dr,75240,liquor_store,48113013628,3.0,6504,0.322714,0.3148723528120475,0.13277536014039795,0.10969097383976999,1103,1809,False,,complete
SUPER TRAC,201 W JEFFERSON ST,75051,liquor_store,48113016001,1.0,3204,0.510601,0.6492083684769571,0.13270533911130494,0.11733385866237905,1104,1652,False,,complete
Family Dollar #22853,149 W KINGSLEY ROAD SUITE 254,75041,liquor_store,48113018300,1.0,3834,0.449454,0.6253743003250053,0.1325908801636124,0.13500549412043453,1105,1336,False,,complete
7-ELEVEN CONVENIENCE STORE #27334,826 E HIGHWAY 67,75116,liquor_store,48113016636,1.0,3621,0.467551,0.5301930701036439,0.13255035272282353,0.10713976447839003,1106,1857,False,,complete
Bellini Nail Bar,1815 Range Drive,75149,barbershop_beauty,48113017705,1.0,3647,0.465118,0.6983686116061287,0.13251016322870196,0.14415106980860226,1107,1152,False,,complete
ICE HOUSE BEVERAGE,940 E BELT LINE ROAD SUITE 100,75081,liquor_store,48113019039,2.0,5295,0.363869,0.5936838837651426,0.1324555266542937,0.17653591134816551,1108,636,False,,complete
Tacos El 24 #4,3824 S Carrier Pkwy Ste 400,75052,liquor_store,48113016419,1.0,3330,0.495794,0.5028436872409088,0.13241193455259287,0.09314800121287962,1109,2135,False,,complete
SAVVY'S SALES,610 N TYLER ST,75208,convenience_corner_store,48113004202,2.0,5339,0.361931,0.5089725598278705,0.13239948787510614,0.15127804240110365,1110,1020,False,,complete
WHIP IN,7233 Gaston Avenue,75214,convenience_corner_store,48113000100,2.0,4595,0.397824,0.30109264352524556,0.13238700106435658,0.07375394771171737,1111,2524,False,,complete
MINUTE MART #1,7233 Gaston Ave,75214,liquor_store,48113000100,2.0,4595,0.397824,0.30109264352524556,0.13238700106435658,0.07375394771171737,1112,2525,False,,complete
WAGON BEER & WINE C-STORE,1721 Belt Line Rd,75044,liquor_store,48113019029,3.0,6505,0.322064,0.5626369892093179,0.13232309079964572,0.20494364173732577,1113,412,False,,complete
STOP N SAVE MART,115 N CARRIER PARKWAY,75050,liquor_store,48113015404,1.0,3180,0.512243,0.6160223116976064,0.13229501931506454,0.1102190927496573,1114,1806,False,,complete
IN AND OUT BARBER,2309 MOUNTAIN LAKE RD,75224,barbershop_beauty,48113006302,2.0,5278,0.364317,0.4631962633485328,0.13229460479100155,0.13527307323634236,1115,1333,False,,complete
Hampton-Illinois,2951 South Hampton Road,75224,library,48113010804,1.0,3166,0.513096,0.7931695839612649,0.13201449317384215,0.14287434764871107,1116,1175,False,,complete
VALLEY VIEW CONOCO,4900 W AIRPORT FREEWAY,75062,liquor_store,48113014410,2.0,4743,0.38901,0.6190273853482162,0.131977608916626,0.1652350295050892,1117,771,False,,complete
DOLLAR GENERAL STORE #10974,1290 PLEASANT VALLEY RD,75040,liquor_store,48113018120,2.0,4950,0.378588,0.42823322770471606,0.1319703255678597,0.11664003963998318,1118,1667,False,,complete
DOLLAR GENERAL STORE #15981,580 W LAWSON RD,75253,liquor_store,48113017009,1.0,2875,0.550668,0.7083970904140101,0.13195619787679844,0.11534072535377664,1119,1692,False,,complete
HOTWORX,1902 ABRAMS PKWY,75214,barbershop_beauty,48113001400,1.0,3942,0.439433,0.39403586768226884,0.13190974669933975,0.08492220664007544,1120,2319,False,,complete
FUEL STOP,5816 KEENELAND PKWY,75211,convenience_corner_store,48113021200,1.0,3413,0.485431,0.6143637649933201,0.1317583363075481,0.1179604084494492,1121,1638,False,,complete
THE BEAUTY WHISPERER LLC,5510 ABRAMS RD Ste:109,75214,barbershop_beauty,48113007902,2.0,5332,0.361126,0.3631839304136826,0.13174605843570733,0.10514642474661336,1122,1899,False,,complete
NEONY,829 W Davis St,75208,liquor_store,48113004201,2.0,5436,0.356878,0.506103788864851,0.13173423801598777,0.15310500512525774,1123,989,False,,complete
FRIENDS LIQUOR,210 SW 2ND ST STE 250,75051,liquor_store,48113016001,1.0,3180,0.510601,0.6492083684769571,0.13171129162732512,0.11645495335404663,1124,1674,False,,complete
BEAUTY SALON LA MODA & BARBER SHOP,4005 URBAN AVE Ste:A,75227,barbershop_beauty,48113008500,2.0,4476,0.403254,0.6378004428704498,0.13167554462827846,0.16089859633412695,1125,863,False,,complete
FLASHBACK,821 W DAVIS ST,75208,other_storefront,48113004201,2.0,5430,0.356878,0.506103788864851,0.13158883598727256,0.15293601505337556,1126,991,False,,complete
DALLAS FRUIT SHOP,180 MURDOCK RD Ste:200,75217,convenience_corner_store,48113011603,1.0,3102,0.519519,0.6651753898458175,0.13157320547879534,0.11652521864288687,1127,1671,False,,complete
QUALITY LICENSING CORP. (STORE #8282),2900 W WHEATLAND RD,75237,liquor_store,48113016635,1.0,3357,0.490644,0.7316371823577514,0.13155282638924423,0.13928786870213436,1128,1239,False,,complete
SPRING CREEK BARBEQUE DESOTO,2827 W WHEATLAND RD,75237,liquor_store,48113016635,1.0,3357,0.490644,0.7316371823577514,0.13155282638924423,0.13928786870213436,1129,1240,False,,complete
KING MARKET #2 FOOD STORE,1007 W CAMP WISDOM RD,75232,convenience_corner_store,48113011103,1.0,3568,0.469792,0.729597248901656,0.13150410919162486,0.14761254679650795,1130,1099,False,,complete
NAILS SALON,3200 W WHEATLAND RD,75237,barbershop_beauty,48113016635,1.0,3355,0.490644,0.7316371823577514,0.13147445115755568,0.1392048851640336,1131,1247,False,,complete
TARGET STORE T-1116,554 W I 20,75052,liquor_store,48113016419,1.0,3304,0.495794,0.5028436872409088,0.1313780876161462,0.092420719521728,1132,2161,False,,complete
Family Dollar #24307,305 S BELT LINE ROAD,75060,liquor_store,48113015304,1.0,3561,0.470119,0.6244573463247142,0.13137628910937035,0.12519948202356437,1133,1489,False,,complete
A-Z FOOD MART,2400 W 4TH ST,75060,liquor_store,48113015305,2.0,4332,0.411339,0.6232514316056799,0.13135475532212612,0.15199801204225413,1134,1004,False,,complete
DESOTO BEER & WINE,1031 E PLEASANT RUN RD,75115,liquor_store,48113016610,1.0,3335,0.492303,0.5708693035781052,0.13130921670128176,0.1066933301465555,1135,1866,False,,complete
JEREMY'S GROCERY,3444 E ILLINOIS AVE,75216,convenience_corner_store,48113008604,1.0,3581,0.468056,0.7404278156747088,0.13128827731113643,0.15044213276271637,1136,1033,False,,complete
CVS/PHARMACY #6781,2323 W ILLINOIS AVE,75224,liquor_store,48113006302,2.0,5236,0.364317,0.4631962633485328,0.1312418625778106,0.13419662968273752,1137,1349,False,,complete
AFRICAN MARKET MUNGU NI MWEMA,12309 PLANO RD Ste:300,75243,convenience_corner_store,48113019019,2.0,4663,0.391859,0.45116081705434846,0.13123668929961826,0.11619466003960525,1138,1679,False,,complete
SHOP T MART,12307 PLANO RD,75243,liquor_store,48113019019,2.0,4663,0.391859,0.45116081705434846,0.13123668929961826,0.11619466003960525,1139,1680,False,,complete
7-ELEVEN STORE #38635,8010 SOUTHWESTERN BLVD,75206,convenience_corner_store,48113007909,3.0,7616,0.294224,0.40963337350026974,0.1312196195832698,0.17109024056745487,1140,713,False,,complete
DOLLAR GENERAL STORE #13151,3617 SHEPHERD LN,75180,liquor_store,48113017203,2.0,4370,0.408505,0.6123845036373143,0.13112249529853556,0.15052523628457104,1141,1030,False,,complete
24 FLEX NUTRITION,8224 LAKE JUNE RD Ste:B,75217,barbershop_beauty,48113009202,1.0,3372,0.4879,0.7292705620349698,0.1311062568661494,0.13943869303056014,1142,1235,False,,complete
NEW DAIRY WAY,1551 CENTERVILLE ROAD,75228,liquor_store,48113012701,2.0,4202,0.419182,0.6768378354736461,0.13109714292635538,0.16074195643741165,1143,868,False,,complete
F45 TRAINING BISHOP ARTS,810 W DAVIS ST,75208,barbershop_beauty,48113004201,2.0,5409,0.356878,0.506103788864851,0.13107992888676928,0.1523445498017879,1144,997,False,,complete
EZTRIP FOOD STORE 13,9811 WALNUT HILL LANE,75238,liquor_store,48113013009,2.0,5378,0.358097,0.39750570612683156,0.13106156786312553,0.11696051081527596,1145,1657,False,,complete
B-HAT'S MART,2604 N Story Rd,75062,liquor_store,48113014316,2.0,5047,0.372125,0.5304706079540149,0.13090990012656772,0.14941565834506734,1146,1055,False,,complete
ALDI TEXAS L.L.C. #58,2962 N BELT LINE RD,75062,liquor_store,48113014306,2.0,4499,0.400275,0.6135505850730318,0.13085386939639113,0.15527865631238416,1147,955,False,,complete
AMIGOS LA MERCADO,939A W CENTERVILLE RD,75041,liquor_store,48113018403,2.0,4544,0.397688,0.7163429327168459,0.13084854944733293,0.18443202011315304,1148,547,False,,complete
BILLARD THE NIGHT,2445 W NORTHWEST HWY Ste:108B,75220,other_storefront,48113009900,2.0,3988,0.433542,0.5594792586308812,0.13082266874701864,0.12490003580857818,1149,1493,False,,complete
SPEC'S WINES SPIRITS  & FINER FOODS SPEC'S LIQUOR #191 SFP DISTR,971 N HIGHWAY 67 STE 400,75104,liquor_store,48113016530,1.0,3382,0.486009,0.512651184661893,0.13078011630922975,0.09656251658160037,1150,2061,False,,complete
LUCKY CORNER STORE,3032 Broadway Blvd,75041,liquor_store,48113018205,2.0,4472,0.401676,0.6672979263647905,0.13076897781960292,0.16854952614087032,1151,740,False,,complete
KIDS FOOTLOCKER,655 W ILLINOIS AVE Ste:1070,75224,grocery_food_mart,48113006200,2.0,5534,0.351452,0.6299409286659414,0.1307523107773847,0.19636038990775723,1152,459,False,,complete
Hair Derby,1830 Range Drive,75149,barbershop_beauty,48113017705,1.0,3598,0.465118,0.6983686116061287,0.13072979635230866,0.14221429919697037,1153,1190,False,,complete
Nice's Nails,1830 Range Drive,75149,barbershop_beauty,48113017705,1.0,3598,0.465118,0.6983686116061287,0.13072979635230866,0.14221429919697037,1154,1191,False,,complete
RITA'S BEAUTY SALON,2307 MOUNTAIN LAKE RD Ste:110,75224,barbershop_beauty,48113006302,2.0,5212,0.364317,0.4631962633485328,0.13064029559884427,0.13358151908067759,1155,1358,False,,complete
Dollar General Store #23032,1948 N Belt Line Rd,75061,liquor_store,48113014405,1.0,3581,0.46597,0.7359872219475203,0.13045319622795976,0.14950249818793865,1156,1052,False,,complete
RED BY RUBI ESCALANTE SALON SPA LLC,1215 W DAVIS ST,75208,barbershop_beauty,48113004202,2.0,5260,0.361931,0.5089725598278705,0.13044040198970938,0.14903961472744057,1157,1064,False,,complete
SLEEK'D NAILS,1220 W DAVIS ST,75208,barbershop_beauty,48113004202,2.0,5260,0.361931,0.5089725598278705,0.13044040198970938,0.14903961472744057,1158,1065,False,,complete
Courtyard Dallas Grand Prairie,2850 S State Hwy 161,75052,liquor_store,48113016419,1.0,3280,0.495794,0.5028436872409088,0.13042376736711847,0.09174938257604959,1159,2172,False,,complete
PARKIT MARKET,4724 GREENVILLE AVENUE SUITE A,75206,liquor_store,48113007914,3.0,7409,0.297566,0.5001946119650627,0.1304211835228178,0.20608755122163747,1160,401,False,,complete
P M DISCOUNT LIQUORS,4724 GREENVILLE AVE STE B,75206,liquor_store,48113007914,3.0,7409,0.297566,0.5001946119650627,0.1304211835228178,0.20608755122163747,1161,402,False,,complete
Family Dollar #22818,926 E Main St,75050,liquor_store,48113015600,1.0,3157,0.509469,0.68902839196725,0.1303591496837802,0.12304097398306633,1162,1541,False,,complete
7-ELEVEN CONVENIENCE STORE #19091A,100 E SHADY GROVE RD,75060,liquor_store,48113015002,2.0,4799,0.38306,0.5751304429713493,0.13034374264714813,0.15473796528724437,1163,965,False,,complete
Tidy Whites Laundromat,2117 Tradewind Drive,75150,laundromat,48113017816,1.0,3610,0.462805,0.6641276930552902,0.13023235070799583,0.13538451836245605,1164,1332,False,,complete
Tom Thumb #1783,2645 Arapaho Rd,75044,liquor_store,48113019042,2.0,4026,0.429458,0.5015505280131191,0.13023112211591065,0.11230913504764813,1165,1763,False,,complete
GRAND STOP,12004 ELAM ROAD,75180,liquor_store,48113017201,1.0,3803,0.446334,0.6933894103880289,0.13019235975614388,0.14919819349451394,1166,1060,False,,complete
PAYLESS BEER WINE,5620 Lyndon B Johnson Fwy Ste 300,75240,liquor_store,48113009604,2.0,5679,0.345158,0.49873989688073317,0.1301823937391094,0.15747798833332685,1167,919,False,,complete
7-ELEVEN CONVENIENCE STORE #25170A/1601,6229 HILLCREST AVE,75205,liquor_store,48113019400,3.0,7634,0.29264,0.35361915108992537,0.1301779346988454,0.1462269971584301,1168,1121,False,,complete
CIRCLE K #131,1310 S BUCKNER BLVD,75217,gas_station,48113009105,1.0,3748,0.450777,0.6314345997531512,0.13017108118962123,0.13331937113864137,1169,1368,False,,complete
JUSTINK,4110 W CAMP WISDOM RD Ste:B,75237,barbershop_beauty,48113010904,2.0,5297,0.359797,0.5191471709630978,0.13009427640939877,0.15327264011883765,1170,987,False,,complete
ROSITA`S CORNER STORE,129 S BUCKNER BLVD,75217,convenience_corner_store,48113009304,1.0,3005,0.52734,0.795672134188592,0.13008623488851956,0.1360531515195343,1171,1319,False,,complete
Xpress Liquor,"2121 W. Rochelle Rd., Ste 105",75062,liquor_store,48113014316,2.0,5010,0.372125,0.5304706079540149,0.12995018815813442,0.14832027903879286,1172,1079,False,,complete
Xpress Mart,2121 W Rochelle Rd Ste 103,75062,liquor_store,48113014316,2.0,5010,0.372125,0.5304706079540149,0.12995018815813442,0.14832027903879286,1173,1080,False,,complete
HILL TOWN BEVERAGE #3,867 N DUNCANVILLE RD,75116,liquor_store,48113016535,2.0,3982,0.432022,0.5773415002656787,0.12994920863822085,0.1289150392919435,1174,1431,False,,complete
7-Eleven Convenience Store #36368C,2230 Marsh Ln,75006,liquor_store,48113013722,2.0,5671,0.344974,0.4380386487905213,0.12988235523030464,0.1369152151070752,1175,1299,False,,complete
MINIT MART,136 N MASTERS DR,75217,liquor_store,48113011702,1.0,3441,0.477467,0.6500092241967682,0.12977571511418892,0.12617588539029245,1176,1469,False,,complete
Magic Touch Salon,625 Pioneer Road,75149,barbershop_beauty,48113017400,2.0,5343,0.357291,0.5506472034228234,0.12972719299329277,0.16454879921019133,1177,788,False,,complete
CROWNED BY NIKITA,1009 W DAVIS ST,75208,barbershop_beauty,48113004202,2.0,5231,0.361931,0.5089725598278705,0.12972124387988018,0.14821791342951363,1178,1083,False,,complete
MURPHY USA #7680,1807 RANGE DR,75149,liquor_store,48113017705,1.0,3569,0.465118,0.6983686116061287,0.1296761098336269,0.14106804720233107,1179,1208,False,,complete
NORTH OAK CLIFF BEER & WINE,1301 W DAVIS STREET,75208,liquor_store,48113004202,2.0,5228,0.361931,0.5089725598278705,0.1296468482133461,0.14813290984696945,1180,1085,False,,complete
TIGER MART 48,1920 S BELT LINE RD,75253,grocery_food_mart,48113017005,1.0,2919,0.537284,0.6781612023170657,0.12960823028860885,0.11189074614293397,1181,1770,False,,complete
DOC'S MART,1030 HWY 67 NORTH SUITE A,75104,liquor_store,48113016629,1.0,3773,0.447335,0.42767030224816055,0.12958754846681325,0.08878012801978824,1182,2251,False,,complete
LUZ E SANDOVAL DBA TAQUERIA EL AGUILA REAL,616 SCHOOLDELL DR,75211,convenience_corner_store,48113004500,1.0,3836,0.442264,0.5314095168877079,0.12957673372629286,0.11377701129550948,1183,1734,False,,complete
LA MICHOACANA MEAT MARKET,1109 E HIGHWAY 67,75137,liquor_store,48113016517,1.0,3549,0.466562,0.6167923724634088,0.1295223352684579,0.1231701563434558,1184,1538,False,,complete
SAM'S FOOD MART,2929 BELT LINE RD,75044,liquor_store,48113019029,3.0,6366,0.322064,0.5626369892093179,0.12949558739900763,0.2005643694542376,1185,433,False,,complete
RIMK FOOD MART,402 S FOREST CREST DRIVE,75042,liquor_store,48113019033,2.0,4922,0.375422,0.6022904960685119,0.12948176903590808,0.1666032017446881,1186,761,False,,complete
7-Eleven Convenience Store #34112C,4747 Greenville Ave,75206,liquor_store,48113007914,3.0,7355,0.297566,0.5001946119650627,0.12947061746663854,0.20458549591512262,1187,413,False,,complete
TINY  VICTORIES,604 N TYLER ST,75208,other_storefront,48113004201,2.0,5340,0.356878,0.506103788864851,0.12940780555654424,0.1504011639751428,1188,1036,False,,complete
HI FOOD MART,3035 BROADWAY BLVD STE D,75041,liquor_store,48113018206,2.0,4400,0.4029,0.6523067964756624,0.12926563990097423,0.1619382180728099,1189,835,False,,complete
DLM SUPPLY LLC,835 W DAVIS ST,75208,convenience_corner_store,48113004201,2.0,5334,0.356878,0.506103788864851,0.12926240352782903,0.15023217390326063,1190,1040,False,,complete
"KOLDER, INC DBA TALKING OUT OF TURN",841 W DAVIS ST,75208,convenience_corner_store,48113004201,2.0,5334,0.356878,0.506103788864851,0.12926240352782903,0.15023217390326063,1191,1041,False,,complete
ERRICK GAME ROOM,3509 FORDHAM RD,75216,other_storefront,48113008701,1.0,3251,0.495748,0.6414205227414708,0.12925391238025588,0.11755899192792862,1192,1650,False,,complete
TRUTH BARBERSHOP 214,10255 FERGUSON RD,75228,barbershop_beauty,48113012502,2.0,4345,0.406083,0.5495146281506247,0.12919591534378388,0.13352252924218566,1193,1359,False,,complete
LA MICHOACANA MEAT MARKET #7,833 N WESTMORELAND RD,75211,liquor_store,48113006702,2.0,5281,0.358808,0.45660437903107043,0.12911743804616507,0.13329293800241515,1194,1369,False,,complete
"ALEX BHORE RECORDING, LLC",1814 BALBOA DR,75224,barbershop_beauty,48113006302,2.0,5148,0.364317,0.4631962633485328,0.12903611698826756,0.1319412241418512,1195,1389,False,,complete
Park Forest,3421 Forest Lane,75234,library,48113009605,2.0,4816,0.379718,0.5884693623904824,0.1290061755619385,0.15908206214204987,1196,879,False,,complete
COCKRELL HILL TEXACO,4201.5 W JEFFERSON BLVD,75211,liquor_store,48113019900,3.0,5865,0.336644,0.6224594192639687,0.12886387855098175,0.20551230040702273,1197,409,False,47,complete
BLANCOS FLAWLESS FIRM,3701 W NORTHWEST HWY Ste:184,75220,barbershop_beauty,48113009802,2.0,3928,0.433507,0.6748328747577819,0.12883905484231126,0.1497950865086806,1198,1049,False,,complete
Speedy K Mart,,,convenience_corner_store,48113014120,2.0,5315,0.356881,0.29661430787304094,0.12880374629077668,0.08390412553934858,1199,2345,False,,complete
Knockouts Haircuts for Men,,,barbershop_beauty,48113007914,3.0,7312,0.297566,0.5001946119650627,0.128713685236718,0.20338941483771267,1200,417,False,,complete
Tom Thumb 3570,7331 Gaston Ave 130,75214,liquor_store,48113000100,2.0,4467,0.397824,0.30109264352524556,0.12869918036006114,0.07169943077872502,1201,2565,False,,complete
NEW CIRCLE A BEER & WINE,4306 SATURN RD,75041,liquor_store,48113018402,2.0,3946,0.43166,0.6712677394768762,0.12861468978052584,0.14965024137265395,1202,1050,False,,complete
QUEEN BUNDLES 100,2084 N JIM MILLER RD Ste:101,75217,convenience_corner_store,48113009103,1.0,3656,0.454672,0.6676619593147031,0.12856777544956322,0.13787315729436814,1203,1281,False,,complete
24 SEVEN MART,1463 W PLEASANT RUN RD,75146,liquor_store,48113016707,2.0,4477,0.396886,0.48553026330319793,0.1285178298834423,0.12065212073725753,1204,1582,False,,complete
WALGREENS #05558,1507 W PLEASANT RUN ROAD,75146,liquor_store,48113016707,2.0,4477,0.396886,0.48553026330319793,0.1285178298834423,0.12065212073725753,1205,1583,False,,complete
Cenzo's Pizza & Deli,1700 W 10th St,75208,liquor_store,48113005200,2.0,5512,0.34866,0.49677786180477634,0.12851209418061119,0.15220805608420768,1206,999,False,,complete
Captain's Cove Marina,5965 Marina Dr,75043,liquor_store,48113018141,1.0,3769,0.445011,0.5720036380131434,0.1284709623932516,0.12083048711582231,1207,1579,False,,complete
TIENDA MARTINEZ #2,1025 S ROSEMONT AVE,75208,convenience_corner_store,48113005200,2.0,5510,0.34866,0.49677786180477634,0.12846546424803476,0.15215282819738468,1208,1000,False,,complete
HKS PLACE,2807 S WESTMORELAND RD Ste:100,75233,other_storefront,48113010805,1.0,3621,0.457273,0.7330556948629839,0.12838983708282825,0.1505452073496106,1209,1029,False,,complete
ATMEX Convenience Store,225 NE 10th St,75050,liquor_store,48113015600,1.0,3107,0.509469,0.68902839196725,0.12829454484241531,0.12109227309641657,1210,1570,False,,complete
AAR Discount Cigs,201 S Belt Line Rd Ste 102,75060,liquor_store,48113015304,1.0,3477,0.470119,0.6244573463247142,0.1282772696527045,0.12224616652511468,1211,1552,False,,complete
Discount Liquor,201 S Belt Line Rd Ste 103,75060,liquor_store,48113015304,1.0,3477,0.470119,0.6244573463247142,0.1282772696527045,0.12224616652511468,1212,1553,False,,complete
WILD BIRDS UNLIMITED,5708 ABRAMS RD,75214,grocery_food_mart,48113007902,2.0,5187,0.361126,0.3631839304136826,0.12816331678657425,0.10228704147799764,1213,1943,False,,complete
7-ELEVEN CONVENIENCE STORE #35424A,8201 E RL THORNTON FREEWAY,75228,liquor_store,48113011105,1.0,3766,0.444445,0.7118271884433036,0.12813041321243077,0.1518496297453858,1214,1007,False,,complete
VERIZON WIRELESS,7190 SKILLMAN ST Ste:100,75231,convenience_corner_store,48113007826,2.0,5716,0.340611,0.34669026372859685,0.12812501992793968,0.10714798996941426,1215,1856,False,,complete
Minne's Beauty & Barbershop Salon,2318 Highland Road,,barbershop_beauty,48113012212,2.0,5386,0.352655,0.5363676865556588,0.12797984081211053,0.16132849641321886,1216,852,False,,complete
Lake Highlands Cleaners,9815 Walnut Hill Lane,75238,laundromat,48113013009,2.0,5251,0.358097,0.39750570612683156,0.12796658476185796,0.11419852032186947,1217,1724,False,,complete
BLOW SALON,5770 ABRAMS RD,75214,barbershop_beauty,48113007902,2.0,5176,0.361126,0.3631839304136826,0.12789152259250208,0.10207012274727507,1218,1948,False,,complete
EL POTOSINO MEAT MARKET,1017 FORT WORTH ST STE 550,75050,liquor_store,48113015404,1.0,3074,0.512243,0.6160223116976064,0.12788518533789572,0.10654512299133538,1219,1868,False,,complete
OVATIONS BOUTIQUES - LAKEWOOD,7324 GASTON AVE Ste:300,75214,barbershop_beauty,48113000100,2.0,4436,0.397824,0.30109264352524556,0.12780603628323955,0.07120185245901593,1220,2575,False,,complete
AMERICAN SHAMAN OF LAKEWOOD,7330 GASTON AVE Ste:102,75214,convenience_corner_store,48113000100,2.0,4436,0.397824,0.30109264352524556,0.12780603628323955,0.07120185245901593,1221,2576,False,,complete
SHADOW NAIL SPA,7331 GASTON AVE Ste:165,75214,barbershop_beauty,48113000100,2.0,4436,0.397824,0.30109264352524556,0.12780603628323955,0.07120185245901593,1222,2577,False,,complete
HOLIDAY INN EXPRESS SWEET SHOP,4112 S CARRIER PKWY,75052,liquor_store,48113016414,1.0,3360,0.480265,0.5213997843322563,0.12777182396227704,0.09767134136331193,1223,2041,False,,complete
BURGERS Y MAS,612 SCHOOLDELL DR,75211,convenience_corner_store,48113004500,1.0,3782,0.442264,0.5314095168877079,0.12775266083233566,0.11217535368081773,1224,1765,False,,complete
O'REILLY AUTO PARTS,9835 WALNUT HILL LN,75238,grocery_food_mart,48113013009,2.0,5242,0.358097,0.39750570612683156,0.1277472552507445,0.11400278871210051,1225,1731,False,,complete
CHARLIES,1506 CENTERVILLE RD,75228,other_storefront,48113012702,2.0,4075,0.420333,0.6321026779783646,0.12765924177563326,0.14511189144041997,1226,1134,False,,complete
ALL SEASONS GARDEN CENTER,1535 CENTERVILLE RD,75228,convenience_corner_store,48113012702,2.0,4075,0.420333,0.6321026779783646,0.12765924177563326,0.14511189144041997,1227,1135,False,,complete
LUCKY STAR FOOD STORE,3101 SATURN RD,75041,liquor_store,48113018401,2.0,4784,0.378785,0.5273768123488831,0.12765001201951534,0.1407550101115459,1228,1212,False,,complete
ONE STOP BEER AND WINE,1422 W KINGSLEY RD STE 100,75041,liquor_store,48113018401,2.0,4784,0.378785,0.5273768123488831,0.12765001201951534,0.1407550101115459,1229,1213,False,,complete
The Service Station Barber Shop,1830 Range Drive,75149,barbershop_beauty,48113017705,1.0,3512,0.465118,0.6983686116061287,0.12760507081414899,0.13881506914390215,1230,1262,False,,complete
FRIENDLY FOOD STORE,4123 W CLARENDON DRIVE,75211,liquor_store,48113019900,3.0,5807,0.336644,0.6224594192639687,0.12758952135474017,0.20347995370223032,1231,416,False,,complete
VP Rapid Fuel LLC,1430 N Galloway Ave,75149,liquor_store,48113017705,1.0,3510,0.465118,0.6983686116061287,0.12753240277837782,0.1387360172822029,1232,1264,False,,complete
PINK STAR BEAUTY SUPPLY,7932 GREAT TRINITY FOREST WAY Ste:107,75217,grocery_food_mart,48113009304,1.0,2944,0.52734,0.795672134188592,0.12744554925517523,0.13329134045707453,1233,1370,False,,complete
MK FOOD MART,8000 GREAT TRINITY FOREST WAY,75217,convenience_corner_store,48113009304,1.0,2944,0.52734,0.795672134188592,0.12744554925517523,0.13329134045707453,1234,1371,False,,complete
HOSPITALITY INTERNATIONAL INC.,1151 W WALNUT HILL LN,75038,liquor_store,48113014159,3.0,6267,0.321883,0.32604969731134753,0.1273549455636296,0.10983308945107703,1235,1807,False,,complete
PLAY STREET MUSEUM,7130 SKILLMAN ST Ste:150,75231,other_storefront,48113007826,2.0,5681,0.340611,0.34669026372859685,0.12734048953999744,0.10649190535623554,1236,1869,False,,complete
SPROUTS FARMERS MARKET,7110 SKILLMAN ST,75231,liquor_store,48113007826,2.0,5679,0.340611,0.34669026372859685,0.12729565923211503,0.10645441480691105,1237,1870,False,,complete
COKO BERRY,2220 Marsh Ln STE 115,75006,liquor_store,48113013722,2.0,5558,0.344974,0.4380386487905213,0.12729432734438956,0.1341870508843456,1238,1350,False,,complete
CHILLY MART,2220 MARSH LN STE 122,75006,liquor_store,48113013722,2.0,5558,0.344974,0.4380386487905213,0.12729432734438956,0.1341870508843456,1239,1351,False,,complete
ALDI (TEXAS) LLC #63,805 E BELT LINE RD,75104,liquor_store,48113016630,2.0,3867,0.434392,0.4660109360500504,0.12722082925436617,0.0997528508301379,1240,2000,False,,complete
SHOP N GO #14,4334 Saturn Rd,75041,liquor_store,48113018402,2.0,3903,0.43166,0.6712677394768762,0.12721316122995247,0.1480194860814669,1241,1088,False,,complete
DOLLAR GENERAL STORE #7193,2309 W ROCHELLE ROAD,75062,liquor_store,48113014316,2.0,4895,0.372125,0.5304706079540149,0.1269672996075984,0.14491572173550718,1242,1140,False,,complete
7-ELEVEN CONVENIENCE STORE #27372C,2635 WILLOWBROOK RD,75220,convenience_corner_store,48113009900,2.0,3870,0.433542,0.5594792586308812,0.12695178737486515,0.12120439783831434,1243,1566,False,,complete
PLEASANT RUN FOOD MART,635 E PLEASANT RUN RD,75104,liquor_store,48113016629,1.0,3696,0.447335,0.42767030224816055,0.12694290462055174,0.08696828867244562,1244,2292,False,,complete
THUNDERBIRD PIES,7328 GASTON AVE STE 110,75214,liquor_store,48113000100,2.0,4405,0.397824,0.30109264352524556,0.12691289220641802,0.07070427413930684,1245,2586,False,,complete
ALLY'S HOME DISCOUNT,7209 MILITARY PKWY,75227,convenience_corner_store,48113008500,2.0,4314,0.403254,0.6378004428704498,0.12690980775835417,0.15507518869200707,1246,959,False,,complete
TWINS THRIFT STORE,612 E 10TH ST,75203,convenience_corner_store,48113004800,2.0,4222,0.408939,0.7271825863823214,0.1268865749590525,0.17406692625497422,1247,659,False,,complete
THRIFT HAPPY,606 E 10TH ST Ste:A,75203,convenience_corner_store,48113004800,2.0,4222,0.408939,0.7271825863823214,0.1268865749590525,0.17406692625497422,1248,660,False,,complete
YG DANCE STUDIO,1908 ROYAL LN Ste:400,75229,barbershop_beauty,48113009900,2.0,3868,0.433542,0.5594792586308812,0.12688617921601508,0.12114175990661495,1249,1567,False,,complete
BOSS LADY MANAGEMENT LLC,1894 ROYAL LN Ste:105,75229,convenience_corner_store,48113009900,2.0,3868,0.433542,0.5594792586308812,0.12688617921601508,0.12114175990661495,1250,1568,False,,complete
LAGOW FOOD MART,2803 LAGOW ST,75210,liquor_store,48113002703,1.0,3358,0.478027,0.5749275889660188,0.1268556309836953,0.10823440765534452,1251,1835,False,,complete
STUDIO 1216,7303 FERGUSON RD Ste:130,75228,barbershop_beauty,48113012208,1.0,3495,0.464665,0.7374434103459083,0.1268103997903518,0.14621283141902483,1252,1122,False,,complete
7-Eleven Convenience Store #38461B,2450 Gus Thomasson Rd,75228,liquor_store,48113012400,2.0,4628,0.384943,0.4378112783033169,0.1266734917040052,0.11167183928222084,1253,1775,False,,complete
BELLO AMANECER,5409 N JIM MILLER RD Ste:217,75227,barbershop_beauty,48113012207,2.0,4189,0.410578,0.6870570509407926,0.12666234102907023,0.16277419857052064,1254,816,False,,complete
Chipotle Mexican Grill #5582,8151 Lakeview Pkwy,75088,liquor_store,48113018149,1.0,3596,0.454954,0.39377206529744674,0.12657116596954035,0.07741230021643342,1255,2455,False,,complete
COLOR KRAZE STUDIO,1719 W 10TH ST,75208,barbershop_beauty,48113005200,2.0,5427,0.34866,0.49677786180477634,0.12653032204611336,0.14986087089422986,1256,1047,False,,complete
Black Bear Diner - Mesquite,3730 Towne Crossing Blvd,75150,liquor_store,48113017819,1.0,3135,0.500823,0.6323900280235025,0.12642058283720556,0.11169145887119825,1257,1774,False,,complete
JARAMS DONUTS,2117 ABRAMS RD,75214,convenience_corner_store,48113000100,2.0,4384,0.397824,0.30109264352524556,0.12630785912211956,0.0703672049549878,1258,2593,False,,complete
ANTOJITOS ROSY TAQUERIA,1211 S Main St STE A,75137,liquor_store,48113016531,2.0,4229,0.407069,0.44765394563217475,0.12621287520354202,0.10450372245730553,1259,1909,False,,complete
7-ELEVEN CONVENIENCE STORE #38412A,2935 W CAMP WISDOM ROAD,75237,convenience_corner_store,48113010906,2.0,4289,0.403206,0.6388825651640834,0.12615133973243123,0.15445076428222945,1260,967,False,,complete
STOP FOOD MART,2925 W CAMP WISDOM ROAD,75237,liquor_store,48113010906,2.0,4289,0.403206,0.6388825651640834,0.12615133973243123,0.15445076428222945,1261,968,False,,complete
INGRAM'S DIAMOND SHAMROCK,3501 SIMPSON STUART RD,75241,liquor_store,48113011401,2.0,4578,0.386506,0.6619124167093673,0.1261048530051743,0.17108780784636102,1262,714,False,,complete
Kings Food Mart,602 Hall Rd,75159,convenience_corner_store,48113017008,1.0,2886,0.530767,0.6289095127469162,0.1260403904888801,0.102226726438216,1263,1945,False,,complete
EXODUS BOXING CLUB,9709 C F HAWN FWY Ste:L,75217,barbershop_beauty,48113011701,1.0,3337,0.477828,0.6512134657592868,0.12598807426545633,0.12259983034098867,1264,1543,False,,complete
Jaxx Fuel #10,1701 W Bruton Rd,75149,liquor_store,48113017606,1.0,3328,0.478717,0.6019188079639203,0.12597902661821073,0.11257531324869778,1265,1761,False,,complete
"TTA INTERNATIONAL, LLC",2506 S BUCKNER BLVD Ste:104,75227,convenience_corner_store,48113009001,2.0,5181,0.357509,0.6208400584512634,0.12592012283829898,0.18104886620386149,1266,589,False,,complete
WALGREENS #04662,3045 BROADWAY,75041,liquor_store,48113018206,2.0,4286,0.4029,0.6523067964756624,0.1259164846853581,0.1577425460591053,1267,910,False,,complete
SARA'S SECRET,10910 N CENTRAL EXPY Ste:128,75231,convenience_corner_store,48113007823,2.0,5506,0.344607,0.49541064347789826,0.12587747850763525,0.1515975489422258,1268,1015,False,,complete
STUDIO 6 FITNESS,7317 GASTON AVE Ste:150,75214,barbershop_beauty,48113000100,2.0,4366,0.397824,0.30109264352524556,0.125789259335578,0.07007828851128575,1269,2604,False,,complete
DURO PILATES REFORMED,1314 W DAVIS ST Ste:120,75208,barbershop_beauty,48113004202,2.0,5070,0.361931,0.5089725598278705,0.12572867644255256,0.14365605449964328,1270,1155,False,,complete
NAILED BY LAURA G,1319 W DAVIS ST,75208,barbershop_beauty,48113004202,2.0,5070,0.361931,0.5089725598278705,0.12572867644255256,0.14365605449964328,1271,1156,False,,complete
BOOST MOBILE,2921 W CAMP WISDOM RD,75237,convenience_corner_store,48113010906,2.0,4273,0.403206,0.6388825651640834,0.12568073552732076,0.15387458982932303,1272,977,False,,complete
STOP AND SHOP,11470 Garland Rd,75218,liquor_store,48113012802,2.0,4863,0.371201,0.4634449969832174,0.12563495174701844,0.12470826045409426,1273,1499,False,,complete
VTWIN TATTOO,436 CENTRE ST Ste:100,75208,barbershop_beauty,48113005000,2.0,4889,0.36994,0.6725108601797917,0.1256174584514698,0.18577221024871257,1274,538,False,,complete
ALL N GO #2,3701 PIONEER RD STE 101,75180,liquor_store,48113017204,2.0,3999,0.420792,0.6400226410323856,0.12548355622353868,0.1442770030630219,1275,1150,False,,complete
POWER MART #19,1501 N HAMPTON RD,75115,liquor_store,48113016634,1.0,3647,0.447746,0.6057556262709036,0.1254275161028493,0.12419287425537777,1276,1511,False,,complete
Brow-Art Threading,2262 Gus Thomasson Road,,barbershop_beauty,48113012400,2.0,4581,0.384943,0.4378112783033169,0.12538704958860153,0.11053774756954488,1277,1802,False,,complete
EL RIO GRANDE SUPER MERCADO #2,215 S CENTER ST,75051,liquor_store,48113016001,1.0,3025,0.510601,0.6492083684769571,0.12529140162662217,0.11077868990439971,1278,1797,False,,complete
MEGA ROYAL MART,10950 N CENTRAL EXPY,75231,liquor_store,48113007823,2.0,5480,0.344607,0.49541064347789826,0.12528306978239032,0.15088168692397336,1279,1026,False,,complete
Cedar Ridge Food Mart,102 S Cedar Ridge Dr,75116,liquor_store,48113016518,1.0,3500,0.45997,0.6273337682492148,0.12515479761402187,0.12364969913793465,1280,1527,False,,complete
C & P GROCERY,6521 JEANE ST,75217,liquor_store,48113009303,2.0,4125,0.411488,0.5549433159448036,0.12514681847297737,0.12808511603519177,1281,1442,False,,complete
Roots Chapter 1,1750 Range Drive,75149,barbershop_beauty,48113017705,1.0,3444,0.465118,0.6983686116061287,0.12513435759792968,0.13612730584612728,1282,1315,False,,complete
7-ELEVEN CONVENIENCE STORE #22904A,1500 N HAMPTON RD,75115,liquor_store,48113016634,1.0,3637,0.447746,0.6057556262709036,0.12508359639870112,0.12385233991412366,1283,1518,False,,complete
Cactus Salon,,,barbershop_beauty,48113013726,2.0,5557,0.341419,0.4145957058635426,0.12506296197663655,0.1264651161635205,1284,1464,False,,complete
MADDOX RESALE THRIFT STORE,8131 MADDOX AVE,75217,convenience_corner_store,48113009202,1.0,3213,0.4879,0.7292705620349698,0.12492420027014768,0.1328637368645284,1285,1376,False,,complete
El Colibri Restaurant,8330 Bruton Rd,75217,liquor_store,48113009204,2.0,4240,0.403403,0.5879391125731567,0.12480349182442624,0.13992278657865942,1286,1229,False,,complete
FIESTA MART #70,1235 S JOSEY LN STE 600,75006,liquor_store,48113013729,2.0,4059,0.415107,0.5538596562463778,0.12478663764270388,0.12577584261615266,1287,1480,False,,complete
La Bodega Tobacco Grocery and more,1705 W Clarendon Dr,75208,liquor_store,48113005200,2.0,5351,0.34866,0.49677786180477634,0.12475838460820945,0.1477622111949556,1288,1095,False,,complete
THE CLEARANCE STORE,3333 HANSBORO AVE Ste:103,75233,convenience_corner_store,48113010805,1.0,3518,0.457273,0.7330556948629839,0.12473776494266493,0.1462629216945402,1289,1120,False,,complete
DOUBLETREE BY HILTON HOTEL DALLAS - FARMERS BRANCH,11611 LUNA RD,75234,liquor_store,48113009900,2.0,3801,0.433542,0.5594792586308812,0.1246883058945381,0.11904338919468548,1290,1613,False,,complete
AP Discount Food Mart,4645 Gus Thomasson Rd,75150,liquor_store,48113017900,2.0,4943,0.365547,0.4660296132492251,0.1245774143355653,0.12751472386079313,1291,1448,False,,complete
DOLLAR GENERAL,1710 S BUCKNER BLVD Ste:110,75217,grocery_food_mart,48113009204,2.0,4226,0.403403,0.5879391125731567,0.12439140482311917,0.13946077737769216,1292,1234,False,,complete
7-Eleven Convenience Store #19358B,14400 Marsh Ln,75001,liquor_store,48113013726,2.0,5525,0.341419,0.4145957058635426,0.12434278656125912,0.1257368664393469,1293,1481,False,,complete
Highlight Clips,,,barbershop_beauty,48113013726,2.0,5525,0.341419,0.4145957058635426,0.12434278656125912,0.1257368664393469,1294,1482,False,,complete
GOOD TO GO,920 HWY 67 NORTH,75104,liquor_store,48113016629,1.0,3620,0.447335,0.42767030224816055,0.12433260679826769,0.08517997970623734,1295,2315,False,,complete
SEAN'S BEER & WINE,1951 N BELT LINE ROAD,75061,liquor_store,48113014407,1.0,3735,0.437827,0.7726399853089242,0.1243124060166671,0.16402111559546337,1296,794,False,,complete
Trinity Barbershop,,,barbershop_beauty,48113012208,1.0,3424,0.464665,0.7374434103459083,0.12423428008073377,0.1432425564459917,1297,1168,False,,complete
W-SMOKE,1408 W DAVIS ST Ste:B,75208,convenience_corner_store,48113004202,2.0,5009,0.361931,0.5089725598278705,0.12421596455636011,0.14192764832124521,1298,1194,False,,complete
EVERYDAY WORKS,516 S HAMPTON RD Ste:180,75208,convenience_corner_store,48113005200,2.0,5324,0.34866,0.49677786180477634,0.1241288805184278,0.147016634722845,1299,1112,False,,complete
KRISTINE BOUTIQUE,420 W JEFFERSON BLVD,75208,grocery_food_mart,48113005000,2.0,4831,0.36994,0.6725108601797917,0.12412721247270411,0.1835683263881224,1300,559,False,,complete
WSS SHOES,2310 GUS THOMASSON RD,75228,grocery_food_mart,48113012400,2.0,4533,0.384943,0.4378112783033169,0.12407323636435945,0.1093795262459609,1301,1814,False,,complete
LASU GUSTHOMASSON LP,2402 GUS THOMASSON RD,75228,grocery_food_mart,48113012400,2.0,4533,0.384943,0.4378112783033169,0.12407323636435945,0.1093795262459609,1302,1815,False,,complete
S N R MERCHANDISE,4107 URBAN AVE Ste:A,75227,convenience_corner_store,48113008500,2.0,4216,0.403254,0.6378004428704498,0.12402683113333823,0.1515523865381321,1303,1017,False,,complete
TX FOOD MART,13350 AUDELIA RD Ste:110,75243,convenience_corner_store,48113019018,3.0,6644,0.306795,0.42003614900175335,0.12380962320735599,0.15333873231007672,1304,985,False,30,complete
BENGAL FOOD STORE,3003 S BUCKNER BOULEVARD,75227,convenience_corner_store,48113008500,2.0,4206,0.403254,0.6378004428704498,0.1237326498450713,0.15119291693059383,1305,1023,False,,complete
OKLAHOMA QUIKTRIP BEVERAGE CORP.,13525 C F HAWN FWY,75253,grocery_food_mart,48113017101,1.0,3325,0.472895,0.6514233489023185,0.12370138100268951,0.12220019251224029,1306,1554,False,,complete
OLD HAG'S PIZZA & PASTA,1315 W DAVIS ST,75208,convenience_corner_store,48113004202,2.0,4986,0.361931,0.5089725598278705,0.12364559777959905,0.1412759541884066,1307,1203,False,,complete
OAK CLIFF BARBERS,1323 W DAVIS ST,75208,barbershop_beauty,48113004202,2.0,4986,0.361931,0.5089725598278705,0.12364559777959905,0.1412759541884066,1308,1204,False,,complete
#1 Polished Nail Salon & Spa,,,barbershop_beauty,48113007823,2.0,5401,0.344607,0.49541064347789826,0.12347698173260768,0.1487065677146679,1309,1072,False,,complete
PRIMOS LIQUOR,3901 W JEFFERSON BLVD,75211,liquor_store,48113019900,3.0,5618,0.336644,0.6224594192639687,0.12343687462905635,0.19685730668144136,1310,454,False,,complete
The Boiling Crab,13340 Audelia Rd STEs 106 through 116,75243,liquor_store,48113019018,3.0,6620,0.306795,0.42003614900175335,0.12336238796398204,0.1527848296045617,1311,993,False,,complete
OK FOODS,4018 N JUPITER RD,75044,liquor_store,48113019028,2.0,4991,0.361014,0.531606642098063,0.1232579476872705,0.1480928238157887,1312,1086,False,,complete
FOX FUELS #8 LAVANDERIA,5001 S BUCKNER BLVD Ste:100,75227,laundromat,48113012207,2.0,4076,0.410578,0.6870570509407926,0.12324557222117218,0.15838329753483935,1313,898,False,,complete
AMORE,430 W JEFFERSON BLVD Ste:102,75208,barbershop_beauty,48113005000,2.0,4796,0.36994,0.6725108601797917,0.12322792610620761,0.18223839647224901,1314,573,False,,complete
Joe V's Smart Shop #815,2407 W Airport Fwy,75062,liquor_store,48113014306,2.0,4236,0.400275,0.6135505850730318,0.12320448783354361,0.14620146435635903,1315,1124,False,,complete
LA SUPER ECONOMICA #6,2402 GUS THOMASSON RD,75228,liquor_store,48113012400,2.0,4497,0.384943,0.4378112783033169,0.12308787644617791,0.10851086025327292,1316,1829,False,,complete
TRIPLE D MUZIK,7010 AMERICAN WAY Ste:E,75237,barbershop_beauty,48113010903,2.0,4147,0.405548,0.661845259511921,0.1230604801841804,0.15496413298481,1317,962,False,,complete
INDEPENDENT COMMUNITY UPLIFT,604 SCHOOLDELL DR,75211,convenience_corner_store,48113004500,1.0,3642,0.442264,0.5314095168877079,0.12302358295911328,0.10802290801309841,1318,1845,False,,complete
QUIKTRIP #1942,13525 C F HAWN FWY,75253,liquor_store,48113017101,1.0,3306,0.472895,0.6514233489023185,0.12299451596838844,0.12150190569788463,1319,1561,False,,complete
Sahel African Hair Braiding,,,barbershop_beauty,48113016626,1.0,2821,0.53001,0.6255513538096666,0.12296291186234308,0.09936454193968776,1320,2008,False,,complete
Sharkey's Cuts for Kids,9660 Audelia Road,75238,barbershop_beauty,48113013012,3.0,5814,0.329252,0.3234318215656731,0.12293883626452184,0.10099461297865574,1321,1976,False,,complete
QUICK STOP,1336 N GALLOWAY AVE STE 100,75149,liquor_store,48113017705,1.0,3383,0.465118,0.6983686116061287,0.12291798250690945,0.1337162240642998,1322,1357,False,,complete
Rosi's Cafe,2420 Firewheel Pkwy,75040,liquor_store,48113018120,2.0,4599,0.378588,0.42823322770471606,0.12261242975486601,0.10836920046551166,1323,1834,False,,complete
BOWLSKI'S,1825 ABRAMS PKWY,75214,other_storefront,48113001400,1.0,3657,0.439433,0.39403586768226884,0.12237289286643466,0.07878247328329677,1324,2430,False,,complete
7-ELEVEN CONVENIENCE STORE #41997H,9211 Scyene Rd TO INCLUDE STE 110,75227,liquor_store,48113012102,2.0,4316,0.393695,0.5739403329257945,0.12235648875857354,0.13886069658367672,1325,1259,False,,complete
O'REILLY AUTO PARTS,4016 W ILLINOIS AVE,75211,grocery_food_mart,48113006502,2.0,4740,0.370886,0.5604310813520071,0.122290346905582,0.14871849069423315,1326,1070,False,,complete
PIONEER FOOD MART,4210 PIONEER ROAD,75180,liquor_store,48113017315,2.0,4223,0.398953,0.5377288891389482,0.1222022694855506,0.1268324738504257,1327,1459,False,,complete
La MIchoacana Supermarket #30,4202 Pioneer Rd,75180,liquor_store,48113017315,2.0,4223,0.398953,0.5377288891389482,0.1222022694855506,0.1268324738504257,1328,1460,False,,complete
"CHEERS LIQUOR, BEER & WINE",5460 LEMMON AVENUE,75209,liquor_store,48113000610,2.0,5079,0.355225,0.6081060490935215,0.1221442593694358,0.1736627957879295,1329,668,False,,complete
LITTLE CEZARS PIZZA 1617-004,5464 LEMMON AVE,75209,convenience_corner_store,48113000610,2.0,5079,0.355225,0.6081060490935215,0.1221442593694358,0.1736627957879295,1330,669,False,,complete
"INCLUDE FITNESS, LLC",5454 LEMMON AVE,75209,barbershop_beauty,48113000610,2.0,5079,0.355225,0.6081060490935215,0.1221442593694358,0.1736627957879295,1331,670,False,,complete
Ruby Kisses,,,barbershop_beauty,48113016626,1.0,2801,0.53001,0.6255513538096666,0.12209114361092624,0.09866007868595016,1332,2021,False,,complete
LA AZTECA MEAT MARKET,3701 W NW HWY SUITE 203,75220,liquor_store,48113009802,2.0,3722,0.433507,0.6748328747577819,0.12208222049976641,0.14193923421214588,1333,1193,False,,complete
GENJI SUSHI,2118 ABRAMS RD Ste:100,75214,convenience_corner_store,48113000100,2.0,4237,0.397824,0.30109264352524556,0.12207262753203021,0.0680077206647544,1334,2644,False,,complete
DIXON GROCERY,3752 DIXON AVE,75210,convenience_corner_store,48113011500,1.0,2386,0.597364,0.7943336626101164,0.12196764036974263,0.10783885131077768,1335,1849,False,,complete
EZ TRIP FOOD STORE #22,1031 FRANCES WAY,75081,liquor_store,48113019039,2.0,4875,0.363869,0.5936838837651426,0.1219491392709503,0.16253306285595975,1336,821,False,,complete
ABUELA'S WASH,6529 JEANE ST,75217,laundromat,48113009303,2.0,4019,0.411488,0.5549433159448036,0.12193092447100509,0.12479371668980259,1337,1496,False,,complete
Family Stop Food Store,1701 Bruton Road,75149,convenience_corner_store,48113017606,1.0,3221,0.478717,0.6019188079639203,0.12192861921191608,0.10895585455951189,1338,1821,False,,complete
BIG BOYS BEER WINE & GROCERY,3500 E ILLINOIS AVE,75216,convenience_corner_store,48113008701,1.0,3066,0.495748,0.6414205227414708,0.12189864514237604,0.11086923077546268,1339,1794,False,,complete
BEST ONE BROW ART & SALON,2723 S BUCKNER BLVD,75227,barbershop_beauty,48113009101,2.0,3880,0.420912,0.615252938851031,0.12180153717924723,0.134304763841971,1340,1347,False,,complete
80 Food Mart,3527 US highway 80 E,75150,liquor_store,48113017816,1.0,3373,0.462805,0.6641276930552902,0.12168247061996397,0.12649639347273248,1341,1463,False,,complete
QuikTrip 1912,3645 Forest Ln,75234,liquor_store,48113009605,2.0,4540,0.379718,0.5884693623904824,0.12161296450398687,0.14996523299935763,1342,1045,False,,complete
RACETRAC #634,519 S COCKRELL HILL ROAD,75116,liquor_store,48113016516,2.0,3839,0.423384,0.6153461866691218,0.12157536433196511,0.13290671694226647,1343,1375,False,,complete
AMA,1703 s main st.,75137,liquor_store,48113016532,1.0,3436,0.456472,0.5242879211473652,0.12152261256761653,0.10046696136908648,1344,1986,False,,complete
LULY'S FITNESS,407 CENTRE ST,75208,barbershop_beauty,48113005000,2.0,4728,0.36994,0.6725108601797917,0.12148074116558583,0.17965453263569503,1345,602,False,,complete
ELLIS HILL,5029 W LOVERS LN,75209,convenience_corner_store,48113007302,2.0,3846,0.422574,0.3142463582485449,0.12144878323843494,0.064721126019164,1346,2728,False,,complete
GATEWAY 15,7027 S R L Thornton Fwy,75232,liquor_store,48113011103,1.0,3293,0.469792,0.729597248901656,0.12136856265919861,0.13623545868859324,1347,1313,False,,complete
THE CRYO SPA 2,5217 W LOVERS LN,75209,barbershop_beauty,48113007302,2.0,3842,0.422574,0.3142463582485449,0.12132247145139549,0.06465381335559753,1348,2732,False,,complete
NEW TOWNGATE CLEANERS,5227 W LOVERS LN,75209,laundromat,48113007302,2.0,3842,0.422574,0.3142463582485449,0.12132247145139549,0.06465381335559753,1349,2733,False,,complete
EZ PAWN,3515 SIMPSON STUART RD,75241,other_storefront,48113011401,2.0,4404,0.386506,0.6619124167093673,0.12131187694075746,0.1645851257656999,1350,785,False,,complete
NANCY HAIR BRAIDING & WEAVING,4210 W CAMP WISDOM RD Ste:150,75237,barbershop_beauty,48113010904,2.0,4937,0.359797,0.5191471709630978,0.1212526793719467,0.14285577199673424,1351,1177,False,,complete
SHILOH GROCERY & BEER,11404 SHILOH RD STE 109,75228,liquor_store,48113012601,3.0,5683,0.330755,0.5849961780479461,0.12112367586150173,0.1865544734222302,1352,531,False,,complete
Nu U Slaon,2150 North Josey Lane,75006,barbershop_beauty,48113013720,2.0,4955,0.358655,0.5211713853663278,0.12106217292181015,0.14396928656503327,1353,1153,False,,complete
7-ELEVEN CONVENIENCE STORE #35414K,15707 HILLCREST RD,75248,grocery_food_mart,48113013605,3.0,5689,0.330231,0.32199174913382267,0.12091830042875548,0.09833914749232117,1354,2030,False,,complete
POWERHOUSE PHARMACY,4740 W MOCKINGBIRD LN Ste:100,75209,convenience_corner_store,48113007102,1.0,3334,0.464441,0.45585815278825087,0.12088528830475623,0.08400346342984637,1355,2342,False,,complete
SAI MART,700 N CLARK RD STE 108,75116,liquor_store,48113016519,2.0,3803,0.424264,0.4891764060516992,0.12080942537060455,0.10330763463554914,1356,1928,False,,complete
PLUS 2 BARBER SHOP,7111 MARVIN D LOVE FWY Ste:103,75237,barbershop_beauty,48113010904,2.0,4917,0.359797,0.5191471709630978,0.1207614795365327,0.14227705710106184,1357,1189,False,,complete
DAQS 2 GEAUX,3733 N TOWN EAST BLVD STE 200,75150,liquor_store,48113017806,2.0,3716,0.430786,0.5440872385728756,0.12075506603990614,0.11300152417276352,1358,1756,False,,complete
HMS MART MESQUITE,3733 N TOWN EAST BLVD,75150,liquor_store,48113017806,2.0,3716,0.430786,0.5440872385728756,0.12075506603990614,0.11300152417276352,1359,1757,False,,complete
METRO BY TMOBILE,404 S HAMPTON RD,75208,convenience_corner_store,48113005200,2.0,5177,0.34866,0.49677786180477634,0.12070158047406097,0.142957385041354,1360,1173,False,,complete
TRAIN PILATES STUDIO,5117 W LOVERS LN Ste:120,75209,barbershop_beauty,48113007302,2.0,3821,0.422574,0.3142463582485449,0.12065933456943835,0.06430042187187354,1361,2741,False,,complete
WE SMOKE,405 CENTRE ST,75208,other_storefront,48113005000,2.0,4696,0.36994,0.6725108601797917,0.12065853648764616,0.1784385967126108,1362,617,False,,complete
OK FOOD MART 9,2800 GLENWICK LANE STE 110,75060,liquor_store,48113015208,1.0,3405,0.45706,0.6371141367072777,0.12065004399857115,0.12226131568715114,1363,1550,False,,complete
LONE STAR LIQUOR 1,2800 GLENWICK LANE STE 100,75060,liquor_store,48113015208,1.0,3405,0.45706,0.6371141367072777,0.12065004399857115,0.12226131568715114,1364,1551,False,,complete
Los Molina Carniceria,911 E Davis St STE A,75149,liquor_store,48113017311,1.0,3433,0.454199,0.6207149158469003,0.120544175246003,0.1199400180107344,1365,1595,False,,complete
FORGE TPR,5615 DYER ST Ste:100,75206,barbershop_beauty,48113007914,3.0,6845,0.297566,0.5001946119650627,0.12049304915827883,0.19039941802026028,1366,498,False,,complete
VIP FOOD MART,4140 W CAMP WISDOM RD Ste:B,75237,convenience_corner_store,48113010904,2.0,4900,0.359797,0.5191471709630978,0.12034395967643081,0.14178514943974033,1367,1195,False,,complete
EZ Quick Mart,4210 W Camp Wisdom Rd Ste 230,75237,liquor_store,48113010904,2.0,4900,0.359797,0.5191471709630978,0.12034395967643081,0.14178514943974033,1368,1196,False,,complete
JERRY'S SUPERMARKET,1719 SINGLETON BOULEVARD,75212,liquor_store,48113010101,2.0,5135,0.349607,0.6601110640526379,0.12026597817552695,0.19135728600628224,1369,490,False,,complete
Bliss Nail Bar,,,barbershop_beauty,48113016629,1.0,3501,0.447335,0.42767030224816055,0.12024542994495446,0.08237986435125327,1370,2370,False,,complete
WFM BEVERAGE CORP.,2118 ABRAMS RD,75214,liquor_store,48113000100,2.0,4173,0.397824,0.30109264352524556,0.12022871717988248,0.06698046219825822,1371,2669,False,,complete
"PARK CITIES DANCE, LLC",7979 INWOOD RD Ste:117,75209,barbershop_beauty,48113007302,2.0,3807,0.422574,0.3142463582485449,0.12021724331480027,0.06406482754939088,1372,2747,False,,complete
WE ONLY WAX DBA W.O.W.,5610 LEMMON AVE Ste:B1,75209,barbershop_beauty,48113000610,2.0,4998,0.355225,0.6081060490935215,0.12019630012373306,0.170893217827933,1373,718,False,,complete
CIRCLE K #2740792,3030 MILITARY PARKWAY,75149,liquor_store,48113017602,2.0,3685,0.431874,0.5738145435907128,0.12019589532555833,0.11853184682096679,1374,1629,False,,complete
WEEKLY FLORAL,306 S BECKLEY AVE,75203,convenience_corner_store,48113004800,2.0,3998,0.408939,0.7271825863823214,0.12015455392853905,0.16483173168341705,1375,779,False,,complete
COUNTRY BOY CONVENIENCE STORE,733 S BUCKNER BLVD,75217,convenience_corner_store,48113009301,1.0,3099,0.486844,0.6553329109110991,0.12012593868855273,0.11461017265929382,1376,1716,False,,complete
GRAND PRAIRIE VALERO,1610 N STATE HIGHWAY 161,75050,liquor_store,48113015406,2.0,3868,0.417901,0.43448479517531674,0.12012284261413976,0.09257303424542718,1377,2155,False,,complete
CVS/PHARMACY #10324,6420 GASTON AVE,75214,liquor_store,48113000100,2.0,4169,0.397824,0.30109264352524556,0.12011347278287327,0.06691625854410221,1378,2671,False,,complete
LANDS END,8190 PARK LN Ste:350,75231,convenience_corner_store,48113007822,3.0,5750,0.326831,0.42987960707786643,0.12002931042411706,0.13605034087294196,1379,1320,False,,complete
T-MOBILE,8180 PARK LN Ste:C349,75231,convenience_corner_store,48113007822,3.0,5750,0.326831,0.42987960707786643,0.12002931042411706,0.13605034087294196,1380,1321,False,,complete
WFM BEVERAGE CORP.,8190 PARK LANE SUITE 351,75231,liquor_store,48113007822,3.0,5750,0.326831,0.42987960707786643,0.12002931042411706,0.13605034087294196,1381,1322,False,,complete
Pan Asian Kitchen & Noodle Shop,9660 Audelia Rd Ste 117,75238,liquor_store,48113013012,3.0,5676,0.329252,0.3234318215656731,0.12002078339137014,0.09859742402250601,1382,2022,False,,complete
Small Hill Mart,615 Small Hill Dr Suite 110,75050,liquor_store,48113015500,1.0,2493,0.570621,0.7158312249255363,0.11998407654776996,0.10111058494744192,1383,1967,False,,complete
DOLLAR GENERAL STORE #12498,1530 N HAMPTON ROAD,75115,liquor_store,48113016634,1.0,3486,0.447746,0.6057556262709036,0.11989040886606327,0.11871027136118643,1384,1623,False,,complete
QUALITY LICENSING CORP. (STORE #3015),2827 S BUCKNER BLVD,75227,liquor_store,48113009101,2.0,3819,0.420912,0.615252938851031,0.11988661610503741,0.13219327142074414,1385,1385,False,,complete
UNCLE LEE GROCERY,3839 DIXON AVE,75210,convenience_corner_store,48113011500,1.0,2345,0.597364,0.7943336626101164,0.11987180078250063,0.10598579477107029,1386,1877,False,,complete
Tom Thumb #2990,7117 Inwood Rd,75209,liquor_store,48113007102,1.0,3304,0.464441,0.45585815278825087,0.11979753826002237,0.08324758343497672,1387,2354,False,,complete
7-ELEVEN CONVENIENCE STORE #33321A,5712 SKILLMAN DR,75206,liquor_store,48113007903,3.0,6863,0.296199,0.27860540039162973,0.11976110485921017,0.10103807052560415,1388,1975,False,,complete
7-ELEVEN CONVENIENCE STORE #26906A,225 E COLORADO BLVD,75203,liquor_store,48113002001,2.0,5073,0.351191,0.5176625340364546,0.11971220443480027,0.14634599359441963,1389,1116,False,,complete
7-Eleven Convenience Store #32917B,1360 S Plano Rd,75081,liquor_store,48113019039,2.0,4783,0.363869,0.5936838837651426,0.11964774012983698,0.15946577223385755,1390,877,False,,complete
M & M FOOD MART,3223 N WESTMORELAND RD,75212,convenience_corner_store,48113010500,1.0,2986,0.498524,0.7297267387782101,0.1196446466266358,0.12355733876671536,1391,1530,False,,complete
QUIKTRIP #925,925 S COCKRELL HILL ROAD,75137,liquor_store,48113016517,1.0,3278,0.466562,0.6167923724634088,0.11963206959988872,0.11376494012224517,1392,1736,False,,complete
LAKE HIGHLANDS SHOOTING CENTER,10757 MAPLERIDGE DR,75238,other_storefront,48113013011,2.0,3850,0.41783,0.5605547790080619,0.11953328453589897,0.12082269543806863,1393,1580,False,,complete
NESTOS CHOP SHOP,1836 W JEFFERSON BLVD Ste:110,75208,barbershop_beauty,48113005200,2.0,5126,0.34866,0.49677786180477634,0.11951251719336228,0.1415490739273673,1394,1199,False,,complete
CIRCLE K #2742206,1729 POLO ROAD,75052,liquor_store,48113016410,1.0,3261,0.467786,0.4719214265995565,0.11945786004925937,0.085259425080543,1395,2313,False,,complete
MY-T-QUICK FOOD STORE,1422 ACTON AVE,75137,liquor_store,48113016517,1.0,3273,0.466562,0.6167923724634088,0.11944959237353135,0.11359141214768409,1396,1739,False,,complete
SUPER FUELS ST AUGUSTINE LLC,1612 S St Augustine Rd,75217,liquor_store,48113011604,1.0,2704,0.535197,0.6852442398346501,0.1194310202869343,0.1047811150500674,1397,1906,False,,complete
Q COIN LAUNDRY,7918 FERGUSON RD,75228,laundromat,48113012212,2.0,5022,0.352655,0.5363676865556588,0.1193306276565947,0.15042549368495828,1398,1034,False,,complete
QUALITY LICENSING CORP (STORE #1800),1801 MARKETPLACE DRIVE,75041,liquor_store,48113018403,2.0,4142,0.397688,0.7163429327168459,0.11927259943020532,0.1681156310098327,1399,742,False,,complete
BILLY DONUT,406 S HAMPTON RD,75208,convenience_corner_store,48113005200,2.0,5115,0.34866,0.49677786180477634,0.11925605256419197,0.14124532054984076,1400,1206,False,,complete
DOLLAR GENERAL STORE #10090,1511 S BELT LINE RD,75051,liquor_store,48113016201,1.0,2900,0.507943,0.5600061184633105,0.1192523572856319,0.09091528411630989,1401,2192,False,,complete
IMPRE-SEED,11026 DENNIS RD,75229,convenience_corner_store,48113009611,2.0,3833,0.418371,0.5555152706469191,0.11923729266733982,0.11914778540559594,1402,1610,False,,complete
MI LINDA GUATEMALA,11055 DENNIS RD Ste:15,75229,convenience_corner_store,48113009611,2.0,3833,0.418371,0.5555152706469191,0.11923729266733982,0.11914778540559594,1403,1611,False,,complete
MILLER SHELL,1330 W MILLER ROAD,75041,liquor_store,48113018205,2.0,4076,0.401676,0.6672979263647905,0.1191892561701032,0.15362429976524766,1404,980,False,,complete
ASURION TECH REPAIR & SOLUTIONS,5920 BELT LINE RD Ste:315,75254,other_storefront,48113013622,3.0,6638,0.300608,0.4708881595405502,0.11910660199477023,0.1731464030628634,1405,675,False,31,complete
CIRCLE K #2740796,1102 S COCKRELL HILL,75137,liquor_store,48113016637,1.0,3572,0.43824,0.5201421306805882,0.11905217883094345,0.10356848582155698,1406,1924,False,,complete
Latino Mini Mart,321 N Story Rd,75061,liquor_store,48113014406,1.0,3568,0.438517,0.6620988477111875,0.11902934960010655,0.1333816601865381,1407,1362,False,,complete
Lucky Mini Store,323 N Story Rd,75061,liquor_store,48113014406,1.0,3568,0.438517,0.6620988477111875,0.11902934960010655,0.1333816601865381,1408,1363,False,,complete
NA,118 E JEFFERSON BLVD,75203,convenience_corner_store,48113004800,2.0,3960,0.408939,0.7271825863823214,0.11901251464657694,0.1632650468900279,1409,803,False,,complete
O'REILY AUTOMOTIVE,113 E JEFFERSON BLVD,75203,grocery_food_mart,48113004800,2.0,3960,0.408939,0.7271825863823214,0.11901251464657694,0.1632650468900279,1410,804,False,,complete
SUNNY'S MART 1,1502 IH 30 EAST,75043,liquor_store,48113018141,1.0,3489,0.445011,0.5720036380131434,0.11892682085169932,0.11185395848954736,1411,1771,False,,complete
Taqueria El Arquito,13755 Lyndon B Johnson Fwy suite 7,75041,liquor_store,48113018403,2.0,4126,0.397688,0.7163429327168459,0.11881186510116541,0.16746622248830753,1412,748,False,,complete
SOUTHERN STAR PHARMACY 002,7125 MARVIN D LOVE FWY Ste:105,75237,convenience_corner_store,48113010904,2.0,4830,0.359797,0.5191471709630978,0.1186247602524818,0.13975964730488688,1413,1232,False,,complete
SIGNARAMA WHITE ROCK,10618 GARLAND RD,75218,convenience_corner_store,48113012802,2.0,4590,0.371201,0.4634449969832174,0.11858203341945603,0.11770736489498101,1414,1645,False,,complete
DOLLAR TREE,10606 GARLAND RD,75218,grocery_food_mart,48113012802,2.0,4590,0.371201,0.4634449969832174,0.11858203341945603,0.11770736489498101,1415,1646,False,,complete
7-ELEVEN CONVENIENCE STORE # 39412B,440 S BUCKNER BLVD Ste:101,75217,convenience_corner_store,48113011701,1.0,3138,0.477828,0.6512134657592868,0.11847485077764516,0.11528866275397735,1416,1694,False,,complete
MI TIENDITA,620 E 10TH ST,75203,other_storefront,48113004800,2.0,3941,0.408939,0.7271825863823214,0.11844149500559589,0.16248170449333332,1417,823,False,,complete
SUNNY'S MART 2,1538 IH 30 EAST,75043,liquor_store,48113018141,1.0,3474,0.445011,0.5720036380131434,0.11841552755483045,0.11137307302742548,1418,1781,False,,complete
BEVERAGE CITY #7,4400 BASS PRO DR,75043,liquor_store,48113018141,1.0,3474,0.445011,0.5720036380131434,0.11841552755483045,0.11137307302742548,1419,1782,False,,complete
EXXON RAYYAN,3003 E ILLINOIS AVE,75216,liquor_store,48113008604,1.0,3227,0.468056,0.7404278156747088,0.11830976567524078,0.1355701654357123,1420,1327,False,,complete
LA MICHOACANA MEAT MARKET,8707 E RL THORNTON FREEWAY,75228,liquor_store,48113011105,1.0,3477,0.444445,0.7118271884433036,0.1182977819276744,0.14019680367092577,1421,1224,False,,complete
7-ELEVEN CONVENIENCE STORE #35635A,11900 LAKE JUNE RD,75180,liquor_store,48113017201,1.0,3455,0.446334,0.6933894103880289,0.11827888586838736,0.13554555838115848,1422,1328,False,,complete
NEW BONITA BEVERAGE CORNER,2603 HICKORY TREE RD,75180,liquor_store,48113017201,1.0,3455,0.446334,0.6933894103880289,0.11827888586838736,0.13554555838115848,1423,1329,False,,complete
WALGREENS #03824,4435 GUS THOMASSON ROAD,75150,liquor_store,48113017900,2.0,4686,0.365547,0.4660296132492251,0.11810029609072607,0.12088488691314518,1424,1577,False,,complete
JUPITER CHEVRON,2198 E ARAPAHO ROAD,75081,liquor_store,48113019023,3.0,5407,0.335455,0.35820215003651806,0.11808215004274925,0.1050337404370757,1425,1901,False,,complete
ATI- PHYSICAL THERAPY,9660 AUDELIA RD Ste:101,75238,barbershop_beauty,48113013012,3.0,5584,0.329252,0.3234318215656731,0.118075414809269,0.09699929805173954,1426,2056,False,,complete
7-ELEVEN CONVENIENCE STORE #36489B,1700 W BRUTON ROAD,75180,liquor_store,48113017201,1.0,3447,0.446334,0.6933894103880289,0.11800501290545043,0.1352317047003917,1427,1334,False,,complete
Armstrong McCall,,,barbershop_beauty,48113014306,2.0,4056,0.400275,0.6135505850730318,0.117969169653648,0.13998893754234942,1428,1228,False,,complete
LUSHRA,4607 W LOVERS LN,75209,barbershop_beauty,48113007302,2.0,3734,0.422574,0.3142463582485449,0.11791205320133025,0.06283637143930275,1429,2790,False,,complete
Hello Food Mart,6411 S Great Trinity Forest Way,75217,liquor_store,48113009304,1.0,2721,0.52734,0.795672134188592,0.11779189521852304,0.12319488362218063,1430,1536,False,,complete
PET SUPPLIES,6464 E NORTHWEST HWY Ste:170,75214,grocery_food_mart,48113007903,3.0,6750,0.296199,0.27860540039162973,0.117789225965273,0.09937446831528894,1431,2007,False,,complete
PRISM HEALTH PHARMACY,4907 SPRING AVE Ste:101,75210,convenience_corner_store,48113002703,1.0,3118,0.478027,0.5749275889660188,0.1177891177507927,0.10049877399325914,1432,1985,False,,complete
Fina Food Mart,1129 E Jefferson Street,75051,liquor_store,48113015900,1.0,3531,0.438458,0.5679871966248258,0.11777173110463889,0.11236242088182331,1433,1762,False,,complete
Wash & Dry Lavanderia,1455 West Buckingham Road,,laundromat,48113019024,2.0,4345,0.38254,0.506965510587835,0.1177602456132075,0.1225982205181255,1434,1544,False,,complete
HAR OF PEACE SALON & SPA,4911 W LOVERS LN,75209,barbershop_beauty,48113007302,2.0,3729,0.422574,0.3142463582485449,0.11775416346753091,0.06275223060984465,1435,2795,False,,complete
ZHEN MUSIC AND ARTS INSTITUTE,4901 W LOVERS LN,75209,barbershop_beauty,48113007302,2.0,3729,0.422574,0.3142463582485449,0.11775416346753091,0.06275223060984465,1436,2796,False,,complete
S&T FOOD STORE,3845 N GARLAND AVENUE SUITE 100,75040,liquor_store,48113019027,2.0,4437,0.377408,0.5552448331431477,0.11770809696571967,0.1378520608634833,1437,1284,False,,complete
JR'S PIZZA RESTAURANT,11020 DENNIS ROAD SUITE A,75229,liquor_store,48113009611,2.0,3783,0.418371,0.5555152706469191,0.1176818883800017,0.11759354870580992,1438,1649,False,,complete
Q Wash-n-Dry,7918 Ferguson Road,,laundromat,48113012212,2.0,4951,0.352655,0.5363676865556588,0.11764355585977705,0.14829880908686346,1439,1081,False,,complete
SOUTHERN ROOTS BARBER SHOP,11404 SHILOH RD Ste:111,75228,barbershop_beauty,48113012601,3.0,5519,0.330755,0.5849961780479461,0.1176282891218772,0.18117088488778613,1440,584,False,,complete
"LONGHORN INJURY & REHAB CENTERS, LLC",10611 GARLAND RD Ste:115,75218,barbershop_beauty,48113012802,2.0,4551,0.371201,0.4634449969832174,0.11757447365837567,0.11670723695796482,1441,1665,False,,complete
QUALITY LICENSING CORP. (STORE 2974),1501 BUCKINGHAM RD,75081,liquor_store,48113019024,2.0,4338,0.38254,0.506965510587835,0.11757052830151764,0.12240070900060492,1442,1547,False,,complete
TM GROCERY BEER & WINE,4537 ELSIE FAYE HEGGINS ST,75210,convenience_corner_store,48113002703,1.0,3112,0.478027,0.5749275889660188,0.11756245491997014,0.100305383151707,1443,1987,False,,complete
Razorz Barbershop,1455 West Buckingham Road,,barbershop_beauty,48113019024,2.0,4337,0.38254,0.506965510587835,0.11754342582841909,0.12237249306953056,1444,1548,False,,complete
HOME BOYS DALLAS,1101 N Country Club Rd,75040,liquor_store,48113018105,2.0,4381,0.379985,0.5175819366784221,0.1174845979551521,0.1263623008872046,1445,1468,False,,complete
CONDOM SENSATION,6862 GREENVILLE AVE,75231,convenience_corner_store,48113007819,3.0,5322,0.33729,0.6062874926460072,0.11731760020652515,0.18139963600689069,1446,583,False,,complete
MY OFFICE,10228 E NORTHWEST HWY,75218,barbershop_beauty,48113012900,2.0,4367,0.3804,0.336248606098862,0.11731176299672288,0.07916618840669253,1447,2423,False,,complete
HILITE HAIR SALON,10256 E NORTHWEST HWY,75218,barbershop_beauty,48113012900,2.0,4367,0.3804,0.336248606098862,0.11731176299672288,0.07916618840669253,1448,2424,False,,complete
A-N-A BEAUTY SUPPLY,3003 E ILLINOIS AVE Ste:3,75216,convenience_corner_store,48113008604,1.0,3199,0.468056,0.7404278156747088,0.11728321673228859,0.13439385163583625,1449,1346,False,,complete
KROGER #893,1919 FAITHON P LUCAS SR BLVD,75181,liquor_store,48113017308,2.0,4483,0.37395,0.4150907915027434,0.11719539911644333,0.1021543831047174,1450,1946,False,,complete
Family Dollar #26323,900 E SHADY GROVE RD,75060,liquor_store,48113015002,2.0,4314,0.38306,0.5751304429713493,0.11717084929772809,0.13909972541137158,1451,1249,False,,complete
GOPHER MART,906 E SHADY GROVE ROAD,75060,liquor_store,48113015002,2.0,4314,0.38306,0.5751304429713493,0.11717084929772809,0.13909972541137158,1452,1250,False,,complete
G04 LIQUOR,902 E SHADY GROVE ROAD,75060,liquor_store,48113015002,2.0,4314,0.38306,0.5751304429713493,0.11717084929772809,0.13909972541137158,1453,1251,False,,complete
ELLIS HILL LLC,5001 W LOVERS LN,75209,convenience_corner_store,48113007302,2.0,3710,0.422574,0.3142463582485449,0.11715418247909351,0.06243249545790391,1454,2808,False,,complete
SPA IN THE CITY,5009 W LOVERS LN,75209,barbershop_beauty,48113007302,2.0,3710,0.422574,0.3142463582485449,0.11715418247909351,0.06243249545790391,1455,2809,False,,complete
Onestop Shoppe,1220 E Davis St,75149,liquor_store,48113017311,1.0,3333,0.454199,0.6207149158469003,0.11703283894405125,0.11644628023005467,1456,1675,False,,complete
Mi Rinconcito,1200 E Davis St Suite 127,75149,liquor_store,48113017311,1.0,3333,0.454199,0.6207149158469003,0.11703283894405125,0.11644628023005467,1457,1676,False,,complete
We The Best Foodmart,1415 N Dallas Ave,75134,liquor_store,48113016706,1.0,2153,0.626324,0.8055204648039281,0.117027455609032,0.09873125898316815,1458,2020,False,,complete
My Thai & Vegan,6550 North MacArthur Blvd Suite 150,75039,liquor_store,48113014143,3.0,6741,0.295326,0.29770572334542533,0.11697429077391408,0.10685011197770322,1459,1862,False,26,complete
CIRCLE M FOOD MART,3933 S COCKRELL HILL RD,75236,convenience_corner_store,48113010807,1.0,2878,0.503504,0.7808006040999902,0.11691949433720537,0.127774085979102,1460,1444,False,,complete
80 Food Mart,2220 N Town E Blvd,75150,liquor_store,48113017815,1.0,3475,0.440902,0.5417741343935772,0.11685336355160392,0.10519787899543971,1461,1898,False,,complete
FRIDA'S BEATURY SALON BARBER SHOP,1018 S BUCKNER BLVD Ste:3,75217,barbershop_beauty,48113009202,1.0,3005,0.4879,0.7292705620349698,0.1168369815785228,0.12426253634544283,1462,1510,False,,complete
EL PEDRINO VIVE,10835 FERGUSON RD Ste:120,75228,convenience_corner_store,48113012601,3.0,5481,0.330755,0.5849961780479461,0.11681838243830565,0.1799234680322442,1463,600,False,,complete
Best Western Plus Duncanville Dallas,922 East HIGHWAY 67,75137,liquor_store,48113016637,1.0,3504,0.43824,0.5201421306805882,0.11678578796854028,0.10159685731207606,1464,1952,False,,complete
Pioneers Beer and Wine,12925 Elam Rd STE 101,75180,liquor_store,48113017203,2.0,3892,0.408505,0.6123845036373143,0.11678003471439366,0.13406046215550352,1465,1353,False,,complete
7-ELEVEN CONVENIENCE STORE #12205B,5123 W LOVERS LN,75209,liquor_store,48113007302,2.0,3694,0.422574,0.3142463582485449,0.11664893533093569,0.06216324480363802,1466,2814,False,,complete
CIRCLE K STORE #2706136,9616 AUDELIA RD,75238,liquor_store,48113013012,3.0,5516,0.329252,0.3234318215656731,0.11663753368336816,0.09581807450812953,1467,2077,False,,complete
QUICK SAVE #5,225 W ILLINOIS AVE,75224,convenience_corner_store,48113005400,2.0,3770,0.416827,0.5900076704545058,0.11662675650489873,0.12487328849468723,1468,1494,False,,complete
CADENCE CYCLERY,3850 W NORTHWEST HWY Ste:1170,75209,convenience_corner_store,48113007302,2.0,3693,0.422574,0.3142463582485449,0.11661735738417583,0.06214641663774639,1469,2815,False,,complete
LA MODERNA MEXICAN MARKET,1510 MORRIS ST,75212,convenience_corner_store,48113010101,2.0,4979,0.349607,0.6601110640526379,0.11661232820563755,0.18554390010229396,1470,540,False,,complete
Paradise Barbershop,10255 Ferguson Road,,barbershop_beauty,48113012400,2.0,4260,0.384943,0.4378112783033169,0.11660092365148275,0.1027921424680771,1471,1936,False,,complete
CIRCLE K #2742419,5401 N MACARTHUR BOULEVARD,75038,liquor_store,48113014319,3.0,6320,0.305038,0.49397987140654964,0.11653058423929068,0.17347521707842228,1472,672,False,38,complete
The Village Salons,,,barbershop_beauty,48113000100,2.0,4042,0.397824,0.30109264352524556,0.1164544631778301,0.06487779252464887,1473,2722,False,,complete
LANCASTER FOOD MARTS,710 W PLEASANT RUN ROAD SUITE 102,75146,liquor_store,48113016803,1.0,3037,0.482951,0.5859159393309604,0.11640092540520575,0.09985992501149539,1474,1996,False,,complete
DOLLAR GENERAL STORE #3163,625 PIONEER RD STE 112,75149,liquor_store,48113017400,2.0,4791,0.357291,0.5506472034228234,0.1163247204998813,0.14754881097062075,1475,1100,False,,complete
Grab and Go,601 Pioneer Rd STE F,75149,liquor_store,48113017400,2.0,4791,0.357291,0.5506472034228234,0.1163247204998813,0.14754881097062075,1476,1101,False,,complete
Mr. Joe Food Store,601 Pioneer Road,75149,convenience_corner_store,48113017400,2.0,4791,0.357291,0.5506472034228234,0.1163247204998813,0.14754881097062075,1477,1102,False,,complete
PAPA JOHN'S PIZZA,10253 FERGUSON RD,75228,convenience_corner_store,48113012400,2.0,4247,0.384943,0.4378112783033169,0.11624509923658387,0.1024784575262731,1478,1940,False,,complete
Angie's Fruteria,1101 E Jefferson St,75051,liquor_store,48113015900,1.0,3484,0.438458,0.5679871966248258,0.1162041096484174,0.11086680100602446,1479,1795,False,,complete
IRVING BEER & WINE,2215 N STORY RD,75062,liquor_store,48113014306,2.0,3994,0.400275,0.6135505850730318,0.11616589339168394,0.13784906719530168,1480,1285,False,,complete
T M GROCERY BEER & WINE,4537 ELSIE FAYE HEGGINS ST,75210,liquor_store,48113002703,1.0,3075,0.478027,0.5749275889660188,0.11616470079656432,0.09911280629546884,1481,2013,False,,complete
Lucky Food Store,2810 N Belt Line Rd,75062,liquor_store,48113014306,2.0,3990,0.400275,0.6135505850730318,0.11604955298768627,0.13771101104387926,1482,1286,False,,complete
Family Dollar #27950,1327 N Dallas Ave,75134,liquor_store,48113016706,1.0,2134,0.626324,0.8055204648039281,0.1159947005432765,0.09785996594058562,1483,2037,False,,complete
FIESTA MART #71,3434 W ILLINOIS AVE,75211,liquor_store,48113006502,2.0,4488,0.370886,0.5604310813520071,0.11578883479161434,0.14081193802441314,1484,1210,False,,complete
7-ELEVEN CONVENIENCE STORE #38635A,8010 SOUTHWESTERN BLVD,75206,liquor_store,48113007909,3.0,6719,0.294224,0.40963337350026974,0.11576478781249867,0.15093951239137726,1485,1025,False,,complete
BIDA RANG DONG,10546 WALNUT ST Ste:120,75243,liquor_store,48113019019,2.0,4112,0.391859,0.45116081705434846,0.11572920145829514,0.10246460263411039,1486,1941,False,,complete
LAKE VIEW LIQUOR,7826 GARLAND RD,75218,liquor_store,48113001202,2.0,3836,0.40997,0.4295871456775767,0.11572798739914636,0.09069703111102621,1487,2198,False,,complete
QUIKTRIP #972,7818 Garland Rd,75218,liquor_store,48113001202,2.0,3836,0.40997,0.4295871456775767,0.11572798739914636,0.09069703111102621,1488,2199,False,,complete
STOP AND SHOP #2,2213 OATES DRIVE,75150,liquor_store,48113018001,2.0,4074,0.394078,0.5705278311645955,0.11567034060644167,0.13025321690128758,1489,1412,False,,complete
TACOS CHILLO ESTILO CHILANGO,7726 FERGUSON RD,75228,convenience_corner_store,48113012212,2.0,4866,0.352655,0.5363676865556588,0.1156238220185165,0.14575277822998942,1490,1129,False,,complete
GOOD TIME FOOD MART,7730 FERGUSON ROAD,75228,liquor_store,48113012212,2.0,4866,0.352655,0.5363676865556588,0.1156238220185165,0.14575277822998942,1491,1130,False,,complete
FIESTA MART #57,2951 S BUCKNER BOULEVARD,75227,liquor_store,48113009101,2.0,3680,0.420912,0.615252938851031,0.11552310742773965,0.12738183787073537,1492,1450,False,,complete
EL RIO GRANDE SUPERMERCADO #4,901 W MILLER RD,75041,liquor_store,48113018700,1.0,3401,0.443674,0.4826340451581904,0.11541890079592877,0.0910726105356531,1493,2188,False,,complete
7-Eleven Convenience Store #24092H,9750 Walnut Hill Ln STE 100,75238,liquor_store,48113013013,3.0,5918,0.314409,0.3067626799270382,0.11531805753276883,0.09697208588959162,1494,2057,False,,complete
TARGET,320 E JEFFERSON BLVD,75203,grocery_food_mart,48113004800,2.0,3835,0.408939,0.7271825863823214,0.11525580648222793,0.15811147849072146,1495,902,False,,complete
CVS/PHARMACY #6966,6004 SAMUELL BLVD,75228,liquor_store,48113012207,2.0,3810,0.410578,0.6870570509407926,0.11520255892116438,0.14804719421190823,1496,1087,False,,complete
NAMA FITNESS,5619 DYER ST Ste:105,75206,barbershop_beauty,48113007914,3.0,6544,0.297566,0.5001946119650627,0.11519452354883515,0.18202685047839054,1497,576,False,,complete
HAMPTON BEVERAGES,1519 HAMPTON RD,75154,liquor_store,48113016623,1.0,2821,0.504967,0.49549081279504886,0.11506523318058397,0.0776843926243713,1498,2453,False,,complete
DOLLAR GENERAL STORE #19292,655 W ILLINOIS AVENUE SUITE 225 SUITE 225,75224,liquor_store,48113006200,2.0,4869,0.351452,0.6299409286659414,0.11504029656217674,0.17276449917977413,1499,682,False,,complete
KROGER #213,655 W ILLINOIS AVE,75224,liquor_store,48113006200,2.0,4869,0.351452,0.6299409286659414,0.11504029656217674,0.17276449917977413,1500,683,False,,complete
Target Store T-2907,655 W Illinois Ave Suite 300,75224,liquor_store,48113006200,2.0,4869,0.351452,0.6299409286659414,0.11504029656217674,0.17276449917977413,1501,684,False,,complete
EL RANCHO CARNICERIA Y FRUITERIA #10,655 W Illinois Ave St 900,75224,liquor_store,48113006200,2.0,4869,0.351452,0.6299409286659414,0.11504029656217674,0.17276449917977413,1502,685,False,,complete
RACEWAY #967,8130 E RL THORNTON FREEWAY,75228,liquor_store,48113011201,2.0,4050,0.393916,0.5700953574137624,0.11491557814392617,0.12938239593754153,1503,1425,False,,complete
COWBOYS CARWASH,10839 FERGUSON ROAD SUITE B,75228,liquor_store,48113012601,3.0,5388,0.330755,0.5849961780479461,0.1148362423969332,0.17687057941210213,1504,632,False,,complete
FRANKS CORNER,2150 E Belt Line Rd,75081,liquor_store,48113019024,2.0,4236,0.38254,0.506965510587835,0.11480607604546535,0.11952268403101945,1505,1604,False,,complete
Grab & Go,2031 N Galloway Ave,75149,liquor_store,48113017703,2.0,3529,0.431018,0.5545588948962277,0.11476984465246917,0.1094985947318466,1506,1811,False,,complete
King's pizza and draft,901 N Jupiter Rd ste 100,75081,liquor_store,48113019023,3.0,5255,0.335455,0.35820215003651806,0.11476265923333591,0.10208106269591877,1507,1947,False,,complete
WINCO FOODS,800 S COCKRELL HILL RD,75137,liquor_store,48113016517,1.0,3144,0.466562,0.6167923724634088,0.11474167993351132,0.10911439040400818,1508,1818,False,,complete
Dickeys Barbecue Pit,2912 N Belt Line Rd,75062,liquor_store,48113014306,2.0,3942,0.400275,0.6135505850730318,0.1146534681397141,0.13605433722681,1509,1318,False,,complete
La Lenita Restaurant,104 NE 19th St STE A,75050,liquor_store,48113015700,1.0,2978,0.484468,0.620613321112478,0.11464463054929544,0.10402563349615303,1510,1917,False,,complete
LOS ARCOS RESTAURANT Y PALETERIA,108 NE 19TH STREET SUITE A,75050,liquor_store,48113015700,1.0,2978,0.484468,0.620613321112478,0.11464463054929544,0.10402563349615303,1511,1918,False,,complete
Family Dollar #21408,885 W MILLER ROAD,75041,liquor_store,48113018700,1.0,3378,0.443674,0.4826340451581904,0.11463835545094012,0.09045671225799358,1512,2209,False,,complete
Family Dollar #23652,4420 Gus Thomasson Rd,75150,liquor_store,48113018002,2.0,4023,0.394928,0.5599306290232793,0.11460460963723612,0.1261034988734387,1513,1471,False,,complete
Pei Wei Asian Kitchen ,2810 S State Hwy 161 STE 110,75052,liquor_store,48113016419,1.0,2880,0.495794,0.5028436872409088,0.11451842988332354,0.0805604334814094,1514,2411,False,,complete
FIESTA MART #54,2940 S 1ST STREET,75041,liquor_store,48113018206,2.0,3898,0.4029,0.6523067964756624,0.11451760553045401,0.14346253955632116,1515,1159,False,,complete
Brother's Food Mart,3333 S Haskell Ave,75223,liquor_store,48113002500,1.0,2554,0.540924,0.5882942073267108,0.11444093065232464,0.08433726790458705,1516,2332,False,,complete
GOODY GOODY LIQUOR #6,7729 GARLAND RD,75218,liquor_store,48113000100,2.0,3972,0.397824,0.30109264352524556,0.11443768623016853,0.06375422857691869,1517,2758,False,,complete
"WHITE ROCK NUTRITION, LLC",10238 E NORTHWEST HWY,75218,convenience_corner_store,48113012900,2.0,4259,0.3804,0.336248606098862,0.11441053322716803,0.07720833442273951,1518,2461,False,,complete
CVS/PHARMACY #10946,4333 W JEFFERSON BOULEVARD,75211,liquor_store,48113019900,3.0,5206,0.336644,0.6224594192639687,0.11438454420058158,0.18242063698532995,1519,570,False,,complete
CICI'S PIZZA,3420 W ILLINOIS AVE Ste:500,75211,convenience_corner_store,48113006502,2.0,4431,0.370886,0.5604310813520071,0.11431825467059786,0.13902355111100148,1520,1253,False,,complete
RALPH'S CHEVRON,1401 BELT LINE ROAD,75044,liquor_store,48113019029,3.0,5617,0.322064,0.5626369892093179,0.11425961583729594,0.17696670801515124,1521,629,False,,complete
3 Apples Liquor,1111 W Airport Fwy 121,75062,liquor_store,48113014315,2.0,4631,0.360783,0.5920287979688628,0.11424778189076634,0.15394516780303705,1522,976,False,,complete
MK Food Market ,8000 S Loop 12,75217,liquor_store,48113011601,1.0,2944,0.487132,0.6674839681629444,0.11421248876650268,0.11099162269442563,1523,1788,False,,complete
STAR FOOD & DELI,8098 GREAT TRINITY FOREST WAY,75217,liquor_store,48113011601,1.0,2944,0.487132,0.6674839681629444,0.11421248876650268,0.11099162269442563,1524,1789,False,,complete
QUIKTRIP # 992,2215 N OCONNOR ROAD,75062,liquor_store,48113014308,3.0,5745,0.317912,0.5849346482324158,0.11419676289960429,0.18856884486718897,1525,508,False,,complete
ASCENSION SALON SUITES,9850 WALNUT HILL LN Ste:227,75238,barbershop_beauty,48113013012,3.0,5400,0.329252,0.3234318215656731,0.11418467764506673,0.09380304611020658,1526,2122,False,,complete
FIESTA MART #75,1332 S PLANO ROAD SUITE 600,75081,liquor_store,48113019039,2.0,4562,0.363869,0.5936838837651426,0.1141193791495539,0.1520976067177207,1527,1001,False,,complete
EZ STOP,1946 Clay Mathis Rd,75181,liquor_store,48113017308,2.0,4363,0.37395,0.4150907915027434,0.11405833735111359,0.09941993608875352,1528,2006,False,,complete
WIZARDS CBD + WELLNESS,5213 W LOVERS LN,75209,convenience_corner_store,48113007302,2.0,3611,0.422574,0.3142463582485449,0.11402796574986704,0.060766507034633696,1529,2855,False,,complete
J.R. BARRINGER CO,5015 W LOVERS LN,75209,convenience_corner_store,48113007302,2.0,3609,0.422574,0.3142463582485449,0.11396480985634731,0.06073285070285046,1530,2856,False,,complete
7-ELEVEN CONVENIENCE STORE #32924H,5601 LEMMON AVE,75209,liquor_store,48113000610,2.0,4737,0.355225,0.6081060490935215,0.1139195425542464,0.16196902217905534,1531,833,False,,complete
J & V CHEVRON,3112 OATES DRIVE,75150,liquor_store,48113017900,2.0,4519,0.365547,0.4660296132492251,0.11389142937131692,0.11657678274872024,1532,1670,False,,complete
STOP & SHOP #2,5328 LEMMON AVE,75209,convenience_corner_store,48113000610,2.0,4733,0.355225,0.6081060490935215,0.1138233470359401,0.16183225289708023,1533,840,False,,complete
Taqueria El Amigo,11930 Lake June Rd,75180,liquor_store,48113017201,1.0,3323,0.446334,0.6933894103880289,0.11375998197992798,0.1303669726485064,1534,1409,False,,complete
KWIK MART VALERO,1044 S BUCKNER BLVD,75217,liquor_store,48113009202,1.0,2925,0.4879,0.7292705620349698,0.11372651285097478,0.12095438229964069,1535,1573,False,,complete
DOLLAR GENERAL STORE #8278,1010 N POLK ST,75115,liquor_store,48113016610,1.0,2886,0.492303,0.5708693035781052,0.11363070446773588,0.09232892078049751,1536,2162,False,,complete
Quickway Irving,,,convenience_corner_store,48113014306,2.0,3906,0.400275,0.6135505850730318,0.11360640450373498,0.1348118318640081,1537,1340,False,,complete
ALADINNS LLC,10224 E NORTHWEST HWY,75218,convenience_corner_store,48113012900,2.0,4227,0.3804,0.336248606098862,0.11355090959174435,0.07662822953860529,1538,2472,False,,complete
BEACH DRYDEN SCUBA ENTERPRISES DBA DIVE WEST,10218 E NORTHWEST HWY,75218,convenience_corner_store,48113012900,2.0,4227,0.3804,0.336248606098862,0.11355090959174435,0.07662822953860529,1539,2473,False,,complete
PLANT STYLE,10216 E NORTHWEST HWY,75218,grocery_food_mart,48113012900,2.0,4227,0.3804,0.336248606098862,0.11355090959174435,0.07662822953860529,1540,2474,False,,complete
LAREDO TACO COMPANY,9750 WALNUT HILL LN Ste:100,75238,convenience_corner_store,48113013013,3.0,5824,0.314409,0.3067626799270382,0.11348637496972722,0.0954318060528864,1541,2085,False,,complete
Family Dollar #32115,1510 W Bruton Rd,75149,liquor_store,48113017604,2.0,3677,0.416162,0.6089663531823291,0.11347640302772632,0.12591208394960354,1542,1477,False,,complete
QUIKTRIP #998,1501 HWY 356 EAST,75060,liquor_store,48113014903,2.0,3974,0.39536,0.55189166847014,0.11340065009672405,0.12267982608547354,1543,1542,False,,complete
GG,10825 FERGUSON RD Ste:120,75228,convenience_corner_store,48113012601,3.0,5318,0.330755,0.5849961780479461,0.1133443090324593,0.17457270625715648,1544,654,False,,complete
7-ELEVEN CONVENIENCE STORE #34236B,1101 W AIRPORT FWY,75062,liquor_store,48113014315,2.0,4591,0.360783,0.5920287979688628,0.11326097315061721,0.1526154751422464,1545,994,False,,complete
7-Eleven Convenience Store #27372D,2635 Willowbrook Rd,75220,liquor_store,48113009900,2.0,3452,0.433542,0.5594792586308812,0.11323968217520271,0.1081130701131424,1546,1838,False,,complete
METRO BY T-MOBILE,4022 W CAMP WISDOM RD,75237,convenience_corner_store,48113010904,2.0,4609,0.359797,0.5191471709630978,0.11319700207115706,0.13336484770770676,1547,1364,False,,complete
DRAGON VAPE,4024 W CAMP WISDOM RD,75237,convenience_corner_store,48113010904,2.0,4609,0.359797,0.5191471709630978,0.11319700207115706,0.13336484770770676,1548,1365,False,,complete
SODA AND SNACK,4020 W CAMP WISDOM RD,75237,convenience_corner_store,48113010904,2.0,4609,0.359797,0.5191471709630978,0.11319700207115706,0.13336484770770676,1549,1366,False,,complete
STARMART SHELL LTD.,6500 NORTHWEST DRIVE SUITE 101,75150,liquor_store,48113018130,3.0,5133,0.337339,0.5874799455299337,0.11317942191336541,0.16925310410252792,1550,737,False,,complete
Star Mart,6500 Northwest Drive,75150,convenience_corner_store,48113018130,3.0,5133,0.337339,0.5874799455299337,0.11317942191336541,0.16925310410252792,1551,738,False,,complete
HEIGHTS LIQUOR,1550 E IRVING BLVD,75060,liquor_store,48113015001,2.0,4118,0.385911,0.6129229354660073,0.11315985342629016,0.14197608039387624,1552,1192,False,,complete
MURPHY EXPRESS #8915,1101 US HIGHWAY 80 E,75150,liquor_store,48113017814,1.0,3343,0.442826,0.35735004523846275,0.11313365445466861,0.06477116196802087,1553,2724,False,,complete
EL RIO GRANDE LATIN MARKET #9,2106 N GALLOWAY,75150,liquor_store,48113017814,1.0,3343,0.442826,0.35735004523846275,0.11313365445466861,0.06477116196802087,1554,2725,False,,complete
KROGER #511,10677 E NORTHWEST HWY STE 300,75238,liquor_store,48113012900,2.0,4210,0.3804,0.336248606098862,0.11309423453542554,0.07632004881890898,1555,2478,False,,complete
WALGREENS #05959,1520 PIONEER RD,75149,liquor_store,48113017312,2.0,4177,0.3822,0.45461682752307464,0.11304826562787183,0.10493730896832318,1556,1904,False,,complete
Lizy Beauty Salon,5840 Abrams Road,,barbershop_beauty,48113007902,2.0,4573,0.361126,0.3631839304136826,0.112992259044728,0.09017903232675598,1557,2212,False,,complete
Elite Nails,5838 Abrams Road,,barbershop_beauty,48113007902,2.0,4573,0.361126,0.3631839304136826,0.112992259044728,0.09017903232675598,1558,2213,False,,complete
AMERICAN SHAMAN OF LAKE HIGHLANDS,10242 E NORTHWEST HWY,75218,convenience_corner_store,48113012900,2.0,4206,0.3804,0.336248606098862,0.11298678158099758,0.07624753570839221,1559,2479,False,,complete
PANTHER MARKET,454 E HIGHWAY 67,75137,liquor_store,48113016636,1.0,3086,0.467551,0.5301930701036439,0.11296613877454664,0.09130994564493554,1560,2183,False,,complete
Home 2 Suites by Hilton,2716 E Hwy 67,75115,liquor_store,48113016638,2.0,3856,0.402014,0.4017721550448775,0.11290177888314183,0.08483223481732462,1561,2321,False,,complete
WELLRX PHARMACY INC,2930 S BUCKNER BLVD,75227,convenience_corner_store,48113009001,2.0,4640,0.357509,0.6208400584512634,0.11277154409760803,0.16214374429374973,1562,827,False,,complete
Aria Nail Bar,,,barbershop_beauty,48113019302,3.0,6738,0.289789,0.34809225673925365,0.11275146941717869,0.12686386150918894,1563,1457,False,,complete
FAST TRAC FOOD MART,1702 W Main St STE A,75050,liquor_store,48113015404,1.0,2710,0.512243,0.6160223116976064,0.11274198186912732,0.09392884948162618,1564,2120,False,,complete
TIERRA CALIENTE PRIMO,1924 W JEFFERSON BLVD Ste:105,75208,convenience_corner_store,48113005200,2.0,4834,0.34866,0.49677786180477634,0.11270454703720509,0.13348580245120825,1565,1361,False,,complete
LA MICHOACANA #25 DALLAS,9850 WALNUT HILL LANE SUITE 224,75238,liquor_store,48113013012,3.0,5325,0.329252,0.3234318215656731,0.1125987793444408,0.0925002260253426,1566,2156,False,,complete
VECTOR BREWING,9850 WALNUT HILL LANE SUITE 405,75238,liquor_store,48113013012,3.0,5325,0.329252,0.3234318215656731,0.1125987793444408,0.0925002260253426,1567,2157,False,,complete
MR. ALTON'S OLD SCHOOL BARBERSHOP,1911 ABRAMS RD Ste:102,75214,barbershop_beauty,48113000100,2.0,3905,0.397824,0.30109264352524556,0.11250734258026387,0.0626788173698055,1568,2801,False,,complete
FREEZE CRYOTHERAPY,1907 ABRAMS RD,75214,barbershop_beauty,48113000100,2.0,3905,0.397824,0.30109264352524556,0.11250734258026387,0.0626788173698055,1569,2802,False,,complete
Ezstop1,615 S Main St,75116,liquor_store,48113016531,2.0,3768,0.407069,0.44765394563217475,0.11245450786638597,0.0931118529721275,1570,2136,False,,complete
7-Eleven,5804 ABRAMS,75214,convenience_corner_store,48113007902,2.0,4551,0.361126,0.3631839304136826,0.11244867065658365,0.08974519486531082,1571,2220,False,,complete
Kingsley Taqueria,119 W Kingsley Rd Ste 121,75041,liquor_store,48113018300,1.0,3249,0.449454,0.6253743003250053,0.11235987732174667,0.11440606426637763,1572,1721,False,,complete
QUICK SPOT,6666 SKILLMAN ST,75231,liquor_store,48113007809,2.0,4391,0.368929,0.4963180023004522,0.11232562061943219,0.12113350854595016,1573,1569,False,,complete
Walnut Beer and Wine,2947 Walnut Hill Ln STE 102,75229,liquor_store,48113009701,1.0,2974,0.477762,0.7028065046651475,0.11226110556098333,0.11833000488416257,1574,1631,False,,complete
RMKK Investments LLC,2112 N O Connor Rd,75061,liquor_store,48113014601,3.0,5182,0.333819,0.5096127400076466,0.11222068678184204,0.14702554739229964,1575,1111,False,,complete
"LCP HIGHLAND SPE, LLC DBA THE HIGHLAND DALLAS",5300 E MOCKINGBIRD LN Ste:100,75206,barbershop_beauty,48113000300,3.0,6276,0.300036,0.3396714175647209,0.11220986488664522,0.11504241500032349,1576,1696,False,,complete
KUBY'S SAUSAGE HOUSE,6601 SNIDER PLAZA,75205,liquor_store,48113019400,3.0,6571,0.29264,0.35361915108992537,0.11205124559943845,0.12586554864134716,1577,1479,False,,complete
AUTHORIZED DEALER OF METRO BY T-MOBILE,2912 S BUCKNER BLVD,75227,convenience_corner_store,48113009001,2.0,4609,0.357509,0.6208400584512634,0.11201811352281799,0.1610604563469596,1578,854,False,,complete
ELECTRO CONNECTION,2908 S BUCKNER BLVD,75227,other_storefront,48113009001,2.0,4609,0.357509,0.6208400584512634,0.11201811352281799,0.1610604563469596,1579,855,False,,complete
LETS BE SAFE LLC,2910 S BUCKNER BLVD,75227,convenience_corner_store,48113009001,2.0,4609,0.357509,0.6208400584512634,0.11201811352281799,0.1610604563469596,1580,856,False,,complete
Valero Food Mart,829 W Miller Rd,75041,liquor_store,48113018700,1.0,3300,0.443674,0.4826340451581904,0.11199128862880475,0.08836801375114828,1581,2261,False,,complete
Mary Food Mart,2400 Rock Island Rd,75060,liquor_store,48113015305,2.0,3692,0.411339,0.6232514316056799,0.11194869728746298,0.12954216538781216,1582,1423,False,,complete
Skillman Southwestern,5707 Skillman Street,75206,library,48113007916,3.0,7595,0.271952,0.2805181610256731,0.1119475618179626,0.1126731038871604,1583,1760,False,,complete
"ALPHA PROJECT PERSONAL TRAINING, LLC",4931 AIRLINE RD Ste:102,75205,barbershop_beauty,48113000706,3.0,6915,0.284792,0.34117468388486916,0.11185044602940648,0.1273698697116318,1584,1451,False,,complete
Hi-Lite Hair Salon,10256 East Northwest Highway,,barbershop_beauty,48113012900,2.0,4163,0.3804,0.336248606098862,0.11183166232089703,0.07546801977033683,1585,2498,False,,complete
Foxtrot,6565 Hillcrest Ave STE 130,75205,liquor_store,48113019400,3.0,6558,0.29264,0.35361915108992537,0.11182956454742311,0.12561653751178736,1586,1483,False,,complete
SANDBOX VR STORES LLC,5321 E MOCKINGBIRD LN Ste:110,75206,other_storefront,48113000300,3.0,6251,0.300036,0.3396714175647209,0.11176288486399288,0.1145841517155867,1587,1719,False,,complete
CRESCENDO CHIROPRACTIC LLC,5646 MILTON ST Ste:326,75206,barbershop_beauty,48113007913,3.0,6938,0.284121,0.38254928394491133,0.11170203668898217,0.14475569744808084,1588,1146,False,,complete
LA POPULAR PANADERIA #2,1512 S BELT LINE RD Ste:1,75253,convenience_corner_store,48113017010,1.0,2529,0.535144,0.6777770635389729,0.11168658761862635,0.09688390937270547,1589,2058,False,,complete
Sarai Salon de Belleza,10851 Ferguson Road,,barbershop_beauty,48113012601,3.0,5238,0.330755,0.5849961780479461,0.11163924233020345,0.17194656550864718,1590,697,False,,complete
Hydrate IV Bar,5331 East Mockingbird Lane,75206,barbershop_beauty,48113007914,3.0,6340,0.297566,0.5001946119650627,0.11160349622549127,0.1763524193204456,1591,637,False,,complete
7-11 CONVENIENCE STORE #35395,3300 W ILLINOIS AVE,75211,convenience_corner_store,48113006502,2.0,4325,0.370886,0.5604310813520071,0.1115834916385321,0.13569777895623591,1592,1326,False,,complete
SUPER MERCADO MONTERREY,300 E JEFFERSON BOULEVARD,75203,liquor_store,48113004800,2.0,3712,0.408939,0.7271825863823214,0.11155920564850849,0.15304036718580394,1593,990,False,,complete
CORNER FOOD # 7,3301 Broadway Blvd,75043,liquor_store,48113018111,2.0,3457,0.428503,0.5448142888740325,0.11145630888143482,0.10527399351053267,1594,1895,False,,complete
TOTAL WINE SPIRITS BEER AND MORE,428 FM 1382 EAST,75104,liquor_store,48113016626,1.0,2557,0.53001,0.6255513538096666,0.11145557094364099,0.0900656269903515,1595,2216,False,,complete
Family Dollar #30418,9636 Brierwood Ln,75217,liquor_store,48113011604,1.0,2523,0.535197,0.6852442398346501,0.1114365621982009,0.09776729041099116,1596,2039,False,,complete
DOLLAR GENERAL STORE #1221,11903 LAKE JUNE RD STE A,75180,liquor_store,48113017604,2.0,3606,0.416162,0.6089663531823291,0.1112852622567259,0.1234808198863939,1597,1531,False,,complete
Dollar General Store #24176,3785 Bobtown Rd,75043,liquor_store,48113018138,2.0,4460,0.363186,0.48218289430670636,0.11122728992624582,0.11931181266645456,1598,1605,False,,complete
ABRAM HAIR & BEAUTY SUPPLY,5816 ABRAMS RD,75214,convenience_corner_store,48113007902,2.0,4501,0.361126,0.3631839304136826,0.11121324250171019,0.0887592006347537,1599,2253,False,,complete
Shake Shack,1550 Mayfield Rd,75052,liquor_store,48113016418,1.0,2998,0.471823,0.45304322993428703,0.11117657892154371,0.07503893919783947,1600,2502,False,,complete
SWEETPEEZ INC,4800 DOLPHIN RD,75223,convenience_corner_store,48113002500,1.0,2480,0.540924,0.5882942073267108,0.11112510102496677,0.08189366656357709,1601,2383,False,,complete
AT&T STORE,6471 E NORTHWEST HWY Ste:110,75231,convenience_corner_store,48113007809,2.0,4344,0.368929,0.4963180023004522,0.11112331951054737,0.11983693034015204,1602,1597,False,,complete
Supreme Beer & Wine,2932 N Buckner Blvd,75228,liquor_store,48113009001,2.0,4572,0.357509,0.6208400584512634,0.11111885767548792,0.15976749976530683,1603,875,False,,complete
Notorious Cuts,10835 Ferguson Road,,barbershop_beauty,48113012601,3.0,5213,0.330755,0.5849961780479461,0.11110640898574847,0.171125896524738,1604,711,False,,complete
EL ANTOJO #2,6867 GREENVILLE AVE,75231,convenience_corner_store,48113007822,3.0,5322,0.326831,0.42987960707786643,0.11109495479602624,0.12592346332622556,1605,1473,False,,complete
7-ELEVEN CONVENIENCE STORE# 33116B,6881 GREENVILLE AVE,75231,convenience_corner_store,48113007822,3.0,5322,0.326831,0.42987960707786643,0.11109495479602624,0.12592346332622556,1606,1474,False,,complete
PROJECT POLLO,6855 GREENVILLE AVE,75231,convenience_corner_store,48113007822,3.0,5322,0.326831,0.42987960707786643,0.11109495479602624,0.12592346332622556,1607,1475,False,,complete
The Local Shoppe # 711,6881 Greenville Ave,75231,liquor_store,48113007822,3.0,5322,0.326831,0.42987960707786643,0.11109495479602624,0.12592346332622556,1608,1476,False,,complete
Dallas Sunny Street - Josey Ranch LLC,2150 N Josey Lane  Ste 132,75006,liquor_store,48113013720,2.0,4545,0.358655,0.5211713853663278,0.1110449194610751,0.132056590804859,1609,1387,False,,complete
Good Spirits LLC (Store #269),2150 N Josey Ln,75006,liquor_store,48113013720,2.0,4545,0.358655,0.5211713853663278,0.1110449194610751,0.132056590804859,1610,1388,False,,complete
SUPER MERCARDO MONTEREY,435 E DANIELDALE RD,75137,liquor_store,48113016517,1.0,3042,0.466562,0.6167923724634088,0.11101914451582108,0.10557441972296212,1611,1890,False,,complete
21 MPH LLC,3501 Forest Ln,75042,liquor_store,48113019033,2.0,4217,0.375422,0.6022904960685119,0.11093551808704273,0.14273988251876263,1612,1180,False,,complete
"3 DIRTY HEADS TRANSPORT & MORE, LLC",3334 BANNING ST Ste:100,75233,convenience_corner_store,48113010805,1.0,3126,0.457273,0.7330556948629839,0.11083861660340268,0.1299652908519422,1613,1417,False,,complete
GS UPHOLSTERY,117 N MARLBOROUGH AVE,75208,barbershop_beauty,48113005200,2.0,4753,0.34866,0.49677786180477634,0.11081603476786012,0.13124907303487648,1614,1394,False,,complete
DALLAS GIFT SHOP,610 E JEFFERSON BLVD Ste:110,75203,convenience_corner_store,48113004800,2.0,3687,0.408939,0.7271825863823214,0.11080786401563868,0.15200965350594264,1615,1003,False,,complete
SOUTHSIDE AFFILIATED,4630 ELSIE FAYE HEGGINS ST,75210,liquor_store,48113002703,1.0,2932,0.478027,0.5749275889660188,0.1107625699952932,0.09450365790514298,1616,2103,False,,complete
AT&T,3434 W ILLINOIS AVE Ste:204,75211,convenience_corner_store,48113006502,2.0,4289,0.370886,0.5604310813520071,0.11065470419367957,0.13456827143197592,1617,1344,False,,complete
Sweet Paris Creperie & Cafe,6632 Snider Plz,75205,liquor_store,48113019400,3.0,6481,0.29264,0.35361915108992537,0.11051653062394773,0.12414162543670232,1618,1513,False,,complete
"EUNOIAFITI, LLC",222 W JEFFERSON BLVD Ste:C,75208,barbershop_beauty,48113005000,2.0,4301,0.36994,0.6725108601797917,0.1105094474943284,0.16342938766203985,1619,799,False,,complete
PENA BOXING CLUB,7840 CARR ST Ste:A,75227,barbershop_beauty,48113008500,2.0,3756,0.403254,0.6378004428704498,0.11049449187305939,0.13501678459137195,1620,1335,False,,complete
Tom Thumb #3563,633 W Wheatland Rd,75116,liquor_store,48113016518,1.0,3090,0.45997,0.6273337682492148,0.11049380703637932,0.10916502009606231,1621,1817,False,,complete
ALDI (TEXAS) LLC #20,2926 S BUCKNER BOULEVARD,75227,liquor_store,48113009001,2.0,4546,0.357509,0.6208400584512634,0.11048694816114789,0.15885893568090223,1622,883,False,,complete
EZ PAWN,2940 S BUCKNER BLVD,75227,other_storefront,48113009001,2.0,4544,0.357509,0.6208400584512634,0.11043833973696789,0.15878904613594802,1623,885,False,,complete
MUSE THE SALON ON MOCKINGBIRD,5330 E MOCKINGBIRD LN Ste:190,75206,barbershop_beauty,48113000300,3.0,6176,0.300036,0.3396714175647209,0.11042194479603586,0.11320936186137634,1624,1752,False,,complete
Daily foodmart,900 N Polk St ste 102,75115,liquor_store,48113016610,1.0,2803,0.492303,0.5708693035781052,0.11036273895463052,0.08967358452797454,1625,2225,False,,complete
George W. Bush Presidential Library,,,library,48113019302,3.0,6591,0.289789,0.34809225673925365,0.11029161990629635,0.12409612811027966,1626,1515,False,,complete
Family Dollar #28746,780 E WHEATLAND RD,75116,liquor_store,48113016517,1.0,3020,0.466562,0.6167923724634088,0.11021624471984866,0.10481089663489335,1627,1905,False,,complete
Luigi's Italian Bistro,143 S Denton Tap Rd suite 190,75019,liquor_store,48113014126,1.0,3285,0.440204,0.3454570844891704,0.11020792796751232,0.061338854242056796,1628,2838,False,,complete
"EJOTY, LLC DBA SUNSHINE FOOD MART",3943 S COCKRELL HILL RD Ste:200,75236,convenience_corner_store,48113010807,1.0,2712,0.503504,0.7808006040999902,0.11017570140462159,0.12040421166620036,1629,1588,False,,complete
Mattison Avenue Salon Suites & Spa,,,barbershop_beauty,48113007822,3.0,5277,0.326831,0.42987960707786643,0.11015559497531577,0.12485872152808948,1630,1495,False,,complete
KIDS EMPIRE,6859 ARAPAHO RD Ste:600,75248,other_storefront,48113013619,3.0,5483,0.319597,0.3247013469772906,0.1100216623400101,0.09565614746139979,1631,2081,False,,complete
SUGARINGNYC,6411 E NORTHWEST HWY Ste:150,75231,barbershop_beauty,48113007809,2.0,4300,0.368929,0.4963180023004522,0.10999776102563391,0.11862311244536228,1632,1626,False,,complete
UPTOWN CHEAPSKATE,5400 E MOCKINGBIRD LN Ste:104,75206,grocery_food_mart,48113000300,3.0,6150,0.300036,0.3396714175647209,0.1099570855724774,0.11273276804525008,1633,1759,False,,complete
PERRAULT,5331 E Mockingbird Ln,75206,liquor_store,48113007914,3.0,6245,0.297566,0.5001946119650627,0.10993120408962034,0.17370991461453988,1634,667,False,,complete
MI RANCHITOO TAQUERIA,13000 Spring Oak Dr,75180,liquor_store,48113017315,2.0,3798,0.398953,0.5377288891389482,0.10990391179401401,0.11406813537388512,1635,1727,False,,complete
EZ Convenience Store,13010 Spring Oak Dr,75180,liquor_store,48113017315,2.0,3798,0.398953,0.5377288891389482,0.10990391179401401,0.11406813537388512,1636,1728,False,,complete
Circle K Management CK131,1310 S Buckner Blvd,75217,liquor_store,48113009203,2.0,3490,0.421646,0.6378891065401504,0.10984497179355307,0.1254731776010408,1637,1488,False,,complete
DOLLAR GENERAL STORE #8993,2110 N GALLOWAY AVE STE 124,75150,liquor_store,48113017814,1.0,3243,0.442826,0.35735004523846275,0.10974945898788223,0.06283364590556137,1638,2791,False,,complete
7-ELEVEN CONVENIENCE STORE #35412A,2242 S ZANG BLVD,75224,liquor_store,48113006200,2.0,4641,0.351452,0.6299409286659414,0.10965332025981973,0.16467447950160852,1639,783,False,,complete
SUPREME DALWORTH FOODS LLC,1718 Dalworth St Suite A,75050,liquor_store,48113015404,1.0,2635,0.512243,0.6160223116976064,0.10962181631924374,0.09132934257715314,1640,2182,False,,complete
FIESTA MART #73,1145 W AIRPORT FWY,75062,liquor_store,48113014315,2.0,4442,0.360783,0.5920287979688628,0.10958511059356167,0.14766236998080126,1641,1098,False,,complete
STRETCH LAB,5319 E MOCKINGBIRD LN Ste:125,75206,barbershop_beauty,48113007914,3.0,6222,0.297566,0.5001946119650627,0.10952633336198843,0.1730701503173206,1642,677,False,,complete
HUGO GOMEZ,8207 SCYENE RD,75227,laundromat,48113009001,2.0,4504,0.357509,0.6208400584512634,0.1094661712533678,0.15739125523686395,1643,923,False,,complete
Family Dollar #25667,1130 N Country Club Rd,75040,liquor_store,48113018121,2.0,4666,0.349826,0.5257029549264701,0.10939584234960666,0.1368217046742189,1644,1306,False,,complete
KING FOOT SPA,5834 ABRAMS RD,75214,barbershop_beauty,48113007902,2.0,4425,0.361126,0.3631839304136826,0.10933539170630249,0.08726048940430683,1645,2281,False,,complete
ALDI TEXAS L.L.C. #35,5828 ABRAMS RD,75214,liquor_store,48113007902,2.0,4425,0.361126,0.3631839304136826,0.10933539170630249,0.08726048940430683,1646,2282,False,,complete
7-ELEVEN CONVENIENCE STORE #23195B,5804 ABRAMS ROAD,75214,liquor_store,48113007902,2.0,4425,0.361126,0.3631839304136826,0.10933539170630249,0.08726048940430683,1647,2283,False,,complete
HOME BOYS,2510 FIREWHEEL PKWY,75040,liquor_store,48113018151,2.0,4529,0.355852,0.4825479381527005,0.10923482892881517,0.12125536050911667,1648,1565,False,,complete
TRAK9,1028 W CARTWRIGHT ROAD,75149,liquor_store,48113017314,2.0,4035,0.382206,0.5333703017422657,0.1092078182367996,0.12014692212313423,1649,1593,False,,complete
THE MEAT SHOP,4410 W LOVERS LN,75209,liquor_store,48113007102,1.0,3011,0.464441,0.45585815278825087,0.10917384615645502,0.07586515548508321,1650,2485,False,,complete
EVENT CENTER,7330 S WESTMORELAND RD Ste:140,75237,other_storefront,48113010904,2.0,4438,0.359797,0.5191471709630978,0.10899724347836734,0.12841683534970766,1651,1435,False,,complete
DOLLAR GENERAL STORE #10329,1303 E MILLER RD,75041,liquor_store,48113018203,2.0,4021,0.382424,0.4325394973425565,0.10892690060062887,0.09577258666102823,1652,2078,False,,complete
SNEAKER HAVEN LLC,5307 E MOCKINGBIRD LN Ste:105,75206,convenience_corner_store,48113007914,3.0,6184,0.297566,0.5001946119650627,0.10885741650764007,0.1720131484349583,1653,694,False,,complete
FOUR LOCO SMOKE AND VAPE,2902 S BUCKNER BLVD Ste:285,75227,convenience_corner_store,48113009001,2.0,4478,0.357509,0.6208400584512634,0.10883426173902776,0.15648269115245933,1654,936,False,,complete
BREAKTIME,103 S Cedar Ridge Dr,75116,liquor_store,48113016519,2.0,3425,0.424264,0.4891764060516992,0.10880154664589024,0.09303935015165812,1655,2138,False,,complete
GREASE HAIR GALLERY LLC,308 S BISHOP AVE,75208,barbershop_beauty,48113005000,2.0,4234,0.36994,0.6725108601797917,0.10878795644989221,0.16088352182308222,1656,864,False,,complete
EZ STOP #22,104 E Saner Ave,75216,liquor_store,48113005600,2.0,3673,0.404975,0.5273490500803241,0.10875944931259438,0.10806110501372199,1657,1841,False,,complete
Soul Bite,118 E Saner Ave Ste A,75216,liquor_store,48113005600,2.0,3673,0.404975,0.5273490500803241,0.10875944931259438,0.10806110501372199,1658,1842,False,,complete
Highlands Nail Salon,,,barbershop_beauty,48113013013,3.0,5581,0.314409,0.3067626799270382,0.10875128068441751,0.09145001881544625,1659,2180,False,,complete
GOBRANDS TEXAS LLC,2984 W WHEATLAND RD STE 150,75237,liquor_store,48113016635,1.0,2774,0.490644,0.7316371823577514,0.10870644635202964,0.1150981673457613,1660,1695,False,,complete
(unnamed barbershop_beauty),2834 North O'Connor Road,75062,barbershop_beauty,48113014203,3.0,5499,0.316924,0.49561598439753074,0.10869950911073341,0.1514715394431379,1661,1019,False,,complete
"MVEMENT, LLC",7560 GREENVILLE AVE,75231,barbershop_beauty,48113007815,1.0,3100,0.453707,0.7296254228449779,0.10868092047894722,0.12825597226875657,1662,1440,False,,complete
"RES IPSA USA, LLC",3130 KNOX ST Ste:100,75205,convenience_corner_store,48113000705,3.0,6465,0.290215,0.30745727780530385,0.10849106219777424,0.10620055153419504,1663,1874,False,,complete
Tobacco Plus Beer & Wine,3801 Gus Thomasson Rd Ste A,75150,liquor_store,48113017820,2.0,4565,0.352582,0.3984985299917271,0.10843433399844206,0.09954723195938658,1664,2005,False,,complete
QUICK CHECK GROCERY,3034 E ILLINOIS AVE,75216,convenience_corner_store,48113008604,1.0,2956,0.468056,0.7404278156747088,0.10837423840595345,0.12418512830119788,1665,1512,False,,complete
AA STARS FOOD MART,102 E BELT LINE ROAD,75104,liquor_store,48113016626,1.0,2486,0.53001,0.6255513538096666,0.10836079365111126,0.08756478243958304,1666,2274,False,,complete
PROFILE BY SANFORD,6451 E NORTHWEST HWY Ste:100,75231,barbershop_beauty,48113007809,2.0,4235,0.368929,0.4963180023004522,0.10833500417292083,0.11682997237351378,1667,1662,False,,complete
LIFE TIME ATHLETIC,5910 N CENTRAL EXPY,75206,liquor_store,48113007914,3.0,6154,0.297566,0.5001946119650627,0.10832932425420713,0.17117867326467226,1668,710,False,,complete
MOUNT LIQUOR,535 W Airport Fwy Ste 140,75062,liquor_store,48113014308,3.0,5448,0.317912,0.5849346482324158,0.10829311823795373,0.17882037716909407,1669,609,False,,complete
Woodhouse Spa,5331 East Mockingbird Lane,75206,barbershop_beauty,48113007914,3.0,6147,0.297566,0.5001946119650627,0.10820610272840614,0.17098396239160557,1670,716,False,,complete
SPROUTS FARMERS MARKET,362 E FM 1382,75104,liquor_store,48113016626,1.0,2482,0.53001,0.6255513538096666,0.10818644000082789,0.08742388978883552,1671,2277,False,,complete
INDOCHINO,3119 KNOX ST,75205,convenience_corner_store,48113000705,3.0,6445,0.290215,0.30745727780530385,0.10815543632863958,0.10587201154491677,1672,1879,False,,complete
PLANET BARDOT,3117 KNOX ST,75205,convenience_corner_store,48113000705,3.0,6445,0.290215,0.30745727780530385,0.10815543632863958,0.10587201154491677,1673,1880,False,,complete
AWAY,3111 KNOX ST Ste:210,75205,convenience_corner_store,48113000705,3.0,6445,0.290215,0.30745727780530385,0.10815543632863958,0.10587201154491677,1674,1881,False,,complete
"THE REAL REAL , INC",3120 KNOX ST,75205,convenience_corner_store,48113000705,3.0,6445,0.290215,0.30745727780530385,0.10815543632863958,0.10587201154491677,1675,1882,False,,complete
HERMAN MILLER,3107 KNOX ST,75205,convenience_corner_store,48113000705,3.0,6445,0.290215,0.30745727780530385,0.10815543632863958,0.10587201154491677,1676,1883,False,,complete
RH,3133 KNOX ST,75205,liquor_store,48113000705,3.0,6445,0.290215,0.30745727780530385,0.10815543632863958,0.10587201154491677,1677,1884,False,,complete
LA BURGER,1017 E TRINITY MILLS RD 104 1017 E TRINITY MILLS RD 104,75006,liquor_store,48113013719,1.0,2505,0.525975,0.6318531250594811,0.10805901812103086,0.08916681276629423,1678,2235,False,,complete
Muse Hair Salon,,,barbershop_beauty,48113013719,1.0,2505,0.525975,0.6318531250594811,0.10805901812103086,0.08916681276629423,1679,2236,False,,complete
Summer Breeze Nail Spa,,,barbershop_beauty,48113013719,1.0,2505,0.525975,0.6318531250594811,0.10805901812103086,0.08916681276629423,1680,2237,False,,complete
King's Best Barber Shop,118 North Main Street,75116,barbershop_beauty,48113016516,2.0,3412,0.423384,0.6153461866691218,0.10805291562924328,0.11812391721985234,1681,1636,False,,complete
LINA THRIFT STORE,623 E JEFFERSON BLVD,75203,convenience_corner_store,48113004800,2.0,3593,0.408939,0.7271825863823214,0.10798281947604822,0.14813417006966423,1682,1084,False,,complete
TRINITY BUSH GAS & MORE,1010 E TRINITY MILLS ROAD,75006,liquor_store,48113013719,1.0,2503,0.525975,0.6318531250594811,0.10797274345586437,0.08909562169821736,1683,2240,False,,complete
HYDRATE IV BAR,5331 E MOCKINGBIRD LN Ste:110,75206,barbershop_beauty,48113007914,3.0,6131,0.297566,0.5001946119650627,0.10792445352657525,0.17053890896745302,1684,722,False,,complete
PELUKAS BARBERSHOP,519 S BUCKNER BLVD,75217,barbershop_beauty,48113009301,1.0,2784,0.486844,0.6553329109110991,0.10791565450433391,0.1029605423309048,1685,1933,False,,complete
R.C. BUCKNER LODGE #1176,4912 S BUCKNER BLVD,75227,other_storefront,48113012207,2.0,3569,0.410578,0.6870570509407926,0.1079154679237889,0.13868252917120746,1686,1267,False,,complete
Discount Tobacco & Grocery,4864 S Buckner Blvd STE A,75227,liquor_store,48113012207,2.0,3569,0.410578,0.6870570509407926,0.1079154679237889,0.13868252917120746,1687,1268,False,,complete
HICKORY TREE MART,11900 ELAM RD,75180,liquor_store,48113017201,1.0,3152,0.446334,0.6933894103880289,0.10790594739715108,0.12365835022211621,1688,1526,False,,complete
AMIE'S AFRICAN KITCHEN,4515 VILLAGE FAIR DR Ste:E4,75224,convenience_corner_store,48113006002,1.0,3250,0.436995,0.6628236846879564,0.10786781386636331,0.12163314434554108,1689,1560,False,,complete
RICE BOWL EXPRESS,7027 S R L THORNTON FWY Ste:BU 1,75232,convenience_corner_store,48113011103,1.0,2926,0.469792,0.729597248901656,0.10784221510501522,0.12105221746821251,1690,1572,False,,complete
G & D PHOTOGRAPHY,2947 WALNUT HILL LN Ste:102,75229,barbershop_beauty,48113009701,1.0,2855,0.477762,0.7028065046651475,0.10776915143799845,0.11359521316216681,1691,1738,False,,complete
Tom Thumb #3650,14999 Preston Rd,75254,liquor_store,48113013622,3.0,6006,0.300608,0.4708881595405502,0.10776653383256854,0.1566612378420545,1692,933,False,,complete
Murphy Express #8962,11939 Plano Rd,75243,liquor_store,48113019019,2.0,3829,0.391859,0.45116081705434846,0.10776437557972084,0.09541268567266747,1693,2086,False,,complete
7-ELEVEN CONVENIENCE STORE #25758,1600 E STATE HIGHWAY 356,75060,liquor_store,48113014903,2.0,3774,0.39536,0.55189166847014,0.10769352125441281,0.1165057029810209,1694,1672,False,,complete
CB2,4510 MCKINNEY AVE,75205,grocery_food_mart,48113000705,3.0,6414,0.290215,0.30745727780530385,0.10763521623148088,0.10536277456153548,1695,1892,False,,complete
Circle K,401 East FM 1382,75104,gas_station,48113016629,1.0,3133,0.447335,0.42767030224816055,0.10760609312126317,0.07372068409382364,1696,2526,False,,complete
N & C'S FAMILY MARKET,3707 W JEFFERSON BLVD Ste:130,75211,convenience_corner_store,48113006702,2.0,4397,0.358808,0.45660437903107043,0.10750414222476573,0.11098069464052632,1697,1790,False,,complete
CLEAN CUTS & STYLES,1611 SINGLETON BLVD,75212,barbershop_beauty,48113010101,2.0,4588,0.349607,0.6601110640526379,0.10745478244777365,0.1709731700480668,1698,717,False,,complete
FUJISAN FRANSHISING CORP,2900 W WHEATLAND RD Ste:100,75237,convenience_corner_store,48113016635,1.0,2741,0.490644,0.7316371823577514,0.10741325502916846,0.1137289389670987,1699,1737,False,,complete
Champions Nail Spa Dallas,6411 East Northwest Highway,75231,barbershop_beauty,48113007809,2.0,4195,0.368929,0.4963180023004522,0.10731176918663587,0.11572650156006856,1700,1686,False,,complete
BERNAL FOOD MART,5547 BERNAL DR,75212,convenience_corner_store,48113010602,1.0,2883,0.473039,0.7139175450860655,0.10730387869650342,0.11660211784289636,1701,1668,False,,complete
BERNAL FOOD MART,5547 BERNAL DRIVE,75212,liquor_store,48113010602,1.0,2883,0.473039,0.7139175450860655,0.10730387869650342,0.11660211784289636,1702,1669,False,,complete
Shell,,,gas_station,48113014406,1.0,3216,0.438517,0.6620988477111875,0.10728654380996151,0.12022293137889757,1703,1589,False,,complete
Smittox Brewing,930 E Clarendon Dr,75203,liquor_store,48113021000,1.0,2697,0.495881,0.7603398917735704,0.10726796870498537,0.11647752554032209,1704,1673,False,,complete
TATI'S STORE,2017 S BECKLEY AVE,75224,liquor_store,48113005400,2.0,3466,0.416827,0.5900076704545058,0.10722237083447718,0.11480393048344455,1705,1706,False,,complete
JEFFERSON TUXEDOS,310 W JEFFERSON BLVD,75208,convenience_corner_store,48113005000,2.0,4173,0.36994,0.6725108601797917,0.10722062878256972,0.1585656439697029,1706,892,False,,complete
AMIGO'S GROCERY-BEER-TACOS,2332 ROCK ISLAND RD,75060,liquor_store,48113015205,1.0,3154,0.444185,0.48030483444827254,0.10721669672893806,0.08402430428663028,1707,2341,False,,complete
Jeanet's Beauty Salon,407 West Rochelle Road,75062,barbershop_beauty,48113014203,3.0,5422,0.316924,0.49561598439753074,0.10717743924320723,0.1493505522569001,1708,1057,False,,complete
Top End Liquor Beer & Wine,7606 Greenville Ave,75231,liquor_store,48113007815,1.0,3056,0.453707,0.7296254228449779,0.10713835257537506,0.12643556492042585,1709,1466,False,,complete
Hollywood Beauty,,,barbershop_beauty,48113019039,2.0,4281,0.363869,0.5936838837651426,0.10709010568593604,0.1427290342741259,1710,1181,False,,complete
7-ELEVEN CONVENIENCE STORE #35531A,408 N HAMPTON RD,75208,liquor_store,48113004500,1.0,3170,0.442264,0.5314095168877079,0.10707983470082073,0.09402323404764469,1711,2114,False,,complete
SAM MART,6155 SAMUELL BLVD Ste:150,75228,convenience_corner_store,48113012207,2.0,3541,0.410578,0.6870570509407926,0.10706883494484071,0.13759451829510946,1712,1294,False,,complete
CVS/PHARMACY #5990,904 E CARTWRIGHT ROAD,75149,liquor_store,48113017314,2.0,3955,0.382206,0.5333703017422657,0.10704260746630544,0.11776482701288621,1713,1643,False,,complete
PINE WINE SPIRITS BEER & MORE,2810 N O'CONNOR ROAD,75062,liquor_store,48113014203,3.0,5412,0.316924,0.49561598439753074,0.1069797678318402,0.14907509937557054,1714,1061,False,,complete
7-Eleven,2800 North O'Connor Road,75062,convenience_corner_store,48113014203,3.0,5412,0.316924,0.49561598439753074,0.1069797678318402,0.14907509937557054,1715,1062,False,,complete
Pine Wine,2810 North O'Connor Road,75062,liquor_store,48113014203,3.0,5412,0.316924,0.49561598439753074,0.1069797678318402,0.14907509937557054,1716,1063,False,,complete
Amigo Dollar Plus,1401 Northwest Hwy Ste 139,75041,liquor_store,48113018401,2.0,4008,0.378785,0.5273768123488831,0.10694424083909228,0.11792351181586036,1717,1639,False,,complete
MAB WIRELESS SMOKE HOUSE,5425 N JIM MILLER RD,75227,convenience_corner_store,48113012207,2.0,3536,0.410578,0.6870570509407926,0.10691765048431423,0.13740023063866338,1718,1295,False,,complete
CVS/PHARMACY #8342,1305 W BELT LINE RD,75115,liquor_store,48113016631,2.0,3323,0.427862,0.3427267970120227,0.10689792560048492,0.06151229760582955,1719,2833,False,,complete
KROGER #526,536 CENTENNIAL,75081,liquor_store,48113019040,3.0,5268,0.321443,0.546747214286986,0.10679462582390555,0.16102500672909573,1720,857,False,,complete
CHILLY MART,540 CENTENNIAL BLVD,75081,liquor_store,48113019040,3.0,5268,0.321443,0.546747214286986,0.10679462582390555,0.16102500672909573,1721,858,False,,complete
Twin Liquors #88,538 CENTENNIAL,75081,liquor_store,48113019040,3.0,5268,0.321443,0.546747214286986,0.10679462582390555,0.16102500672909573,1722,859,False,,complete
Sigel's,538 Centennial Boulevard,75081,liquor_store,48113019040,3.0,5267,0.321443,0.546747214286986,0.10677435349554111,0.16099444009911681,1723,860,False,,complete
7-ELEVEN CONVENIENCE STORE #27693A,7815 GARLAND ROAD,75218,liquor_store,48113000100,2.0,3706,0.397824,0.30109264352524556,0.10677393382905451,0.05948468557554397,1724,2886,False,,complete
HIHO GROCERY,105 E SANER AVE,75216,liquor_store,48113005600,2.0,3604,0.404975,0.5273490500803241,0.10671632325689902,0.10603109786807896,1725,1876,False,,complete
QUALITY LICENSING CORP (STORE #4046),1855 S GARLAND AVENUE,75040,liquor_store,48113018600,2.0,4094,0.373173,0.5219585319634594,0.10667047653780291,0.11914304745331314,1726,1612,False,,complete
LONE STAR SHOP,7629 MILITARY PKWY,75227,barbershop_beauty,48113008500,2.0,3625,0.403254,0.6378004428704498,0.10664071699676259,0.1303077327326207,1727,1410,False,,complete
FOOT HEALTH MASSAGE,6780 ABRAMS RD Ste:109,75231,barbershop_beauty,48113007821,2.0,3549,0.408663,0.6652298664803632,0.10655095543298565,0.13332799457331435,1728,1367,False,,complete
Bonchon,3036 Mockingbird Ln,75205,liquor_store,48113019302,3.0,6362,0.289789,0.34809225673925365,0.10645960944376533,0.11978448900585635,1729,1599,False,,complete
ALLURING SCENTS,1615 SINGLETON BLVD,75212,convenience_corner_store,48113010101,2.0,4544,0.349607,0.6601110640526379,0.10642426578959972,0.16933349710078804,1730,735,False,,complete
WINGSTOP RESTAURANT,6760 ABRAMS RD SUITE 119,75231,liquor_store,48113007821,2.0,3544,0.408663,0.6652298664803632,0.1064008413791212,0.13314015575312088,1731,1373,False,,complete
"KOPAL STUDIO, LLC",324 W JEFFERSON BLVD Ste:200,75208,barbershop_beauty,48113005000,2.0,4141,0.36994,0.6725108601797917,0.10639842410463006,0.15734970804661869,1732,924,False,,complete
MS BLUE WIRELESS,326 W JEFFERSON BLVD,75208,convenience_corner_store,48113005000,2.0,4141,0.36994,0.6725108601797917,0.10639842410463006,0.15734970804661869,1733,925,False,,complete
Chilly Mart,540 Centennial Boulevard,75081,convenience_corner_store,48113019040,3.0,5243,0.321443,0.546747214286986,0.10628781761479439,0.16026084097962207,1734,873,False,,complete
PANADERIA EL ARTESANO,525 E JEFFERSON BLVD Ste:C,75203,convenience_corner_store,48113004800,2.0,3536,0.408939,0.7271825863823214,0.10626976055310507,0.14578414287958047,1735,1128,False,,complete
"MARY AND MEGAN FOOD COMPANY 1133, LLC.",1335 PLOWMAN AVE,75203,grocery_food_mart,48113002001,2.0,4503,0.351191,0.5176625340364546,0.10626139494774406,0.1299026235276309,1736,1418,False,,complete
CAULDRON ICE CREAM,3001 KNOX ST Ste:103,75205,convenience_corner_store,48113000705,3.0,6328,0.290215,0.30745727780530385,0.1061920249942019,0.103950052607639,1737,1920,False,,complete
EXPRESS LAUNDRY CENTER,2702 S BUCKNER BLVD Ste:170,75227,laundromat,48113009001,2.0,4367,0.357509,0.6208400584512634,0.10613649419703756,0.1526038214075011,1738,995,False,,complete
BEVERAGE DEPOT,6575 E NW HWY,75214,liquor_store,48113007809,2.0,4145,0.368929,0.4963180023004522,0.10603272545377966,0.114347163043262,1739,1722,False,,complete
CRICKET WIRELESS,10704 GARLAND RD Ste:110,75218,convenience_corner_store,48113012802,2.0,4104,0.371201,0.4634449969832174,0.1060262887044548,0.10524423214139479,1740,1897,False,,complete
Nail Court,14999-D Preston Road,,barbershop_beauty,48113013622,3.0,5909,0.300608,0.4708881595405502,0.1060260486874205,0.15413107799012654,1741,974,False,,complete
Que Buen Taco #2,11931 Elam Rd Ste 102,75180,liquor_store,48113017201,1.0,3097,0.446334,0.6933894103880289,0.10602307077695967,0.12150060616684452,1742,1562,False,,complete
BENNY'S FOOD MART,5942 ABRAMS RD STE 100,75231,liquor_store,48113007809,2.0,4144,0.368929,0.4963180023004522,0.10600714457912254,0.11431957627292588,1743,1723,False,,complete
ATOMIC HOME SUPPLY,336 W JEFFERSON BLVD,75208,convenience_corner_store,48113005000,2.0,4123,0.36994,0.6725108601797917,0.105935933973289,0.15666574408988382,1744,932,False,,complete
Duncanville Public Library,,,library,48113016516,2.0,3345,0.423384,0.6153461866691218,0.10593112625434314,0.11580436784888808,1745,1685,False,,complete
CVS/PHARMACY #6803,2222 N STORY RD,75062,liquor_store,48113014315,2.0,4282,0.360783,0.5920287979688628,0.10563787563296513,0.14234359933763865,1746,1186,False,,complete
QUIKTRIP #999,1600 LYNDON B JOHNSON FWY,75234,liquor_store,48113009900,2.0,3218,0.433542,0.5594792586308812,0.10556352758974574,0.10078443210431409,1747,1978,False,,complete
WALGREENS #05093,1306 N BECKLEY AVE,75203,liquor_store,48113002001,2.0,4473,0.351191,0.5176625340364546,0.10555345760632004,0.12903718299779993,1748,1429,False,,complete
DESOTO FOOD MART,901 N POLK ST STE 303,75115,liquor_store,48113016610,1.0,2675,0.492303,0.5708693035781052,0.10532298491032345,0.08557860813854151,1749,2310,False,,complete
VIVIANS HOUSE OF DANCE,9605 CLARK RD Ste:500,75249,barbershop_beauty,48113016526,2.0,3379,0.418595,0.5595196750209478,0.10519883651855534,0.1058348553423307,1750,1887,False,,complete
Blade Kings III,,,barbershop_beauty,48113016530,1.0,2720,0.486009,0.512651184661893,0.10518093328240831,0.07766116058602986,1751,2454,False,,complete
ON THE WHIM,4433 MCKINNEY AVE,75210,convenience_corner_store,48113000705,3.0,6267,0.290215,0.30745727780530385,0.10516836609334124,0.10294800564034033,1752,1934,False,,complete
"Nail ""n"" NAILS",,,barbershop_beauty,48113019039,2.0,4204,0.363869,0.5936838837651426,0.10516393466565642,0.14016184538388818,1753,1225,False,,complete
BRIANNAS WAREHOUSE,931 W JEFFERSON BLVD Ste:A,75208,convenience_corner_store,48113004600,3.0,6094,0.294375,0.42771125702498647,0.10509924118746522,0.14340889020844946,1754,1164,False,42,complete
EZ Mart,818 South Central Expressway,75080,convenience_corner_store,48113019202,2.0,3802,0.387294,0.5643381027063337,0.10506420719663684,0.12016629603170649,1755,1592,False,,complete
MUNDO DE ORO JEWELRY INC,332 W JEFFERSON BLVD,75208,convenience_corner_store,48113005000,2.0,4089,0.36994,0.6725108601797917,0.1050623415029781,0.1553738121716068,1756,951,False,,complete
Waters Edge Winery - Bistro Dallas,6750 Abrams Rd STE 105,75231,liquor_store,48113007821,2.0,3499,0.408663,0.6652298664803632,0.10504981489434116,0.13144960637137978,1757,1393,False,,complete
7-ELEVEN CONVENIENCE STORE #26589C,2800 N O'CONNOR RD,75062,liquor_store,48113014203,3.0,5308,0.316924,0.49561598439753074,0.10492398515362301,0.14621038940974287,1758,1123,False,,complete
LOVESAC,3207 KNOX ST,75205,convenience_corner_store,48113000706,3.0,6477,0.284792,0.34117468388486916,0.10476577569522282,0.11930219032859568,1759,1606,False,34,complete
DALLAS REGENCY LLC,300 REUNION BOULEVARD,75207,liquor_store,48113020402,2.0,4323,0.356845,0.3807055903558601,0.10474621358028124,0.08972489660081562,1760,2221,False,,complete
BLUE SKY BEAUTY SALON,3203 N WESTMORELAND RD,75212,barbershop_beauty,48113010500,1.0,2614,0.498524,0.7297267387782101,0.10473915146752377,0.1081643950221681,1761,1836,False,,complete
NO KINGS COLLECTIVE LLC,10918 GARLAND RD Ste:101,75218,barbershop_beauty,48113012802,2.0,4050,0.371201,0.4634449969832174,0.10463120595834355,0.10385943961321854,1762,1921,False,,complete
METRO BY T-MOBILE,2211 S BECKLEY AVE Ste:105,75224,convenience_corner_store,48113005400,2.0,3382,0.416827,0.5900076704545058,0.10462379058343965,0.11202160787507486,1763,1767,False,,complete
7-ELEVEN CONVENIENCE STORE #18717A,2223 S BECKLEY AVENUE,75224,liquor_store,48113005400,2.0,3382,0.416827,0.5900076704545058,0.10462379058343965,0.11202160787507486,1764,1768,False,,complete
Tom Thumb #1784,1501 Pioneer Rd,75149,liquor_store,48113017400,2.0,4309,0.357291,0.5506472034228234,0.1046218369096198,0.13270461834114064,1765,1379,False,,complete
TOM THUMB #4606,1509 PIONEER RD,75149,liquor_store,48113017400,2.0,4309,0.357291,0.5506472034228234,0.1046218369096198,0.13270461834114064,1766,1380,False,,complete
Family Dollar #28391,4550 W MOCKINGBIRD LN,75209,liquor_store,48113007102,1.0,2885,0.464441,0.45585815278825087,0.10460529596857282,0.07269045950663071,1767,2546,False,,complete
RH,4529 MCKINNEY AVE,75205,grocery_food_mart,48113000705,3.0,6226,0.290215,0.30745727780530385,0.10448033306161522,0.10227449866231993,1768,1944,False,,complete
KWIKMART CHURCH'S,10201 C F HAWN FWY,75217,convenience_corner_store,48113011702,1.0,2769,0.477467,0.6500092241967682,0.10443154755919475,0.1015347360202615,1769,1953,False,,complete
LIQUOR ROYALE,701 E Irving Blvd,75060,liquor_store,48113014903,2.0,3659,0.39536,0.55189166847014,0.10441192217008385,0.11295558219596065,1770,1758,False,,complete
VERIZON WIRELESS,3211 KNOX ST,75205,convenience_corner_store,48113000706,3.0,6454,0.284792,0.34117468388486916,0.10439374962744605,0.11887854506418967,1771,1616,False,,complete
7-ELEVEN CONVENIENCE STORE #35403B,5671 E MOCKINGBIRD LN,75206,liquor_store,48113000300,3.0,5838,0.300036,0.3396714175647209,0.10437877488977612,0.10701364225173496,1772,1859,False,48,complete
COSTCO TEXAS BEVERAGES INC. #636,250 W HIGHWAY 67,75137,liquor_store,48113016636,1.0,2849,0.467551,0.5301930701036439,0.1042905150254969,0.08429748384394731,1773,2334,False,,complete
VELORA FURNITURE INC,2984 W WHEATLAND RD Ste:A,75237,grocery_food_mart,48113016635,1.0,2661,0.490644,0.7316371823577514,0.10427824576162613,0.11040959744306807,1774,1803,False,,complete
Stop N Get,1915 S Story Rd,75060,liquor_store,48113015306,2.0,3797,0.38572,0.554233004230539,0.10425791619585062,0.11774103986418648,1775,1644,False,,complete
Foxtrot,3130 Knox St STE 120,75205,liquor_store,48113000706,3.0,6445,0.284792,0.34117468388486916,0.10424817420962036,0.11871277083029166,1776,1622,False,,complete
La Villita Nails,,,barbershop_beauty,48113014143,3.0,6007,0.295326,0.29770572334542533,0.1042374372762056,0.09521563902240962,1777,2088,False,44,complete
VINCE.,3205 KNOX ST,75205,convenience_corner_store,48113000706,3.0,6443,0.284792,0.34117468388486916,0.1042158241167702,0.11867593211164766,1778,1625,False,,complete
HANDY STOP,701 MACARTHUR BOULEVARD,75050,liquor_store,48113015700,1.0,2707,0.484468,0.620613321112478,0.10421189217493042,0.09455923098525396,1779,2102,False,,complete
K-POP RAMEN,5150 Lemmon Ave Ste 105,75209,liquor_store,48113000609,3.0,4891,0.330624,0.41533977074800027,0.1041718881434357,0.11152346018878122,1780,1779,False,,complete
SUNSHINE BEAUTIFUL OLD & NEW,619 E JEFFERSON BLVD,75203,convenience_corner_store,48113004800,2.0,3465,0.408939,0.7271825863823214,0.10413595031575483,0.14285691602877443,1781,1176,False,,complete
GROOMERS EXCLUSIVE BARBER AND BEAUTY SHOP,4618 MCKINNEY AVE,75205,barbershop_beauty,48113000706,3.0,6438,0.284792,0.34117468388486916,0.10413494888464482,0.11858383531503766,1782,1627,False,,complete
WALGREENS #04203,438 W ILLINOIS AVE,75224,liquor_store,48113006200,2.0,4407,0.351452,0.6299409286659414,0.10412458142319016,0.15637156456875428,1783,938,False,,complete
Bobtown Express Food Mart,4102 Bobtown Rd,75043,liquor_store,48113018142,2.0,3778,0.386573,0.46260768084561477,0.10409647886048343,0.09669726437065866,1784,2060,False,,complete
COOKIE CUTTERS,6760 ABRAMS RD Ste:109,75231,barbershop_beauty,48113007821,2.0,3467,0.408663,0.6652298664803632,0.10408908494960868,0.13024743792214166,1785,1413,False,,complete
Top End Liquor Beer and Wine No 2,6780 Abrams Rd STE 119,75231,liquor_store,48113007821,2.0,3467,0.408663,0.6652298664803632,0.10408908494960868,0.13024743792214166,1786,1414,False,,complete
AMIGOS LIQUOR BEER & WINE,4444 W JEFFERSON BLVD STE 622,75211,liquor_store,48113019900,3.0,4733,0.336644,0.6224594192639687,0.10399194154847344,0.16584649920314382,1787,764,False,,complete
DEALS TO GO,3921 S BUCKNER BLVD,75227,grocery_food_mart,48113008500,2.0,3534,0.403254,0.6378004428704498,0.10396366727353352,0.1270365593040225,1788,1455,False,,complete
Arochi's Barberers,5150,,barbershop_beauty,48113000609,3.0,4880,0.330624,0.41533977074800027,0.10393760256388596,0.11127264071176698,1789,1783,False,,complete
MURPHY EXPRESS #8930,2476 ARAPAHO RD,75044,liquor_store,48113019027,2.0,3917,0.377408,0.5552448331431477,0.1039131430729601,0.12169630885784631,1790,1559,False,,complete
THE DOORWAY TO BEAUTY SPA,925 W JEFFERSON BLVD Ste:2,75208,barbershop_beauty,48113004600,3.0,6025,0.294375,0.42771125702498647,0.10390924321537216,0.1417851269290955,1791,1197,False,,complete
Spincycle Washateria,9901 Royal Lane,,laundromat,48113007835,2.0,4093,0.367034,0.38696007297869206,0.1038354363563461,0.08646387065887268,1792,2298,False,,complete
U Need Nails,130 West Belt Line Road,75104,barbershop_beauty,48113016626,1.0,2382,0.53001,0.6255513538096666,0.10382759874374377,0.08390157352014754,1793,2346,False,,complete
PLAYMATES LOUNGE CABARET,11505 ANAHEIM DR Ste:200,75229,other_storefront,48113009610,1.0,2417,0.52404,0.7795457989020851,0.1037400942567821,0.10712793407572446,1794,1858,False,,complete
QUALITY LICENSING CORP. (STORE #7232),108 W PARKERVILLE RD,75115,liquor_store,48113016623,1.0,2543,0.504967,0.49549081279504886,0.10372594398377348,0.0700288587181057,1795,2605,False,,complete
BALCH SPRINGS LIQUOR ZONE,1820 W BRUTON RD,75180,liquor_store,48113017201,1.0,3029,0.446334,0.6933894103880289,0.10369515059199574,0.11883284988032679,1796,1617,False,,complete
7-ELEVEN CONVENIENCE STORE #24579B,3733 W NORTHWEST HWY,75220,convenience_corner_store,48113009802,2.0,3161,0.433507,0.6748328747577819,0.10368132697468073,0.12054538402595195,1797,1584,False,,complete
EZ Trip Beer and Wine,1604 W Bruton Rd,75149,liquor_store,48113017604,2.0,3359,0.416162,0.6089663531823291,0.103662561264654,0.11502276039888992,1798,1697,False,,complete
MURPHY USA #7350,12330 LAKE JUNE RD,75180,liquor_store,48113017201,1.0,3028,0.446334,0.6933894103880289,0.10366091647162863,0.11879361817023094,1799,1618,False,,complete
SPRING VALLEY GAS & MORE,701 W SPRING VALLEY ROAD,75080,liquor_store,48113019202,2.0,3751,0.387294,0.5643381027063337,0.10365487669505125,0.11855438622170728,1800,1628,False,,complete
TRADER JOE'S #400,4501 COLE AVE,75205,liquor_store,48113000705,3.0,6175,0.290215,0.30745727780530385,0.10362448709532186,0.10143672168966036,1801,1957,False,,complete
LA MICHOACANA MEAT MARKET,24315 LYNDON B JOHNSON FWY,75180,liquor_store,48113017604,2.0,3356,0.416162,0.6089663531823291,0.10356997785179482,0.11492003093143037,1802,1701,False,,complete
VILLAGE BAKING COMPANY,4539 TRAVIS ST Ste:100,75205,convenience_corner_store,48113000705,3.0,6170,0.290215,0.30745727780530385,0.1035405806280382,0.1013545866923408,1803,1958,False,,complete
PARKING GARAGE,4524 COLE AVE,75205,grocery_food_mart,48113000705,3.0,6167,0.290215,0.30745727780530385,0.10349023674766801,0.10130530569394908,1804,1961,False,,complete
PRO REFINISH & SUPPLY,12022 GARLAND RD Ste:100,75218,convenience_corner_store,48113012701,2.0,3316,0.419182,0.6768378354736461,0.10345505139071738,0.12684919741705308,1805,1458,False,,complete
FAMILY DOLLAR STORE #32108,4395 W NORTHGATE DRIVE,75062,liquor_store,48113014161,2.0,3152,0.433616,0.5305385704606631,0.10342453356577225,0.09332713307659098,1806,2130,False,,complete
OKA HOME,4531 MCKINNEY AVE,75205,grocery_food_mart,48113000705,3.0,6155,0.290215,0.30745727780530385,0.10328886122618722,0.10110818170038212,1807,1968,False,,complete
YETI DALLAS,4525 MCKINNEY AVE,75205,grocery_food_mart,48113000705,3.0,6155,0.290215,0.30745727780530385,0.10328886122618722,0.10110818170038212,1808,1969,False,,complete
ALARCON RESALE SHOP,4858 S BUCKNER BLVD Ste:130,75227,convenience_corner_store,48113012207,2.0,3414,0.410578,0.6870570509407926,0.10322874964746856,0.1326596118213792,1809,1381,False,,complete
BIG BOI'S CHICKEN-N-WAFFLES,4864 S BUCKNER BLVD Ste:A,75227,convenience_corner_store,48113012207,2.0,3414,0.410578,0.6870570509407926,0.10322874964746856,0.1326596118213792,1810,1382,False,,complete
DIAMOND FIT CLUB,11231 ALVIN ST Ste:1,75218,barbershop_beauty,48113012802,2.0,3995,0.371201,0.4634449969832174,0.10321028834656358,0.10244900277896496,1811,1942,False,,complete
Highway 6 Market,610 E Cook St,75189,convenience_corner_store,48113002500,1.0,2302,0.540924,0.5882942073267108,0.10314918651591673,0.07601581468925583,1812,2483,False,,complete
CODE BLUE POLICE & SECURITY SUPPLY,8238 E R L THORNTON FWY Ste:200B,75228,convenience_corner_store,48113012207,2.0,3411,0.410578,0.6870570509407926,0.10313803897115267,0.13254303922751154,1813,1384,False,,complete
DOLLAR GENERAL STORE #3351,103 E BELT LINE RD STE A,75104,liquor_store,48113016626,1.0,2366,0.53001,0.6255513538096666,0.10313018414261031,0.08333800291715747,1814,2352,False,,complete
PICK QUICK DELI MART #2,8101 S POLK STREET,75232,convenience_corner_store,48113011101,2.0,3405,0.410787,0.5496725330650525,0.10303617370718815,0.10466795296566928,1815,1907,False,,complete
Mr Joe's Food Mart,2937 Motley Dr,75150,liquor_store,48113017806,2.0,3168,0.430786,0.5440872385728756,0.10294726835694903,0.0963371443970169,1816,2067,False,,complete
Wash Dry Lavanderia,1204 3017 N Westmoreland Rd,75212,laundromat,48113010500,1.0,2568,0.498524,0.7297267387782101,0.10289599884032176,0.10626096649461657,1817,1873,False,,complete
GREEN LOTUS MASSAGE,4447 N CENTRAL EXPY Ste:115,75205,barbershop_beauty,48113000705,3.0,6127,0.290215,0.30745727780530385,0.1028189850093987,0.10064822571539256,1818,1981,False,,complete
DAIRY MART #2,5112 W DAVIS ST,75211,convenience_corner_store,48113010701,1.0,2497,0.50842,0.7172541620692421,0.10281354354263388,0.10148276710047592,1819,1954,False,,complete
STOP AND SHOP,5107 W DAVIS ST,75211,convenience_corner_store,48113010701,1.0,2497,0.50842,0.7172541620692421,0.10281354354263388,0.10148276710047592,1820,1955,False,,complete
Dairy Way,5235 w davis st suite 101,75211,liquor_store,48113010701,1.0,2497,0.50842,0.7172541620692421,0.10281354354263388,0.10148276710047592,1821,1956,False,,complete
DOLLAR GENERAL STORE #19327,11921 ELAM ROAD,75180,liquor_store,48113017201,1.0,3003,0.446334,0.6933894103880289,0.10280506346245072,0.11781282541783471,1822,1640,False,,complete
KROGER #492,11925 ELAM RD,75180,liquor_store,48113017201,1.0,3003,0.446334,0.6933894103880289,0.10280506346245072,0.11781282541783471,1823,1641,False,,complete
Kwik Mart,10201 C F Hawn Fwy,75217,liquor_store,48113011702,1.0,2725,0.477467,0.6500092241967682,0.10277210801690347,0.0999213274305571,1824,1995,False,,complete
QUALITY LICENSING CORP. (STORE #1118),12300 LAKE JUNE RD,75180,liquor_store,48113017201,1.0,3002,0.446334,0.6933894103880289,0.1027708293420836,0.11777359370773886,1825,1642,False,,complete
HARI MARI,3213 KNOX ST,75205,convenience_corner_store,48113000706,3.0,6353,0.284792,0.34117468388486916,0.10276006993851329,0.11701818977266765,1826,1656,False,,complete
"Spec's Wines, Spirits & Finer Foods",,,liquor_store,48113016530,1.0,2657,0.486009,0.512651184661893,0.10274475725417606,0.07586239105775049,1827,2486,False,,complete
Berkley's Market,3300 Knox St STE 200,75205,liquor_store,48113000706,3.0,6343,0.284792,0.34117468388486916,0.10259831947426253,0.11683399617944765,1828,1661,False,,complete
Mane,5321 East Mockingbird Lane,75206,barbershop_beauty,48113007914,3.0,5828,0.297566,0.5001946119650627,0.1025907217669027,0.1621107097475642,1829,828,False,,complete
"DAILYTX, LLC",216 W JEFFERSON BLVD Ste:120,75208,convenience_corner_store,48113005000,2.0,3992,0.36994,0.6725108601797917,0.10257003357297348,0.15168800640475774,1830,1010,False,,complete
LUCKY YOU TATTOO,309 CENTRE ST,75208,barbershop_beauty,48113005000,2.0,3990,0.36994,0.6725108601797917,0.10251864578060225,0.15161201040956498,1831,1011,False,,complete
ANTHROPOLOGIE,4600 MCKINNEY AVE,75205,grocery_food_mart,48113000706,3.0,6337,0.284792,0.34117468388486916,0.10250126919571206,0.11672348002351564,1832,1664,False,,complete
Walnut Mart,2992 Walnut Hill Ln,75229,liquor_store,48113009803,2.0,3354,0.413422,0.5751097470489208,0.1024808932363319,0.10814158191806637,1833,1837,False,,complete
QUALITY LICENSING CORP. (STORE #7224),350 N BLUEGROVE RD,75146,liquor_store,48113016802,1.0,2303,0.537876,0.49887700243190103,0.1024092674356845,0.0638805714575298,1834,2753,False,,complete
PICARA FASHION LLC,939 W JEFFERSON BLVD Ste:105,75208,barbershop_beauty,48113004600,3.0,5937,0.294375,0.42771125702498647,0.10239156464226797,0.13971424042789046,1835,1233,False,,complete
THE RETAIL CONNECTION,4445 TRAVIS ST,75205,grocery_food_mart,48113000705,3.0,6095,0.290215,0.30745727780530385,0.1022819836187833,0.10012256173254737,1836,1990,False,,complete
JIRO SUSHI,761 S MacArthur Blvd Ste 121,75019,liquor_store,48113014120,2.0,4219,0.356881,0.29661430787304094,0.10224327480729758,0.06660235289755627,1837,2677,False,,complete
CIRCLE K #2742406,4402 W JEFFERSON,75211,liquor_store,48113019900,3.0,4652,0.336644,0.6224594192639687,0.10221223580889466,0.16300822190852,1838,811,False,,complete
7-Eleven Convenience Store #35486B,4411 W Jefferson Blvd,75211,liquor_store,48113019900,3.0,4651,0.336644,0.6224594192639687,0.10219026413309738,0.16297318144809253,1839,814,False,,complete
BUCKINGHAM BEER & WINE,1529 W BUCKINGHAM RD STE 6,75042,liquor_store,48113019048,3.0,4964,0.324074,0.45903986516028494,0.10209187089943142,0.12600621102465437,1840,1472,False,,complete
CITY STAR 1,1036 N COUNTRY CLUB ROAD,75040,liquor_store,48113018121,2.0,4353,0.349826,0.5257029549264701,0.10205745858290567,0.12764356631951884,1841,1445,False,,complete
DR. DELPHINIUM DESIGNS,5806 W LOVERS LANE,75225,liquor_store,48113007101,3.0,5115,0.318471,0.39197589666585364,0.10199352495370471,0.10956944042127528,1842,1810,False,,complete
Chic Nails Lounge,,,barbershop_beauty,48113014152,3.0,5049,0.320761,0.420443653818306,0.1019700399520606,0.11664885876256276,1843,1666,False,,complete
GATEWAY 23,3303 W ILLINOIS Ave,75211,liquor_store,48113006402,2.0,4000,0.368137,0.5840281296565564,0.10196934214752959,0.13107822969913696,1844,1396,False,,complete
PEP BOYS AUTO,6534 E NORTHWEST HWY Ste:100,75214,grocery_food_mart,48113007902,2.0,4126,0.361126,0.3631839304136826,0.10194753134015912,0.08136424390557515,1845,2390,False,,complete
ONE STOP FOOD STORE,1600 MARSH LN STE 100,75006,liquor_store,48113013725,2.0,4083,0.363445,0.5252953171343273,0.10194356138910102,0.11962797393779709,1846,1602,False,,complete
BJ's Wholesale Club #264,"1021 IKEA Way, Grand Prairie, TX, USA",75052,liquor_store,48113016419,1.0,2563,0.495794,0.5028436872409088,0.10191344992741605,0.07169319132390704,1847,2566,False,,complete
NATUZZI ITALIA,4441 MCKINNEY AVE,75205,grocery_food_mart,48113000705,3.0,6069,0.290215,0.30745727780530385,0.10184566998890825,0.09969545974648564,1848,2001,False,,complete
THE DAIQUIRIVILLE LLC,1411 S COCKRELL HILL RD,75137,liquor_store,48113016636,1.0,2782,0.467551,0.5301930701036439,0.10183791253103978,0.08231505793396329,1849,2374,False,,complete
HEAVEN BRIDAL QUINCEANERAS FORMAL WEAR,318 W JEFFERSON BLVD Ste:A,75208,convenience_corner_store,48113005000,2.0,3961,0.36994,0.6725108601797917,0.10177352279121941,0.15051006847926987,1850,1032,False,,complete
PUFF MASTER LLC,4607 VILLAGE FAIR DR Ste:317,75224,convenience_corner_store,48113006002,1.0,3063,0.436995,0.6628236846879564,0.10166126580697564,0.11463456034781302,1851,1715,False,,complete
RISE NATION,4640 MCKINNEY AVE Ste:140,75205,barbershop_beauty,48113000706,3.0,6282,0.284792,0.34117468388486916,0.10161164164233284,0.11571041526080564,1852,1687,False,,complete
Hair,,,barbershop_beauty,48113016626,1.0,2330,0.53001,0.6255513538096666,0.10156100129006003,0.08206996906042979,1853,2378,False,,complete
GATEWAY 2,1739 S SAINT AUGUSTINE DR,75217,liquor_store,48113017102,1.0,2117,0.569215,0.727607884670946,0.10155505329456561,0.08733403643036276,1854,2279,False,,complete
Daily Stop,9901 Royal Lane,,convenience_corner_store,48113007835,2.0,4002,0.367034,0.38696007297869206,0.1015268547026868,0.08454151243019996,1855,2329,False,,complete
7-ELEVEN CONVENIENCE STORE #35972B,6401 RIVERSIDE DRIVE,75039,liquor_store,48113014143,3.0,5848,0.295326,0.29770572334542533,0.10147836410708345,0.09269536490811577,1856,2148,False,,complete
CARLA MCPIKE,10100 N CENTRAL EXPY Ste:318,75231,barbershop_beauty,48113007822,3.0,4860,0.326831,0.42987960707786643,0.10145086063673198,0.11499211419869526,1857,1698,False,,complete
THE SWEAT SHOP,202 S TYLER ST,75208,barbershop_beauty,48113004600,3.0,5875,0.294375,0.42771125702498647,0.10132229110212637,0.1382552067565869,1858,1277,False,,complete
FFBB BARBERSHOP LLC,308 W JEFFERSON BLVD,75208,barbershop_beauty,48113005000,2.0,3943,0.36994,0.6725108601797917,0.10131103265987836,0.149826104522535,1859,1048,False,,complete
Skillz Salon,,,barbershop_beauty,48113016626,1.0,2324,0.53001,0.6255513538096666,0.10129947081463497,0.0818586300843085,1860,2384,False,,complete
EL RANCHO #16,4450 W JEFFERSON Blvd,75211,liquor_store,48113019900,3.0,4603,0.336644,0.6224594192639687,0.10113562369482847,0.16129123934757467,1861,853,False,,complete
PANADERIA LA HACIENDA,316 W JEFFERSON BLVD,75208,convenience_corner_store,48113005000,2.0,3936,0.36994,0.6725108601797917,0.10113117538657905,0.14956011853936033,1862,1051,False,,complete
SUPER MERCADO MONTERREY #5,5306 W DAVIS ST,75211,liquor_store,48113010701,1.0,2456,0.50842,0.7172541620692421,0.10112537562703595,0.09981645013967515,1863,1997,False,,complete
PAPPAS BAR-B-Q,230 HWY 67 WEST,75116,liquor_store,48113016636,1.0,2761,0.467551,0.5301930701036439,0.1010691863760607,0.08169370055919219,1864,2387,False,,complete
CVS/PHARMACY #7715,410 W ROCHELLE ROAD,75062,liquor_store,48113014203,3.0,5109,0.316924,0.49561598439753074,0.10099032406741898,0.14072887707128415,1865,1215,False,,complete
ALDI (TEXAS) LLC #16,3635 GUS THOMASSON RD,75150,liquor_store,48113017820,2.0,4250,0.352582,0.3984985299917271,0.10095200865134256,0.0926781458548506,1866,2149,False,,complete
Heaven and 73rd,5100 Lemmon Ave.,75209,liquor_store,48113000609,3.0,4739,0.330624,0.41533977074800027,0.10093448740783924,0.10805759105185732,1867,1844,False,,complete
Howies Liquors,3609 Greenville Ave,75206,liquor_store,48113000300,3.0,5643,0.300036,0.3396714175647209,0.1008923307130878,0.10343918863078799,1868,1925,False,,complete
Songbird Society,,,barbershop_beauty,48113000706,3.0,6237,0.284792,0.34117468388486916,0.10088376455320439,0.11488154409131562,1869,1702,False,,complete
NEIGHBORHOOD FOOD MART,5001 W DAVIS ST,75211,convenience_corner_store,48113010701,1.0,2450,0.50842,0.7172541620692421,0.10087832666377773,0.09957259887711895,1870,2004,False,,complete
MARIA'S GROCERY,8300 Elam Rd Suite130,75217,convenience_corner_store,48113011701,1.0,2671,0.477828,0.6512134657592868,0.10084331626102302,0.09813129962264931,1871,2032,False,,complete
RETREAT MODELING,1515 S EWING AVE,75216,barbershop_beauty,48113021000,1.0,2535,0.495881,0.7603398917735704,0.10082473143015865,0.10948110020197126,1872,1812,False,,complete
LUCKY DOG BOOKS,10534 GARLAND RD,75218,grocery_food_mart,48113012802,2.0,3902,0.371201,0.4634449969832174,0.10080764583937199,0.10006408231377253,1873,1991,False,,complete
,3219 KNOX ST Ste:130,75205,convenience_corner_store,48113000706,3.0,6228,0.284792,0.34117468388486916,0.10073818913537869,0.11471576985741762,1874,1710,False,,complete
Lane Florist,4655 N Central Expy,75205,liquor_store,48113000706,3.0,6228,0.284792,0.34117468388486916,0.10073818913537869,0.11471576985741762,1875,1711,False,,complete
TOWN SHOP C-STORE,8242 SCYENE RD,75227,convenience_corner_store,48113009001,2.0,4144,0.357509,0.6208400584512634,0.10071665490096718,0.14481113714510752,1876,1142,False,,complete
CORNER MART,1717 OATES DR,75150,liquor_store,48113018130,3.0,4565,0.337339,0.5874799455299337,0.10065537912225075,0.15052414187181765,1877,1031,False,,complete
SLEEP NUMBER,3010 KNOX ST,75205,convenience_corner_store,48113000706,3.0,6222,0.284792,0.34117468388486916,0.10064113885682822,0.11460525370148561,1878,1718,False,,complete
DBA:  JESSI'Z X'Z,3917 W CAMP WISDOM RD Ste:104,75237,convenience_corner_store,48113010903,2.0,3387,0.405548,0.661845259511921,0.10050779994787051,0.12656462947179922,1879,1462,False,,complete
KITCHEN UNITED INC.,5665 E MOCKINGBIRD LN,75206,grocery_food_mart,48113000300,3.0,5620,0.300036,0.3396714175647209,0.10048110909224764,0.10301758640883014,1880,1930,False,,complete
AFRICAN MARKET MUNGU NI MWEMA,9750 WALNUT ST,75243,convenience_corner_store,48113019034,2.0,3626,0.387905,0.4887271154400155,0.10044830847836897,0.09840320460014043,1881,2026,False,,complete
Waxing the City,,,barbershop_beauty,48113014135,2.0,3434,0.401547,0.3643372638571388,0.10036654886116754,0.06795211228371441,1882,2647,False,,complete
HELLO FOOD MART,6411 GREAT TRINITY FOREST WAY,75217,convenience_corner_store,48113011601,1.0,2587,0.487132,0.6674839681629444,0.10036267270344514,0.09753238040437469,1883,2043,False,,complete
SPOTS & WHISKERS THRIFT STORE,923 W JEFFERSON BLVD,75208,convenience_corner_store,48113004600,3.0,5817,0.294375,0.42771125702498647,0.10032200295167135,0.13689030428988358,1884,1305,False,,complete
6060 DELI,6060 N CENTRAL EXPY Ste:168,75206,convenience_corner_store,48113007914,3.0,5697,0.297566,0.5001946119650627,0.10028471892691226,0.15846683483731525,1885,893,False,,complete
Salon U-Me,1830 Range Drive,75149,barbershop_beauty,48113017705,1.0,2760,0.465118,0.6983686116061287,0.10028188936419453,0.10909156914498006,1886,1820,False,,complete
FIESTA MART #53,975 E IRVING BLVD,75060,liquor_store,48113014903,2.0,3511,0.39536,0.55189166847014,0.10018864682677354,0.10838673109866571,1887,1833,False,,complete
"APPLES TO ZUCCHINI, INC",4514 TRAVIS ST Ste:204,,convenience_corner_store,48113000705,3.0,5970,0.290215,0.30745727780530385,0.10018432193669174,0.09806918679955828,1888,2033,False,,complete
NK YOGA DALLAS,4514 TRAVIS ST Ste:201,75205,barbershop_beauty,48113000705,3.0,5970,0.290215,0.30745727780530385,0.10018432193669174,0.09806918679955828,1889,2034,False,,complete
7-ELEVEN CONVENIENCE STORE #35416A,750 N RIVERFRONT BLVD,75207,liquor_store,48113010003,3.0,4761,0.328285,0.284070516662347,0.10015814722389482,0.07162961114152189,1890,2569,False,,complete
BENNY'S CLASSIC GRILL,10302 GARLAND ROAD,75218,liquor_store,48113008200,2.0,4207,0.353026,0.4092685838042698,0.10013942869001553,0.09441780407714319,1891,2106,False,,complete
MERAKI LOUNGE,921 W JEFFERSON BLVD,75208,barbershop_beauty,48113004600,3.0,5805,0.294375,0.42771125702498647,0.10011504678261167,0.13660791067608288,1892,1310,False,,complete
SEAN HORTON (PRESENTS),905 W JEFFERSON BLVD,75208,convenience_corner_store,48113004600,3.0,5800,0.294375,0.42771125702498647,0.10002881504550348,0.13649024667033258,1893,1311,False,,complete
CVS/PHARMACY #6965,7203 SKILLMAN ST,75231,liquor_store,48113007824,3.0,5417,0.305136,0.30800030880550866,0.09994007034010753,0.08915887503122953,1894,2239,False,,complete
THE HAIR GROUP,1157 EASTON RD Ste:106,75218,barbershop_beauty,48113012802,2.0,3868,0.371201,0.4634449969832174,0.09992926040663529,0.09919217590714305,1895,2009,False,,complete
SIGEL'S WINE & SPIRITS #97,2960 ANODE LN,75220,liquor_store,48113009803,2.0,3268,0.413422,0.5751097470489208,0.0998531780251439,0.10536872084324415,1896,1891,False,,complete
CHILL ZONE BEER & WINE,3115 S 1ST ST SUITE 200,75041,liquor_store,48113018402,2.0,3063,0.43166,0.6712677394768762,0.09983446396293733,0.11616287109083603,1897,1681,False,,complete
COOMBS CREEK FOOD MART,2711 Coombs Creek Dr,75211,liquor_store,48113006502,2.0,3869,0.370886,0.5604310813520071,0.09981885067040015,0.12139068364894261,1898,1563,False,,complete
Audelia Road,10045 Audelia Road,75238,library,48113013008,3.0,4987,0.319136,0.433345166312666,0.0998119356756758,0.11901828864506428,1899,1615,False,,complete
SHAKE SHACK,6781 N MACARTHUR BLVD,75039,liquor_store,48113014152,3.0,4941,0.320761,0.420443653818306,0.09978886262688282,0.11415369600828332,1900,1725,False,,complete
WFM BEVERAGE CORP.,6741 N MACARTHUR BLVD,75039,liquor_store,48113014152,3.0,4941,0.320761,0.420443653818306,0.09978886262688282,0.11415369600828332,1901,1726,False,,complete
DELIA'S PLACE,915 W JEFFERSON BLVD,75208,convenience_corner_store,48113004600,3.0,5786,0.294375,0.42771125702498647,0.09978736618160056,0.1361607874542318,1902,1314,False,,complete
"SRI AGS, INC",8240 SCYENE RD Ste:110,75227,convenience_corner_store,48113009001,2.0,4104,0.357509,0.6208400584512634,0.0997444864173671,0.14341334624602345,1903,1162,False,,complete
SELINA'S GROCERY,8300 SCYENE RD,75227,convenience_corner_store,48113009001,2.0,4104,0.357509,0.6208400584512634,0.0997444864173671,0.14341334624602345,1904,1163,False,,complete
CAFE MADRID INC.,4501 TRAVIS ST,75205,liquor_store,48113000705,3.0,5936,0.290215,0.30745727780530385,0.09961375795916284,0.09751066881778525,1905,2044,False,,complete
TAVERNA PIZZERIA,3312 KNOX ST,75205,liquor_store,48113000706,3.0,6156,0.284792,0.34117468388486916,0.09957358579277316,0.1133895759862336,1906,1747,False,,complete
Arcadia Liquor 2,5626 E R L Thornton Fwy,75223,liquor_store,48113002500,1.0,2222,0.540924,0.5882942073267108,0.099564505837692,0.07337408350978561,1907,2533,False,,complete
BAJA FOOD MART,5606 E RL THORNTON FREEWAY,75223,liquor_store,48113002500,1.0,2222,0.540924,0.5882942073267108,0.099564505837692,0.07337408350978561,1908,2534,False,,complete
SAM'S SEARCH SWEEPSTAKES,2814 S BUCKNER BLVD,75227,other_storefront,48113009001,2.0,4096,0.357509,0.6208400584512634,0.0995500527206471,0.14313378806620666,1909,1169,False,,complete
SEAGOVILLE CHEVRON,1001 HWY 175 NORTH,75159,liquor_store,48113017006,1.0,2041,0.5763,0.6044448529568984,0.09952580518700907,0.06934497639459614,1910,2612,False,,complete
SPEEDY BEE #3,1944 S MAIN STREET,75137,liquor_store,48113016636,1.0,2717,0.467551,0.5301930701036439,0.0994585220513426,0.08039180891681462,1911,2412,False,,complete
VICTORIA CAKES,5302 SINGLETON BLVD Ste:400,75212,convenience_corner_store,48113010602,1.0,2672,0.473039,0.7139175450860655,0.09945055979086269,0.10806828264870588,1912,1839,False,,complete
LA POTOSINA CONVENIENCE STORE,5302 SINGLETON BOULEVARD SUITE 100,75212,liquor_store,48113010602,1.0,2672,0.473039,0.7139175450860655,0.09945055979086269,0.10806828264870588,1913,1840,False,,complete
GOODFOOT SKATE SHOP,212 S TYLER ST,75208,convenience_corner_store,48113004600,3.0,5759,0.294375,0.42771125702498647,0.09932171480121631,0.13552540182318026,1914,1330,False,,complete
Raceway#6980,3516 N Buckner Blvd,75228,liquor_store,48113009001,2.0,4086,0.357509,0.6208400584512634,0.09930701059974707,0.14278434034143564,1915,1178,False,,complete
SAV MOR FOOD MART,3510 S BUCKNER BLVD STE A,75227,liquor_store,48113009001,2.0,4086,0.357509,0.6208400584512634,0.09930701059974707,0.14278434034143564,1916,1179,False,,complete
Whistle Food Mart ,995 W Beltline Road,75146,liquor_store,48113016806,1.0,2962,0.43988,0.5102676710133658,0.0992643685049197,0.08415354660022624,1917,2337,False,,complete
MI RINCONCITO LAGUNERO,3010 VILBIG RD,75212,convenience_corner_store,48113010101,2.0,4237,0.349607,0.6601110640526379,0.09923407001552244,0.15789305176409307,1918,904,False,,complete
CVS/PHARMACY #7481,1372 BELT LINE ROAD,75040,liquor_store,48113019026,3.0,5251,0.309116,0.48114655654816235,0.09921381501488986,0.1401507146634445,1919,1227,False,,complete
CVS/PHARMACY #5259,2129 E BELT LINE RD,75081,liquor_store,48113019023,3.0,4540,0.335455,0.35820215003651806,0.09914794917589818,0.08819182200560821,1920,2264,False,,complete
BUCKNER TIGER MART #76,3424 S BUCKNER BLVD,75227,liquor_store,48113009001,2.0,4077,0.357509,0.6208400584512634,0.09908827269093706,0.14246983738914173,1921,1185,False,,complete
DOLLAR GENERAL STORE #9369,11255 GARLAND RD STE 200,75218,liquor_store,48113012802,2.0,3832,0.371201,0.4634449969832174,0.09899920524256112,0.09826898088835888,1922,2031,False,,complete
QUIKTRIP #964,1206 W MAIN ST,75050,liquor_store,48113015404,1.0,2379,0.512243,0.6160223116976064,0.09897165124230772,0.08245635900988513,1923,2367,False,,complete
Radiant Waxing,6751 North MacArthur Boulevard,75039,barbershop_beauty,48113014152,3.0,4896,0.320761,0.420443653818306,0.09888003874139208,0.1131140448606669,1924,1753,False,,complete
blo,110 State Highway 161,,barbershop_beauty,48113014152,3.0,4896,0.320761,0.420443653818306,0.09888003874139208,0.1131140448606669,1925,1754,False,,complete
Grand Nail Salon,120 North MacArthur Boulevard,,barbershop_beauty,48113014152,3.0,4896,0.320761,0.420443653818306,0.09888003874139208,0.1131140448606669,1926,1755,False,,complete
Mountain Creek,6102 Mountain Creek Parkway,75249,library,48113016528,2.0,3463,0.39545,0.454697993956261,0.09885377806068674,0.08701634584765831,1927,2290,False,,complete
TORTAS LA HECHIZERA,1001 W JEFFERSON BLVD,75208,liquor_store,48113004600,3.0,5727,0.294375,0.42771125702498647,0.09876983168372387,0.13477235218637842,1928,1342,False,,complete
SPROUTS FARMERS MARKET,11722 MARSH LN STE 317,75229,liquor_store,48113009609,3.0,4465,0.337901,0.28641265684174066,0.09873096457502321,0.06779421074795168,1929,2654,False,,complete
COLORADO STOP INC,837 N LANCASTER AVE,75203,other_storefront,48113002001,2.0,4178,0.351191,0.5176625340364546,0.09859207374898393,0.12052701778779523,1930,1585,False,,complete
1 STOP FOOD STORE,4517 SATURN RD,75041,liquor_store,48113018403,2.0,3423,0.397688,0.7163429327168459,0.0985683505189746,0.13893283557379463,1931,1255,False,,complete
BLI 110 INC.,110 W AIRPORT FWY,75062,liquor_store,48113014601,3.0,4547,0.333819,0.5096127400076466,0.09846921319896482,0.1290091015038183,1932,1430,False,,complete
EPIC,1011 S WALTON WALKER BLVD,75211,other_storefront,48113021200,1.0,2550,0.485431,0.6143637649933201,0.09844235499098966,0.08813332597307222,1933,2266,False,,complete
BURTON FOOD MART,2015 N MASTERS DR Ste:260,75217,convenience_corner_store,48113011901,2.0,3982,0.361195,0.400560963610142,0.09842021395058738,0.08731925376868808,1934,2280,False,,complete
FOOD MART,7640 MILITARY PARKWAY,75227,liquor_store,48113008500,2.0,3343,0.403254,0.6378004428704498,0.09834480466763512,0.12017068980004164,1935,1591,False,,complete
ONE STOP FOOD STORE,1949 E Centerville Rd,75041,liquor_store,48113018205,2.0,3360,0.401676,0.6672979263647905,0.09825218369272491,0.12663828439922278,1936,1461,False,,complete
MONTICELLO BEER WINE & SPIRIT,4855 N CENTRAL EXPY,75205,liquor_store,48113000706,3.0,6072,0.284792,0.34117468388486916,0.0982148818930667,0.11184234980318558,1937,1772,False,,complete
FM FOOD MART,9761 WALNUT ST,75243,convenience_corner_store,48113019034,2.0,3543,0.387905,0.4887271154400155,0.09814902287337597,0.09615073190796955,1938,2074,False,,complete
DCCT 3,1518 W Northwest Highway,75041,liquor_store,48113018403,2.0,3406,0.397688,0.7163429327168459,0.0980788202943697,0.13824283901967413,1939,1278,False,,complete
El Rey Del Mariscos,3301 Singleton Blvd,75212,liquor_store,48113010500,1.0,2446,0.498524,0.7297267387782101,0.09800763752469899,0.1012127430085016,1940,1962,False,,complete
ROSY'S FOOD MART,8438 OLD HICKORY TRL Ste:100,75237,convenience_corner_store,48113016634,1.0,2849,0.447746,0.6057556262709036,0.09798272371182279,0.09701823382329895,1941,2052,False,,complete
Twin Liquors #970,2920 ANODE LN INCLUDING 2960,75220,liquor_store,48113009803,2.0,3203,0.413422,0.5751097470489208,0.09786711420273438,0.10327295375180877,1942,1929,False,,complete
ONE STOP MART,501 S LOOP 12,75060,liquor_store,48113014903,2.0,3428,0.39536,0.55189166847014,0.0978201883572144,0.10582447001031788,1943,1888,False,,complete
RACETRAC #2428,2707 ROYAL LN,75229,liquor_store,48113009610,1.0,2275,0.52404,0.7795457989020851,0.09764531006792689,0.10083411254541712,1944,1977,False,,complete
J.C.'S ONE STOP SHOP LLC,2743 CEDAR CREST BLVD,75203,liquor_store,48113021100,1.0,2282,0.522503,0.7212350348395278,0.09755365475074482,0.09328155741606547,1945,2131,False,,complete
EL REY BANQUET HALL,14010 C F HAWN FWY,75253,other_storefront,48113017005,1.0,2196,0.537284,0.6781612023170657,0.09750588342370162,0.08417679977042924,1946,2336,False,,complete
La Michoacana Meat Market D33,3301 Gus Thomasson Rd,75150,liquor_store,48113017815,1.0,2896,0.440902,0.5417741343935772,0.09738340743753811,0.08766994462468876,1947,2269,False,,complete
O DONUTS,2937 GREENVILLE AVE Ste:190,75206,convenience_corner_store,48113000300,3.0,5444,0.300036,0.3396714175647209,0.09733436973277511,0.09979141288428316,1948,1998,False,,complete
DMH FIBER AND YARN,7989 BELT LINE RD Ste:180,75248,convenience_corner_store,48113013607,3.0,5174,0.30824,0.3759563673901495,0.09725226825619274,0.10593561806956732,1949,1878,False,,complete
LIQUOR EMPIRE 5,5630 E Mockingbird Ln,75206,liquor_store,48113000300,3.0,5438,0.300036,0.3396714175647209,0.09722709452733856,0.09968142969594633,1950,2002,False,,complete
DOLLAR GENERAL STORE #12342,4627 W KIEST BLVD,75236,liquor_store,48113010805,1.0,2742,0.457273,0.7330556948629839,0.09722312435269678,0.11400026472041763,1951,1732,False,,complete
GATEWAY 32,4455 LOVERS LN,75225,liquor_store,48113007302,2.0,3078,0.422574,0.3142463582485449,0.0971969201268598,0.05179709461440114,1952,3112,False,,complete
THE ARMY STORE INC,10926 GARLAND RD,75218,grocery_food_mart,48113012802,2.0,3758,0.371201,0.4634449969832174,0.09708742518307532,0.09637130223863587,1953,2066,False,,complete
LILI'S BARBERSHOP & BEAUTY SALON,2003 W DAVIS ST,75208,barbershop_beauty,48113004202,2.0,3915,0.361931,0.5089725598278705,0.09708634482694148,0.11092967522013876,1954,1792,False,,complete
K&N CONVENIENT STORE,750 E 2ND ST STE 110,75060,liquor_store,48113014903,2.0,3400,0.39536,0.55189166847014,0.09702119031929082,0.10496009277569451,1955,1902,False,,complete
MCSHAN FLORIST,10311 GARLAND RD,75218,liquor_store,48113008200,2.0,4074,0.353026,0.4092685838042698,0.09697362312410822,0.09143288181846478,1956,2181,False,,complete
V.I.P. SALON,11525 JUPITER RD Ste:102,75218,barbershop_beauty,48113012802,2.0,3752,0.371201,0.4634449969832174,0.09693241598906298,0.09621743640217185,1957,2070,False,,complete
DALLAS SUPERSTORE,3212 N JUPITER RD STE 100,75044,liquor_store,48113019029,3.0,4761,0.322064,0.5626369892093179,0.0968470769096254,0.14999795208476677,1958,1043,False,,complete
Liquorland,2660 N Belt Line Rd,75062,liquor_store,48113014306,2.0,3327,0.400275,0.6135505850730318,0.09676613102507073,0.1148282039456106,1959,1704,False,,complete
WALGREENS #04012,6707 W NW HWY,75225,liquor_store,48113007701,3.0,5095,0.309786,0.33501264583503304,0.09664792693966706,0.09199147224742418,1960,2167,False,,complete
Keke's Breakfast Cafe,1020 Mayfield Rd Ste 630,75052,liquor_store,48113016419,1.0,2429,0.495794,0.5028436872409088,0.09658516187034476,0.06794489337720258,1961,2648,False,,complete
PIGGIE PIES PIZZA,3707 GREENVILLE AVE,75206,liquor_store,48113000300,3.0,5400,0.300036,0.3396714175647209,0.096547684892907,0.09898486950314642,1962,2014,False,,complete
HILL TOWN LIQUOR BEER & WINE,3610 W JEFFERSON BOULEVARD SUITE 200,75211,liquor_store,48113019900,3.0,4387,0.336644,0.6224594192639687,0.0963897417226184,0.15372249989524445,1963,979,False,,complete
DANIEL YANEZ (ELEVATE),1005 W JEFFERSON BLVD Ste:402,75208,barbershop_beauty,48113004600,3.0,5587,0.294375,0.42771125702498647,0.09635534304469448,0.13147776002537037,1964,1392,False,,complete
COOL ZONE OVERTON,171 E OVERTON RD,75216,grocery_food_mart,48113005902,2.0,3874,0.362468,0.6174068431954747,0.09630216881906382,0.13459013593093533,1965,1343,False,,complete
Family Dollar #28709,1300 OATES DR,75150,liquor_store,48113018130,3.0,4360,0.337339,0.5874799455299337,0.09613525804447169,0.14376456923573383,1966,1154,False,,complete
T4 CHAIR,9751 WALNUT ST Ste:126,75243,convenience_corner_store,48113019034,2.0,3464,0.387905,0.4887271154400155,0.09596054621320191,0.09400681211662616,1967,2115,False,,complete
CHIPOTLE MEXICAN GRILL #3542,1001 N INTERSTATE 35 STE 116A,75115,liquor_store,48113016610,1.0,2436,0.492303,0.5708693035781052,0.09591281915571885,0.07793251941139706,1968,2447,False,,complete
El Ojon Elotes y Micheladas,1001 N Interstate 35 E Ste 100A,75115,liquor_store,48113016610,1.0,2436,0.492303,0.5708693035781052,0.09591281915571885,0.07793251941139706,1969,2448,False,,complete
TIENDA CHORIS,833 W JEFFERSON BLVD,75208,liquor_store,48113004700,3.0,5888,0.285742,0.6081314243235885,0.09586399206674187,0.20133321165877868,1970,431,False,,complete
EMPIRE BAKING CO,8185 WALNUT HILL LN Ste:1405,75231,convenience_corner_store,48113007823,2.0,4191,0.344607,0.49541064347789826,0.09581411413467114,0.11539145071138181,1971,1690,False,,complete
FIESTA MART #74,11445 GARLAND RD,75218,liquor_store,48113012802,2.0,3707,0.371201,0.4634449969832174,0.09576984703397026,0.09506344262869164,1972,2093,False,,complete
DREADS CONVENIENCE,2011 W DAVIS ST,75208,convenience_corner_store,48113004202,2.0,3861,0.361931,0.5089725598278705,0.09574722282932849,0.10939961073434375,1973,1813,False,,complete
QUALITY LICENSING CORP (STORE #6265),1213 MARKET PL,75063,liquor_store,48113014150,3.0,4573,0.327374,0.35911310567392424,0.09573742707123356,0.08907902080731832,1974,2241,False,,complete
A New U,,,barbershop_beauty,48113010602,1.0,2571,0.473039,0.7139175450860655,0.09569138818200147,0.10398336627613128,1975,1919,False,,complete
ZION FOOD MART,4407 W MOCKINGBIRD LN,75209,convenience_corner_store,48113007102,1.0,2639,0.464441,0.45585815278825087,0.09568574560175516,0.06649224354869963,1976,2678,False,,complete
BELUL FASHION,12101 GREENVILLE AVE Ste:109B,75243,convenience_corner_store,48113007810,3.0,6306,0.275834,0.41137918387582734,0.095684818176829,0.14231216689636247,1977,1188,False,,complete
ALL THE STARS,12412 JUPITER RD,75218,grocery_food_mart,48113012801,2.0,3620,0.376503,0.512587386354975,0.09566786092304996,0.10334422131641735,1978,1926,False,,complete
ISEKAI TATTOO,12410 JUPITER RD,75218,barbershop_beauty,48113012801,2.0,3620,0.376503,0.512587386354975,0.09566786092304996,0.10334422131641735,1979,1927,False,,complete
Lochwood,11221 Lochwood Boulevard,75218,library,48113012802,2.0,3702,0.371201,0.4634449969832174,0.09564067270562662,0.09493522109830495,1980,2095,False,,complete
PLANET FITNESS,11255 GARLAND RD Ste:101,75218,barbershop_beauty,48113012802,2.0,3701,0.371201,0.4634449969832174,0.0956148378399579,0.09490957679222761,1981,2096,False,,complete
GOODIES CAKERY,3111 MONTICELLO AVE Ste:B,75205,convenience_corner_store,48113000706,3.0,5910,0.284792,0.34117468388486916,0.09559452437220425,0.10885841359302154,1982,1822,False,,complete
KROGER #518,5665 E MOCKINGBIRD LN,75206,liquor_store,48113000300,3.0,5345,0.300036,0.3396714175647209,0.09556432884307182,0.09797669027672547,1983,2035,False,,complete
FIRST CASH PAWN,3318 FOREST LN Ste:102,75229,other_storefront,48113009607,2.0,3982,0.354574,0.44816377972576193,0.09547284255511926,0.09852001470599957,1984,2023,False,,complete
Mr K Food Mart,520 W 6th St,75060,liquor_store,48113015102,1.0,2730,0.45262,0.6598548768533047,0.0953775834050846,0.10169292633698547,1985,1951,False,,complete
COSTCO TEXAS BEVERAGES INC #1266,8055 CHURCHILL WAY,75251,liquor_store,48113013202,3.0,4583,0.326185,0.376577342189233,0.09533760620362634,0.09400329088226864,1986,2116,False,,complete
7-Eleven Convenience Store #22,2986 Walnut Hill Lane,75229,liquor_store,48113009803,2.0,3117,0.413422,0.5751097470489208,0.09523939899154638,0.10050009267698655,1987,1984,False,,complete
Tom Thumb #1973,7000 Snider Plz,75205,liquor_store,48113019400,3.0,5579,0.29264,0.35361915108992537,0.0951352760918075,0.10686408398570625,1988,1861,False,,complete
Delight Food Mart,1420 W 6th St,75060,liquor_store,48113015206,1.0,2855,0.438116,0.6485778032194927,0.09511551040396443,0.10444673313752237,1989,1910,False,,complete
PARK CENTRAL STYLIST,12700 PARK CENTRAL DR Ste:106,75251,barbershop_beauty,48113013202,3.0,4569,0.326185,0.376577342189233,0.09504637197127837,0.0937161326731585,1990,2123,False,,complete
ABOVE N BEYOND,111 E SANER AVE,75216,barbershop_beauty,48113005600,2.0,3209,0.404975,0.5273490500803241,0.09502016685110681,0.09441004246910804,1991,2107,False,,complete
UPS,9100 FOREST LN,75243,barbershop_beauty,48113007810,3.0,6260,0.275834,0.41137918387582734,0.0949868318723358,0.14127405086762274,1992,1205,False,,complete
KWIK WAY GROCERY,12405 JUPITER RD,75218,liquor_store,48113012801,2.0,3594,0.376503,0.512587386354975,0.09498074368990098,0.10260197000309501,1993,1938,False,,complete
PRESBYTERIAN VILLAGE NORTH (DINING ROOM),8600 Skyline Dr OFC,75243,liquor_store,48113007805,2.0,3872,0.359446,0.5539291654358188,0.09494435500581616,0.11999719504588054,1994,1594,False,,complete
Grand Spa,,,barbershop_beauty,48113013618,2.0,3898,0.357906,0.5012558138433134,0.0949108172366864,0.1086705698758383,1995,1825,False,,complete
CITY LINE BEER & WINE,3600 W JEFFERSON SUITE 100,75211,liquor_store,48113019900,3.0,4317,0.336644,0.6224594192639687,0.09485172441680959,0.1512696676653226,1996,1021,False,,complete
CITY LINE LIQUOR,3600 W JEFFERSON SUITE 200,75211,liquor_store,48113019900,3.0,4317,0.336644,0.6224594192639687,0.09485172441680959,0.1512696676653226,1997,1022,False,,complete
RICHARDSON BEER & WINE,515 W CAMPBELL ROAD SUITE 105,75080,liquor_store,48113019211,2.0,3797,0.363542,0.5110738878914002,0.09484394214115742,0.10805766448250861,1998,1843,False,,complete
Ruben's,2517 S Beckley Ave,75224,liquor_store,48113005600,2.0,3201,0.404975,0.5273490500803241,0.09478328267073632,0.09417467932178711,1999,2113,False,,complete
7-Eleven Convenience Store #37279B,4415 W Mockingbird Ln,75209,liquor_store,48113007102,1.0,2614,0.464441,0.45585815278825087,0.09477928723114361,0.06586234355297493,2000,2693,False,,complete
RELAX AND HEAL MASSAGE,5440 HARVEST HILL RD Ste:167,75230,barbershop_beauty,48113009604,2.0,4133,0.345158,0.49873989688073317,0.09474270704767375,0.11460759390414509,2001,1717,False,,complete
BEYOND PILATES,5757 W LOVERS LN Ste:350,75209,barbershop_beauty,48113007301,3.0,4860,0.314476,0.2774359530778855,0.09473828735812982,0.07121377862903078,2002,2574,False,,complete
AUTOZONE AUTO PARTS,10418 GARLAND RD,75218,grocery_food_mart,48113008200,2.0,3978,0.353026,0.4092685838042698,0.0946885303848067,0.089278351466336,2003,2232,False,,complete
LA VERDE,102 E Buckingham Rd,75040,liquor_store,48113018801,2.0,3682,0.370119,0.5819486432492953,0.09467860528357777,0.12020507824829259,2004,1590,False,,complete
SAV MOR FOOD MART,3510 S BUCKNER BLVD Ste:A,,convenience_corner_store,48113009001,2.0,3894,0.357509,0.6208400584512634,0.09464060187846675,0.1360749440258322,2005,1316,False,,complete
SAV MOR,3510 S BUCKNER BLVD Ste:A,75227,convenience_corner_store,48113009001,2.0,3894,0.357509,0.6208400584512634,0.09464060187846675,0.1360749440258322,2006,1317,False,,complete
SALINAS BRIDAL SHOP,9743 HARRY HINES BLVD,75220,convenience_corner_store,48113010001,2.0,3215,0.403338,0.5129065632930548,0.09460947467631901,0.09184286508565882,2007,2168,False,,complete
7-Eleven Convenience Store #24463A,640 W Pleasant Run Rd,75146,liquor_store,48113016803,1.0,2467,0.482951,0.5859159393309604,0.09455419261595081,0.08111769344858713,2008,2400,False,,complete
JEFFERSON MART,1325 E JEFFERSON ST,75051,liquor_store,48113015900,1.0,2832,0.438458,0.5679871966248258,0.09445753114934503,0.09011905294175124,2009,2215,False,,complete
ALDI (TEXAS) L.L.C. #54,1601 NORTHWEST HWY,75041,liquor_store,48113018401,2.0,3540,0.378785,0.5273768123488831,0.09445673966327013,0.10415399995712217,2010,1915,False,,complete
ALDI TEXAS LLC #64,333 S CEDAR RIDGE RD,75116,liquor_store,48113016519,2.0,2973,0.424264,0.4891764060516992,0.09444291917612604,0.08076087240901594,2011,2406,False,,complete
214 STUDIO DE BELLEZA,3110 W ILLINOIS AVE,75211,barbershop_beauty,48113006502,2.0,3656,0.370886,0.5604310813520071,0.09432352495502275,0.11470776413040429,2012,1712,False,,complete
SCOTT PEEK PHOTOGRAPHY,5310 HARVEST HILL RD Ste:165,75230,barbershop_beauty,48113009604,2.0,4112,0.345158,0.49873989688073317,0.09426131414953651,0.11402526642483536,2013,1729,False,,complete
TKR JIU JITSU,5706 E MOCKINGBIRD LN Ste:230,75206,barbershop_beauty,48113000202,3.0,5738,0.286646,0.31389041682189395,0.09400168592369484,0.09643933104935887,2014,2064,False,,complete
WILMER SHELL,103 S INTERSTATE HIGHWAY 45,75172,liquor_store,48113016903,1.0,1639,0.653104,0.7355022472773421,0.0939955267534553,0.06837933493886707,2015,2632,False,,complete
TIGER MART 36,105 S INTERSTATE HIGHWAY 45,75172,liquor_store,48113016903,1.0,1639,0.653104,0.7355022472773421,0.0939955267534553,0.06837933493886707,2016,2633,False,,complete
CVS/PHARMACY #5869,1413 OATES DR,75150,liquor_store,48113018130,3.0,4262,0.337339,0.5874799455299337,0.09397441967558219,0.14053316378043523,2017,1220,False,,complete
DISCOUNT TOBACCO AND BEVERAGE CORNER,1431 OATES DR,75150,liquor_store,48113018130,3.0,4262,0.337339,0.5874799455299337,0.09397441967558219,0.14053316378043523,2018,1221,False,,complete
PS SALON & SPA,12271 COIT RD Ste:2005,75251,barbershop_beauty,48113013202,3.0,4517,0.326185,0.376577342189233,0.09396464482255733,0.09264954503932087,2019,2151,False,,complete
PONKY BARBER SHOP,2503 S BECKLEY AVE Ste:120,75224,barbershop_beauty,48113005600,2.0,3168,0.404975,0.5273490500803241,0.09380613542670813,0.09320380633908829,2020,2133,False,,complete
Quaeindacut,12409 Jupiter Road,75238,barbershop_beauty,48113012801,2.0,3549,0.376503,0.512587386354975,0.09379150232483545,0.10131730426849866,2021,1960,False,,complete
$100 Braids,8632 Skillman Street,,barbershop_beauty,48113007835,2.0,3694,0.367034,0.38696007297869206,0.09371319372107072,0.07803506919469232,2022,2444,False,,complete
Indulgence Nail Salon,6922 Snider Plaza,75205,barbershop_beauty,48113019400,3.0,5489,0.29264,0.35361915108992537,0.09360056111631679,0.10514016078106142,2023,1900,False,,complete
CAFE IZMIR,3711 GREENVILLE AVENUE,75201,liquor_store,48113000300,3.0,5233,0.300036,0.3396714175647209,0.09356185834158931,0.09592367076110467,2024,2076,False,,complete
DRY CLEAN SUPERCENTER,9111 FOREST LN,75243,laundromat,48113007810,3.0,6164,0.275834,0.41137918387582734,0.09353016480208912,0.13910754785112248,2025,1248,False,,complete
La Primera Meat Market,3116 S 1st St  Ste 100,75041,liquor_store,48113018206,2.0,3182,0.4029,0.6523067964756624,0.09348256049202273,0.11711077497901844,2026,1654,False,,complete
RACETRAC #514,12250 GREENVILLE AVE,75243,liquor_store,48113007810,3.0,6159,0.275834,0.41137918387582734,0.09345429672551377,0.1389947091523464,2027,1254,False,,complete
Tote A Bag,12331 Lake June Rd Ste A,75180,liquor_store,48113017604,2.0,3028,0.416162,0.6089663531823291,0.09344752471252525,0.10368827582251823,2028,1923,False,,complete
MATTISON AVENUE SALON SUITES & SPA,9850 N CENTRAL EXPY Ste:101,75231,barbershop_beauty,48113007822,3.0,4473,0.326831,0.42987960707786643,0.09337236617862184,0.10583533473472509,2029,1885,False,,complete
CAMP,9830 N CENTRAL EXPY Ste:400,75231,other_storefront,48113007822,3.0,4473,0.326831,0.42987960707786643,0.09337236617862184,0.10583533473472509,2030,1886,False,,complete
WILMER PETRO,104 S. INTERSTATE HIGHWAY 45,75172,liquor_store,48113016903,1.0,1628,0.653104,0.7355022472773421,0.09336468429202271,0.06792041322786797,2031,2650,False,,complete
SPROUTS FARMERS MARKET,110 W SANDY LAKE ROAD SUITE 180,75019,liquor_store,48113020000,2.0,3120,0.407718,0.32465565956773157,0.09334156261378866,0.054422943094672306,2032,3023,False,,complete
Asiaway,1001 N Interstate 35 E Ste 324B,75115,liquor_store,48113016610,1.0,2369,0.492303,0.5708693035781052,0.09327482289815188,0.07578905520755322,2033,2489,False,,complete
KROGER #545,1001 N INTERSTATE 35 E STE 500,75115,liquor_store,48113016610,1.0,2369,0.492303,0.5708693035781052,0.09327482289815188,0.07578905520755322,2034,2490,False,,complete
Top Nails,,,barbershop_beauty,48113016610,1.0,2369,0.492303,0.5708693035781052,0.09327482289815188,0.07578905520755322,2035,2491,False,,complete
SOI Brow Threading Salon,,,barbershop_beauty,48113016610,1.0,2369,0.492303,0.5708693035781052,0.09327482289815188,0.07578905520755322,2036,2492,False,,complete
DAIRY MART #1,3622 W JEFFERSON BLVD,75211,liquor_store,48113019900,3.0,4241,0.336644,0.6224594192639687,0.09318187705621715,0.14860659267283602,2037,1075,False,,complete
AMBICIONES,410 N TYLER ST,75208,barbershop_beauty,48113004600,3.0,5402,0.294375,0.42771125702498647,0.09316476877169134,0.12712419181260978,2038,1453,False,,complete
ALPHAGRAPHICS 416,5275 SPRING VALLEY RD,75254,barbershop_beauty,48113013625,3.0,8169,0.24212,0.2937255203799757,0.09316471611774485,0.12756375958375105,2039,1446,False,,complete
Venetian Nail Spa,7949 Walnut Hill Lane,75230,barbershop_beauty,48113013104,3.0,4207,0.338083,0.36752621073574365,0.09311161355066985,0.08404100819899764,2040,2340,False,,complete
SMOKE R US,2626 S WESTMORELAND RD Ste:600,75211,convenience_corner_store,48113006502,2.0,3609,0.370886,0.5604310813520071,0.09311094134646529,0.11323312930706485,2041,1751,False,,complete
Osgood-O'Neil Salon,6932 Snider Plaza,75205,barbershop_beauty,48113019400,3.0,5460,0.29264,0.35361915108992537,0.09310604184643645,0.1045846744151203,2042,1908,False,,complete
RaceTrac,,,convenience_corner_store,48113016516,2.0,2940,0.423384,0.6153461866691218,0.09310538451054375,0.101783211203507,2043,1950,False,,complete
7-Eleven Convenience Store #35398B,2509 Firewheel Pkwy,75040,liquor_store,48113018152,3.0,4505,0.324953,0.48765480663173977,0.09309455300125052,0.12197225570854045,2044,1556,False,,complete
ROYAL SMOKE,8006 FORNEY RD Ste:130,75227,convenience_corner_store,48113012207,2.0,3078,0.410578,0.6870570509407926,0.09306915390009028,0.11960348130820304,2045,1603,False,,complete
RACETRAC #582,2602 LAVON DR,75040,liquor_store,48113018152,3.0,4503,0.324953,0.48765480663173977,0.09305322356595586,0.12191810598347562,2046,1557,False,,complete
MOST FAMOUS CUTZ,603 SINGLETON BLVD,75212,barbershop_beauty,48113010102,3.0,4709,0.316827,0.5989262711328857,0.09303240412843174,0.15845732197033371,2047,894,False,,complete
A REFLEX FOOT SPA,9780 WALNUT ST Ste:148,75243,barbershop_beauty,48113019034,2.0,3358,0.387905,0.4887271154400155,0.0930241091755,0.09113016024469707,2048,2187,False,,complete
DD'S DISCOUNT,10020 MARSH LN Ste:200,75229,grocery_food_mart,48113009500,2.0,3640,0.368617,0.3238119303040068,0.09298742401951253,0.06331195805992063,2049,2777,False,,complete
EL RANCHO #15,10020 Marsh Ln Ste 300,75229,liquor_store,48113009500,2.0,3640,0.368617,0.3238119303040068,0.09298742401951253,0.06331195805992063,2050,2778,False,,complete
CK 103,10433 GARLAND RD,75218,gas_station,48113008200,2.0,3905,0.353026,0.4092685838042698,0.09295090778096284,0.08764001067773809,2051,2270,False,,complete
TALLEY DUNN GALLERY,5020 TRACY ST,75205,other_storefront,48113000706,3.0,5745,0.284792,0.34117468388486916,0.09292564171206656,0.1058192193048915,2052,1889,False,,complete
KBS SERVICES,4011 N WESTMORELAND RD,75212,barbershop_beauty,48113010500,1.0,2319,0.498524,0.7297267387782101,0.09291893353220644,0.09595762511721799,2053,2075,False,,complete
LONDON BARBERS,8632 SKILLMAN ST,75243,barbershop_beauty,48113007835,2.0,3661,0.367034,0.38696007297869206,0.0928760157587547,0.07733795027660222,2054,2457,False,,complete
WORKOUT ANYTIME,8648 SKILLMAN ST,75243,barbershop_beauty,48113007835,2.0,3661,0.367034,0.38696007297869206,0.0928760157587547,0.07733795027660222,2055,2458,False,,complete
JBW Vending,14050 Heartside Pl,75234,liquor_store,48113013902,2.0,3926,0.351553,0.583540070005791,0.09280427995495791,0.12854005888430298,2056,1433,False,,complete
THE WEED SPOT,502 N MADISON AVE,75208,convenience_corner_store,48113004700,3.0,5699,0.285742,0.6081314243235885,0.09278683607139299,0.19487057969486749,2057,465,False,,complete
BOOZY DALLAS,504 N MADISON AVE,75208,convenience_corner_store,48113004700,3.0,5699,0.285742,0.6081314243235885,0.09278683607139299,0.19487057969486749,2058,466,False,,complete
THOMAS M. MARINO'S AUTOMOTIVE INC.,7035 SNIDER PLAZA,75205,liquor_store,48113019400,3.0,5440,0.29264,0.35361915108992537,0.09276499407410518,0.10420158036964368,2059,1912,False,,complete
CINDY DISCOUNT LIQUOR,6536 SKILLMAN ST,75231,liquor_store,48113007809,2.0,3626,0.368929,0.4963180023004522,0.09275625150673221,0.10002962923881013,2060,1993,False,,complete
Dallas Nutrition,1157 Easton Road,,convenience_corner_store,48113008200,2.0,3888,0.353026,0.4092685838042698,0.09254625594171152,0.08725847926121529,2061,2284,False,,complete
Diva Nails,3068 Forest Lane,75234,barbershop_beauty,48113009611,2.0,2974,0.418371,0.5555152706469191,0.09251544701087103,0.0924459989032722,2062,2158,False,,complete
The Cottage Grocery,4919 McKinney Ave,75205,liquor_store,48113000706,3.0,5717,0.284792,0.34117468388486916,0.09247274041216441,0.10530347724387548,2063,1893,False,,complete
BLESSED CUTZ BARBER LOUNGE,4409 W MOCKINGBIRD LN,75209,barbershop_beauty,48113007102,1.0,2549,0.464441,0.45585815278825087,0.09242249546755359,0.06422460356409071,2064,2743,False,,complete
DAMI,4405 W MOCKINGBIRD LN,75209,other_storefront,48113007102,1.0,2549,0.464441,0.45585815278825087,0.09242249546755359,0.06422460356409071,2065,2744,False,,complete
7-ELEVEN CONVENIENCE STORE #35422A,10120 E NORTHWEST HWY,75238,liquor_store,48113012900,2.0,3440,0.3804,0.336248606098862,0.09240954080804367,0.06236127504442919,2066,2812,False,,complete
QUIKTRIP #901,220 W CENTERVILLE ROAD,75041,liquor_store,48113018126,2.0,3294,0.390951,0.5529716796965346,0.09237283195219069,0.10189802339636463,2067,1949,False,,complete
WALGREENS #03847,5310 MACARTHUR,75038,liquor_store,48113014313,3.0,6025,0.277185,0.18164630050665237,0.0923309925226201,0.0541818310921822,2068,3026,False,,complete
Mi Pueblito Meat Market,2376 Lavon Dr Ste 110,75040,liquor_store,48113018152,3.0,4466,0.324953,0.48765480663173977,0.0922886290130044,0.12091633606977617,2069,1575,False,,complete
SALT N PEPPER KITCHEN & CATERING SERVICES,2376 LAVON DR SUITE 106A,75040,liquor_store,48113018152,3.0,4466,0.324953,0.48765480663173977,0.0922886290130044,0.12091633606977617,2070,1576,False,,complete
PAUL'S FOOD & FUEL MART,11115 GARLAND RD,75218,convenience_corner_store,48113012802,2.0,3572,0.371201,0.4634449969832174,0.09228214016869214,0.09160146130825102,2071,2177,False,,complete
KD NAILS,801 W JEFFERSON BLVD,75208,barbershop_beauty,48113004700,3.0,5667,0.285742,0.6081314243235885,0.09226583611450852,0.1937763774575915,2072,473,False,,complete
ADRENITY BODY & GLOW STUDIO,815 W JEFFERSON BLVD,75208,barbershop_beauty,48113004700,3.0,5660,0.285742,0.6081314243235885,0.09215186737394006,0.1935370207181874,2073,474,False,,complete
PAL'S FOOD MART MJ'S CHICKEN.FISH.HAMBURGERS AND RICE,2307 ANN ARBOR AVE,75216,convenience_corner_store,48113008704,1.0,2504,0.469207,0.5847013934057242,0.09212500111695397,0.08215458872826849,2074,2377,False,,complete
Arcadia Park,1302 North Justin Ave.,75211,library,48113010701,1.0,2235,0.50842,0.7172541620692421,0.09202573881369111,0.09083459530218808,2075,2195,False,,complete
BERNIE'S,6211 W NORTHWEST HWY Ste:C150,,other_storefront,48113007702,3.0,4177,0.337098,0.29501840479154573,0.09198768711451448,0.06554543000211867,2076,2703,False,,complete
ADRIAN GREEN,6211 W NORTHWEST HWY Ste:C200D,75225,barbershop_beauty,48113007702,3.0,4177,0.337098,0.29501840479154573,0.09198768711451448,0.06554543000211867,2077,2704,False,,complete
"SCARLET REAGAN, LLC.",5710 W LOVERS LN Ste:101,75209,convenience_corner_store,48113007101,3.0,4612,0.318471,0.39197589666585364,0.09196366316451342,0.09879457658317138,2078,2019,False,,complete
MAGIC HOUR,421 N TYLER ST,75208,convenience_corner_store,48113004600,3.0,5332,0.294375,0.42771125702498647,0.09195752445217666,0.12547689573210577,2079,1486,False,,complete
DULCE'S VIDEO & PHOTO PRODUCTIONS,420 N TYLER ST,75208,barbershop_beauty,48113004600,3.0,5332,0.294375,0.42771125702498647,0.09195752445217666,0.12547689573210577,2080,1487,False,,complete
WARBY PARKER,3010 N HENDERSON AVE Ste:100,75206,convenience_corner_store,48113001001,3.0,5895,0.279548,0.30819551754975927,0.09189603571004604,0.09709431677200114,2081,2049,False,,complete
QUIKTRIP #1976,3311 W PLEASANT RUN RD,75146,liquor_store,48113016709,1.0,2467,0.473239,0.6626121783490235,0.09187571609374237,0.09229808063688112,2082,2164,False,,complete
CVS/PHARMACY #7417,11820 ELAM RD,75180,liquor_store,48113017201,1.0,2683,0.446334,0.6933894103880289,0.09185014494497346,0.10525867818716302,2083,1896,False,,complete
EL MANGO,10110 GARLAND RD,75218,convenience_corner_store,48113008200,2.0,3858,0.353026,0.4092685838042698,0.09183216446067981,0.08658518852617506,2084,2297,False,,complete
ONE STOP FOOD STORE,5314 2ND AVE Ste:1,75210,convenience_corner_store,48113011500,1.0,1796,0.597364,0.7943336626101164,0.09180799752894292,0.08117291573937835,2085,2399,False,,complete
7-ELEVEN CONVENIENCE STORE #25211J,9820 WALNUT ST,75243,convenience_corner_store,48113019019,2.0,3260,0.391859,0.45116081705434846,0.09175029103940714,0.08123409644630347,2086,2396,False,,complete
7-Eleven Convenience Store #25511B,9820 Walnut Street,75243,liquor_store,48113019019,2.0,3260,0.391859,0.45116081705434846,0.09175029103940714,0.08123409644630347,2087,2397,False,,complete
SISTER BELLA PALM READER,126 W ILLINOIS AVE,75224,barbershop_beauty,48113005600,2.0,3098,0.404975,0.5273490500803241,0.09173339884846647,0.09114437880003014,2088,2186,False,,complete
7-Eleven Convenience Store #35,"310 West Highway 67, Duncanville, TX, USA",75137,liquor_store,48113016636,1.0,2505,0.467551,0.5301930701036439,0.09169804848679176,0.07411905827626816,2089,2519,False,,complete
BLUE FEATHER YOGA,233 W 7TH ST Ste:110,75208,barbershop_beauty,48113004700,3.0,5631,0.285742,0.6081314243235885,0.0916797111630135,0.19254539994065603,2090,480,False,,complete
EXXON AT FOREST WEBB,3082 FOREST LN,75234,liquor_store,48113009611,2.0,2945,0.418371,0.5555152706469191,0.09161331252421492,0.09154454161739631,2091,2178,False,,complete
Chicken Guy! Preston Hollow,7859 Walnut Hill Ln STE 190,75230,liquor_store,48113013104,3.0,4139,0.338083,0.36752621073574365,0.09160660054343298,0.0826826082566321,2092,2365,False,,complete
Toni & Guy,,,barbershop_beauty,48113013628,3.0,4487,0.322714,0.3148723528120475,0.09159948354089263,0.07567395443097294,2093,2493,False,,complete
BARBACOA HERMANOS CRUZ,109 E CENTERVILLE ROAD,75041,liquor_store,48113018206,2.0,3117,0.4029,0.6523067964756624,0.09157295444803108,0.11471850584839739,2094,1709,False,,complete
Paris Beauty Salon,12412 Jupiter Road,,barbershop_beauty,48113012801,2.0,3465,0.376503,0.512587386354975,0.09157158511004643,0.09891926156391881,2095,2016,False,,complete
7-ELEVEN CONVENIENCE STORE #24415A,10468 GARLAND RD,75218,liquor_store,48113008200,2.0,3847,0.353026,0.4092685838042698,0.09157033091763483,0.08633831525666029,2096,2302,False,,complete
A C N HERBS,9788 WALNUT ST Ste:108,75243,convenience_corner_store,48113019034,2.0,3305,0.387905,0.4887271154400155,0.09155589065664904,0.08969183430873252,2097,2222,False,,complete
HONG KONG MARKET PLACE,9780 WALNUT STREET SUITE 360,75243,liquor_store,48113019034,2.0,3305,0.387905,0.4887271154400155,0.09155589065664904,0.08969183430873252,2098,2223,False,,complete
THE CRAB STATION OYSTER BAR,9780 WALNUT ST STE 270,75243,liquor_store,48113019034,2.0,3305,0.387905,0.4887271154400155,0.09155589065664904,0.08969183430873252,2099,2224,False,,complete
Mr. Earl's Barber Shop,10209 Garland Road,,barbershop_beauty,48113008200,2.0,3839,0.353026,0.4092685838042698,0.09137990652269305,0.08615877106064956,2100,2304,False,,complete
7-Eleven Convenience Store #27658B,100 W Sandy Lake Rd,75019,liquor_store,48113020000,2.0,3054,0.407718,0.32465565956773157,0.09136702955849699,0.053271688529208085,2101,3050,False,,complete
WAYWARD COFFEE CO,1318 W Davis St,75208,liquor_store,48113004600,3.0,5296,0.294375,0.42771125702498647,0.09133665594499767,0.1246297148907037,2102,1502,False,,complete
THE HOUSE OF BEAUTY QUEENS,412 N TYLER ST,75208,barbershop_beauty,48113004600,3.0,5295,0.294375,0.42771125702498647,0.09131940959757602,0.12460618208955362,2103,1503,False,,complete
ST NAILS AND SPA,14760 PRESTON RD Ste:112,75254,barbershop_beauty,48113013608,3.0,5100,0.300265,0.3067846238166986,0.09131448628588987,0.0835749871022247,2104,2349,False,,complete
HomeTown Mart,11090 Estate Ln Suite 120,75238,liquor_store,48113013011,2.0,2941,0.41783,0.5605547790080619,0.09131101034287763,0.09229598630736618,2105,2165,False,,complete
K Town C Store,2680 Old Denton Rd STE 172,75007,liquor_store,48113013719,1.0,2116,0.525975,0.6318531250594811,0.09127859574614822,0.07532015002534076,2106,2499,False,,complete
CVS/PHARMACY #7643,6832 SNIDER PLZ,75205,liquor_store,48113019400,3.0,5352,0.29264,0.35361915108992537,0.0912643838758476,0.1025159665695465,2107,1939,False,,complete
HOLA CAFE DALLAS LLC,416 N TYLER ST,75208,convenience_corner_store,48113004600,3.0,5284,0.294375,0.42771125702498647,0.091129699775938,0.124347321276903,2108,1506,False,,complete
BROWS BY KEEKS STUDIO,419 N TYLER ST,75208,barbershop_beauty,48113004600,3.0,5284,0.294375,0.42771125702498647,0.091129699775938,0.124347321276903,2109,1507,False,,complete
MENTIIRAS PRODUCTIONS,418 N TYLER ST Ste:A,75208,convenience_corner_store,48113004600,3.0,5284,0.294375,0.42771125702498647,0.091129699775938,0.124347321276903,2110,1508,False,,complete
THE LASH HIRE LLC,414 N TYLER ST,75208,barbershop_beauty,48113004600,3.0,5284,0.294375,0.42771125702498647,0.091129699775938,0.124347321276903,2111,1509,False,,complete
RAINBOW SNOW LLC,5422 BERNAL DR,75212,convenience_corner_store,48113010602,1.0,2447,0.473039,0.7139175450860655,0.09107616759290454,0.09896822142267338,2112,2015,False,,complete
WALNUT FOOD MART,9790 WALNUT ST,75243,liquor_store,48113019034,2.0,3287,0.387905,0.4887271154400155,0.09105725040496382,0.08920334625500871,2113,2234,False,,complete
RAYO'S TAQUERIA,11411 E NORTHWEST HWY STE 230,75218,liquor_store,48113013010,2.0,3276,0.388695,0.4358994882069612,0.09104184750462903,0.07867852353510438,2114,2433,False,,complete
KROGER #517,160 N COIT ROAD,75080,liquor_store,48113019215,2.0,4086,0.339296,0.3446654606523758,0.0909876515017774,0.07610432070114326,2115,2481,False,,complete
4 Nails & Spa,105 East Belt Line Road,75104,barbershop_beauty,48113016626,1.0,2086,0.53001,0.6255513538096666,0.09092542862277476,0.07347551736483114,2116,2530,False,,complete
Q MART,10433 Garland Rd,75218,liquor_store,48113008200,2.0,3816,0.353026,0.4092685838042698,0.09083243638723539,0.0856425814971187,2117,2308,False,,complete
7-ELEVEN CONVENIENCE STORE #26885A,6833 W NORTHWEST HWY,75225,liquor_store,48113007701,3.0,4785,0.309786,0.33501264583503304,0.09076748388740076,0.08639434635994597,2118,2299,False,,complete
CVS PHARMACY #10948,108 W DAVIS ST,75208,liquor_store,48113004700,3.0,5572,0.285742,0.6081314243235885,0.09071911749250777,0.1905279645656785,2119,496,False,,complete
JR ADVENTURES LLC,9856 PLANO RD Ste:200,75238,convenience_corner_store,48113013011,2.0,2919,0.41783,0.5605547790080619,0.09062796300267249,0.09160557090486295,2120,2176,False,,complete
COOL ZONE,4275 W NW HWY,75220,liquor_store,48113009402,1.0,2701,0.440153,0.2814759018086525,0.09060000800516618,0.040222647111717066,2121,3420,False,,complete
"M STREET BODY ART, LLC",3613 GREENVILLE AVE Ste:A,75206,barbershop_beauty,48113000202,3.0,5528,0.286646,0.31389041682189395,0.09056140114781894,0.0929098330499923,2122,2140,False,,complete
DBA AMERICAN SHAMAN LOWER GREENVILLE,3611 GREENVILLE AVE,75206,convenience_corner_store,48113000202,3.0,5528,0.286646,0.31389041682189395,0.09056140114781894,0.0929098330499923,2123,2141,False,,complete
ARIANA RESTAURANT,3607 GREENVILLE AVE Ste:A,75206,convenience_corner_store,48113000202,3.0,5528,0.286646,0.31389041682189395,0.09056140114781894,0.0929098330499923,2124,2142,False,,complete
M.R. LIQUOR,3609 GREENVILLE AVE,75206,liquor_store,48113000202,3.0,5528,0.286646,0.31389041682189395,0.09056140114781894,0.0929098330499923,2125,2143,False,,complete
SKYLINE MART,4625 S BUCKNER BLVD,75227,convenience_corner_store,48113008500,2.0,3078,0.403254,0.6378004428704498,0.09054900052856146,0.11064474520027766,2126,1799,False,,complete
7-ELEVEN CONVENIENCE STORE #34115B,106 US HWY 80 E,75149,liquor_store,48113017705,1.0,2489,0.465118,0.6983686116061287,0.09043537051720296,0.0983800418847302,2127,2027,False,,complete
White Star Mart,108 US Highway 80 E,75149,liquor_store,48113017705,1.0,2489,0.465118,0.6983686116061287,0.09043537051720296,0.0983800418847302,2128,2028,False,,complete
MENA'S DANCE XCHANGE LLC,1111 S WALTON WALKER BLVD,75211,barbershop_beauty,48113021200,1.0,2342,0.485431,0.6143637649933201,0.09041254721133245,0.08094441154075886,2129,2402,False,,complete
DOLLAR GENERAL STORE #584,1455 E BUCKINGHAM RD STE 200,75081,liquor_store,48113019040,3.0,4459,0.321443,0.546747214286986,0.09039431217706811,0.13629660307612715,2130,1312,False,,complete
EL CENTRO MEAT MARKET,5614 E R L THORNTON FWY,75223,convenience_corner_store,48113002500,1.0,2017,0.540924,0.5882942073267108,0.09037876159974112,0.06660464736239315,2131,2676,False,,complete
Richardson Beer and Wine,515 West Campbell Road,,liquor_store,48113019211,2.0,3618,0.363542,0.5110738878914002,0.0903727634097202,0.10296355809789733,2132,1932,False,,complete
REFINED FITNESS,3612 GREENVILLE AVE,75206,barbershop_beauty,48113000202,3.0,5512,0.286646,0.31389041682189395,0.09029928421251411,0.09264091891670723,2133,2152,False,,complete
3606,3606 GREENVILLE AVE Ste:B,75206,other_storefront,48113000202,3.0,5512,0.286646,0.31389041682189395,0.09029928421251411,0.09264091891670723,2134,2153,False,,complete
THE NOW,3614 GREENVILLE AVE,75206,barbershop_beauty,48113000202,3.0,5512,0.286646,0.31389041682189395,0.09029928421251411,0.09264091891670723,2135,2154,False,,complete
DHD PHARMACY,7220 S WESTMORELAND RD,75237,convenience_corner_store,48113010904,2.0,3673,0.359797,0.5191471709630978,0.0902088497737817,0.10628099059023799,2136,1871,False,,complete
Deluxe Nails & Spa,,,barbershop_beauty,48113014126,1.0,2687,0.440204,0.3454570844891704,0.09014572372867749,0.0501727553572014,2137,3144,False,,complete
SUNNY'S MART,607 E CAMP WISDOM ROAD,75116,liquor_store,48113016535,2.0,2758,0.432022,0.5773415002656787,0.09000500186444327,0.08928871882651435,2138,2231,False,,complete
CVS/PHARMACY #07702,603 S CEDAR RIDGE DRIVE,75137,liquor_store,48113016513,2.0,2859,0.421593,0.37474485603419266,0.08996780962076717,0.05833223170533505,2139,2915,False,,complete
1st Solar Nails and Spa,125 North Clark Road,75104,barbershop_beauty,48113016626,1.0,2061,0.53001,0.6255513538096666,0.08983571830850373,0.07259493829765915,2140,2547,False,,complete
F45 TRAINING,6959 ARAPAHO RD Ste:121,75248,barbershop_beauty,48113013606,3.0,5512,0.285883,0.4089815303784432,0.08982912628034301,0.12361245665765762,2141,1528,False,,complete
ATS WIRELESS DBA BOOST MOBILE,611 W JEFFERSON BLVD Ste:530,75208,convenience_corner_store,48113004700,3.0,5517,0.285742,0.6081314243235885,0.08982364881661259,0.1886473044703604,2142,505,False,,complete
"P T SOLUTUIONS HOLDING, LLC",8611 HILLCREST RD Ste:150,75225,barbershop_beauty,48113007701,3.0,4730,0.309786,0.33501264583503304,0.0897241794749019,0.08540130789603854,2143,2311,False,,complete
7-Eleven,2680 Old Denton Road,75007,convenience_corner_store,48113013719,1.0,2078,0.525975,0.6318531250594811,0.08963937710798486,0.07396751973188,2144,2521,False,,complete
Salon H,,,barbershop_beauty,48113013719,1.0,2078,0.525975,0.6318531250594811,0.08963937710798486,0.07396751973188,2145,2522,False,,complete
SPARK 5,6522 LEMMON AVE,75209,convenience_corner_store,48113007102,1.0,2472,0.464441,0.45585815278825087,0.08963060368607001,0.06228451157725862,2146,2813,False,,complete
7 ELEVEN CONVENIENCE STORE #12300B,835 W 9TH ST,75203,convenience_corner_store,48113004700,3.0,5503,0.285742,0.6081314243235885,0.08959571133547563,0.18816859099155214,2147,515,False,,complete
YIDDISHE KUP,12324 MERIT DR Ste:E100,75251,convenience_corner_store,48113013202,3.0,4306,0.326185,0.376577342189233,0.08957532889216999,0.08832166060201806,2148,2262,False,,complete
KROGER #557,6850 N SHILOH RD,75044,liquor_store,48113019042,2.0,2769,0.429458,0.5015505280131191,0.08957028741653168,0.07724391330028257,2149,2460,False,,complete
410 MARKET,410 N BISHOP AVE,75208,convenience_corner_store,48113004700,3.0,5499,0.285742,0.6081314243235885,0.08953058634086508,0.18803181571189267,2150,516,False,,complete
Z TO A & COMPANY INC.,5701 MCCOMMAS BLVD,75206,liquor_store,48113000202,3.0,5462,0.286646,0.31389041682189395,0.08948016878968651,0.09180056225019137,2151,2170,False,,complete
7-ELEVEN STORE #1040422,4710 S BUCKNER BLVD,75227,grocery_food_mart,48113012207,2.0,2959,0.410578,0.6870570509407926,0.08947096373956047,0.11497943508478647,2152,1699,False,,complete
C'Ville Beverage Convenience,127 E Centerville Rd,75041,liquor_store,48113018206,2.0,3041,0.4029,0.6523067964756624,0.08934018430428697,0.11192139117259431,2153,1769,False,,complete
PLANET FITNESS,11835 GREENVILLE AVE,75243,barbershop_beauty,48113007810,3.0,5882,0.275834,0.41137918387582734,0.08925120528323949,0.13274344524015289,2154,1377,False,,complete
Hairotic Love Studio,,,barbershop_beauty,48113007822,3.0,4275,0.326831,0.42987960707786643,0.08923918296749572,0.1011504708229264,2155,1964,False,,complete
Oviation,,,barbershop_beauty,48113007822,3.0,4275,0.326831,0.42987960707786643,0.08923918296749572,0.1011504708229264,2156,1965,False,,complete
Lace Me by J Lacy,9100 North Central Expressway,75231,barbershop_beauty,48113007822,3.0,4275,0.326831,0.42987960707786643,0.08923918296749572,0.1011504708229264,2157,1966,False,,complete
Nail Spa,,,barbershop_beauty,48113013628,3.0,4366,0.322714,0.3148723528120475,0.08912933923323763,0.0736332705695627,2158,2528,False,,complete
Diamond Nails & Spa,,,barbershop_beauty,48113014119,2.0,3230,0.386858,0.3105926148485517,0.08910016425161614,0.05365762039051256,2159,3040,False,,complete
Art Brows Threading & Spa,,,barbershop_beauty,48113014119,2.0,3230,0.386858,0.3105926148485517,0.08910016425161614,0.05365762039051256,2160,3041,False,,complete
Good Spirits LLC #4129,2828 Motley Dr,75150,liquor_store,48113017820,2.0,3751,0.352582,0.3984985299917271,0.08909905516498492,0.08179664120036344,2161,2385,False,,complete
SPINSTER RECORDS,408 N BISHOP AVE Ste:102,75208,convenience_corner_store,48113004700,3.0,5472,0.285742,0.6081314243235885,0.0890909926272438,0.18710858257419105,2162,525,False,,complete
Unimarket,7215 Skillman St suite 312,75231,liquor_store,48113007824,3.0,4828,0.305136,0.30800030880550866,0.08907340956286491,0.07946447270643829,2163,2419,False,,complete
7-ELEVEN CONVENIENCE STORE #38416A,1040 MAYFIELD RD,75052,liquor_store,48113016419,1.0,2240,0.495794,0.5028436872409088,0.08906988990925165,0.06265811492998509,2164,2803,False,,complete
KWIK WAY FOOD STORE,1004 W CAMP WISDOM DR,75232,liquor_store,48113011104,2.0,3659,0.357811,0.6487003123523629,0.08905264400899728,0.13388659158590238,2165,1354,False,,complete
Bellaz Salon,,,barbershop_beauty,48113019215,2.0,3996,0.339296,0.3446654606523758,0.08898351820878671,0.07442801407777007,2166,2513,False,,complete
Knockouts,,,barbershop_beauty,48113014119,2.0,3225,0.386858,0.3105926148485517,0.08896223830076223,0.053574559058638706,2167,3044,False,,complete
SMILE DIRECT CLUB,14041 NOEL RD Ste:100,75240,convenience_corner_store,48113013626,3.0,9661,0.222436,0.4933660860446714,0.08892134910164876,0.2648306336519079,2168,203,False,,complete
CVS/PHARMACY #3900,14041 NOEL RD,75240,liquor_store,48113013626,3.0,9661,0.222436,0.4933660860446714,0.08892134910164876,0.2648306336519079,2169,204,False,,complete
Aritaum,,,barbershop_beauty,48113013719,1.0,2061,0.525975,0.6318531250594811,0.08890604245406969,0.07336239565322651,2170,2535,False,,complete
H Cosmetic,,,barbershop_beauty,48113013719,1.0,2061,0.525975,0.6318531250594811,0.08890604245406969,0.07336239565322651,2171,2536,False,,complete
DAIRY WAY #9,1810 W KINGSLEY RD STE 101,75041,liquor_store,48113018401,2.0,3329,0.378785,0.5273768123488831,0.08882669105622211,0.09794595080713552,2172,2036,False,,complete
MAGMA MANUFACTURING,4747 VILLAGE FAIR DR Ste:108A,75224,convenience_corner_store,48113006002,1.0,2676,0.436995,0.6628236846879564,0.08881669843273483,0.10015085977497475,2173,1988,False,,complete
Express Mart #2,4010 S Walton Walker Blvd,75236,liquor_store,48113010807,1.0,2185,0.503504,0.7808006040999902,0.08876619010659963,0.09700708056439815,2174,2055,False,,complete
CRUMBL COOKIES,14891 PRESTON RD Ste:100,75254,convenience_corner_store,48113013606,3.0,5445,0.285883,0.4089815303784432,0.08873722652330691,0.12210991046824124,2175,1555,False,,complete
D & S ONE STOP,1445 S EWING AVE,75216,convenience_corner_store,48113005400,2.0,2868,0.416827,0.5900076704545058,0.08872295428542429,0.09499644334290795,2176,2094,False,,complete
DAN FOOD STORE,1008 W DAVIS STREET,75208,liquor_store,48113004600,3.0,5144,0.294375,0.42771125702498647,0.0887152111369086,0.12105272911589497,2177,1571,False,,complete
7-ELEVEN CONVENIENCE STORE #30421B,1428 OATES DRIVE,75150,liquor_store,48113018130,3.0,4022,0.337339,0.5874799455299337,0.08868257060891403,0.13261951776745906,2178,1383,False,,complete
SNAPPY FOODS,1821 S SAINT AUGUSTINE DRIVE,75217,liquor_store,48113017102,1.0,1848,0.569215,0.727607884670946,0.08865079758543092,0.07623679703510175,2179,2480,False,,complete
PARTY N CUSTOM,2000 ROYAL LN Ste:102,75229,convenience_corner_store,48113009900,2.0,2702,0.433542,0.5594792586308812,0.08863662260643039,0.08462384572587218,2180,2322,False,,complete
WALGREENS #04340,2614 LAVON DRIVE,75040,liquor_store,48113018152,3.0,4287,0.324953,0.48765480663173977,0.08858964455413118,0.11606993567647345,2181,1683,False,,complete
WARREN BARRON BRIDAL,5600 W LOVERS LN Ste:150,75209,convenience_corner_store,48113007101,3.0,4440,0.318471,0.39197589666585364,0.0885339688747701,0.09511013010175216,2182,2091,False,,complete
STOP AND SHOP #3,207 W 6TH ST,75060,liquor_store,48113014903,2.0,3100,0.39536,0.55189166847014,0.08846049705582398,0.09569890811901559,2183,2080,False,,complete
Nail Times,,,barbershop_beauty,48113007701,3.0,4660,0.309786,0.33501264583503304,0.0883963374953579,0.08413744076015636,2184,2338,False,,complete
7- ELEVEN CONVENIENCE STORE #33121A,4200 ABRAMS RD,75214,liquor_store,48113007902,2.0,3577,0.361126,0.3631839304136826,0.08838253019964837,0.07053802725405776,2185,2590,False,,complete
K CORNER FOOD MART,104 W SHADY GROVE RD,75050,liquor_store,48113015304,1.0,2395,0.470119,0.6244573463247142,0.0883589476037467,0.08420465022365534,2186,2335,False,,complete
Family Dollar #29092,5955 ALPHA RD,75240,liquor_store,48113013608,3.0,4934,0.300265,0.3067846238166986,0.08834228928129031,0.08085470320830916,2187,2404,False,,complete
Exxon,,,gas_station,48113016903,1.0,1540,0.653104,0.7355022472773421,0.08831794460056203,0.0642490395398751,2188,2742,False,,complete
U STOP FUEL,1909 W JEFFERSON BLVD,75208,liquor_store,48113004600,3.0,5117,0.294375,0.42771125702498647,0.08824955975652436,0.12041734348484343,2189,1587,False,,complete
OASIS PLANT SHOP,416 W 8TH ST,75208,convenience_corner_store,48113004700,3.0,5420,0.285742,0.6081314243235885,0.08824436769730655,0.1853305039386176,2190,542,False,,complete
KJ Nails & Hair,515 West Campbell Road,,barbershop_beauty,48113019211,2.0,3532,0.363542,0.5110738878914002,0.08822459932645985,0.10051611033769302,2191,1983,False,,complete
Black Diamond Cutz,103 East Belt Line Road,75104,barbershop_beauty,48113016626,1.0,2024,0.53001,0.6255513538096666,0.08822294704338261,0.07129168127824459,2192,2573,False,,complete
DAILY STOP,3621 SUNNYVALE ST Ste:A,75216,convenience_corner_store,48113008802,2.0,3894,0.342381,0.5812496998953245,0.08805512114096435,0.12696535029464628,2193,1456,False,,complete
HIGH END LASH LOUNGE,836 W 7TH ST,75208,barbershop_beauty,48113004700,3.0,5408,0.285742,0.6081314243235885,0.08804899271347487,0.18492017809963912,2194,543,False,,complete
Benefit Brow Bar,,,barbershop_beauty,48113007822,3.0,4217,0.326831,0.42987960707786643,0.08802845253191333,0.09977813694977324,2195,1999,False,,complete
DOLLAR GENERAL STORE #10133,406 E BELT LINE ROAD,75172,liquor_store,48113016903,1.0,1534,0.653104,0.7355022472773421,0.08797384871250788,0.06399871860660286,2196,2749,False,,complete
Fast Food,12531 Lake June Rd,75180,liquor_store,48113017604,2.0,2849,0.416162,0.6089663531823291,0.0879233810785946,0.09755875093076434,2197,2042,False,,complete
DAVIS FOOD MART,4919 W DAVIS ST Ste:150,75211,convenience_corner_store,48113010701,1.0,2134,0.50842,0.7172541620692421,0.08786708126551089,0.08672976571582523,2198,2296,False,,complete
SEAGOVILLE MINI MART,101 W SIMONDS ROAD,75159,liquor_store,48113017007,1.0,2056,0.522235,0.6252791841050173,0.08783073931040619,0.07238575687575823,2199,2551,False,,complete
Family Dollar #25994,2425 W WALNUT ST STE 301,75042,liquor_store,48113018900,2.0,3147,0.389588,0.6402151487122754,0.0877710316355277,0.11357411471146078,2200,1740,False,,complete
LA MICHOACANA MEAT MARKET,2441 W WALNUT STREET SUITE 225,75042,liquor_store,48113018900,2.0,3147,0.389588,0.6402151487122754,0.0877710316355277,0.11357411471146078,2201,1741,False,,complete
CORNER FOOD MART,2431 W WALNUT STREET SUITE 100,75042,liquor_store,48113018900,2.0,3147,0.389588,0.6402151487122754,0.0877710316355277,0.11357411471146078,2202,1742,False,,complete
SURMA GROCERY and ETHIOPIAN COUISINE,2425 W Walnut St STE 200,75042,liquor_store,48113018900,2.0,3147,0.389588,0.6402151487122754,0.0877710316355277,0.11357411471146078,2203,1743,False,,complete
Tortilleria La Sabrosa #2 LLC,2425 W Walnut St Ste 222,75042,liquor_store,48113018900,2.0,3147,0.389588,0.6402151487122754,0.0877710316355277,0.11357411471146078,2204,1744,False,,complete
QUIKTRIP #975,511 S ZANG BOULEVARD,75208,liquor_store,48113005000,2.0,3416,0.36994,0.6725108601797917,0.08777034937005947,0.1298011597892416,2205,1421,False,,complete
JAKE'S BURGERS & BEER,6606 SKILLMAN ST,75231,liquor_store,48113007809,2.0,3431,0.368929,0.4963180023004522,0.087767980948593,0.09465020902326464,2206,2101,False,,complete
MR FOOD MART,4131 N WESTMORELAND RD,75212,liquor_store,48113010500,1.0,2189,0.498524,0.7297267387782101,0.08771002393359202,0.09057837058283319,2207,2204,False,,complete
LONESTAR SUPER WASH & DRY,5927 LOVETT AVE,75227,laundromat,48113008402,2.0,3358,0.373746,0.5915680936759701,0.08770886409347521,0.11153628405990035,2208,1778,False,,complete
URBAN OWL,415 N BISHOP AVE,75208,convenience_corner_store,48113004700,3.0,5386,0.285742,0.6081314243235885,0.0876908052431168,0.1841679140615119,2209,552,False,,complete
BELLA AND BRAWN LLC,413 N BISHOP AVE,75208,convenience_corner_store,48113004700,3.0,5386,0.285742,0.6081314243235885,0.0876908052431168,0.1841679140615119,2210,553,False,,complete
VILA BRAZIL,2315 W AIRPORT FWY STE 135,75062,liquor_store,48113014315,2.0,3553,0.360783,0.5920287979688628,0.0876532863437471,0.11810995059472913,2211,1637,False,,complete
FAST FUELS AND FOOD MART,701 N BELTLINE RD,75050,liquor_store,48113015500,1.0,1821,0.570621,0.7158312249255363,0.08764179839289574,0.07385574616497861,2212,2523,False,,complete
RACETRAC #504,9620 HARRY HINES BOULEVARD,75220,liquor_store,48113000410,1.0,2147,0.505161,0.46819253537623756,0.08762013850448022,0.055660626941757066,2213,2978,False,,complete
CLARK GAS & CONVENIENCE STORE,626 N CLARK RD,75116,liquor_store,48113016519,2.0,2758,0.424264,0.4891764060516992,0.0876130410655081,0.07492044604913083,2214,2505,False,,complete
MUKTA INVESTMENTS,3900 N HAMPTON RD,75212,convenience_corner_store,48113010101,2.0,3740,0.349607,0.6601110640526379,0.08759391594478497,0.13937220051869437,2215,1236,False,,complete
LAVON BEER & WINE FOOD STORE,2376 LAVON DR STE 100,75040,liquor_store,48113018152,3.0,4238,0.324953,0.48765480663173977,0.0875770733894117,0.11474326741238501,2216,1708,False,,complete
JF international,818 South Central Expressway,75080,barbershop_beauty,48113019202,2.0,3168,0.387294,0.5643381027063337,0.08754429468672949,0.1001280446681868,2217,1989,False,,complete
Jay Jay's Barber Studio,,,barbershop_beauty,48113019215,2.0,3930,0.339296,0.3446654606523758,0.08751382046059354,0.07319872255396305,2218,2537,False,,complete
Delaney Salons,,,barbershop_beauty,48113014119,2.0,3172,0.386858,0.3105926148485517,0.08750022322171094,0.0526941089407758,2219,3077,False,,complete
MY PETS WELLNESS,3014 GREENVILLE AVE,75206,convenience_corner_store,48113000202,3.0,5334,0.286646,0.31389041682189395,0.08738323330724787,0.0896492491839108,2220,2226,False,,complete
METRO BY T-MOBILE,9625 PLANO RD Ste:1100,75238,convenience_corner_store,48113013007,3.0,4845,0.301432,0.45977999208274495,0.08738084576938042,0.12319740572148138,2221,1534,False,,complete
TU TIENDA DE VARIEDADES HISPANA LLC,9648 PLANO RD,75238,convenience_corner_store,48113013007,3.0,4845,0.301432,0.45977999208274495,0.08738084576938042,0.12319740572148138,2222,1535,False,,complete
Family Dollar #26145,1400 W DAVIS STREET,75208,liquor_store,48113004600,3.0,5066,0.294375,0.42771125702498647,0.0873699960380208,0.1192171706261905,2223,1608,False,,complete
BAYER AND MOTUS (DBA) SNOWDAY,13420 DALLAS PKWY Ste:1525,75240,barbershop_beauty,48113013628,3.0,4279,0.322714,0.3148723528120475,0.08735328506161791,0.07216600200805286,2224,2557,False,,complete
GREAT AMERICAN COOKIES,13350 DALLAS PKWY,75240,convenience_corner_store,48113013628,3.0,4279,0.322714,0.3148723528120475,0.08735328506161791,0.07216600200805286,2225,2558,False,,complete
Seaneen Mart,1041 S Beckley Ave,75203,liquor_store,48113004800,2.0,2904,0.408939,0.7271825863823214,0.08727584407415642,0.11972770105268714,2226,1600,False,,complete
DALLAS BALLET CENTER,8530 ABRAMS RD Ste:608,75243,barbershop_beauty,48113007825,3.0,4503,0.313375,0.42095039859765937,0.08722487505393728,0.10416926052652421,2227,1913,False,,complete
LS GROCERY & GIFTS,8510 ABRAMS RD Ste:500,75243,convenience_corner_store,48113007825,3.0,4503,0.313375,0.42095039859765937,0.08722487505393728,0.10416926052652421,2228,1914,False,,complete
Los Amigos,11306 Lyndon B Johnson Fwy Suite 100,75238,liquor_store,48113013011,2.0,2809,0.41783,0.5605547790080619,0.0872127263016468,0.0881534938923467,2229,2265,False,,complete
Sport Clips,240 North Denton Tap Road,75019,barbershop_beauty,48113014135,2.0,2982,0.401547,0.3643372638571388,0.08715580917414141,0.05900792045137926,2230,2899,False,,complete
Park Jun's Hair Salon,2625 Old Denton Road,,barbershop_beauty,48113013719,1.0,2020,0.525975,0.6318531250594811,0.08713741181815661,0.07190297875765043,2231,2562,False,,complete
La Bodega Rotisserie & Goods,208 W 8th St,75208,liquor_store,48113004700,3.0,5352,0.285742,0.6081314243235885,0.08713724278892705,0.18300532418440615,2232,561,False,,complete
LA JOVA HAIR & NAIL GALLERY,1128 W CAMP WISDOM RD,75232,barbershop_beauty,48113011101,2.0,2879,0.410787,0.5496725330650525,0.08711927873803074,0.08849898284527515,2233,2259,False,,complete
24/7,8008 S POLK ST,75232,liquor_store,48113011104,2.0,3579,0.357811,0.6487003123523629,0.08710560615146248,0.1309593089056968,2234,1397,False,,complete
Z Indian Beauty Salon,,,barbershop_beauty,48113020000,2.0,2910,0.407718,0.32465565956773157,0.08705895743786059,0.05075986038637706,2235,3131,False,,complete
CVS/PHARMACY #11065,9215 MIDWAY RD,75220,grocery_food_mart,48113009402,1.0,2595,0.440153,0.2814759018086525,0.08704443568063912,0.03864412042017985,2236,3459,False,,complete
KINDRED SPIRITS & WINE,3610 INWOOD RD,75209,liquor_store,48113000609,3.0,4086,0.330624,0.41533977074800027,0.0870264434582045,0.09316803482546718,2237,2134,False,,complete
DAVIS STREET MERCANTILE LLC,710 W DAVIS ST,75208,liquor_store,48113004700,3.0,5345,0.285742,0.6081314243235885,0.08702327404835858,0.18276596744500204,2238,564,False,,complete
EATZI'S MARKET AND BAKERY,5600 W LOVERS LN STE 136,75209,liquor_store,48113007101,3.0,4361,0.318471,0.39197589666585364,0.08695870231145773,0.09341785526435613,2239,2129,False,,complete
7-Eleven,3702 Greenville Avenue,75206,convenience_corner_store,48113000202,3.0,5305,0.286646,0.31389041682189395,0.08690814636200787,0.08916184231733161,2240,2238,False,,complete
SWIFT-T #8,9666 PLANO RD,75238,liquor_store,48113013007,3.0,4818,0.301432,0.45977999208274495,0.08689389368769347,0.1225108567112688,2241,1545,False,,complete
THE ASHE,5621 W LOVERS LN,75209,convenience_corner_store,48113007301,3.0,4455,0.314476,0.2774359530778855,0.08684343007828567,0.06527929707661155,2242,2711,False,,complete
SUSHI HOUSE,5619 W LOVERS LANE,75209,liquor_store,48113007301,3.0,4455,0.314476,0.2774359530778855,0.08684343007828567,0.06527929707661155,2243,2712,False,,complete
CVS/PHARMACY # 15,5500 N MACARTHUR BLVD,75038,liquor_store,48113014159,3.0,4272,0.321883,0.32604969731134753,0.08681351961829036,0.07486946834769445,2244,2506,False,,complete
COIN LAUNDRY LAVANDERIA,183 E OVERTON RD,75216,laundromat,48113005902,2.0,3492,0.362468,0.6174068431954747,0.08680618831083399,0.12131872861921171,2245,1564,False,,complete
RACETRAC #697,2434 W BUCKIINGHAM ROAD,75042,liquor_store,48113019047,2.0,3209,0.382005,0.5434036487403511,0.08677991030239678,0.09745430986928642,2246,2046,False,,complete
Tangerine Salon,7949 Walnut Hill Lane,75230,barbershop_beauty,48113013104,3.0,3919,0.338083,0.36752621073574365,0.0867374408141372,0.07828778491368475,2247,2440,False,,complete
LEAVE YOUR HAT BARBER SHOP,3511 SUNNYVALE ST,75216,barbershop_beauty,48113008802,2.0,3835,0.342381,0.5812496998953245,0.08672095263882852,0.12504163286593953,2248,1491,False,,complete
Family Dollar #28874,3155 W PLEASANT RUN RD,75146,liquor_store,48113016709,1.0,2327,0.473239,0.6626121783490235,0.08666185299965079,0.08706024874017931,2249,2289,False,,complete
PRISTINE INK,114 PARKHOUSE ST,75207,barbershop_beauty,48113010003,3.0,4119,0.328285,0.284070516662347,0.08665225969653913,0.061970671768941124,2250,2823,False,,complete
RACETRAC #144,7401 LAKEVIEW PKWY,75088,liquor_store,48113018150,1.0,2572,0.441382,0.43051824347815537,0.08662631616922283,0.060952968542496246,2251,2847,False,,complete
SALON A' LA MODE,7989 BELT LINE RD Ste:139 1C,75248,barbershop_beauty,48113013607,3.0,4608,0.30824,0.3759563673901495,0.08661353925870431,0.09434699034877583,2252,2112,False,,complete
LEE WHITE LEOPARD KUNG FU,6757 ARAPAHO RD Ste:753,75248,barbershop_beauty,48113013606,3.0,5308,0.285883,0.4089815303784432,0.08650453597533758,0.1190375399018227,2253,1614,False,,complete
Alchemy Salon,North Bishop Avenue,75208,barbershop_beauty,48113004700,3.0,5313,0.285742,0.6081314243235885,0.08650227409147411,0.18167176520772607,2254,579,False,,complete
K H GREEN,3068 FOREST LN Ste:218,75229,convenience_corner_store,48113009611,2.0,2779,0.418371,0.5555152706469191,0.08644937029025238,0.08638447577410674,2255,2300,False,,complete
QUALITY LICENSING CORP. (STORE #8930),15757 COIT RD,75248,liquor_store,48113013605,3.0,4067,0.330231,0.32199174913382267,0.08644308803722069,0.07030151394819303,2256,2594,False,,complete
7-ELEVEN CONVENIENCE STORE #30424B,1717 NW HWY,75231,liquor_store,48113018401,2.0,3239,0.378785,0.5273768123488831,0.08642524852241015,0.09529796775737817,2257,2087,False,,complete
SHARETEA,13350 DALLAS PKWY Ste:410,,convenience_corner_store,48113013628,3.0,4233,0.322714,0.3148723528120475,0.08641422193639368,0.07139020483759938,2258,2570,False,,complete
WALGREENS #06891,11403 E NORTHWEST HWY,75218,liquor_store,48113013010,2.0,3109,0.388695,0.4358994882069612,0.08640082536382529,0.07466774409970682,2259,2509,False,,complete
DAISY CAKES,5200 LEMMON AVE Ste:101,75209,convenience_corner_store,48113000611,3.0,5164,0.289765,0.30780431061437635,0.08639881758276527,0.08493491899814096,2260,2318,False,,complete
CIRCLE K #2740768,903 N DALLAS AVENUE,75146,liquor_store,48113016803,1.0,2253,0.482951,0.5859159393309604,0.08635208591963403,0.07408113633549525,2261,2520,False,,complete
7-ELEVEN CONVENIENCE STORE #38264A,4710 S BUCKNER BLVD,75227,liquor_store,48113012207,2.0,2854,0.410578,0.6870570509407926,0.08629609006850475,0.11089939429941892,2262,1793,False,,complete
CIRCLE K #2742248,3601 ROWLETT ROAD,75088,liquor_store,48113018133,2.0,3256,0.377141,0.4968712004603476,0.08628044793367841,0.08992895781387827,2263,2218,False,,complete
7-Eleven Convenience Store #12137B,3702 Greenville Ave,75206,liquor_store,48113000202,3.0,5266,0.286646,0.31389041682189395,0.08626923633220233,0.08850636411744925,2264,2258,False,,complete
COPPELL DELI & MARKET,449 W BETHEL RD,75019,liquor_store,48113014126,1.0,2571,0.440204,0.3454570844891704,0.08625405869238179,0.0480067562424134,2265,3194,False,,complete
UPTOWN DOG,3016 GREENVILLE AVE,75206,convenience_corner_store,48113000202,3.0,5264,0.286646,0.31389041682189395,0.08623647171528924,0.08847274985078861,2266,2260,False,,complete
GATEWAY 38,2625 N DALLAS AVE,75134,liquor_store,48113016704,1.0,2399,0.461529,0.5100734356744724,0.08620278012061723,0.06813058813554326,2267,2639,False,,complete
AVIVELIFE,5601 W LOVERS LN Ste:120,75209,other_storefront,48113007301,3.0,4420,0.314476,0.2774359530778855,0.08616115846150903,0.06476644064615557,2268,2726,False,,complete
7-ELEVEN CONVENIENCE STORE #41275A,456 N ZANG BLVD,75208,convenience_corner_store,48113004700,3.0,5292,0.285742,0.6081314243235885,0.08616036786976869,0.18095369498951372,2269,590,False,,complete
EAGLE STONE SHOE REPAIR,208 S LLEWELLYN AVE,75208,barbershop_beauty,48113004700,3.0,5292,0.285742,0.6081314243235885,0.08616036786976869,0.18095369498951372,2270,591,False,,complete
FOOD MART ONE,2430 W WALNUT STREET,75042,liquor_store,48113018900,2.0,3087,0.389588,0.6402151487122754,0.08609760872541278,0.1114087359753033,2271,1780,False,,complete
INDIGO CHILD SALON/ BISHOP ARTS,195 W DAVIS ST Ste:100,75208,barbershop_beauty,48113004700,3.0,5288,0.285742,0.6081314243235885,0.08609524287515813,0.18081691970985425,2272,593,False,,complete
YAYA FOOT SPA,5635 W LOVERS LN,75209,barbershop_beauty,48113007301,3.0,4416,0.314476,0.2774359530778855,0.08608318456244883,0.06470782848267487,2273,2729,False,,complete
ZANG TOBACCO SHOP,1055 S ZANG BLVD,,convenience_corner_store,48113005000,2.0,3349,0.36994,0.6725108601797917,0.08604885832562328,0.12725529395028398,2274,1452,False,,complete
CVS/PHARMACY#10977,7979 BELT LINE ROAD,75254,liquor_store,48113013607,3.0,4571,0.30824,0.3759563673901495,0.08591807464226073,0.09358942987939549,2275,2126,False,,complete
Trader Joe's #456,120 S Denton Tap Rd Ste 301,75019,liquor_store,48113014119,2.0,3114,0.386858,0.3105926148485517,0.08590028219180577,0.05173059749103905,2276,3117,False,,complete
THREE PEAKS CORP DBA RACETRAC,2707 ROYAL LN,75229,grocery_food_mart,48113009701,1.0,2275,0.477762,0.7028065046651475,0.085875593527652,0.09051807703815394,2277,2206,False,,complete
FAMILY STOP FOOD STORE #2,901 RODEO CENTER BLVD,75149,liquor_store,48113017606,1.0,2267,0.478717,0.6019188079639203,0.085815641028691,0.07668516680733109,2278,2471,False,,complete
SWEAT DANCE MOVEMENT,3207 W CAMP WISDOM RD,75237,barbershop_beauty,48113010904,2.0,3493,0.359797,0.5191471709630978,0.08578805125505566,0.1010725565291863,2279,1970,False,,complete
MR FORMAL TUXEDO,3217 W CAMP WISDOM RD,75237,convenience_corner_store,48113010904,2.0,3493,0.359797,0.5191471709630978,0.08578805125505566,0.1010725565291863,2280,1971,False,,complete
DALLAS INKK,3223 W CAMP WISDOM RD,75237,barbershop_beauty,48113010904,2.0,3493,0.359797,0.5191471709630978,0.08578805125505566,0.1010725565291863,2281,1972,False,,complete
RED BIRD TELEMART,3225 W CAMP WISDOM RD,75237,other_storefront,48113010904,2.0,3493,0.359797,0.5191471709630978,0.08578805125505566,0.1010725565291863,2282,1973,False,,complete
CUTTIN T.F UP BARBER SHOP,3221 W CAMP WISDOM RD,75237,barbershop_beauty,48113010904,2.0,3493,0.359797,0.5191471709630978,0.08578805125505566,0.1010725565291863,2283,1974,False,,complete
FIESTA MART #29,611 W JEFFERSON BLVD,75208,liquor_store,48113004700,3.0,5267,0.285742,0.6081314243235885,0.0857533366534527,0.18009884949164187,2284,596,False,,complete
ICLOUD WIRELESS,9658 PLANO RD Ste:100,75238,convenience_corner_store,48113013007,3.0,4753,0.301432,0.45977999208274495,0.08572160163918785,0.1208580535385348,2285,1578,False,,complete
The Lash Lounge,South Denton Tap Road,,barbershop_beauty,48113014119,2.0,3107,0.386858,0.3105926148485517,0.08570718586061031,0.051614311626415645,2286,3119,False,,complete
B&B News & More,,,convenience_corner_store,48113013628,3.0,4198,0.322714,0.3148723528120475,0.08569971738459266,0.07079992438181956,2287,2583,False,,complete
JOEY'S CORNER,1050 N COIT RD,75080,liquor_store,48113019215,2.0,3846,0.339296,0.3446654606523758,0.08564329605380222,0.0716341697054814,2288,2568,False,,complete
I-30 TRUCK STOP,801 E I 30,75043,liquor_store,48113018137,2.0,3458,0.361464,0.5112787599498834,0.08557287391566447,0.09845202904849064,2289,2025,False,,complete
Yeti Food Store,126 E Centerville Rd,75041,liquor_store,48113018126,2.0,3050,0.390951,0.5529716796965346,0.08553039995573211,0.09435002166330057,2290,2111,False,,complete
Circle K Management CK 135,210 FM 1382,75104,liquor_store,48113016626,1.0,1962,0.53001,0.6255513538096666,0.08552046546399046,0.06910784519165805,2291,2620,False,,complete
AWAD DAIQUIRI AND MORE,8008 S POLK ST Ste:101,75232,convenience_corner_store,48113011104,2.0,3512,0.357811,0.6487003123523629,0.08547496194577711,0.12850770966102465,2292,1434,False,,complete
TRADER JOE'S #405,5550 W LOVERS LANE SUITE 168,75209,liquor_store,48113007101,3.0,4286,0.318471,0.39197589666585364,0.085463196080465,0.09181126522885355,2293,2169,False,,complete
TEXAS BEST 6,4295 S BELT LINE Rd,75180,liquor_store,48113017315,2.0,2948,0.398953,0.5377288891389482,0.08530719641094084,0.08853945842080392,2294,2257,False,,complete
QuikTrip #962,4054 Bobtown Rd,75043,liquor_store,48113018132,2.0,3658,0.348707,0.38032296326646886,0.08530536660245583,0.07583995766838264,2295,2487,False,,complete
Good Spirits LLC (Store #4133),427 E FM 1382,75104,liquor_store,48113016629,1.0,2482,0.447335,0.42767030224816055,0.08524683151196143,0.0584024059753815,2296,2912,False,,complete
Braids & Weaves,,,barbershop_beauty,48113016610,1.0,2165,0.492303,0.5708693035781052,0.08524271489003749,0.06926268658689434,2297,2617,False,,complete
WINGSTOP,5535 W LOVERS LN Ste:B,75209,convenience_corner_store,48113007301,3.0,4369,0.314476,0.2774359530778855,0.0851669912484916,0.06401913556177684,2298,2748,False,,complete
DAVID'S SPACE,411 W 8TH ST,75208,convenience_corner_store,48113004700,3.0,5225,0.285742,0.6081314243235885,0.08506952421004184,0.17866270905521717,2299,612,False,,complete
JUNGLE DALLAS,200 N BISHOP AVE Ste:106,75208,barbershop_beauty,48113004700,3.0,5223,0.285742,0.6081314243235885,0.08503696171273654,0.1785943214153874,2300,614,False,,complete
SUNNYVALE FOOD MARKET,3530 SUNNYVALE ST,75216,liquor_store,48113008802,2.0,3755,0.342381,0.5812496998953245,0.08491191060203418,0.12243320245413374,2301,1546,False,,complete
MTP Barbershop,2404 West Walnut Street,75042,barbershop_beauty,48113018900,2.0,3043,0.389588,0.6402151487122754,0.08487043192466184,0.10982079156878781,2302,1808,False,,complete
Dollar General Store #3896,728 W Wheatland Rd,75116,liquor_store,48113016513,2.0,2696,0.421593,0.37474485603419266,0.08483848014606095,0.05500653958642297,2303,3003,False,,complete
WALGREENS #15967,750 W WHEATLAND RD,75116,liquor_store,48113016513,2.0,2696,0.421593,0.37474485603419266,0.08483848014606095,0.05500653958642297,2304,3004,False,,complete
Family Dollar #25369,341 E BELT LINE RD,75172,liquor_store,48113016903,1.0,1479,0.653104,0.7355022472773421,0.08481963640534496,0.06170411005160732,2305,2829,False,,complete
PET BAR INC.,5563 W LOVERS LN,75209,barbershop_beauty,48113007301,3.0,4350,0.314476,0.2774359530778855,0.0847966152279557,0.06374072778524359,2306,2759,False,,complete
Popshelf Store #25589,106 North Denton Tap Rd Suite 310,75019,liquor_store,48113014135,2.0,2901,0.401547,0.3643372638571388,0.08478839785854603,0.05740508961416876,2307,2940,False,,complete
TOM THUMB #1781,106 N DENTON TAP ROAD,75019,liquor_store,48113014135,2.0,2901,0.401547,0.3643372638571388,0.08478839785854603,0.05740508961416876,2308,2941,False,,complete
YASMINE CHEVRON,6418 N JUPITER ROAD,75044,liquor_store,48113019031,2.0,3113,0.383453,0.37501123415071136,0.08468772999674931,0.06356359802516234,2309,2767,False,,complete
Tom Thumb #1540,3757 Forest Ln,75244,liquor_store,48113009608,3.0,3882,0.335234,0.43520104381768077,0.08468213951149038,0.09307239519602939,2310,2137,False,,complete
CIVIL POUR COFFEE + BEER,800 N Coit Rd Ste 2550,75080,liquor_store,48113019215,2.0,3801,0.339296,0.3446654606523758,0.08464122940730687,0.07079601639379479,2311,2584,False,,complete
QUALITY LICENSING CORP. (STORE #4503),2650 S STATE HIGHWAY 161,75052,liquor_store,48113016419,1.0,2128,0.495794,0.5028436872409088,0.08461639541378907,0.05952520918348584,2312,2884,False,,complete
QUALITY LICENSING CORP. (STORE #4503) FUEL CENTER,2640 S STATE HIGHWAY 161,75052,liquor_store,48113016419,1.0,2128,0.495794,0.5028436872409088,0.08461639541378907,0.05952520918348584,2313,2885,False,,complete
FUEL CITY CEDAR HILL,1107 N HIGHWAY 67,75104,liquor_store,48113016530,1.0,2187,0.486009,0.512651184661893,0.08457011069434815,0.06244299933884092,2314,2806,False,,complete
HOLLYWOOD FEED,5545 W LOVERS LN,75209,convenience_corner_store,48113007301,3.0,4338,0.314476,0.2774359530778855,0.08456269353077514,0.06356489129480154,2315,2764,False,,complete
JENNY CRAIG,5553 W LOVERS LN,75209,convenience_corner_store,48113007301,3.0,4338,0.314476,0.2774359530778855,0.08456269353077514,0.06356489129480154,2316,2765,False,,complete
ORANGE THEORY FITNESS,5549 W LOVERS LN,75209,barbershop_beauty,48113007301,3.0,4338,0.314476,0.2774359530778855,0.08456269353077514,0.06356489129480154,2317,2766,False,,complete
C STORE,5001 W Davis St,75211,liquor_store,48113010701,1.0,2051,0.50842,0.7172541620692421,0.08444957060710535,0.083356489917131,2318,2351,False,,complete
JENCEY KEETON,10025 GARLAND RD Ste:H,75218,barbershop_beauty,48113008200,2.0,3546,0.353026,0.4092685838042698,0.08440561305794986,0.07958296488175653,2319,2417,False,,complete
STITCH GOLF,5560 W LOVERS LN Ste:245,75209,convenience_corner_store,48113007101,3.0,4232,0.318471,0.39197589666585364,0.08438643159415023,0.0906545204032917,2320,2202,False,,complete
ALICE IN IVORY,250 N BISHOP AVE Ste:200,75208,convenience_corner_store,48113004700,3.0,5181,0.285742,0.6081314243235885,0.08435314926932569,0.1771581809789627,2321,627,False,,complete
SERENE BEAUTY & NAILS,5631 W LOVERS LN Ste:100,75209,barbershop_beauty,48113007301,3.0,4325,0.314476,0.2774359530778855,0.08430927835882952,0.06337440176348932,2322,2775,False,,complete
POLK BEAUTY CENTER,1111 W CAMP WISDOM RD Ste:B,75232,barbershop_beauty,48113011101,2.0,2786,0.410787,0.5496725330650525,0.08430507487466261,0.08564021056163132,2323,2309,False,,complete
CVS #10948,108 W DAVIS ST,75208,convenience_corner_store,48113004700,3.0,5178,0.285742,0.6081314243235885,0.08430430552336776,0.17705559951921807,2324,628,False,,complete
TRADER JOE'S #401,7939 WALNUT HILL LN,75230,liquor_store,48113013104,3.0,3809,0.338083,0.36752621073574365,0.0843028609494893,0.07609037324221107,2325,2482,False,,complete
Hiatus Day Spa • Med Spa,9820 North Central Expressway,,barbershop_beauty,48113007822,3.0,4038,0.326831,0.42987960707786643,0.08429188791175386,0.09554283068607644,2326,2084,False,,complete
The Lash Lounge,6465 East Mockingbird Lane,,barbershop_beauty,48113007902,2.0,3411,0.361126,0.3631839304136826,0.08428090872546844,0.06726452640860806,2327,2660,False,,complete
MARIO BROS TACOS,8420 ABRAMS RD Ste:206,75243,convenience_corner_store,48113007825,3.0,4351,0.313375,0.42095039859765937,0.08428057547405753,0.10065299856782298,2328,1980,False,,complete
Miss K Braids,103 East Belt Line Road,75104,barbershop_beauty,48113016626,1.0,1932,0.53001,0.6255513538096666,0.08421281308686522,0.06805115031105166,2329,2641,False,,complete
SAI SMOKE SHOP,2410 DUNCANVILLE RD Ste:120,75211,convenience_corner_store,48113010808,2.0,3787,0.339007,0.5258673103242834,0.08420712556630787,0.11108345556022534,2330,1786,False,,complete
Salon Suites,6465 East Mockingbird Lane,,barbershop_beauty,48113007902,2.0,3407,0.361126,0.3631839304136826,0.08418207447307856,0.06718564687016348,2331,2662,False,,complete
COOL BREEZE FOOD MART,610 E REDBIRD LN,75116,liquor_store,48113016536,1.0,2314,0.465453,0.5940265087665296,0.08416357728699987,0.07719587570578276,2332,2462,False,,complete
KANG XIU PALACE,5627 W LOVERS LN,75209,barbershop_beauty,48113007301,3.0,4316,0.314476,0.2774359530778855,0.0841338370859441,0.06324252439565778,2333,2779,False,,complete
ZURI NAIL BAR,3767 FOREST LN Ste:112,75244,barbershop_beauty,48113009609,3.0,3803,0.337901,0.28641265684174066,0.0840926894241463,0.05774275105810979,2334,2928,False,,complete
LA BODEGA,208 W 8TH ST,75208,convenience_corner_store,48113004700,3.0,5164,0.285742,0.6081314243235885,0.08407636804223083,0.17657688604040986,2335,635,False,,complete
LOWER GREENVILLE BARBER SHOP,2915 GREENVILLE AVE,75206,barbershop_beauty,48113000202,3.0,5131,0.286646,0.31389041682189395,0.08405762469056784,0.08623740111785645,2336,2303,False,,complete
FASHION WITHA TWIST DANCE HALL,8208 C F HAWN FWY,75217,barbershop_beauty,48113011603,1.0,1981,0.519519,0.6651753898458175,0.08402531271872776,0.07441536367877462,2337,2514,False,,complete
BOTANICA LA FAMILIA LLC,8224 C F HAWN FWY,75217,convenience_corner_store,48113011603,1.0,1981,0.519519,0.6651753898458175,0.08402531271872776,0.07441536367877462,2338,2515,False,,complete
BUY LOW MART,8550 Plano Rd #102,75238,liquor_store,48113013007,3.0,4658,0.301432,0.45977999208274495,0.08400825172214117,0.11844241813223123,2339,1630,False,,complete
ALCHEMY 43,6465 E MOCKINGBIRD LN Ste:420,75214,barbershop_beauty,48113007902,2.0,3399,0.361126,0.3631839304136826,0.0839844059682988,0.06702788779327434,2340,2666,False,,complete
Salon Culture,8185 Walnut HIll SLane,,barbershop_beauty,48113007822,3.0,4022,0.326831,0.42987960707786643,0.08395789330883457,0.09516425582451694,2341,2089,False,,complete
AUTOZONE,4010 W CAMP WISDOM RD Ste:150,75237,grocery_food_mart,48113010904,2.0,3418,0.359797,0.5191471709630978,0.08394605187225317,0.09890237567041477,2342,2017,False,,complete
SODA AND SNACK MART,4020 W Camp Wisdom Rd,75237,liquor_store,48113010904,2.0,3418,0.359797,0.5191471709630978,0.08394605187225317,0.09890237567041477,2343,2018,False,,complete
A TO Z BEER AND WINE,1208 E BELT LINE RD STE 118,75006,liquor_store,48113013729,2.0,2729,0.415107,0.5538596562463778,0.08389818529858066,0.0845632605320228,2344,2327,False,,complete
DOLLY,315 N BISHOP AVE,75208,convenience_corner_store,48113004700,3.0,5153,0.285742,0.6081314243235885,0.08389727430705178,0.17620075402134622,2345,639,False,,complete
PEAK SMOKE SHOP,6933 SCYENE RD,75227,convenience_corner_store,48113008401,2.0,3540,0.352079,0.5483782040440679,0.0838880261052838,0.10854703799399487,2346,1826,False,,complete
SUPER 99 $ STORE,6917 SCYENE RD,75227,convenience_corner_store,48113008401,2.0,3540,0.352079,0.5483782040440679,0.0838880261052838,0.10854703799399487,2347,1827,False,,complete
COSAS Y MAS,6927 SCYENE RD,75227,other_storefront,48113008401,2.0,3540,0.352079,0.5483782040440679,0.0838880261052838,0.10854703799399487,2348,1828,False,,complete
RAW HAIR AND CO,223 N BISHOP AVE,75208,barbershop_beauty,48113004700,3.0,5150,0.285742,0.6081314243235885,0.08384843056109387,0.17609817256160162,2349,640,False,,complete
WHITE ROCK ROWING,2810 WHITE ROCK RD,75214,barbershop_beauty,48113000100,2.0,2910,0.397824,0.30109264352524556,0.08384029882421713,0.04670815839849783,2350,3231,False,,complete
LIMELIGHTLIFE BEAUTY,5747 SAMUELL BLVD Ste:400,75228,barbershop_beauty,48113012206,3.0,4238,0.317063,0.46265330851206166,0.08383899868536812,0.10848231198713301,2351,1830,False,,complete
RESTORE HYPER WELLNESS & CRYOTHERAPY,5509 W LOVERS LN Ste:A,75209,barbershop_beauty,48113007301,3.0,4299,0.314476,0.2774359530778855,0.08380244801493829,0.06299342270086487,2352,2784,False,,complete
RACETRAC #423,4214 FOREST LN,75042,liquor_store,48113018506,1.0,2470,0.443293,0.4344138256545896,0.08371857877433019,0.059104273329462664,2353,2895,False,,complete
"THE HOUSE ON LOVERS, LLC",4309 W LOVERS LN,75209,barbershop_beauty,48113007302,2.0,2651,0.422574,0.3142463582485449,0.08371313686039808,0.04461146777868012,2354,3291,False,,complete
THE FITNESS HUB & NUTRITION,4737 VILLAGE FAIR DR Ste:104,75224,barbershop_beauty,48113006002,1.0,2522,0.436995,0.6628236846879564,0.08370542356029793,0.09438732001213988,2355,2109,False,,complete
SPEC'S WINE SPIRITS & FINER FOODS SPEC'S LIQUOR #174,8505 LAKEVIEW PKWY STE 320,75088,liquor_store,48113018149,1.0,2378,0.454954,0.39377206529744674,0.08370028717340572,0.05119200498183501,2356,3123,False,,complete
PIZZA HUT,222 CONTINENTAL AVE Ste:100,75207,convenience_corner_store,48113010003,3.0,3975,0.328285,0.284070516662347,0.08362290174647803,0.0598041806947174,2357,2874,False,,complete
EZ Trip # 27,818 S Central Expy Ste 21,75080,liquor_store,48113019202,2.0,3026,0.387294,0.5643381027063337,0.08362027642741271,0.09563998205995367,2358,2083,False,,complete
SELL N FIX,5441 ALPHA RD Ste:110,75240,convenience_corner_store,48113013626,3.0,9085,0.222436,0.4933660860446714,0.08361975536574671,0.24904112480360038,2359,231,False,,complete
Circle K #2709282,4700 N Interstate 45,75172,liquor_store,48113016903,1.0,1458,0.653104,0.7355022472773421,0.08361530079715547,0.06082798678515448,2360,2852,False,,complete
Christelle Hair Braiding,125 North Clark Road,75104,barbershop_beauty,48113016626,1.0,1917,0.53001,0.6255513538096666,0.0835589868983026,0.06752280287074847,2361,2656,False,,complete
Great Clips,7215 Skillman Street,75231,barbershop_beauty,48113007824,3.0,4529,0.305136,0.30800030880550866,0.08355705714793188,0.07454320565191777,2362,2511,False,,complete
SCULPTHOUSE,5550 W LOVERS LN Ste:146,75209,barbershop_beauty,48113007301,3.0,4280,0.314476,0.2774359530778855,0.08343207199440239,0.06271501492433162,2363,2798,False,,complete
Diamond Luxe Nails & Spa,8440 Abrams Road,,barbershop_beauty,48113007825,3.0,4305,0.313375,0.42095039859765937,0.08338953744330445,0.09958886665926865,2364,2003,False,,complete
Clark Loan Stop,602 S Clark Rd,75137,liquor_store,48113016513,2.0,2647,0.421593,0.37474485603419266,0.0832965344757505,0.054006791648835914,2365,3031,False,,complete
ALLSUP'S #102316,5920 HIGHWAY 78,75048,liquor_store,48113018154,2.0,3064,0.383152,0.338101624319491,0.08325160601465145,0.055880534585278245,2366,2974,False,,complete
7-Eleven Convenience Store #33123D,502 Clay Mathis Rd,75181,liquor_store,48113017307,1.0,2424,0.447047,0.4580874188049181,0.08317671891128332,0.061394410363593624,2367,2836,False,,complete
PAYLESS FUEL CENTER COIT/635,12950 COIT RD,75251,liquor_store,48113013202,3.0,3998,0.326185,0.376577342189233,0.08316817578051454,0.08200418000159503,2368,2380,False,,complete
LIQUOR STOP,5477 N MACARTHUR BOULEVARD,75038,liquor_store,48113014319,3.0,4509,0.305038,0.49397987140654964,0.08313867157198761,0.12376578383015918,2369,1519,False,,complete
ACCENT GALLERY & FRAMING,7719 INWOOD RD,75209,convenience_corner_store,48113007101,3.0,4165,0.318471,0.39197589666585364,0.08305044602779671,0.08921929997157606,2370,2233,False,,complete
UPS,8302 ABRAMS RD Ste:A,75243,barbershop_beauty,48113007825,3.0,4287,0.313375,0.42095039859765937,0.08304087038779237,0.09917246721679088,2371,2010,False,,complete
7-ELEVEN CONVENIENCE STORE #35425B,8302 ABRAMS RD,75243,liquor_store,48113007825,3.0,4287,0.313375,0.42095039859765937,0.08304087038779237,0.09917246721679088,2372,2011,False,,complete
WALGREENS #05162,8310 ABRAMS RD,75243,liquor_store,48113007825,3.0,4287,0.313375,0.42095039859765937,0.08304087038779237,0.09917246721679088,2373,2012,False,,complete
AFC SUSHI,3757 FOREST LN Ste:C,75244,convenience_corner_store,48113009609,3.0,3755,0.337901,0.28641265684174066,0.08303130391471716,0.057013944313227,2374,2951,False,,complete
7-ELEVEN CONVENIENCE STORE #36496B,730 W BELT LINE RD,75115,liquor_store,48113016632,1.0,2492,0.438072,0.4269590360416011,0.08300975693603833,0.05853297430376175,2375,2909,False,,complete
Terilli's To Go,2820 Greenville Ave,75206,liquor_store,48113000202,3.0,5067,0.286646,0.31389041682189395,0.08300915694934852,0.08516174458471618,2376,2316,False,,complete
COWBOYS LiQUOR NO1,3367 Conflans RD STE 100,75061,liquor_store,48113014406,1.0,2486,0.438517,0.6620988477111875,0.08293356589289935,0.09293352220396126,2377,2139,False,,complete
Blue Angels Nail & Spa,,,barbershop_beauty,48113016805,2.0,2596,0.425857,0.5130695317870111,0.0829291143426872,0.07418489873201498,2378,2518,False,,complete
CEDARDALE C STORE,1007 Cedardale Rd,75134,liquor_store,48113016709,1.0,2222,0.473239,0.6626121783490235,0.0827514556790821,0.08313187481765295,2379,2360,False,,complete
7-Eleven Convenience Store #25764B,10690 Walnut Hill Ln,75238,liquor_store,48113013005,3.0,4739,0.296162,0.357198762022096,0.08267715984264194,0.09177652277302001,2380,2171,False,,complete
Vie Nail Bar,6465 East Mockingbird Lane,,barbershop_beauty,48113007902,2.0,3346,0.361126,0.3631839304136826,0.08267485212413292,0.06598273390888378,2381,2690,False,,complete
LAKE JUNE LIQUOR,12600 LAKE JUNE RD STE B,75180,liquor_store,48113017203,2.0,2754,0.408505,0.6123845036373143,0.0826341766709764,0.09486189948002485,2382,2097,False,,complete
WHITEROCK CENTER OF HOPE,10021 GARLAND RD Ste:A,75218,grocery_food_mart,48113008200,2.0,3469,0.353026,0.4092685838042698,0.0825727782566351,0.07785485199515325,2383,2450,False,,complete
PLACIDA COCINA,6939 SCYENE RD Ste:A,75227,convenience_corner_store,48113008401,2.0,3484,0.352079,0.5483782040440679,0.08256098388440924,0.1068299097093441,2384,1863,False,,complete
PLEASANT GROVE MEAT MARKET,6923 SCYENE RD,75227,convenience_corner_store,48113008401,2.0,3484,0.352079,0.5483782040440679,0.08256098388440924,0.1068299097093441,2385,1864,False,,complete
VECTA FOOD STORE,6935 SCYENE RD,75227,liquor_store,48113008401,2.0,3484,0.352079,0.5483782040440679,0.08256098388440924,0.1068299097093441,2386,1865,False,,complete
LASH LOVERS,5525 W LOVERS LN,75209,barbershop_beauty,48113007301,3.0,4232,0.314476,0.2774359530778855,0.08249638520568013,0.062011668962563424,2387,2819,False,,complete
STOP & GO,300 E TERRACE DRIVE SUITE 310A,75080,liquor_store,48113019211,2.0,3302,0.363542,0.5110738878914002,0.08247950933634496,0.09397061051389081,2388,2118,False,,complete
Beauty Nails,8256 Abrams Road,,barbershop_beauty,48113007825,3.0,4258,0.313375,0.42095039859765937,0.08247912902057848,0.09850160144835446,2389,2024,False,,complete
SUSIE CAKES,6441 E MOCKINGBIRD LN Ste:150,75214,convenience_corner_store,48113007902,2.0,3338,0.361126,0.3631839304136826,0.08247718361935316,0.06582497483199463,2390,2695,False,,complete
TARGET STORE T-0255,3333 W AIRPORT FWY,75062,liquor_store,48113014306,2.0,2832,0.400275,0.6135505850730318,0.08236900603035777,0.09774375520708423,2391,2040,False,,complete
TARGET STORE T-1836,739 N HIGHWAY 67,75104,liquor_store,48113016522,1.0,2175,0.478808,0.5955516400176051,0.0823551741404482,0.07275479635387147,2392,2545,False,,complete
BELOW 5,1032 W CAMP WISDOM RD,75232,convenience_corner_store,48113011104,2.0,3382,0.357811,0.6487003123523629,0.08231102542728308,0.12375087530569058,2393,1520,False,,complete
CORNER STORE,1028 W CAMP WISDOM RD,75232,convenience_corner_store,48113011104,2.0,3382,0.357811,0.6487003123523629,0.08231102542728308,0.12375087530569058,2394,1521,False,,complete
COUNTRY GURLZ NUTRITION,1046 W CAMP WISDOM RD,75232,convenience_corner_store,48113011104,2.0,3382,0.357811,0.6487003123523629,0.08231102542728308,0.12375087530569058,2395,1522,False,,complete
VAPE SUPPLY & CONVENIENCE,1036 W CAMP WISDOM RD,75232,convenience_corner_store,48113011104,2.0,3382,0.357811,0.6487003123523629,0.08231102542728308,0.12375087530569058,2396,1523,False,,complete
SHONUF KRAFTY T-SHIRTS MORE,1038 W CAMP WISDOM RD,75232,convenience_corner_store,48113011104,2.0,3382,0.357811,0.6487003123523629,0.08231102542728308,0.12375087530569058,2397,1524,False,,complete
ESTILOS,1034 W CAMP WISDOM RD,75232,barbershop_beauty,48113011104,2.0,3382,0.357811,0.6487003123523629,0.08231102542728308,0.12375087530569058,2398,1525,False,,complete
Whip In,3405 Broadway Blvd,75043,liquor_store,48113018111,2.0,2553,0.428503,0.5448142888740325,0.08231066143312209,0.07774501169580268,2399,2452,False,,complete
HAMPTON FOODMART,3900 N Hampton Rd,75212,liquor_store,48113010101,2.0,3513,0.349607,0.6601110640526379,0.08227738682193306,0.13091297872250626,2400,1398,False,,complete
Clip-Cuts,,,barbershop_beauty,48113013720,2.0,3366,0.358655,0.5211713853663278,0.08223920768008335,0.09780032665547973,2401,2038,False,,complete
4 Stop Food Mart,2919 E Illinois Ave,75216,liquor_store,48113008801,2.0,3241,0.367073,0.43724022893225184,0.08223515388516137,0.07809470698526025,2402,2443,False,,complete
Stop n Shop #3,207 West 6th Street,75060,convenience_corner_store,48113014903,2.0,2881,0.39536,0.55189166847014,0.08221119097349319,0.08893824331963997,2403,2243,False,,complete
ENCANTO,8560 FIRESIDE DR,75217,convenience_corner_store,48113011603,1.0,1938,0.519519,0.6651753898458175,0.08220144172079476,0.07280008824304152,2404,2544,False,,complete
TOM THUMB #2578,2535 NE PARKWAY,75040,liquor_store,48113019026,3.0,4350,0.309116,0.48114655654816235,0.08219007718811101,0.11610276305198697,2405,1682,False,,complete
BEYOU NAIL BAR,5150 LEMMON AVE Ste:101,75209,barbershop_beauty,48113000611,3.0,4912,0.289765,0.30780431061437635,0.08218260882388516,0.08079014758304963,2406,2405,False,,complete
Spice It Up Seafood and Grill,104 W Belt Line Rd STE 1B,75104,liquor_store,48113016626,1.0,1884,0.53001,0.6255513538096666,0.08212056928346484,0.06636043850208143,2407,2681,False,,complete
7-Eleven Convenience Store #35391A,5401 N George Bush Hwy,75044,liquor_store,48113019027,2.0,3095,0.377408,0.5552448331431477,0.08210650441940553,0.09615779318739708,2408,2073,False,,complete
MIGALITOS SUPERMERCADO #1,1050 S BELT LINE RD,75253,liquor_store,48113017010,1.0,1856,0.535144,0.6777770635389729,0.08196532487946638,0.07110183305486015,2409,2580,False,,complete
BRAIDS OF FASHION,4127 N WESTMORELAND RD,75212,barbershop_beauty,48113010500,1.0,2045,0.498524,0.7297267387782101,0.08194015483974221,0.0846198117139762,2410,2323,False,,complete
KBS T - SHIRTS,4129 N WESTMORELAND RD,75212,convenience_corner_store,48113010500,1.0,2045,0.498524,0.7297267387782101,0.08194015483974221,0.0846198117139762,2411,2324,False,,complete
TRINITY GROVE SUITES,4125 N WESTMORELAND RD,75212,convenience_corner_store,48113010500,1.0,2045,0.498524,0.7297267387782101,0.08194015483974221,0.0846198117139762,2412,2325,False,,complete
WESTMORELAND CLEANERS,4123 N WESTMORELAND RD,75212,barbershop_beauty,48113010500,1.0,2045,0.498524,0.7297267387782101,0.08194015483974221,0.0846198117139762,2413,2326,False,,complete
ICRYO WELLNESS CENTER,7949 WALNUT HILL LN Ste:150,75230,barbershop_beauty,48113007801,2.0,3608,0.343253,0.3550615112287843,0.08193951259574497,0.06941767199733472,2414,2611,False,,complete
CHEVRON FOOD MART 202,8817 CLARK RD,75249,liquor_store,48113016526,2.0,2630,0.418595,0.5595196750209478,0.08188012431009191,0.08237516115724466,2415,2371,False,,complete
"TROMPO MEXICAN FOOD, INC.",407 W 10TH ST Ste:135,75208,convenience_corner_store,48113004700,3.0,5029,0.285742,0.6081314243235885,0.08187839947412447,0.17196072035190182,2416,696,False,,complete
I LOVE JUICE BAR,8018 PARK LN Ste:120,75231,convenience_corner_store,48113007822,3.0,3920,0.326831,0.42987960707786643,0.08182867771522416,0.09275084108207521,2417,2147,False,,complete
DQ DESIGNS,1505 S EWING AVE Ste:100,75216,barbershop_beauty,48113005400,2.0,2645,0.416827,0.5900076704545058,0.08182434242850323,0.08761003927545033,2418,2273,False,,complete
Highland Nail Bar,10675 East Northwest Highway,,barbershop_beauty,48113013005,3.0,4690,0.296162,0.357198762022096,0.08182229999197947,0.09082757792898584,2419,2196,False,,complete
NASTAEEN FOOD MART,1360 N INTERSTATE 35 E,75146,liquor_store,48113016805,2.0,2561,0.425857,0.5130695317870111,0.08181104076718872,0.07318471712353249,2420,2538,False,,complete
WALGREENS #05509,13260 JOSEY LN STE 100,75234,liquor_store,48113013902,2.0,3460,0.351553,0.583540070005791,0.08178879486606072,0.1132828842943679,2421,1749,False,,complete
WE SMOKE,8817 CLARK RD Ste:BU2,75249,convenience_corner_store,48113016513,2.0,2599,0.421593,0.37474485603419266,0.08178605708442596,0.053027446730383274,2422,3064,False,,complete
REAL HAIR BEAUTY BAR,3229 W CAMP WISDOM RD,75237,barbershop_beauty,48113010904,2.0,3328,0.359797,0.5191471709630978,0.08173565261289015,0.09629815863988893,2423,2068,False,,complete
Family Dollar #24893,3249 W CAMP WISDOM RD,75237,liquor_store,48113010904,2.0,3328,0.359797,0.5191471709630978,0.08173565261289015,0.09629815863988893,2424,2069,False,,complete
GRAB N GO,2705 N DALLAS AVE,75134,liquor_store,48113016704,1.0,2274,0.461529,0.5100734356744724,0.08171118048948879,0.06458064085878507,2425,2735,False,,complete
OLIVELLA'S,6465 E MOCKINGBIRD LN STE 525,75214,liquor_store,48113007902,2.0,3306,0.361126,0.3631839304136826,0.08168650960023413,0.06519393852443806,2426,2714,False,,complete
Sprouts Farmers Market,6465 E Mockingbird Ln Ste 322,75214,liquor_store,48113007902,2.0,3306,0.361126,0.3631839304136826,0.08168650960023413,0.06519393852443806,2427,2715,False,,complete
Liquorland,6465 E Mockingbird Ln STE 354,75214,liquor_store,48113007902,2.0,3306,0.361126,0.3631839304136826,0.08168650960023413,0.06519393852443806,2428,2716,False,,complete
STOP & SAVE STORE,3525 SUNNYVALE ROAD,75216,liquor_store,48113008802,2.0,3610,0.342381,0.5812496998953245,0.08163302191034445,0.11770542233273577,2429,1647,False,,complete
3 Nations Brewing,1033 E Vandergriff Dr,75006,liquor_store,48113013729,2.0,2652,0.415107,0.5538596562463778,0.08153095911023668,0.08217726893767845,2430,2375,False,,complete
WATERMILL EXPRESS LLC,10665 WALNUT HILL LN,75238,convenience_corner_store,48113013005,3.0,4673,0.296162,0.357198762022096,0.08152571596215778,0.0904983521667699,2431,2208,False,,complete
USA Beauty Supply,,,barbershop_beauty,48113016805,2.0,2551,0.425857,0.5130695317870111,0.08149159117418915,0.07289895094968035,2432,2541,False,,complete
7-ELEVEN CONVENIENCE STORE #26776C,757 E BELT LINE RD,75115,liquor_store,48113016620,2.0,2785,0.401683,0.4730760073114948,0.08144037330538205,0.07300432457398659,2433,2540,False,,complete
SINGLETON TATTOO,435 SINGLETON BLVD,75212,barbershop_beauty,48113010102,3.0,4121,0.316827,0.5989262711328857,0.08141570129820921,0.1386711879039595,2434,1269,False,,complete
LONE STAR AXE THROWING,440 SINGLETON BLVD Ste:140,75212,other_storefront,48113010102,3.0,4121,0.316827,0.5989262711328857,0.08141570129820921,0.1386711879039595,2435,1270,False,,complete
LUCKY ZONE MART,2680 LEA CREST DR,75216,convenience_corner_store,48113008802,2.0,3600,0.342381,0.5812496998953245,0.08140689165574516,0.11737936853126005,2436,1651,False,,complete
GOODFRIEND PACKAGE,1155 PEAVEY ROAD,75218,liquor_store,48113008200,2.0,3420,0.353026,0.4092685838042698,0.08140642883761662,0.07675514379458752,2437,2468,False,,complete
GREENVILLE AVENUE PIZZA COMPANY,1145 PEAVY RD,75218,liquor_store,48113008200,2.0,3420,0.353026,0.4092685838042698,0.08140642883761662,0.07675514379458752,2438,2469,False,,complete
CVS/PHARMACY #7412,5370 W LOVERS LANE SUITE 310,75209,liquor_store,48113007101,3.0,4080,0.318471,0.39197589666585364,0.08135553896600495,0.08739849793133983,2439,2278,False,,complete
"HIATUS DALLAS, LLC",9820 N CENTRAL EXPY Ste:507,75231,barbershop_beauty,48113007822,3.0,3896,0.326831,0.42987960707786643,0.08132768581084522,0.09218297878973597,2440,2166,False,,complete
WEISS ENTERPRISES INC.,1610 FENWAY ST,75210,liquor_store,48113009303,2.0,2680,0.411488,0.5549433159448036,0.08130750872911015,0.08321651175134884,2441,2355,False,,complete
3D Wigs and Braids,8250 Abrams Road,,barbershop_beauty,48113007825,3.0,4197,0.313375,0.42095039859765937,0.08129753511023201,0.09709047000440198,2442,2050,False,,complete
DALLAS NAIL BAR,9051 GARLAND RD,75218,barbershop_beauty,48113008101,2.0,3199,0.366982,0.45637597603824653,0.08113692794090889,0.080699886935546,2443,2407,False,,complete
MAKERS RECONECT,9047 GARLAND RD,75218,convenience_corner_store,48113008101,2.0,3199,0.366982,0.45637597603824653,0.08113692794090889,0.080699886935546,2444,2408,False,,complete
LDU COFFEE,9005 GARLAND RD Ste:100,75218,convenience_corner_store,48113008101,2.0,3199,0.366982,0.45637597603824653,0.08113692794090889,0.080699886935546,2445,2409,False,,complete
CIRCLE K #2741742,401 E FM 1382,75104,liquor_store,48113016629,1.0,2362,0.447335,0.42767030224816055,0.0811253086346708,0.05557876023926314,2446,2984,False,,complete
7-ELEVEN CONVENIENCE STORE #35415A,15050 PRESTON RD,75254,liquor_store,48113013606,3.0,4974,0.285883,0.4089815303784432,0.08106133420145613,0.11154723501726942,2447,1777,False,,complete
Red Beer and Wine,4218 W Lovers Ln,75209,liquor_store,48113007102,1.0,2234,0.464441,0.45585815278825087,0.08100111999784805,0.05628786361795944,2448,2963,False,,complete
JEWELERS CASH FOR GOLD,3797 FOREST LN Ste:103,75244,convenience_corner_store,48113009609,3.0,3662,0.337901,0.28641265684174066,0.0809748694901982,0.05560188124501659,2449,2983,False,,complete
DURO PROVISIONS GREENVILLE,2804 GREENVILLE AVE,75206,convenience_corner_store,48113000202,3.0,4938,0.286646,0.31389041682189395,0.08089583915845332,0.08299362438510528,2450,2361,False,,complete
SK DONUTS,5181 KELLER SPRINGS RD Ste:103,75248,convenience_corner_store,48113013611,3.0,4694,0.294254,0.27239882018323847,0.08089085995085789,0.06738423321986903,2451,2657,False,,complete
WHICH WICH SANDWICH,16110 DALLAS PKWY Ste:101,75248,convenience_corner_store,48113013611,3.0,4694,0.294254,0.27239882018323847,0.08089085995085789,0.06738423321986903,2452,2658,False,,complete
KWIK MART #5,6343 LAKE JUNE RD Ste:120,75217,convenience_corner_store,48113009303,2.0,2666,0.411488,0.5549433159448036,0.08088276801186851,0.0827817986302597,2453,2363,False,,complete
QuikTrip #1922,5065 Lawson Rd,75181,liquor_store,48113017008,1.0,1851,0.530767,0.6289095127469162,0.08083879514723391,0.06556537444114269,2454,2702,False,,complete
PEACHES & TEAN SALON SUITES,3946 S BUCKNER BLVD Ste:100,75227,barbershop_beauty,48113009001,2.0,3326,0.357509,0.6208400584512634,0.08083580941134577,0.11622631325883871,2455,1678,False,,complete
HEB Food Store #817(BBQ),2351 W Interstate Hwy 635 Suite 100,75063,liquor_store,48113014124,2.0,3514,0.345867,0.30315790666339876,0.08083159933146153,0.05683174572271806,2456,2954,False,,complete
KWIK PIK FOOD STORE #8,1914 E GRAUWYLER ROAD,75061,liquor_store,48113014704,2.0,2503,0.428961,0.6560512397317662,0.08082677864466473,0.09267457479319563,2457,2150,False,,complete
TIGER MART 64,7100 S R L THORNTON FRWY,75232,liquor_store,48113011201,2.0,2847,0.393916,0.5700953574137624,0.08078139530265624,0.0909510324035014,2458,2189,False,,complete
RACETRAC #569,5151 LEMMON AVENUE,75209,liquor_store,48113000611,3.0,4826,0.289765,0.30780431061437635,0.08074374392998163,0.07937566210012165,2459,2420,False,,complete
RING OF HOPE,3506 SUNNYVALE ST,75216,barbershop_beauty,48113008802,2.0,3569,0.342381,0.5812496998953245,0.08070588786648736,0.1163686017466853,2460,1677,False,,complete
UNIQUE BOUTIQUE AND MORE,1412 BONNIE VIEW RD,75203,convenience_corner_store,48113005500,2.0,2526,0.425723,0.4937169993128214,0.08065512744980147,0.06929595300264814,2461,2615,False,,complete
"SMOKE CLIFF, TX BBQ",1424 BONNIE VIEW RD,75203,convenience_corner_store,48113005500,2.0,2526,0.425723,0.4937169993128214,0.08065512744980147,0.06929595300264814,2462,2616,False,,complete
TOWNE CENTRE MART,2604 TOWNE CENTRE DRIVE SUITE 1,75150,liquor_store,48113017817,1.0,2185,0.47018,0.4198125976296784,0.08062629913460911,0.050399362418907426,2463,3138,False,,complete
Top End Liquor,,,liquor_store,48113007815,1.0,2298,0.453707,0.7296254228449779,0.08056411460020022,0.09507491105600083,2464,2092,False,,complete
CVS/PHARMACY #3187,1000 E SANDY LAKE DR,75019,liquor_store,48113014123,2.0,3350,0.355177,0.3118367613162468,0.08054577045712105,0.05589737280890417,2465,2973,False,,complete
EZ Trip #25,8240 Abrams Rd,75231,liquor_store,48113007825,3.0,4158,0.313375,0.42095039859765937,0.08054208982328918,0.0961882712123668,2466,2071,False,,complete
EZ Shop Food Store,8240 Abrams Road,,convenience_corner_store,48113007825,3.0,4158,0.313375,0.42095039859765937,0.08054208982328918,0.0961882712123668,2467,2072,False,,complete
WOOD PULTZ BEVERAGES LLC,2510 N JOSEY LANE SUITE 106,75006,liquor_store,48113013720,2.0,3296,0.358655,0.5211713853663278,0.08052894489410418,0.0957664517695963,2468,2079,False,,complete
Salon A La Mode,,,barbershop_beauty,48113013607,3.0,4280,0.30824,0.3759563673901495,0.08044833941563682,0.08763131916075534,2469,2271,False,,complete
FLOURISHING FOLLICLES BEAUTY SALON,3906 W CAMP WISDOM RD Ste:200,75237,barbershop_beauty,48113010904,2.0,3275,0.359797,0.5191471709630978,0.08043397304904304,0.09476456416635705,2470,2100,False,,complete
VIE NAIL BAR,8060 PARK LN Ste:B112,75231,barbershop_beauty,48113007822,3.0,3853,0.326831,0.42987960707786643,0.08043007531549966,0.09116555884929484,2471,2184,False,,complete
THE SPORTS POD,4302 W LOVERS LN,75209,barbershop_beauty,48113007302,2.0,2547,0.422574,0.3142463582485449,0.08042903039737229,0.04286133852595182,2472,3349,False,,complete
T-SHIRT INK PRINT LLC,4950 W ILLINOIS AVE Ste:111,75211,convenience_corner_store,48113010808,2.0,3616,0.339007,0.5258673103242834,0.08040479694950337,0.10606754035008577,2473,1875,False,,complete
Eighteen Eight Fine Men's Salons,7949 Walnut Hill Lane,75230,barbershop_beauty,48113013104,3.0,3630,0.338083,0.36752621073574365,0.08034113553338046,0.0725145851586312,2474,2548,False,,complete
HOUSE OF HEALING,8550 PLANO RD Ste:101,75238,convenience_corner_store,48113013007,3.0,4454,0.301432,0.45977999208274495,0.080329058216062,0.11325515894395832,2475,1750,False,,complete
5600 NAILS & SPA,5600 E MOCKINGBIRD LN,75206,barbershop_beauty,48113000300,3.0,4492,0.300036,0.3396714175647209,0.08031337047017374,0.08234074700150625,2476,2373,False,,complete
7-ELEVEN CONVENIENCE STORE #35475A,170 E SPRING VALLEY RD,75081,liquor_store,48113019101,2.0,3572,0.341131,0.5065777316723994,0.08027457647332234,0.10070545757209211,2477,1979,False,,complete
Parkway Food Mart,4848 Military Pkwy Ste A,75223,liquor_store,48113002500,1.0,1791,0.540924,0.5882942073267108,0.08025203868375624,0.05914175678038974,2478,2894,False,,complete
SHOP N GO,14714 WEBB CHAPEL RD,75234,liquor_store,48113013808,2.0,3374,0.352738,0.3814935553742346,0.08020285911517559,0.07018527132656688,2479,2596,False,,complete
MONICA'S BAR & GRILL,14724 WEBB CHAPEL RD,75234,liquor_store,48113013808,2.0,3374,0.352738,0.3814935553742346,0.08020285911517559,0.07018527132656688,2480,2597,False,,complete
DIAMOND NAILS,10031 MARSH LN Ste:114A,75229,barbershop_beauty,48113009702,2.0,3591,0.339546,0.32150616794877485,0.08006527949537537,0.061970417347048896,2481,2824,False,,complete
CVS/PHARMACY #7748,10003 MARSH LANE,75229,liquor_store,48113009702,2.0,3591,0.339546,0.32150616794877485,0.08006527949537537,0.061970417347048896,2482,2825,False,,complete
HAPPY'S MARKET #5 LBJ,9351 LYNDON B JOHNSON FWY,75243,liquor_store,48113019016,2.0,2815,0.39444,0.6045154721104758,0.08003832000401268,0.09565413203885759,2483,2082,False,,complete
BALLET NORTH TEXAS,10675 E NORTHWEST HWY Ste:2400,75238,barbershop_beauty,48113013005,3.0,4586,0.296162,0.357198762022096,0.08000790357424688,0.08881349091307655,2484,2249,False,,complete
Pic-N-Go,3443 W Campbell Rd Ste 800,75044,liquor_store,48113019031,2.0,2939,0.383453,0.37501123415071136,0.0799541402057328,0.06001073388883781,2485,2870,False,,complete
Dallas Nail Spa,9051 Garland Road,,barbershop_beauty,48113008101,2.0,3152,0.366982,0.45637597603824653,0.079944856789542,0.07951423683052236,2486,2418,False,,complete
ICED 2 PERFECTION,2224 CEDAR CREST BLVD Ste:C,75203,convenience_corner_store,48113005500,2.0,2503,0.425723,0.4937169993128214,0.07992073792828705,0.0686649922270896,2487,2625,False,,complete
Family Dollar #25441,9711 PLANO ROAD SUITE A,75238,liquor_store,48113013005,3.0,4581,0.296162,0.357198762022096,0.0799206729772405,0.08871665980654245,2488,2254,False,,complete
Osa Izakaya,9711 Plano Rd STE C,75238,liquor_store,48113013005,3.0,4581,0.296162,0.357198762022096,0.0799206729772405,0.08871665980654245,2489,2255,False,,complete
WALGREENS #04293,734 E PLEASANT RUN RD,75115,liquor_store,48113016620,2.0,2733,0.401683,0.4730760073114948,0.07991976310362986,0.07164122766991217,2490,2567,False,,complete
DISCOUNT TOBACCO & BEYOND,1240 W BELT LINE RD STE B,75115,liquor_store,48113016633,2.0,2649,0.409923,0.3015654508642879,0.07990355776162193,0.042592878156714,2491,3361,False,,complete
American Nail Bar,,,barbershop_beauty,48113016522,1.0,2110,0.478808,0.5955516400176051,0.07989398502820493,0.07058051508352589,2492,2588,False,,complete
KWIK PIK FOOD STORE COPPELL,400 S DENTON TAP ROAD,75019,liquor_store,48113014119,2.0,2895,0.386858,0.3105926148485517,0.07985912554440518,0.048092511154964046,2493,3191,False,,complete
Cotton Patch Cafe,124 W Belt Line Rd Ste 3,75104,liquor_store,48113016626,1.0,1832,0.53001,0.6255513538096666,0.0798539718297811,0.06452883404236369,2494,2736,False,,complete
Family Dollar #23194,130 W BELT LINE ROAD SUITE 2,75104,liquor_store,48113016626,1.0,1832,0.53001,0.6255513538096666,0.0798539718297811,0.06452883404236369,2495,2737,False,,complete
Garcia's Beauty Salon,1147 Peavy Road,,barbershop_beauty,48113008200,2.0,3354,0.353026,0.4092685838042698,0.07983542757934682,0.07527390417749899,2496,2500,False,,complete
Cafe Duro,2804 Greenville Ave,75206,liquor_store,48113000202,3.0,4873,0.286646,0.31389041682189395,0.07983098910877745,0.08190116071863468,2497,2382,False,,complete
Event Network LLC,300 Reunion Blvd E LL150,75207,liquor_store,48113020402,2.0,3294,0.356845,0.3807055903558601,0.07981356177040168,0.06836775604975402,2498,2634,False,,complete
Reunion Tower Gift Shop 16th Floor,300 Reunion Blvd E FL 16,75207,liquor_store,48113020402,2.0,3294,0.356845,0.3807055903558601,0.07981356177040168,0.06836775604975402,2499,2635,False,,complete
Skin Laundry,,,barbershop_beauty,48113007822,3.0,3823,0.326831,0.42987960707786643,0.079803835435026,0.09045573098387079,2500,2210,False,,complete
QuikTrip #1910,15659 Coit Rd,75248,liquor_store,48113013607,3.0,4242,0.30824,0.3759563673901495,0.07973407845820826,0.08685328408409443,2501,2294,False,,complete
Anomalía Beauty Society,"2414, Unit 105 Marsh Lane",75006,barbershop_beauty,48113013722,2.0,3481,0.344974,0.4380386487905213,0.07972500062717165,0.08404194388780263,2502,2339,False,,complete
Bulldog Barber Shop,318 South Central Expressway,75080,barbershop_beauty,48113019202,2.0,2884,0.387294,0.5643381027063337,0.07969625816809592,0.09115191945172055,2503,2185,False,,complete
LIQUOR PLUS,2210 W MAIN STREET SUITE 102,75050,liquor_store,48113015404,1.0,1915,0.512243,0.6160223116976064,0.07966822704036118,0.06637407629421185,2504,2680,False,,complete
TIP TOE  TOBACCO & SNACKS,317 E SANER AVE,75216,convenience_corner_store,48113005600,2.0,2689,0.404975,0.5273490500803241,0.07962269512702594,0.0791114378932476,2505,2425,False,,complete
365 TOBACCO & MORE,305 E SANER AVE Ste:B,75216,convenience_corner_store,48113005600,2.0,2689,0.404975,0.5273490500803241,0.07962269512702594,0.0791114378932476,2506,2426,False,,complete
EL NORTENO,306 E SANER AVE,75216,convenience_corner_store,48113005600,2.0,2689,0.404975,0.5273490500803241,0.07962269512702594,0.0791114378932476,2507,2427,False,,complete
I&L THRIFT STORE,4138 S LANCASTER RD,75216,convenience_corner_store,48113005700,2.0,2552,0.419155,0.5755256574076163,0.0796115043188281,0.0823457585315156,2508,2372,False,,complete
Rose Couture Nail Bar,,,barbershop_beauty,48113007822,3.0,3811,0.326831,0.42987960707786643,0.07955333948283654,0.09017179983770117,2509,2214,False,,complete
Family Dollar #27379,3428 BONNIE VIEW RD,75216,grocery_food_mart,48113008801,2.0,3134,0.367073,0.43724022893225184,0.07952020125766607,0.0755164491489681,2510,2497,False,,complete
CVS/PHARMACY #7672,3798 FOREST LN,75244,liquor_store,48113009609,3.0,3596,0.337901,0.28641265684174066,0.07951546441473313,0.05459977197080274,2511,3012,False,,complete
DOE'S BBQ N MORE,5924 SAMUELL BLVD,,convenience_corner_store,48113012206,3.0,4019,0.317063,0.46265330851206166,0.07950659172168345,0.10287645395853884,2512,1935,False,,complete
STRIDE,14999 PRESTON RD Ste:C112,75254,barbershop_beauty,48113013606,3.0,4877,0.285883,0.4089815303784432,0.07948052410544863,0.10937190695199496,2513,1816,False,,complete
SUPERCUTS,5470 W LOVERS LN Ste:334,75209,barbershop_beauty,48113007101,3.0,3984,0.318471,0.39197589666585364,0.07944129099033424,0.08534206268589653,2514,2312,False,,complete
DBA 3D WIGS & BRAIDS,8250 ABRAMS RD,75231,barbershop_beauty,48113007825,3.0,4098,0.313375,0.42095039859765937,0.0793798663049156,0.09480027307077421,2515,2098,False,,complete
Kulsum's Chevron,2525 N Josey Ln,75006,liquor_store,48113013720,2.0,3248,0.358655,0.5211713853663278,0.07935619326943277,0.09437179470499055,2516,2110,False,,complete
LUCKY FOOD MART,3464 W CAMPBELL RD,75044,liquor_store,48113019031,2.0,2917,0.383453,0.37501123415071136,0.07935564034709852,0.0595615211819462,2517,2883,False,,complete
RISE NO. 1,5360 W LOVERS LANE SUITE 220,75209,liquor_store,48113007101,3.0,3978,0.318471,0.39197589666585364,0.07932165049185481,0.08521353548305632,2518,2314,False,,complete
Mr H Food Store,2300 Rowlett Rd Ste 120,75088,liquor_store,48113018145,2.0,3111,0.368095,0.33231313444564803,0.07929204891265397,0.05567361853060666,2519,2977,False,,complete
73RD WINE AND SPIRITS,5100 LEMMON AVE,75209,liquor_store,48113000611,3.0,4739,0.289765,0.30780431061437635,0.07928814804893969,0.07794472911157822,2520,2446,False,,complete
NAIL SUPPLY GLAMOUR LLC,11722 MARSH LN Ste:304,75229,convenience_corner_store,48113009609,3.0,3582,0.337901,0.28641265684174066,0.07920589364114963,0.05438720333687859,2521,3024,False,,complete
Chipotle Mexican Grill #3992,300 S Clark Rd,75116,liquor_store,48113016519,2.0,2493,0.424264,0.4891764060516992,0.07919481920823486,0.06772178100090036,2522,2655,False,,complete
FLOWER CHILD,5450 W LOVERS LN STE 133,75209,liquor_store,48113007101,3.0,3966,0.318471,0.39197589666585364,0.07908236949489598,0.08495648107737591,2523,2317,False,,complete
Certified Diamond Cut Barbershop,10675 East Northwest Highway,,barbershop_beauty,48113013005,3.0,4532,0.296162,0.357198762022096,0.07906581312657802,0.08776771496250828,2524,2267,False,,complete
Pro Threading & Beauty,10675 East Northwest Highway,,barbershop_beauty,48113013005,3.0,4532,0.296162,0.357198762022096,0.07906581312657802,0.08776771496250828,2525,2268,False,,complete
Residence Inn by Marriott Dallas Park Central,7642 Lyndon B Johnson Fwy,75251,liquor_store,48113013202,3.0,3798,0.326185,0.376577342189233,0.07900768674697205,0.07790191987145022,2526,2449,False,,complete
SPANISH VILLAGE BARBER,15615 COIT RD Ste:116,75248,barbershop_beauty,48113013607,3.0,4203,0.30824,0.3759563673901495,0.07900102115979477,0.08605477440015297,2527,2306,False,,complete
Express Food and Washateria,1951 E Grauwyler Rd,75061,liquor_store,48113014701,1.0,2244,0.454854,0.6599934917041483,0.07895870046644554,0.08360773047069966,2528,2348,False,,complete
Laser Away,,,barbershop_beauty,48113007822,3.0,3777,0.326831,0.42987960707786643,0.07884360095163306,0.08936732825688726,2529,2230,False,,complete
LEGENDARY J BARBERSHOP,4026 S BUCKNER BLVD,75227,barbershop_beauty,48113009001,2.0,3242,0.357509,0.6208400584512634,0.07879425559578562,0.1132909523707622,2530,1748,False,,complete
PO-GO'S,5360 W LOVERS LN STE 200,75209,liquor_store,48113007101,3.0,3947,0.318471,0.39197589666585364,0.07870350791637783,0.08454947826838194,2531,2328,False,,complete
STOP N GO 2,4102 S LANCASTER RD Ste:BU 2,75216,convenience_corner_store,48113005700,2.0,2522,0.419155,0.5755256574076163,0.07867563240285441,0.08137774412871566,2532,2389,False,,complete
EL PATRON SPORTS BAR AND BILLIARDS,10571 DENTON DR,75220,other_storefront,48113009900,2.0,2395,0.433542,0.5594792586308812,0.07856577022294625,0.07500892321001623,2533,2504,False,,complete
Walgreens #15966,5301 W Lovers Ln Suite 101,75209,liquor_store,48113007301,3.0,4030,0.314476,0.2774359530778855,0.07855870330314058,0.059051754706788896,2534,2897,False,,complete
Sushi Rock,7601 Campbell Rd STE 700,75248,liquor_store,48113013618,2.0,3225,0.357906,0.5012558138433134,0.07852421385026004,0.08990830883775745,2535,2219,False,,complete
CORNER STOP,775 W BUCKINGHAM RD,75040,liquor_store,48113019026,3.0,4153,0.309116,0.48114655654816235,0.07846790587637358,0.11084477585170159,2536,1796,False,,complete
7-ELEVEN CONVENIENCE STORE #35474A,7567 GREENVILLE AVE,75231,liquor_store,48113007823,2.0,3432,0.344607,0.49541064347789826,0.07846195173232913,0.09449378640932055,2537,2104,False,,complete
STRAND BY STAND HAIR STUDIOS,5040 LEMMON AVE Ste:140,75209,barbershop_beauty,48113000611,3.0,4689,0.289765,0.30780431061437635,0.07845159869201904,0.07712235383080614,2538,2465,False,,complete
FOUNDRY COMMERCIAL,8144 WALNUT HILL LN Ste:140,75231,barbershop_beauty,48113007822,3.0,3758,0.326831,0.42987960707786643,0.07844698236066641,0.08891777060878535,2539,2244,False,,complete
PLANET GRANITE,8021 WALNUT HILL LN,75231,barbershop_beauty,48113007822,3.0,3758,0.326831,0.42987960707786643,0.07844698236066641,0.08891777060878535,2540,2245,False,,complete
CIVIL POUR,8061 WALNUT HILL LN STE 924,75231,liquor_store,48113007822,3.0,3758,0.326831,0.42987960707786643,0.07844698236066641,0.08891777060878535,2541,2246,False,,complete
L Streets Salon,10233 East Northwest Highway,75238,barbershop_beauty,48113013005,3.0,4496,0.296162,0.357198762022096,0.07843775282813213,0.08707053099546276,2542,2288,False,,complete
CVS/PHARMACY #06824,8024 WALNUT HILL LN,75231,liquor_store,48113007822,3.0,3757,0.326831,0.42987960707786643,0.07842610769798396,0.08889410967993788,2543,2247,False,,complete
B.M.W. EVENT CENTER,1510 S EWING AVE,75216,other_storefront,48113005400,2.0,2535,0.416827,0.5900076704545058,0.07842143971881121,0.08396652157401382,2544,2344,False,,complete
M&W MARKET,1643 S Hampton Rd,75154,liquor_store,48113016623,1.0,1922,0.504967,0.49549081279504886,0.07839609293622203,0.05292782794187934,2545,3070,False,,complete
JAS JP Investments Inc,13910 N Central Expy,75243,liquor_store,48113019040,3.0,3866,0.321443,0.546747214286986,0.0783728214569512,0.11817059149861127,2546,1632,False,,complete
GATEWAY 57,925 N Belt Line Rd,75050,liquor_store,48113015500,1.0,1627,0.570621,0.7158312249255363,0.07830489071128026,0.06598753377837463,2547,2689,False,,complete
DALLAS WASH & DRY LAVANDERIA,1130 S BELTLINE RD Ste:200,75253,laundromat,48113017010,1.0,1773,0.535144,0.6777770635389729,0.0782998496828092,0.06792217133958355,2548,2649,False,,complete
SUPER TRACK,3809 E KIEST BLVD,75203,convenience_corner_store,48113021100,1.0,1830,0.522503,0.7212350348395278,0.07823102024270946,0.07480510520219098,2549,2508,False,,complete
Q F BALLROOM LLC,5757 SAMUELL BLVD Ste:100,75228,other_storefront,48113012206,3.0,3954,0.317063,0.46265330851206166,0.07822071750871767,0.10121261481763189,2550,1963,False,,complete
Lone Star Liquor,3806 S State Hwy 161 Suite 500,75052,liquor_store,48113016419,1.0,1966,0.495794,0.5028436872409088,0.07817473373285212,0.05499368480015655,2551,3006,False,,complete
QUIK TRIP - STORE #975,511 S ZANG BLVD,75208,grocery_food_mart,48113005000,2.0,3035,0.36994,0.6725108601797917,0.07798097492334032,0.11532392270501997,2552,1693,False,,complete
deka lash,,,barbershop_beauty,48113020000,2.0,2604,0.407718,0.32465565956773157,0.07790430418150823,0.04542222558286112,2553,3268,False,,complete
Resort Nails & Spa,,,barbershop_beauty,48113020000,2.0,2604,0.407718,0.32465565956773157,0.07790430418150823,0.04542222558286112,2554,3269,False,,complete
ECCENTRIC ELEGANCE STUDIO,4121 MARVIN D LOVE FWY Ste:B2010,75224,barbershop_beauty,48113006100,1.0,2272,0.446816,0.6786197456603651,0.07790234514168107,0.08715158287851836,2555,2286,False,,complete
Hippo Food Mart KG,8003 Ferguson Rd,75228,liquor_store,48113012209,2.0,3431,0.342945,0.42695067909471535,0.07780161691230236,0.0805868429861694,2556,2410,False,,complete
FINA FOOD MART,3512 BONNIE VIEW RD,75216,convenience_corner_store,48113008802,2.0,3439,0.342381,0.5812496998953245,0.07776619455669655,0.1121299023275009,2557,1766,False,,complete
SINNERS TATTOO STUDIO,5032 LEMMON AVE,75209,barbershop_beauty,48113000611,3.0,4648,0.289765,0.30780431061437635,0.07776562821934409,0.07644800610057302,2558,2477,False,,complete
MKT,,,barbershop_beauty,48113013628,3.0,3807,0.322714,0.3148723528120475,0.07771768082018682,0.064205648432965,2559,2745,False,,complete
SkyHigh Nail Salon,,,barbershop_beauty,48113016419,1.0,1954,0.495794,0.5028436872409088,0.07769757360833827,0.05465801632731735,2560,3011,False,,complete
SPEEDY BEE #1,100 N HIGHWAY 67 STE 6,75104,liquor_store,48113016626,1.0,1782,0.53001,0.6255513538096666,0.07767455120123903,0.0627676759080197,2561,2793,False,,complete
QUEST DIAGNOSTICS,7075 W WHEATLAND RD Ste:110,75249,convenience_corner_store,48113016528,2.0,2718,0.39545,0.454697993956261,0.07758722748164787,0.06829639850243584,2562,2636,False,,complete
CK 101,5526 E R L THORNTON FWY,75223,liquor_store,48113002500,1.0,1729,0.540924,0.5882942073267108,0.07747391115813207,0.05709441511630032,2563,2950,False,,complete
DOLLAR GENERAL STORE #4203,521 W CAMPBELL RD,75080,liquor_store,48113019211,2.0,3100,0.363542,0.5110738878914002,0.07743382160589624,0.0882219541468993,2564,2263,False,,complete
QUALITY LICENSING CORP. (STORE #1216),1213 E TRINITY MILLS ROAD,75006,liquor_store,48113013719,1.0,1795,0.525975,0.6318531250594811,0.0774315119869263,0.06389398359900125,2565,2752,False,,complete
KID BIZ,5370 W LOVERS LN Ste:314,75209,grocery_food_mart,48113007101,3.0,3883,0.318471,0.39197589666585364,0.07742734259926401,0.08317852143808639,2566,2356,False,,complete
OZONE BAR,5360 W LOVERS LN Ste:210,75209,barbershop_beauty,48113007101,3.0,3883,0.318471,0.39197589666585364,0.07742734259926401,0.08317852143808639,2567,2357,False,,complete
TROVE FLORALS,5330 W LOVERS LN Ste:112,75209,convenience_corner_store,48113007101,3.0,3883,0.318471,0.39197589666585364,0.07742734259926401,0.08317852143808639,2568,2358,False,,complete
BASKBOUTIQUE,5350 W LOVERS LN Ste:128,75209,convenience_corner_store,48113007101,3.0,3883,0.318471,0.39197589666585364,0.07742734259926401,0.08317852143808639,2569,2359,False,,complete
"LOWCUL HOLDINGS LLC., DBA MINT CLEANERS",7134 CAMPBELL RD Ste:A,75248,barbershop_beauty,48113013605,3.0,3641,0.330231,0.32199174913382267,0.07738856246459812,0.06293774582871178,2570,2786,False,,complete
PIEDMONT DALLAS GALLERIA LLC,13355 NOEL RD Ste:275,75240,barbershop_beauty,48113013628,3.0,3789,0.322714,0.3148723528120475,0.07735022133640343,0.06390207562713537,2571,2751,False,,complete
ROWLETT COUNTRY MART,8701 LIBERTY GROVE RD STE 800,75089,liquor_store,48113018143,2.0,3078,0.364638,0.3094155567514426,0.07726141961718004,0.050918473907500136,2572,3128,False,,complete
Peavy Wash & Dry,1169 Peavy Road,,laundromat,48113008200,2.0,3245,0.353026,0.4092685838042698,0.07724089519826488,0.07282761450685278,2573,2543,False,,complete
CARNELLS CAKERY LLC,3911 S LANCASTER RD Ste:100A,75216,convenience_corner_store,48113005700,2.0,2475,0.419155,0.5755256574076163,0.07720943306782897,0.07986118823099574,2574,2415,False,,complete
JOJO MOMMY,7801 INWOOD RD,75209,convenience_corner_store,48113007101,3.0,3871,0.318471,0.39197589666585364,0.07718806160230518,0.082921467032406,2575,2362,False,,complete
R & R SOLUTIONS,4234 S WESTMORELAND RD,75233,convenience_corner_store,48113010807,1.0,1899,0.503504,0.7808006040999902,0.07714736613841314,0.0843095862662664,2576,2333,False,,complete
GREAT CLOTHES,2811 CEDAR CREST BLVD,75203,convenience_corner_store,48113021100,1.0,1802,0.522503,0.7212350348395278,0.07703404288380462,0.07366054621549079,2577,2527,False,,complete
AMERICA70S,2802 GREENVILLE AVE,75206,convenience_corner_store,48113001001,3.0,4938,0.279548,0.30819551754975927,0.07697754441665944,0.08133193150468901,2578,2395,False,,complete
MAB WIRELESS CELLPHONE,11411 E NORTHWEST HWY Ste:230B,75238,convenience_corner_store,48113013010,2.0,2768,0.388695,0.4358994882069612,0.07692424722002844,0.06647806872563154,2579,2679,False,,complete
Polk-Wisdom,7151 Library Lane,75232,library,48113011101,2.0,2542,0.410787,0.5496725330650525,0.07692157226539569,0.07813977575293136,2580,2442,False,,complete
H & H Food Store ,"2317 W Grauwyler Rd Irving, Texas 75061",75061,liquor_store,48113014501,3.0,3763,0.322853,0.34054702810369103,0.07687792001969648,0.06917248642371611,2581,2618,False,,complete
7-ELEVEN CONVENIENCE STORE #32804 A,8509 LAKEVIEW PARKWAY,75088,liquor_store,48113018149,1.0,2182,0.454954,0.39377206529744674,0.07680152506828059,0.046972647127991575,2582,3222,False,,complete
FAMILY DOLLAR,4947 SINGLETON BLVD,75212,grocery_food_mart,48113010601,2.0,2346,0.432942,0.5590604492827375,0.07680101216741737,0.07341623642744247,2583,2531,False,,complete
Family Dollar #25209,4947 SINGLETON BOULEVARD,75212,liquor_store,48113010601,2.0,2346,0.432942,0.5590604492827375,0.07680101216741737,0.07341623642744247,2584,2532,False,,complete
Boardroom Salon for Men,,,barbershop_beauty,48113007822,3.0,3677,0.326831,0.42987960707786643,0.07675613468338754,0.08700123537214044,2585,2291,False,,complete
THE INTERIOR,7807 INWOOD RD,75209,grocery_food_mart,48113007101,3.0,3849,0.318471,0.39197589666585364,0.07674937977454731,0.0824502006219919,2586,2368,False,,complete
DISCOUNT FOOD MART,3627 BONNIE VIEW RD STE B,75216,liquor_store,48113008802,2.0,3394,0.342381,0.5812496998953245,0.07674860841099974,0.11066266022086016,2587,1798,False,,complete
NEW QUICK WAY MART NO.3,3322 SYLVAN AVE,75212,convenience_corner_store,48113010102,3.0,3883,0.316827,0.5989262711328857,0.07671370253359534,0.13066251459137945,2588,1405,False,,complete
Urban Mart,3322 Sylvan Ave,75212,liquor_store,48113010102,3.0,3883,0.316827,0.5989262711328857,0.07671370253359534,0.13066251459137945,2589,1406,False,,complete
AVARA,4239 W LOVERS LN,75209,convenience_corner_store,48113007302,2.0,2429,0.422574,0.3142463582485449,0.07670283267970839,0.04087561495074086,2590,3404,False,,complete
1ST STOP,1800 VALLEY VIEW LN STE 158,75061,liquor_store,48113014409,2.0,2379,0.428399,0.6729114653474716,0.07667311002996814,0.09045355135018347,2591,2211,False,,complete
Urban Air North Dallas,14902 Preston Rd STE 1100,75254,liquor_store,48113013606,3.0,4695,0.285883,0.4089815303784432,0.07651446804902222,0.1052903635717893,2592,1894,False,,complete
FRIENDLY FOOD MART DELI,2200 CEDAR CREST BLVD,75203,convenience_corner_store,48113005500,2.0,2395,0.425723,0.4937169993128214,0.07647230017508887,0.06570221988968421,2593,2700,False,,complete
NIKE DALLAS FOOTBALL WAREHOUSE,423 SINGLETON BLVD Ste:100,75212,grocery_food_mart,48113010102,3.0,3868,0.316827,0.5989262711328857,0.07641735807364068,0.1301577662733597,2594,1415,False,,complete
QuikTrip #982,12631 LAKE JUNE ROAD,75180,liquor_store,48113017203,2.0,2544,0.408505,0.6123845036373143,0.07633309566120695,0.08762842130616674,2595,2272,False,,complete
K S BEAUTY SUPPLY,9191 FOREST LN Ste:4A,75243,convenience_corner_store,48113007810,3.0,5030,0.275834,0.41137918387582734,0.07632328503480017,0.11351573096871284,2596,1745,False,,complete
HAPPY'S MARKET # 7 GREENFOREST,9100 FOREST LN,75243,liquor_store,48113007810,3.0,5030,0.275834,0.41137918387582734,0.07632328503480017,0.11351573096871284,2597,1746,False,,complete
NORTH HAVEN GARDENS,7700 NORTHHAVEN RD,75230,liquor_store,48113013101,3.0,3876,0.316204,0.2791154535432948,0.07630545938217512,0.057179846852282945,2598,2948,False,,complete
CVS/PHARMACY #6963,7102 CAMPBELL RD,75248,liquor_store,48113013605,3.0,3585,0.330231,0.32199174913382267,0.07619829619214069,0.06196973875197247,2599,2826,False,,complete
7-Eleven,377 West Campbell Road,75080,convenience_corner_store,48113019211,2.0,3050,0.363542,0.5110738878914002,0.07618488899934951,0.08679901940259448,2600,2295,False,,complete
LA SUPREME HAIR LLC,5301 ALPHA RD Ste:49,75240,convenience_corner_store,48113013626,3.0,8276,0.222436,0.4933660860446714,0.07617359333042595,0.22686454032741848,2601,314,False,,complete
CVS/PHARMACY #7413,10014 GARLAND RD,75218,liquor_store,48113008200,2.0,3200,0.353026,0.4092685838042698,0.0761697579767173,0.07181767840429241,2602,2564,False,,complete
Family Mart,8020 S Polk St,75232,liquor_store,48113011104,2.0,3129,0.357811,0.6487003123523629,0.07615351820282931,0.11449334382954045,2603,1720,False,,complete
WALGREENS #04418,313 N DENTON TAPP ROAD,75019,liquor_store,48113020000,2.0,2545,0.407718,0.32465565956773157,0.07613919129874748,0.04439307377434007,2604,3296,False,,complete
EARTH AND ROOTS CBD AND COFFEE,7517 CAMPBELL RD Ste:605,75248,convenience_corner_store,48113013618,2.0,3126,0.357906,0.5012558138433134,0.07611370309950788,0.08714833284552861,2605,2287,False,,complete
CVS/PHARMACY # 10909,6474 E NORTHWEST HWY,75214,liquor_store,48113007903,3.0,4359,0.296199,0.27860540039162973,0.07606566459001853,0.06417382331649549,2606,2746,False,,complete
Mack Hair Salon etc,,,barbershop_beauty,48113016805,2.0,2381,0.425857,0.5130695317870111,0.07606094809319654,0.06804092599419402,2607,2642,False,,complete
EC Mart,2307 Ann Arbor Ave,75216,liquor_store,48113008703,2.0,2504,0.411662,0.6620018349122145,0.07601661838907733,0.09359205761159876,2608,2125,False,,complete
IREPAIR DFW,9410 WALNUT ST Ste:118,75243,convenience_corner_store,48113019016,2.0,2672,0.39444,0.6045154721104758,0.0759724302134003,0.09079497009159057,2609,2197,False,,complete
WALGREENS #10193,731 W BELT LINE RD,75115,liquor_store,48113016618,2.0,2472,0.41496,0.47942478486121,0.07595656024684788,0.06572689795564156,2610,2699,False,,complete
COLOR NEW SPA NAILS,5030 LEMMON AVE,75209,barbershop_beauty,48113000611,3.0,4539,0.289765,0.30780431061437635,0.07594195062125708,0.07465522798848989,2611,2510,False,,complete
CVS/PHARMACY #10910,3030 SYLVAN AVE,75212,liquor_store,48113010102,3.0,3841,0.316827,0.5989262711328857,0.07588393804572231,0.12924921930092415,2612,1426,False,,complete
MY BEER STORE 10,2315 LAKELAND DR,75228,convenience_corner_store,48113012210,2.0,2634,0.397784,0.48651909514032615,0.07587665704458424,0.07113842244649933,2613,2578,False,,complete
YADO EVENTS LLC,2311 LAKELAND DR,75228,other_storefront,48113012210,2.0,2634,0.397784,0.48651909514032615,0.07587665704458424,0.07113842244649933,2614,2579,False,,complete
BUY AND RIDE,110 N STORY RD,75061,liquor_store,48113015202,3.0,3739,0.32156,0.31444810305207505,0.07584714053895728,0.06296508522601076,2615,2785,False,,complete
Quality Licensing Corp (Store ,7075 W Wheatland Rd,75249,liquor_store,48113016528,2.0,2657,0.39545,0.454697993956261,0.07584593944765945,0.06676362429027669,2616,2673,False,,complete
13209,13209 C F HAWN FWY,75253,other_storefront,48113017101,1.0,2036,0.472895,0.6514233489023185,0.07574616893878974,0.07482694494884849,2617,2507,False,,complete
DALLAS LDS BOOK LLC,13536 PRESTON RD Ste:100,75240,convenience_corner_store,48113013608,3.0,4218,0.300265,0.3067846238166986,0.07552245159880067,0.06912143050925172,2618,2619,False,,complete
7-Eleven Convenience Store #27644J,801 N. Belt Line Rd.,75061,liquor_store,48113014408,2.0,3352,0.341595,0.6094235221503563,0.07550432656768573,0.11487360954358318,2619,1703,False,,complete
CELL PHONE ACCESSORIES,2827 CEDAR CREST BLVD,75203,convenience_corner_store,48113021100,1.0,1766,0.522503,0.7212350348395278,0.07549507199378411,0.07218897037544769,2620,2554,False,,complete
THE SOUL FOOD PROJECT,2839 CEDAR CREST BLVD Ste:100,75203,convenience_corner_store,48113021100,1.0,1766,0.522503,0.7212350348395278,0.07549507199378411,0.07218897037544769,2621,2555,False,,complete
The Soulfood Project,2839 Cedar Crest Blvd #100,75203,liquor_store,48113021100,1.0,1766,0.522503,0.7212350348395278,0.07549507199378411,0.07218897037544769,2622,2556,False,,complete
Judy's Cafe,3443 W Campbell Rd Suite  400,75044,liquor_store,48113019031,2.0,2775,0.383453,0.37501123415071136,0.0754925958050046,0.05666205734655492,2623,2957,False,,complete
North Oak Cliff,302 West Tenth Street,75208,library,48113004700,3.0,4632,0.285742,0.6081314243235885,0.07541474375902657,0.15838577384569683,2624,897,False,,complete
REDBIRD FADE FACTORY,7163 S WESTMORELAND RD,75237,barbershop_beauty,48113010904,2.0,3069,0.359797,0.5191471709630978,0.07537461474427881,0.08880380074093124,2625,2250,False,,complete
SPEEDY LAUNDRY,3232 SYLVAN AVE,75212,laundromat,48113010102,3.0,3815,0.316827,0.5989262711328857,0.07537027431513424,0.12837432221635658,2626,1438,False,,complete
D JACKSON BBQ & CATERING,3627 BONNIE VIEW RD Ste:F,75216,convenience_corner_store,48113008802,2.0,3333,0.342381,0.5812496998953245,0.07536921385794405,0.10867373203185825,2627,1824,False,,complete
NATUREPEDIC ORGANIC GALLERY,5450 W LOVERS LN Ste:230,75209,convenience_corner_store,48113007101,3.0,3775,0.318471,0.39197589666585364,0.07527381362663448,0.0808650317869627,2628,2403,False,,complete
ARAPAHO FOOD MART,555 W ARAPAHO ROAD,75080,liquor_store,48113019203,3.0,3699,0.321951,0.34861782877570946,0.07519740973187311,0.06976008605223985,2629,2609,False,,complete
Cosmo Nails & Spa,6060 East Mockingbird Lane,75206,barbershop_beauty,48113000202,3.0,4582,0.286646,0.31389041682189395,0.07506373734792085,0.07701028491951244,2630,2467,False,,complete
QuikTrip,15659,,convenience_corner_store,48113013607,3.0,3992,0.30824,0.3759563673901495,0.0750349932119678,0.08173463226395686,2631,2386,False,,complete
WALGREENS #06120,9937 GARLAND RD,75218,liquor_store,48113008200,2.0,3152,0.353026,0.4092685838042698,0.07502721160706655,0.07074041322822804,2632,2585,False,,complete
BIKE MART,5427 W LOVERS LN,75209,grocery_food_mart,48113007301,3.0,3836,0.314476,0.2774359530778855,0.0747769691987214,0.05620906477797573,2633,2966,False,,complete
THE PILATES BARRE,5425 W LOVERS LN,75209,barbershop_beauty,48113007301,3.0,3836,0.314476,0.2774359530778855,0.0747769691987214,0.05620906477797573,2634,2967,False,,complete
KONNECT GENERAL STORE LLC,3160 W Pleasant Run Rd,75146,liquor_store,48113016805,2.0,2340,0.425857,0.5130695317870111,0.07475120476189832,0.06686928468140024,2635,2672,False,,complete
Popshelf Store #24469,727 N J Elmer Weaver Fwy Ste 28a,75104,liquor_store,48113016522,1.0,1974,0.478808,0.5955516400176051,0.07474442011643437,0.06603124965634127,2636,2684,False,,complete
ALDI (TEXAS) LLC #23,13548 PRESTON RD,75240,liquor_store,48113013608,3.0,4173,0.300265,0.3067846238166986,0.07471673554333694,0.06838400415246738,2637,2630,False,,complete
GOBOOZE,650 N COIT RD STE 2330,75080,liquor_store,48113019215,2.0,3349,0.339296,0.3446654606523758,0.07457602664695362,0.062377232018631615,2638,2810,False,,complete
MURPHY USA #7667,7035 W WHEATLAND RD,75249,liquor_store,48113016528,2.0,2611,0.39545,0.454697993956261,0.07453283699579934,0.06560776176963208,2639,2701,False,,complete
Dollar General Store #25807,325 W Spring Valley Rd,75081,liquor_store,48113019040,3.0,3674,0.321443,0.546747214286986,0.0744805344109774,0.11230179854265333,2640,1764,False,,complete
TARGET STORE T-0055,6464 E NORTHWEST HWY STE 212,75214,liquor_store,48113007903,3.0,4265,0.296199,0.27860540039162973,0.07442534055435399,0.0627899418318085,2641,2792,False,,complete
BLACK HORSE SMOKING SHOP,3744 W LEDBETTER DR Ste:100,75237,convenience_corner_store,48113010903,2.0,2506,0.405548,0.661845259511921,0.07436449562130604,0.09364362605737493,2642,2124,False,,complete
IVORY AUSTIN BEAUTY SALON,2411 ANN ARBOR AVE,75216,barbershop_beauty,48113008703,2.0,2447,0.411662,0.6620018349122145,0.07428620814619497,0.09146156748226124,2643,2179,False,,complete
ALDI (TEXAS) LLC #43,3128 FOREST LANE #245,75243,liquor_store,48113009607,2.0,3091,0.354574,0.44816377972576193,0.074110134690576,0.07647548102869027,2644,2476,False,,complete
365 Food & Fuel #16,3232 Sylvan Ave Ste 110,75212,liquor_store,48113010102,3.0,3748,0.316827,0.5989262711328857,0.07404660239400343,0.1261197797292017,2645,1470,False,,complete
May Nails Spa,12817 Preston Road,75230,barbershop_beauty,48113009604,2.0,3228,0.345158,0.49873989688073317,0.07399696548509337,0.08951205253389315,2646,2228,False,,complete
DOLLAR GENERAL STORE #9628,327 S HAMPTON RD,75115,liquor_store,48113016632,1.0,2221,0.438072,0.4269590360416011,0.07398261242172599,0.05216763078998991,2647,3097,False,,complete
QUALITY LICENSING CORP. (STORE #3225),2501 LAKEVIEW PKWY,75088,liquor_store,48113018156,2.0,2961,0.363293,0.40528103083099554,0.07387936608163585,0.06575611197240504,2648,2698,False,,complete
JAVA  MAMA,10233 E NORTHWEST HWY Ste:450,75238,other_storefront,48113013005,3.0,4233,0.296162,0.357198762022096,0.07384942342559682,0.08197721479176909,2649,2381,False,,complete
MOUNTAIN MIKES PIZZA,3172 S State Hwy 161 Ste 300,75052,liquor_store,48113016418,1.0,1989,0.471823,0.45304322993428703,0.07375924465475331,0.049784006025517906,2650,3157,False,,complete
SWIFT-T,2908 SAMUELL BLVD STE 100,75223,liquor_store,48113001202,2.0,2444,0.40997,0.4295871456775767,0.0737328470290703,0.05778507404466843,2651,2925,False,,complete
DALLAS PRINTING,6162 SHERRY LN,75225,grocery_food_mart,48113007301,3.0,3781,0.314476,0.2774359530778855,0.0737048280866438,0.05540314753011633,2652,2992,False,,complete
"PACIORETTY ACADEMIC SUPPORT SERVICES, LLC",6170 SHERRY LN Ste:340,75225,barbershop_beauty,48113007301,3.0,3781,0.314476,0.2774359530778855,0.0737048280866438,0.05540314753011633,2653,2993,False,,complete
SHINE WINDOW OF DALLAS,6160 SHERRY LN Ste:120,75225,convenience_corner_store,48113007301,3.0,3781,0.314476,0.2774359530778855,0.0737048280866438,0.05540314753011633,2654,2994,False,,complete
SEAGOVILLE EXPRESS,16201 SEAGOVILLE RD,75253,grocery_food_mart,48113017007,1.0,1725,0.522235,0.6252791841050173,0.07369067378912972,0.06073221333204424,2655,2857,False,,complete
SENSEI'S BARBERSHOP,8020 S POLK ST Ste:A,75232,barbershop_beauty,48113011104,2.0,3022,0.357811,0.6487003123523629,0.07354935506837654,0.1105781032447655,2656,1801,False,,complete
THE GAS PIPE #6,5506 E R L THORNTON FWY,75223,other_storefront,48113002500,1.0,1640,0.540924,0.5882942073267108,0.07348595390360706,0.05415548917913969,2657,3027,False,,complete
"Restaurante El Emperador, Inc.",10229 HARRY HINES BLVD,75220,liquor_store,48113009900,2.0,2239,0.433542,0.5594792586308812,0.07344833383264163,0.07012316453746403,2658,2599,False,,complete
UpTown Barbers,,,barbershop_beauty,48113013720,2.0,3003,0.358655,0.5211713853663278,0.07337027351850572,0.08725323260439857,2659,2285,False,,complete
Bookmarks in NorthPark Center,8687 North Central Expressway,75225,library,48113007801,2.0,3230,0.343253,0.3550615112287843,0.0733549405998493,0.062144977979875594,2660,2816,False,,complete
Family Dollar #31581,200 E CAMP WISDOM RD,75241,liquor_store,48113011201,2.0,2585,0.393916,0.5700953574137624,0.07334735049433312,0.08258110950581354,2661,2366,False,,complete
T-MOBILE,7615 CAMPBELL RD Ste:100,75248,grocery_food_mart,48113013618,2.0,3012,0.357906,0.5012558138433134,0.07333796344712659,0.08397017867265905,2662,2343,False,,complete
INTERNET CAFE 777,12809 AUDELIA RD Ste:B,75243,other_storefront,48113019019,2.0,2604,0.391859,0.45116081705434846,0.07328765578730558,0.06488760341907185,2663,2721,False,,complete
Caesar Nails,,,barbershop_beauty,48113014306,2.0,2519,0.400275,0.6135505850730318,0.07326536941753926,0.08694086135827865,2664,2293,False,,complete
W & W GROCERY,300 N MAIN ST,75141,liquor_store,48113016902,1.0,1808,0.502355,0.6589115261247336,0.07321823217369057,0.0672474998240317,2665,2661,False,,complete
SUNNY FOOD MART #7,2449 S BELT LINE RD,75253,convenience_corner_store,48113017102,1.0,1525,0.569215,0.727607884670946,0.07315609649230635,0.06291185902517865,2666,2788,False,,complete
Classic Cuts & Styles,,,barbershop_beauty,48113016805,2.0,2288,0.425857,0.5130695317870111,0.07309006687830058,0.06538330057736913,2667,2710,False,,complete
WALNUT BEVERAGE,2215 W WALNUT STREET,75042,liquor_store,48113018900,2.0,2618,0.389588,0.6402151487122754,0.07301701964468113,0.09448269218767219,2668,2105,False,,complete
OCEAN CRAWFISH SEAFOOD & GRILL,1610 E Belt Line Rd,75081,liquor_store,48113019024,2.0,2694,0.38254,0.506965510587835,0.0730140625274985,0.07601371831434524,2669,2484,False,,complete
DUNCANVILLE MART,4307 DUNCANVILLE RD Ste:120,75236,convenience_corner_store,48113016533,1.0,1921,0.480079,0.6676805226525897,0.07301055427665074,0.07244585309940271,2670,2549,False,,complete
LAUNDRY BRIGHT & CLEAN,13305 KLEBERG RD,75253,laundromat,48113017102,1.0,1520,0.569215,0.727607884670946,0.07291624043823322,0.06270559063493217,2671,2799,False,,complete
Sid's Food Mart,13317 Kleberg Rd,75253,liquor_store,48113017102,1.0,1520,0.569215,0.727607884670946,0.07291624043823322,0.06270559063493217,2672,2800,False,,complete
BELTLINE SWIFT FOOD MART,862 BELT LINE ROAD,75040,liquor_store,48113019026,3.0,3859,0.309116,0.48114655654816235,0.07291299031469435,0.10299783048680868,2673,1931,False,,complete
GATEWAY #12,108 IH 45 NORTH,75141,liquor_store,48113016902,1.0,1800,0.502355,0.6589115261247336,0.07289425769504593,0.06694994451507583,2674,2670,False,,complete
SHERPA FOOD MART,2105 S GARLAND AVE,75041,liquor_store,48113018501,3.0,4021,0.302177,0.4200167819247556,0.07285467824887783,0.09279718082228268,2675,2145,False,,complete
7-ELEVEN CONVENIENCE STORE #33690A,7818 ROWLETT ROAD,75089,liquor_store,48113018157,2.0,2684,0.382874,0.41661801830461875,0.07284325424294665,0.061402679165391105,2676,2834,False,,complete
MASKARAS MEXICAN GRILL,2423 W KIEST BLVD,75233,liquor_store,48113010804,1.0,1746,0.513096,0.7931695839612649,0.07280394980465205,0.07879299147019883,2677,2429,False,,complete
QuikTrip #1904,11979 Webb Chapel Rd,75234,liquor_store,48113009605,2.0,2714,0.379718,0.5884693623904824,0.07269990873652431,0.08964881990314022,2678,2227,False,,complete
EZ Stop 1,8351 Clark Rd,75236,liquor_store,48113016528,2.0,2542,0.39545,0.454697993956261,0.07256318331800915,0.06387396798866515,2679,2754,False,,complete
FAMILY DOLLAR,2415 S BELT LINE RD,75253,grocery_food_mart,48113017102,1.0,1512,0.569215,0.727607884670946,0.0725324707517162,0.06237556121053779,2680,2811,False,,complete
LA Hair Studio,,,barbershop_beauty,48113019027,2.0,2733,0.377408,0.5552448331431477,0.07250309420944599,0.08491090429116518,2681,2320,False,,complete
ZANG FOOD MART,1005 S ZANG BOULEVARD,75208,liquor_store,48113005000,2.0,2821,0.36994,0.6725108601797917,0.07248248113961879,0.10719235121939419,2682,1855,False,,complete
SPEC'S LIQUOR #152 SPEC'S WINES & SPIRITS SPEC'S LIQUOR EXPRESS,8123 PRESTON RD,75225,liquor_store,48113007301,3.0,3718,0.314476,0.2774359530778855,0.07247673917644583,0.05448000595529556,2683,3015,False,,complete
Kulsum's Speedy Shop #2,,,convenience_corner_store,48113013720,2.0,2964,0.358655,0.5211713853663278,0.0724174128234602,0.08612007373940639,2684,2305,False,,complete
Penny's #12,1951 Singleton Blvd,75212,liquor_store,48113010101,2.0,3084,0.349607,0.6601110640526379,0.07222984940473713,0.11492616748653836,2685,1700,False,,complete
RACETRAC #231,801 W ROYAL LN,75039,liquor_store,48113014152,3.0,3568,0.320761,0.420443653818306,0.07205963607624326,0.08243278432656445,2686,2369,False,,complete
HIPPO MART #1,8003 FERGUSON RD,75228,convenience_corner_store,48113012213,3.0,5123,0.265865,0.2869505172363001,0.07202509039207802,0.07794775646671376,2687,2445,False,,complete
TRENDY BOUTIQUE BRAIDS AND BEAUTY,3424 SUNNYVALE ST,75216,convenience_corner_store,48113008802,2.0,3183,0.342381,0.5812496998953245,0.07197726003895467,0.10378292500972242,2688,1922,False,,complete
WALGREENS #03802,2140 E CAMPBELL ROAD,75081,liquor_store,48113019037,2.0,3037,0.352056,0.43060452860336706,0.07196053452961537,0.07198833255740791,2689,2561,False,,complete
The Cutting Company,8519 Ferndale Road,,barbershop_beauty,48113013012,3.0,3398,0.329252,0.3234318215656731,0.071851765673692,0.05902643531157074,2690,2898,False,,complete
BOARD ROOM SALON FOR MEN,8031 WALNUT HILL LN Ste:1100,75231,barbershop_beauty,48113007822,3.0,3438,0.326831,0.42987960707786643,0.07176709030228078,0.08134627337759555,2691,2391,False,,complete
KIBBLE PET GROOMING,8061 WALNUT HILL LN Ste:904,75231,barbershop_beauty,48113007822,3.0,3438,0.326831,0.42987960707786643,0.07176709030228078,0.08134627337759555,2692,2392,False,,complete
101 ICM ONE GLEN LAKES LP,8140 WALNUT HILL LN Ste:102,75231,barbershop_beauty,48113007822,3.0,3438,0.326831,0.42987960707786643,0.07176709030228078,0.08134627337759555,2693,2393,False,,complete
Bellagreen,8041 Walnut Hill Lane Ste 810,75231,liquor_store,48113007822,3.0,3438,0.326831,0.42987960707786643,0.07176709030228078,0.08134627337759555,2694,2394,False,,complete
CASANOVA BAR,3244 SAMUELL BLVD,75001,liquor_store,48113001202,2.0,2378,0.40997,0.4295871456775767,0.07174169813221326,0.05622459332169457,2695,2964,False,,complete
BEER MART & BURGERS,3250 SAMUELL,75223,liquor_store,48113001202,2.0,2378,0.40997,0.4295871456775767,0.07174169813221326,0.05622459332169457,2696,2965,False,,complete
METRO PCS,8128 S POLK ST,75232,convenience_corner_store,48113011104,2.0,2947,0.357811,0.6487003123523629,0.07172400707693768,0.10783377573207278,2697,1850,False,,complete
Cedar Hill Library in a Park,450 Pioneer Trail,75104,library,48113016522,1.0,1894,0.478808,0.5955516400176051,0.0717152642859811,0.0633552111697621,2698,2776,False,,complete
Mi Tiendita y Mas,4910 Military Pkwy,75223,liquor_store,48113002500,1.0,1600,0.540924,0.5882942073267108,0.07169361356449469,0.05283462358940458,2699,3071,False,,complete
VUORI,8687 N CENTRAL EXPY Ste:1612,75225,convenience_corner_store,48113007801,2.0,3154,0.343253,0.3550615112287843,0.0716289419974999,0.060682743203878516,2700,2858,False,,complete
EATALY,8687 N CENTRAL EXPY STE 2172 FL 1-2,75225,liquor_store,48113007801,2.0,3154,0.343253,0.3550615112287843,0.0716289419974999,0.060682743203878516,2701,2859,False,,complete
Mendocino Farms,8687 N Central Expy #640,75225,liquor_store,48113007801,2.0,3154,0.343253,0.3550615112287843,0.0716289419974999,0.060682743203878516,2702,2860,False,,complete
PETRITA'S BRIDAL Y MAS,401 W JEFFERSON BLVD Ste:B,75208,convenience_corner_store,48113004700,3.0,4393,0.285742,0.6081314243235885,0.07152352533104571,0.15021345088604193,2703,1042,False,,complete
EXPRESS CHEK MART,2422 VALWOOD PKWY,75234,liquor_store,48113013901,2.0,2656,0.380781,0.5204400684259176,0.07146188790579648,0.07705624923372857,2704,2466,False,,complete
Highland Mart,8002 Ferguson Rd,75228,liquor_store,48113012213,3.0,5069,0.265865,0.2869505172363001,0.07126589560754314,0.07712613264293813,2705,2464,False,,complete
BLIND BISHOP,310 SUNSET AVE,75208,other_storefront,48113004700,3.0,4357,0.285742,0.6081314243235885,0.07093740037955067,0.14898247336910644,2706,1066,False,,complete
THE STAR,13411 KLEBERG RD,75253,convenience_corner_store,48113017102,1.0,1477,0.569215,0.727607884670946,0.07085347837320427,0.060931682478812386,2707,2848,False,,complete
GENESIS,13405 KLEBERG RD,75253,other_storefront,48113017102,1.0,1477,0.569215,0.727607884670946,0.07085347837320427,0.060931682478812386,2708,2849,False,,complete
Chevron,,,gas_station,48113016610,1.0,1799,0.492303,0.5708693035781052,0.07083216816959696,0.05755361347335932,2709,2936,False,,complete
JOHNNY PAYLESS LIQUOR,3202 SAMUELL BLVD,75223,liquor_store,48113001202,2.0,2345,0.40997,0.4295871456775767,0.07074612368378473,0.05544435296020764,2710,2990,False,,complete
Johnny's Payless Liquor,3202 Samuell Blvd,75223,liquor_store,48113001202,2.0,2345,0.40997,0.4295871456775767,0.07074612368378473,0.05544435296020764,2711,2991,False,,complete
DOLLAR GENERAL STORE #4497,607 HWY 175 NORTH,75159,liquor_store,48113017006,1.0,1450,0.5763,0.6044448529568984,0.0707067209804817,0.04926517186289289,2712,3167,False,,complete
Creative Style,,,barbershop_beauty,48113013716,1.0,1984,0.457285,0.5130555941731305,0.070349371501595,0.05669437492360067,2713,2956,False,,complete
Pro Image Salon,,,barbershop_beauty,48113014124,2.0,3057,0.345867,0.30315790666339876,0.07031935092665847,0.049440707647794284,2714,3163,False,,complete
DOLLAR GENERAL STORE #3560,531 W ARAPAHO ROAD SUITE 105,75080,liquor_store,48113019203,3.0,3458,0.321951,0.34861782877570946,0.0702980921472877,0.0652150250253164,2715,2713,False,,complete
AMERICAN'S WESTERN RANCH INC,12671 C F HAWN FWY,75253,convenience_corner_store,48113017101,1.0,1886,0.472895,0.6514233489023185,0.07016565551009697,0.06931415430919856,2716,2614,False,,complete
COUNTRY BOYS BEER & WINE,10956 ELAM RD,75180,liquor_store,48113011702,1.0,1860,0.477467,0.6500092241967682,0.07014903519685887,0.06820318129204998,2717,2637,False,,complete
Milan Laser Hair Removal,,,barbershop_beauty,48113016522,1.0,1852,0.478808,0.5955516400176051,0.07012495747499313,0.06195029096430803,2718,2828,False,,complete
LA Hair,,,barbershop_beauty,48113013719,1.0,1624,0.525975,0.6318531250594811,0.07005502811519126,0.05780714727842788,2719,2923,False,,complete
STAFFORD CLEANERS,4136 ABRAMS RD,75214,barbershop_beauty,48113008000,3.0,3774,0.306026,0.256712636510915,0.07000329913419001,0.05067916322269475,2720,3132,False,,complete
BEVERAGE 4 U,10938 ELAM RD,75180,liquor_store,48113011702,1.0,1854,0.477467,0.6500092241967682,0.06992274798654644,0.06798317102981756,2721,2645,False,,complete
LIQUOR 4 U,10942 ELAM RD,75180,liquor_store,48113011702,1.0,1854,0.477467,0.6500092241967682,0.06992274798654644,0.06798317102981756,2722,2646,False,,complete
RACETRAC #516,702 N BELT LINE ROAD,75050,liquor_store,48113015600,1.0,1690,0.509469,0.68902839196725,0.06978364363813386,0.06586608996876216,2723,2692,False,,complete
SNAZZY CLEANERS,8786 FERGUSON RD Ste:106,75228,laundromat,48113012210,2.0,2422,0.397784,0.48651909514032615,0.06976965199771566,0.06541277872643181,2724,2707,False,,complete
SUPERIOR CUTZ II,8686 FERGUSON RD Ste:200,75228,barbershop_beauty,48113012210,2.0,2422,0.397784,0.48651909514032615,0.06976965199771566,0.06541277872643181,2725,2708,False,,complete
DOLLAR GENERAL STORE #12856,8786 FERGUSON ROAD SUITE 186,75228,liquor_store,48113012210,2.0,2422,0.397784,0.48651909514032615,0.06976965199771566,0.06541277872643181,2726,2709,False,,complete
SUPER SAVE GROCERY,1801 E SHADY GROVE ROAD,75060,liquor_store,48113020100,1.0,1945,0.46079,0.6559703300891496,0.0697286057310972,0.07200510296532771,2727,2560,False,,complete
GATEWAY 22,777 W LYNDON B JOHNSON FWY,75063,liquor_store,48113014130,3.0,3630,0.311762,0.3371263008940393,0.06965996052391431,0.06599391027361581,2728,2688,False,,complete
Twin'Nails,,,barbershop_beauty,48113018153,2.0,2616,0.378269,0.3805168679890759,0.06965102679253173,0.054266531684730314,2729,3025,False,,complete
Lakewood,6121 Worth Street,75214,library,48113001301,2.0,3081,0.342221,0.3256014645636141,0.06961562254720051,0.05391484591051906,2730,3033,False,,complete
SUPER 1 FOODS #649,125 HALL ROAD,75159,liquor_store,48113017006,1.0,1427,0.5763,0.6044448529568984,0.06958516609596371,0.048483724309205625,2731,3183,False,,complete
Family Dollar #21866,127 HALL RD,75159,liquor_store,48113017006,1.0,1427,0.5763,0.6044448529568984,0.06958516609596371,0.048483724309205625,2732,3184,False,,complete
SMOKE N PEACE,10531 E NORTHWEST HWY Ste:D,75238,convenience_corner_store,48113013005,3.0,3986,0.296162,0.357198762022096,0.06954023193348191,0.07719375812898455,2733,2463,False,,complete
MERE SALON,6137 LUTHER LN,75225,barbershop_beauty,48113007301,3.0,3566,0.314476,0.2774359530778855,0.06951373101215864,0.05225274374302958,2734,3092,False,,complete
XCLUSIVE WINE & SPIRITS,3220 SAMUELL BLVD,75223,liquor_store,48113001202,2.0,2304,0.40997,0.4295871456775767,0.06950919785391897,0.054474963420178414,2735,3016,False,,complete
Kleberg Rylie,1301 Edd Road,75253,library,48113017101,1.0,1868,0.472895,0.6514233489023185,0.06949599389865385,0.06865261943244057,2736,2626,False,,complete
ALDI (TEXAS) LLC #74,102 W PLEASANT RUN RD,75115,liquor_store,48113016618,2.0,2260,0.41496,0.47942478486121,0.06944248630982047,0.06009012515362052,2737,2866,False,,complete
RICH TOBACCO AND MORE,2932 E ILLINOIS AVE Ste:A,75216,convenience_corner_store,48113008802,2.0,3068,0.342381,0.5812496998953245,0.06937676211106282,0.1000333062927516,2738,1992,False,,complete
Joe V's Smart Shop #805,7700 Samuell Blvd,75227,liquor_store,48113012207,2.0,2292,0.410578,0.6870570509407926,0.06930295670533039,0.08906146171488023,2739,2242,False,,complete
BRETT'S BILTONG DTX,6501 Dalrock Rd Ste 102,75089,liquor_store,48113018149,1.0,1966,0.454954,0.39377206529744674,0.06919880764630598,0.042322742554368215,2740,3365,False,,complete
KAIZEN,6501 DALROCK ROAD SUITE 116,75089,liquor_store,48113018149,1.0,1966,0.454954,0.39377206529744674,0.06919880764630598,0.042322742554368215,2741,3366,False,,complete
DAQ AND MAG DAIQUIRIS,3431 W CAMP WISDOM RD,75237,liquor_store,48113010904,2.0,2803,0.359797,0.5191471709630978,0.06884165693327257,0.08110689262848818,2742,2401,False,,complete
EAGLE FOOD MART,3002 E MAIN ST INCLUDING 3006,75050,liquor_store,48113021200,1.0,1783,0.485431,0.6143637649933201,0.06883243880350375,0.06162420400391677,2743,2831,False,,complete
RED CORNER,5522 CHIESA RD,75088,liquor_store,48113018134,2.0,2184,0.421582,0.43830794069391393,0.06872403561861867,0.05276316572239937,2744,3076,False,,complete
FAMILY DOLLAR STORE #31581,200 E CAMP WISDOM RD,75241,grocery_food_mart,48113011201,2.0,2420,0.393916,0.5700953574137624,0.06866560471809909,0.07730997485650629,2745,2459,False,,complete
THE PARLOR BARBER SHOP,219 W JEFFERSON BLVD,75208,barbershop_beauty,48113004700,3.0,4217,0.285742,0.6081314243235885,0.06865802556818112,0.14419533858102407,2746,1151,False,,complete
CITY OF HOPE PROJECT,2652 CEDAR CREST BLVD Ste:110,75203,barbershop_beauty,48113005500,2.0,2147,0.425723,0.4937169993128214,0.06855366533441162,0.05889881674453111,2747,2902,False,,complete
CHIPOTLE MEXICAN GRILL #3450,1420 E BELTLINE RD,75081,liquor_store,48113019024,2.0,2528,0.38254,0.506965510587835,0.0685150519931389,0.07132987375600028,2748,2571,False,,complete
HYATT HOUSE - LAS COLINAS,5901 N MACARTHUR BLVD,75039,liquor_store,48113014151,2.0,3047,0.340946,0.3949045711041279,0.06841308499861957,0.06579769712130414,2749,2696,False,,complete
7-ELEVEN CONVENIENCE STORE #35648A,3020 N HAMPTON RD,75212,liquor_store,48113010101,2.0,2921,0.349607,0.6601110640526379,0.06841225360286549,0.1088519245227557,2750,1823,False,,complete
JEFFERSON BRIDAL,215 W JEFFERSON BLVD Ste:B,75208,convenience_corner_store,48113004700,3.0,4201,0.285742,0.6081314243235885,0.0683975255897389,0.14364823746238609,2751,1157,False,,complete
KROGER #577,7505 MACARTHUR BOULEVARD,75063,liquor_store,48113014124,2.0,2969,0.345867,0.30315790666339876,0.06829511053361105,0.04801748806225097,2752,3192,False,,complete
Kroger,,,gas_station,48113014124,2.0,2969,0.345867,0.30315790666339876,0.06829511053361105,0.04801748806225097,2753,3193,False,,complete
EZ FOOD MART BEER WINE,901 BELT LINE ROAD SUITE 100-101,75040,liquor_store,48113019026,3.0,3612,0.309116,0.48114655654816235,0.06824610547205907,0.09640532876868436,2754,2065,False,,complete
KROGER #559,1406 W WALNUT ST,75042,liquor_store,48113018802,3.0,3611,0.309055,0.39902850596898676,0.06820258670579116,0.0788567970370391,2755,2428,False,,complete
BOOST MOBILE BY FH WIRELESS,2261 SINGLETON BLVD Ste:106,75212,convenience_corner_store,48113020500,2.0,2808,0.357309,0.6585194926353583,0.06818344526346251,0.10437686545099349,2756,1911,False,,complete
7-Eleven Convenience Store #36364J,770 W Lyndon B Johnson Fwy,75063,liquor_store,48113014124,2.0,2961,0.345867,0.30315790666339876,0.06811108867969766,0.047888104463565215,2757,3197,False,,complete
Barber Shop,,,barbershop_beauty,48113004700,3.0,4181,0.285742,0.6081314243235885,0.06807190061668611,0.1429643610640886,2758,1172,False,,complete
NICK'S SPORTS CARDS,7612 CAMPBELL RD Ste:200,75248,convenience_corner_store,48113013605,3.0,3198,0.330231,0.32199174913382267,0.06797270605926525,0.05528011841807753,2759,2998,False,,complete
THE POPCORN SHACK,7632 CAMPBELL RD Ste:309,75248,convenience_corner_store,48113013605,3.0,3198,0.330231,0.32199174913382267,0.06797270605926525,0.05528011841807753,2760,2999,False,,complete
Casa Del Vegano,333 W Jefferson Blvd,75208,liquor_store,48113004700,3.0,4173,0.285742,0.6081314243235885,0.06794165062746499,0.14269081050476962,2761,1183,False,,complete
ROWLETT LIQUOR,6605 DALROCK RD,75089,liquor_store,48113018149,1.0,1930,0.454954,0.39377206529744674,0.06793168807597688,0.04154775845876432,2762,3392,False,,complete
7-ELEVEN CONVENIENCE STORE #35410A,7650 CAMPBELL RD,75248,liquor_store,48113013605,3.0,3192,0.330231,0.32199174913382267,0.06784517753007338,0.05517640337414117,2763,3001,False,,complete
DOLLAR GENERAL STORE #15118,2600 W WINTERGREEN RD,75134,liquor_store,48113016707,2.0,2354,0.396886,0.48553026330319793,0.06757448549153969,0.06343870721811576,2764,2770,False,,complete
Glamour Braids,,,barbershop_beauty,48113014306,2.0,2321,0.400275,0.6135505850730318,0.06750651941965409,0.08010708186286811,2765,2413,False,,complete
HALL STORE,212 HALL RD,75159,liquor_store,48113017006,1.0,1383,0.5763,0.6044448529568984,0.06743958283862496,0.04698878116302129,2766,3221,False,,complete
ANTOJITOS CAFE & MINI STORE,509 N GILPIN AVE,75211,liquor_store,48113006701,2.0,2168,0.417881,0.6532059753830988,0.06732357121436543,0.07990656766513754,2767,2414,False,,complete
BODEGA WINE,6434 E MOCKINGBIRD LN STE 109,75214,liquor_store,48113008000,3.0,3629,0.306026,0.256712636510915,0.06731371821885945,0.04873203056045556,2768,3179,False,,complete
WALGREENS #09909,5434 HWY 78,75048,liquor_store,48113018153,2.0,2527,0.378269,0.3805168679890759,0.0672814008810121,0.052420307938575494,2769,3089,False,,complete
TARGET STORES T-1430,601 S PLANO RD,75081,liquor_store,48113019024,2.0,2479,0.38254,0.506965510587835,0.06718703081130988,0.06994729313335629,2770,2606,False,,complete
JEFFERSON TOWER EVENTS,351 W JEFFERSON BLVD Ste:FL8,75208,other_storefront,48113004700,3.0,4121,0.285742,0.6081314243235885,0.06709502569752773,0.14091273186919615,2771,1209,False,,complete
THRYV ORGANICS,9219 GARLAND RD Ste:1105,75218,convenience_corner_store,48113008101,2.0,2644,0.366982,0.45637597603824653,0.06706034306838485,0.06669912505707523,2772,2675,False,,complete
DRIVE IN MART,5711 E GRAND AVE,75223,liquor_store,48113001204,2.0,2129,0.421485,0.39754141500701695,0.06697026144463161,0.04630589195524876,2773,3240,False,,complete
CIRCLE K #2742055,3950 VALLEY VIEW LANE,75062,liquor_store,48113014147,2.0,2257,0.405179,0.542859115777344,0.06688242147042266,0.06847034364509562,2774,2629,False,,complete
SPEC'S LIQUOR #150 SPEC'S WINE SPIRITS & FINER FOODS SFP DISTRIB,9500 N CENTRAL EXPRESSWAY SUITE 200,75231,liquor_store,48113007822,3.0,3204,0.326831,0.42987960707786643,0.06688241923458627,0.075809616027288,2775,2488,False,,complete
QUALITY LICENSING CORP. (STORE #3432),951 W BELT LINE ROAD,75115,liquor_store,48113016633,2.0,2217,0.409923,0.3015654508642879,0.06687285298509468,0.035646814221757236,2776,3531,False,,complete
God Level Barbershop,525 West Arapaho Road,,barbershop_beauty,48113019203,3.0,3288,0.321951,0.34861782877570946,0.0668421419838872,0.06200896537976875,2777,2820,False,,complete
AMERICAN HAIR & BEAUTY SUPPLY,8602 SKILLMAN ST,75243,grocery_food_mart,48113007835,2.0,2634,0.367034,0.38696007297869206,0.06682202281031409,0.05564276455301016,2778,2981,False,,complete
Sweet Nail Bar,336 West Campbell Road,75080,barbershop_beauty,48113019210,2.0,2841,0.349898,0.29394271049203363,0.06663100871352978,0.04440035357720775,2779,3293,False,,complete
Supercuts,344 West Campbell Road,75080,barbershop_beauty,48113019210,2.0,2841,0.349898,0.29394271049203363,0.06663100871352978,0.04440035357720775,2780,3294,False,,complete
QUALITY LICENSING CORP (STORE #2433),101 W BUCKINGHAM ROAD,75040,liquor_store,48113019026,3.0,3521,0.309116,0.48114655654816235,0.06652672684582503,0.09397651234621751,2781,2117,False,,complete
EL RIO GRANDE SUPER MERCADO #3,2515 W JEFFERSON BLVD # 300,75211,liquor_store,48113004500,1.0,1967,0.442264,0.5314095168877079,0.06644354411877425,0.0583418616314565,2782,2914,False,,complete
I-20 Liquor ,13881 Interstate 20,75181,liquor_store,48113017315,2.0,2296,0.398953,0.5377288891389482,0.06644006884651295,0.06895746151091106,2783,2621,False,,complete
Beautiful Hair Boutique,9219 Garland Road,,barbershop_beauty,48113008101,2.0,2619,0.366982,0.45637597603824653,0.0664262626687216,0.06606846010759457,2784,2683,False,,complete
MURPHY EXPRESS #8929,6410 LEMMON AVE,75209,liquor_store,48113007102,1.0,1832,0.464441,0.45585815278825087,0.06642526939841435,0.04615907168670623,2785,3248,False,,complete
MARK MERCHANT - HIGHER TRUTH TATTOO,9105 DICEMAN DR,75218,barbershop_beauty,48113008102,3.0,3330,0.318482,0.3026391502329786,0.06640457159038873,0.05375384749117289,2786,3037,False,,complete
MY T QUICK,110 Hensley Dr,75050,liquor_store,48113021200,1.0,1720,0.485431,0.6143637649933201,0.06640033356254989,0.05944679242105263,2787,2887,False,,complete
SAMATONE YOGA,15203 KNOLL TRAIL DR Ste:112,75248,barbershop_beauty,48113013620,3.0,5523,0.247345,0.36038346321485915,0.06621402198861023,0.10799897960386744,2788,1846,False,,complete
DONATOS FOOD MART LLC,200 N CORINTH ST RD,75203,convenience_corner_store,48113021000,1.0,1664,0.495881,0.7603398917735704,0.06618238781056568,0.07186451705565293,2789,2563,False,,complete
Local Jonny's,5471 Belt Line Rd,75254,liquor_store,48113013620,3.0,5517,0.247345,0.36038346321485915,0.06614208931942109,0.10788165317301045,2790,1847,False,,complete
QuikTrip #908,2010 S SHILOH ROAD,75041,liquor_store,48113019048,3.0,3214,0.324074,0.45903986516028494,0.06610057878138045,0.08158419867712313,2791,2388,False,,complete
SMOKE RUN,2417 E 11TH ST,75203,convenience_corner_store,48113021100,1.0,1544,0.522503,0.7212350348395278,0.06600475150532427,0.0631142526951819,2792,2782,False,,complete
SEAGO PANTRY,15130 SEAGOVILLE RD,75253,liquor_store,48113017101,1.0,1773,0.472895,0.6514233489023185,0.06596166872714843,0.06516118536066226,2793,2718,False,,complete
TERROIR - A PLACE FOR WINE,9225 GARLAND RD Ste:2120,75218,convenience_corner_store,48113008101,2.0,2598,0.366982,0.45637597603824653,0.06589363513300446,0.06553870155003079,2794,2705,False,,complete
HAIR TODAY GONE TOMORROW,4245 N CENTRAL EXPY Ste:200,75205,barbershop_beauty,48113000705,3.0,3925,0.290215,0.30745727780530385,0.06586657681767422,0.06447597289585699,2795,2738,False,,complete
BB Nails,,,barbershop_beauty,48113004700,3.0,4045,0.285742,0.6081314243235885,0.06585765079992713,0.13831400155566573,2796,1274,False,,complete
Blessed Blade Barbershop,12111 Seagoville Road,75180,barbershop_beauty,48113017204,2.0,2094,0.420792,0.6400226410323856,0.06570706845013503,0.07554789807801147,2797,2495,False,,complete
MINYARD FUEL,2111 SINGLETON BLVD,75212,gas_station,48113020500,2.0,2705,0.357309,0.6585194926353583,0.06568241432965316,0.1005482268678552,2798,1982,False,,complete
DFW KEYS AND REMOTES,2515 W JEFFERSON BLVD Ste:311,75211,convenience_corner_store,48113004500,1.0,1944,0.442264,0.5314095168877079,0.06566662418245915,0.05765967412890261,2799,2929,False,,complete
WHITE ROCK FLOORING,9022 GARLAND RD Ste:A,75218,convenience_corner_store,48113008102,3.0,3284,0.318482,0.3026391502329786,0.06548727120205303,0.05301130185015369,2800,3066,False,,complete
7-ELEVEN CONVENIENCE STORE #35379A,5420 N MACARTHUR BOULEVARD,75038,liquor_store,48113014313,3.0,4272,0.277185,0.18164630050665237,0.06546688797620466,0.03841739127399209,2801,3469,False,,complete
TERROIR,9225 Garland Rd SUITE 2120,75218,liquor_store,48113008101,2.0,2573,0.366982,0.45637597603824653,0.06525955473334123,0.06490803660055014,2802,2720,False,,complete
PHILLIPS MART,951 S BELT LINE ROAD SUITE A,75253,liquor_store,48113017101,1.0,1754,0.472895,0.6514233489023185,0.06525480369284735,0.0644628985463066,2803,2739,False,,complete
360 SMOKE SHOP,12700 MIDWAY RD Ste:101,75244,convenience_corner_store,48113009603,2.0,2870,0.343452,0.4151983350440127,0.06524300540790785,0.06541709590954821,2804,2706,False,,complete
SOVEREIGN,216 S MADISON AVE,75208,convenience_corner_store,48113004700,3.0,4004,0.285742,0.6081314243235885,0.06519011960516889,0.1369120549391559,2805,1300,False,,complete
BY THE BLADE BARBERSHOP,214 S MADISON AVE,75208,barbershop_beauty,48113004700,3.0,4004,0.285742,0.6081314243235885,0.06519011960516889,0.1369120549391559,2806,1301,False,,complete
GBORI COLOUR LLC,210 S MADISON AVE,75208,barbershop_beauty,48113004700,3.0,4004,0.285742,0.6081314243235885,0.06519011960516889,0.1369120549391559,2807,1302,False,,complete
ARI-A,212 S MADISON AVE,75208,barbershop_beauty,48113004700,3.0,4004,0.285742,0.6081314243235885,0.06519011960516889,0.1369120549391559,2808,1303,False,,complete
BIG M EXPRESS,2207 E LEDBETTER DR Ste:A,75216,convenience_corner_store,48113008704,1.0,1771,0.469207,0.5847013934057242,0.06515709943215874,0.05810534210773302,2809,2920,False,,complete
Family Dollar #31572,9165 Elam Rd,75217,liquor_store,48113011802,1.0,1886,0.44872,0.43891077540186985,0.06506861374840622,0.04563097813873711,2810,3260,False,,complete
GHETTO DREAMS PRODUCTION,6714 BEXAR ST,75215,barbershop_beauty,48113011500,1.0,1272,0.597364,0.7943336626101164,0.06502214524321569,0.05748994923189824,2811,2937,False,,complete
BIG DADDY'S SUPERMARKET,6204 BEXAR,75215,liquor_store,48113011500,1.0,1272,0.597364,0.7943336626101164,0.06502214524321569,0.05748994923189824,2812,2938,False,,complete
Urban Craft,4650 W Airport Fwy,75062,liquor_store,48113014409,2.0,2017,0.428399,0.6729114653474716,0.06500616348484478,0.0766897070505759,2813,2470,False,,complete
CASH SAVER,1201 W CAMP WISDOM RD,75232,liquor_store,48113011101,2.0,2148,0.410787,0.5496725330650525,0.0649990311668253,0.06602841790609622,2814,2685,False,,complete
GOOD BUY GEAR,7522 CAMPBELL RD Ste:119,75248,convenience_corner_store,48113013605,3.0,3056,0.330231,0.32199174913382267,0.06495453086839106,0.052825529044917115,2815,3073,False,,complete
3D SMOKE SHOP #4,9008 GARLAND RD,75218,other_storefront,48113008102,3.0,3255,0.318482,0.3026391502329786,0.06490897313114574,0.052543175250380714,2816,3081,False,,complete
"HUMBLE, SIMPLY GOOD PIES",9014 GARLAND RD,75218,convenience_corner_store,48113008102,3.0,3255,0.318482,0.3026391502329786,0.06490897313114574,0.052543175250380714,2817,3082,False,,complete
CIRCLE K #2740793,1505 S BELT LINE ROAD,75149,liquor_store,48113017203,2.0,2163,0.408505,0.6123845036373143,0.06490113440062525,0.07450482519073846,2818,2512,False,,complete
"KNIT DALLAS, LLC",6434 E MOCKINGBIRD LN Ste:105,75214,convenience_corner_store,48113008000,3.0,3497,0.306026,0.256712636510915,0.0648652721442137,0.04695946841276194,2819,3223,False,,complete
Alcohaul Beer Spirits Wine,5330 N MacArthur Blvd Suite 112,75038,liquor_store,48113014313,3.0,4214,0.277185,0.18164630050665237,0.0645780585046176,0.03789580684190137,2820,3483,False,,complete
KROGER #870,3770 BELT LINE RD,75001,liquor_store,48113013726,2.0,2864,0.341419,0.4145957058635426,0.06445569967627984,0.06517835031353657,2821,2717,False,,complete
CVS/PHARMACY #02979,6120 E MOCKINGBIRD LN,75214,liquor_store,48113000201,3.0,4475,0.268622,0.27572929045893696,0.06429399292263012,0.0651210693153036,2822,2719,False,,complete
Spec's,,,liquor_store,48113007822,3.0,3080,0.326831,0.42987960707786643,0.06429396106196184,0.07287566085020195,2823,2542,False,,complete
7-ELEVEN CONVENIENCE STORE #12132B,2129 ABRAMS ROAD,75214,liquor_store,48113001102,3.0,4647,0.263865,0.28546415248365187,0.06429393579701087,0.07029715222855593,2824,2595,False,,complete
SPIN! NEAPOLITAN PIZZA,348 W CAMPBELL RD,75080,liquor_store,48113019210,2.0,2739,0.349898,0.29394271049203363,0.06423876552846113,0.04280625429354876,2825,3352,False,,complete
DBA AMERICAN MANICURE SCHOOL OF ART,208 S MADISON AVE,75208,barbershop_beauty,48113004700,3.0,3945,0.285742,0.6081314243235885,0.06422952593466316,0.1348946195641783,2826,1339,False,,complete
K9 CLUB 2,9016 GARLAND RD,75218,barbershop_beauty,48113008102,3.0,3220,0.318482,0.3026391502329786,0.06421102718349901,0.05197819487134436,2827,3109,False,,complete
QUIK TRIP - STORE #1900,6055 ALPHA RD,75240,grocery_food_mart,48113013608,3.0,3585,0.300265,0.3067846238166986,0.06418871241861082,0.058748299757152074,2828,2905,False,,complete
QUIKTRIP #1900,6055 ALPHA RD,75240,liquor_store,48113013608,3.0,3585,0.300265,0.3067846238166986,0.06418871241861082,0.058748299757152074,2829,2906,False,,complete
TEXAS FAMILY FITNESS,7622 CAMPBELL RD,75248,barbershop_beauty,48113013605,3.0,3012,0.330231,0.32199174913382267,0.06401932165431737,0.05206495205605051,2830,3101,False,,complete
KROGER #429,2202 W GRAUWYLER RD,75061,liquor_store,48113014501,3.0,3131,0.322853,0.34054702810369103,0.06396618856807591,0.05755489104242763,2831,2935,False,,complete
A Hair Tech,,,barbershop_beauty,48113018153,2.0,2401,0.378269,0.3805168679890759,0.06392664959054613,0.04980655297210913,2832,3156,False,,complete
TOTAL WINE SPIRITS BEER & MORE,7730 N MACARTHUR BLVD SUITE A,75063,liquor_store,48113014124,2.0,2776,0.345867,0.30315790666339876,0.06385558330795024,0.04489610874395712,2833,3287,False,,complete
Sprouts Farmers Market,7730 N MacArthur Blvd Suite 150,75063,liquor_store,48113014124,2.0,2776,0.345867,0.30315790666339876,0.06385558330795024,0.04489610874395712,2834,3288,False,,complete
GENE'S CONVENIENCE & DAIQUIRI,3613 RAMONA AVE,75216,convenience_corner_store,48113005700,2.0,2046,0.419155,0.5755256574076163,0.06382646466940528,0.06601858227095647,2835,2686,False,,complete
1 Stop,1406 E Overton Rd,75216,liquor_store,48113005700,2.0,2046,0.419155,0.5755256574076163,0.06382646466940528,0.06601858227095647,2836,2687,False,,complete
The Hive,6458 East Mockingbird Lane,,barbershop_beauty,48113008000,3.0,3438,0.306026,0.256712636510915,0.06377089094418263,0.046167186846747366,2837,3243,False,,complete
Cloud 9 Nail Spa,6454 East Mockingbird Lane,75214,barbershop_beauty,48113008000,3.0,3438,0.306026,0.256712636510915,0.06377089094418263,0.046167186846747366,2838,3244,False,,complete
"CATFISH & MORE, LLC",3800 S LANCASTER RD,75216,convenience_corner_store,48113005700,2.0,2038,0.419155,0.5755256574076163,0.06357689882514564,0.0657604450968765,2839,2697,False,,complete
SAMS BEER AND WINE,723 E Miller Rd,75041,liquor_store,48113018204,2.0,2769,0.345239,0.3940408914840644,0.06350016581527067,0.05965317871383496,2840,2881,False,,complete
BILLARES EL CENTENARIO,3238 SAMUELL BLVD,75223,other_storefront,48113001202,2.0,2104,0.40997,0.4295871456775767,0.06347541331798852,0.04974623395662126,2841,3158,False,,complete
CIRCLE K #2741592,3010 N WESTMORELAND RD,75212,liquor_store,48113020500,2.0,2614,0.357309,0.6585194926353583,0.06347276564055947,0.0971656432652767,2842,2048,False,,complete
BLISS NAIL BAR,2019 ABRAMS PKWY,75214,barbershop_beauty,48113001102,3.0,4583,0.263865,0.28546415248365187,0.06340845873847661,0.06932899691488525,2843,2613,False,,complete
GOODY GOODY LIQUOR STORE,10301 HARRY HINES BLVD,75220,liquor_store,48113009900,2.0,1932,0.433542,0.5594792586308812,0.06337748144915747,0.06050824202160809,2844,2864,False,,complete
Fossil Creek Liquor,6440 E Mockingbird Ln,75214,liquor_store,48113008000,3.0,3412,0.306026,0.256712636510915,0.06328862126281302,0.0458180458176562,2845,3256,False,,complete
A & I FOOD STORE,2286 W PLEASANT RUN RD STE 112,75146,liquor_store,48113016806,1.0,1887,0.43988,0.5102676710133658,0.06323830633652379,0.05361166186179167,2846,3043,False,,complete
Z WASH N DRY,220 SUNSET AVE,75208,laundromat,48113004700,3.0,3882,0.285742,0.6081314243235885,0.06320380726954687,0.13274040890954125,2847,1378,False,,complete
OAKCLIFF SHELL,515 S Beckley Ave,75203,liquor_store,48113005000,2.0,2453,0.36994,0.6725108601797917,0.06302712734331262,0.09320908810392553,2848,2132,False,,complete
Fossil Creek Liquor,6440 East Mockingbird Lane,75214,liquor_store,48113008000,3.0,3386,0.306026,0.256712636510915,0.0628063515814434,0.04546890478856503,2849,3267,False,,complete
JALISCO PRODUCTS DE CUERO,118 W JEFFERSON BLVD,75208,convenience_corner_store,48113004700,3.0,3856,0.285742,0.6081314243235885,0.06278049480457824,0.1318513695917545,2850,1391,False,,complete
Aria Nail Bar,9540 Garland Road,,barbershop_beauty,48113008200,2.0,2636,0.353026,0.4092685838042698,0.06274483813332088,0.05915981258553588,2851,2893,False,,complete
Stephany's Hair Salon,,,barbershop_beauty,48113007805,2.0,2556,0.359446,0.5539291654358188,0.06267504426520303,0.07921302441561742,2852,2421,False,,complete
RED ARROW GROCERY,3522 RAMONA AVE,75216,convenience_corner_store,48113005700,2.0,2008,0.419155,0.5755256574076163,0.06264102690917195,0.06479243069407654,2853,2723,False,,complete
LAKEWOOD GROWLER,6448 E MOCKINGBIRD LN,75214,liquor_store,48113008000,3.0,3376,0.306026,0.256712636510915,0.06262086324245508,0.04533461977737612,2854,3272,False,,complete
KWICK STOP,11120 ELAM ROAD,75180,liquor_store,48113011702,1.0,1658,0.477467,0.6500092241967682,0.0625306991163398,0.06079616913022519,2855,2854,False,,complete
TRUE MEDX DALLAS,9533 LOSA DR Ste:1,75218,convenience_corner_store,48113008200,2.0,2626,0.353026,0.4092685838042698,0.06250680763964364,0.05893538234052247,2856,2901,False,,complete
HEAVENLY NAILS & DAY SPA,7738 FOREST LN,75230,barbershop_beauty,48113013101,3.0,3175,0.316204,0.2791154535432948,0.06250511701197266,0.046838496841072844,2857,3225,False,,complete
SMOKII MONKEY #1,7732 FOREST LN,75230,convenience_corner_store,48113013101,3.0,3175,0.316204,0.2791154535432948,0.06250511701197266,0.046838496841072844,2858,3226,False,,complete
OVERTON TEXACO,3926 E OVERTON RD,75216,liquor_store,48113021100,1.0,1462,0.522503,0.7212350348395278,0.062499317811388656,0.059762329948417056,2859,2876,False,,complete
Family Dollar #28354,1710 S HAMPTON ROAD,75154,liquor_store,48113016622,1.0,1635,0.481976,0.48191126384198996,0.06248741813126978,0.04371250468728962,2860,3324,False,,complete
FAMILY DOLLAR STORE #08276,8550 S POLK ST,75232,grocery_food_mart,48113011104,2.0,2567,0.357811,0.6487003123523629,0.06247557725364745,0.09392918300109632,2861,2119,False,,complete
HAPPY'S MARKET # 4 CENTRAL,7950 FOREST LN,75230,liquor_store,48113013101,3.0,3173,0.316204,0.2791154535432948,0.062465743709917865,0.04680899227613358,2862,3227,False,,complete
Bradford's Barber & Beauty,,,barbershop_beauty,48113016709,1.0,1677,0.473239,0.6626121783490235,0.06245463149136844,0.06274174350549235,2863,2797,False,,complete
365 Food & Fuel #11,12969 Preston Rd,75230,liquor_store,48113009604,2.0,2724,0.345158,0.49873989688073317,0.062443535929799975,0.07553619303046001,2864,2496,False,,complete
MILL CITY KUTTZ,2212 LAGOW ST,75210,barbershop_beauty,48113002703,1.0,1652,0.478027,0.5749275889660188,0.062407832753146104,0.05324694504068765,2865,3051,False,,complete
FAIR PARK GROCERY,2203 LAGOW,75210,liquor_store,48113002703,1.0,1652,0.478027,0.5749275889660188,0.062407832753146104,0.05324694504068765,2866,3052,False,,complete
SUMMIT CLIMBING GYM,9201 FOREST LN Ste:100,75243,barbershop_beauty,48113007810,3.0,4111,0.275834,0.41137918387582734,0.06237873256025119,0.09277597813367366,2867,2146,False,,complete
Cinthia's Hispanic Beauty Salon,8533 Ferguson Road,,barbershop_beauty,48113012209,2.0,2743,0.342945,0.42695067909471535,0.062200476592959894,0.06442719624338755,2868,2740,False,,complete
TWO BIT CIRCUS,8030 PARK LN Ste:200,75231,other_storefront,48113007822,3.0,2976,0.326831,0.42987960707786643,0.0621229961429865,0.07041492425006525,2869,2592,False,,complete
CVS/PHARMACY #7469,290 N DENTON TAP RD,75019,liquor_store,48113014134,2.0,2238,0.388358,0.3201666449215713,0.062110940736864496,0.03844435356733794,2870,3468,False,,complete
Tom Thumb #3623,210 E Pleasant Run Rd,75115,liquor_store,48113016620,2.0,2123,0.401683,0.4730760073114948,0.062081835736921394,0.05565105244903897,2871,2980,False,,complete
7-ELEVEN CONVIENIENCE STORE #41931H,8124 FOREST LN,75243,grocery_food_mart,48113007805,2.0,2527,0.359446,0.5539291654358188,0.061963942432773096,0.078314285093218,2872,2438,False,,complete
1st Choice Grocery & Checks Cashed,,,convenience_corner_store,48113007805,2.0,2527,0.359446,0.5539291654358188,0.061963942432773096,0.078314285093218,2873,2439,False,,complete
La Madeleine Irving,6430 N MacArthur Blvd,75039,liquor_store,48113014143,3.0,3568,0.295326,0.29770572334542533,0.06191429602155844,0.05655558515597761,2874,2959,False,,complete
BIGG DRIP FASHION,1608 S EWING AVE,75216,convenience_corner_store,48113005500,2.0,1939,0.425723,0.4937169993128214,0.06191222966158553,0.053192736687305925,2875,3057,False,,complete
DOLLAR  GENERAL,2511 S BELT LINE RD,75253,grocery_food_mart,48113017102,1.0,1290,0.569215,0.727607884670946,0.061882861950868985,0.05321724468359375,2876,3053,False,,complete
Dollar General Store #19473,2511 S Beltline Rd,75253,liquor_store,48113017102,1.0,1290,0.569215,0.727607884670946,0.061882861950868985,0.05321724468359375,2877,3054,False,,complete
Total Wine,9350 North Central Expressway,75231,liquor_store,48113007822,3.0,2963,0.326831,0.42987960707786643,0.06185162552811459,0.07010733217504818,2878,2600,False,,complete
PRETTY MONEY STYLE'Z,4126 METROPOLITAN AVE,75210,barbershop_beauty,48113002703,1.0,1637,0.478027,0.5749275889660188,0.061841175676089696,0.05276346793680732,2879,3075,False,,complete
Stopover,5075 W Northgate Dr Ste 100,75062,liquor_store,48113014161,2.0,1883,0.433616,0.5305385704606631,0.061785658852902645,0.05575348717741777,2880,2975,False,,complete
"RAPTOR DELEON, LLC",110 W JEFFERSON BLVD,75208,convenience_corner_store,48113004700,3.0,3792,0.285742,0.6081314243235885,0.061738494890809306,0.12966296511720257,2881,1422,False,,complete
CVS/PHARMACY #7430,8555 FERGUSON ROAD,75228,liquor_store,48113012209,2.0,2722,0.342945,0.42695067909471535,0.06172427899600322,0.0639339512119945,2882,2750,False,,complete
7-ELEVEN CONVENIENCE STORE # 21444B,3801 N TOWN EAST BLVD,75150,liquor_store,48113017817,1.0,1672,0.47018,0.4198125976296784,0.061696646294309584,0.03856646863359873,2883,3460,False,,complete
LIQUOR DEPOT,1308 E BEAR CREEK RD STE 130,75154,liquor_store,48113016622,1.0,1613,0.481976,0.48191126384198996,0.06164660883531386,0.0431243241960845,2884,3337,False,,complete
Liquor Depot,,,liquor_store,48113016622,1.0,1613,0.481976,0.48191126384198996,0.06164660883531386,0.0431243241960845,2885,3338,False,,complete
Essence of Locks,8499 Greenville Avenue,75231,barbershop_beauty,48113007805,2.0,2512,0.359446,0.5539291654358188,0.061596131140136935,0.07784941992645969,2886,2451,False,,complete
PRECIOUS GIFSS & FLOWERS,7777 FOREST LN,75251,convenience_corner_store,48113013202,3.0,2958,0.326185,0.376577342189233,0.06153363280609355,0.060672427324841946,2887,2861,False,,complete
SPEEDY SHOP,2904 VALLEY VIEW LN,75234,liquor_store,48113014001,3.0,3539,0.295452,0.4597416397696887,0.06146091837671772,0.08998075560988464,2888,2217,False,,complete
Brow Art 23,,,barbershop_beauty,48113014153,2.0,2065,0.406255,0.5418212416628312,0.061441217192753916,0.06251902004281075,2889,2804,False,,complete
Dan's Seafood & Chicken,8360 S Polk St,75232,liquor_store,48113011104,2.0,2523,0.357811,0.6487003123523629,0.06140470643200331,0.09231917752698325,2890,2163,False,,complete
Tom Thumb #2503,4001 Villanova St,75225,liquor_store,48113019501,3.0,3644,0.290798,0.2612832064445531,0.06138852970870096,0.04991761047129419,2891,3154,False,,complete
Nail Opus by Yen,9540 Garland Road,75218,barbershop_beauty,48113008200,2.0,2579,0.353026,0.4092685838042698,0.0613880643193606,0.057880560188959415,2892,2921,False,,complete
Salons by JC,9540 Garland Road,,barbershop_beauty,48113008200,2.0,2579,0.353026,0.4092685838042698,0.0613880643193606,0.057880560188959415,2893,2922,False,,complete
LA REYNA SALON & BARBER SHOP,2800 ALABAMA AVE,75216,barbershop_beauty,48113005600,2.0,2072,0.404975,0.5273490500803241,0.061353002715953044,0.06095905515612087,2894,2846,False,,complete
TEXAS FAMILY FITNESS,6464 E MOCKINGBIRD LN Ste:130,75214,barbershop_beauty,48113008000,3.0,3306,0.306026,0.256712636510915,0.061322444869536884,0.04439462469905375,2895,3295,False,,complete
SALON TURNAGE,8201 PRESTON RD Ste:110,75225,barbershop_beauty,48113019501,3.0,3638,0.290798,0.2612832064445531,0.0612874509001795,0.04983541901607253,2896,3155,False,,complete
KALUA DISCOTHEQUE,2435 W NORTHWEST HWY Ste:101,75220,other_storefront,48113009900,2.0,1868,0.433542,0.5594792586308812,0.06127802036595558,0.0585038282072277,2897,2911,False,,complete
,7700 W NORTHWEST HWY Ste:240,75225,convenience_corner_store,48113007906,2.0,2684,0.34399,0.35663252553937685,0.061176139562928285,0.051889134338107976,2898,3110,False,,complete
Lucky's Barber Shop,,,barbershop_beauty,48113013605,3.0,2876,0.330231,0.32199174913382267,0.061128674992635045,0.04971407772682645,2899,3159,False,,complete
ILLUSION EVENT CENTER,1201 W CAMP WISDOM RD Ste:340,75232,other_storefront,48113011101,2.0,2019,0.410787,0.5496725330650525,0.061095458066024344,0.06206302409329994,2900,2817,False,,complete
BIZONE,3000 S BELT LINE ROAD,75181,liquor_store,48113017314,2.0,2256,0.382206,0.5333703017422657,0.06105894372793554,0.067175082108994,2901,2663,False,,complete
SCALINI'S PIZZA & PASTA,2021 ABRAMS RD,75214,liquor_store,48113001102,3.0,4412,0.263865,0.28546415248365187,0.06104257472270539,0.06674220693617146,2902,2674,False,,complete
LA AZTECA MEAT MARKET #8,1550 N INTERSTATE 35 E,75134,liquor_store,48113016709,1.0,1639,0.473239,0.6626121783490235,0.061039440080115005,0.06132004627638757,2903,2839,False,,complete
ONE STOP FOOD STORE,640 N STORY ROAD,75061,liquor_store,48113015202,3.0,3006,0.32156,0.31444810305207505,0.060977936469672527,0.050621301468143434,2904,3134,False,,complete
ZERO LATENCY IRVING,2448 Irving Mall Suite B13A,75062,liquor_store,48113014153,2.0,2047,0.406255,0.5418212416628312,0.06090565210342241,0.06197406006180804,2905,2822,False,,complete
JALISCO PRODUCTOS DE CUERO,828 STELLA AVE,75216,convenience_corner_store,48113005500,2.0,1907,0.425723,0.4937169993128214,0.060890470327304595,0.05231487821696359,2906,3091,False,,complete
KROGER #588,9140 FOREST LN,75243,liquor_store,48113007810,3.0,4012,0.275834,0.41137918387582734,0.060876544644059304,0.09054177189790774,2907,2205,False,,complete
Great Clips,9540 Garland Road,,barbershop_beauty,48113008200,2.0,2557,0.353026,0.4092685838042698,0.060864397233270674,0.05738681364992991,2908,2942,False,,complete
Casa Linda Barbers,294 Casa Linda Plaza,,barbershop_beauty,48113008200,2.0,2555,0.353026,0.4092685838042698,0.060816791134535225,0.05734192760092723,2909,2946,False,,complete
RHUMBA SPIRITS,1103 SINGLETON BLVD,75212,barbershop_beauty,48113004300,3.0,4672,0.256532,0.4527874071330006,0.060809862613000844,0.11686797582488338,2910,1660,False,,complete
JUANITAS TAQUERIA AND CARNICERIA,2035 SINGLETON BLVD,75212,liquor_store,48113010101,2.0,2595,0.349607,0.6601110640526379,0.060777061999122195,0.09670343859519036,2911,2059,False,,complete
Brow Perfection,9301 North Central Expressway,75225,barbershop_beauty,48113007801,2.0,2676,0.343253,0.3550615112287843,0.06077331920903924,0.051486056060107456,2912,3121,False,,complete
The Barbers Point - Executive Barber Lounge,,,barbershop_beauty,48113016513,2.0,1929,0.421593,0.37474485603419266,0.060702310163854446,0.039357423910315256,2913,3442,False,,complete
Tom Thumb #2526,39 Arapaho Village Center,75080,liquor_store,48113019203,3.0,2977,0.321951,0.34861782877570946,0.06051978609672513,0.0561437621458551,2914,2968,False,,complete
Glo Sun Spa,,,barbershop_beauty,48113013606,3.0,3713,0.285883,0.4089815303784432,0.06051080295335878,0.08326797016870151,2915,2353,False,,complete
DOLLAR GENERAL STORE #10910,3338 BROADWAY BLVD STE 202,75043,liquor_store,48113018110,3.0,2886,0.327654,0.49118462857937756,0.06050980196941605,0.07874000650312292,2916,2431,False,,complete
LA PINITA,3338 BROADWAY BOULEVARD SUITE 310,75043,liquor_store,48113018110,3.0,2886,0.327654,0.49118462857937756,0.06050980196941605,0.07874000650312292,2917,2432,False,,complete
REDDY & GO CONVENIENT,1616 S EWING AVE,75216,convenience_corner_store,48113005500,2.0,1895,0.425723,0.4937169993128214,0.06050731057694924,0.05198568129058521,2918,3108,False,,complete
BAWA SHELL,5607 E R L THORNTON FWY,75223,liquor_store,48113001202,2.0,2004,0.40997,0.4295871456775767,0.060458521050023285,0.047381869224842686,2919,3213,False,,complete
BELVEDERE,825 VERMONT AVE,75216,convenience_corner_store,48113005400,2.0,1954,0.416827,0.5900076704545058,0.06044792631580162,0.06472212353279014,2920,2727,False,,complete
LIQUOR DEPOT EXPRESS,7512 E NORTHWEST HWY,75214,liquor_store,48113007902,2.0,2443,0.361126,0.3631839304136826,0.06036301964711797,0.04817567810502184,2921,3190,False,,complete
THE COZY COTTAGE CHILDREN'S BOUTIQUE,2525 W JEFFERSON BLVD,75211,convenience_corner_store,48113004500,1.0,1786,0.442264,0.5314095168877079,0.060329522011251045,0.052973342589619374,2922,3067,False,,complete
TIENDA HISPANA,2535 W JEFFERSON BLVD,75211,convenience_corner_store,48113004500,1.0,1786,0.442264,0.5314095168877079,0.060329522011251045,0.052973342589619374,2923,3068,False,,complete
Lavanderia Coin Laundry,,,laundromat,48113018802,3.0,3193,0.309055,0.39902850596898676,0.060307632055273105,0.0697285386151387,2924,2610,False,,complete
PRESTON COMMONS FITNESS CENTER,8115 PRESTON RD Ste:250,75225,barbershop_beauty,48113019501,3.0,3574,0.290798,0.2612832064445531,0.06020927694261725,0.048958710160374716,2925,3174,False,,complete
Keke's Breakfast Cafe,7700 W Northwest Hwy Ste 600,75225,liquor_store,48113007906,2.0,2639,0.34399,0.35663252553937685,0.06015045913061392,0.051019160029160564,2926,3126,False,,complete
Tom Thumb #3608,7700 W Northwest Hwy Suite 100,75225,liquor_store,48113007906,2.0,2639,0.34399,0.35663252553937685,0.06015045913061392,0.051019160029160564,2927,3127,False,,complete
TARGET STORE T-1032,7845 N MACARTHUR BLVD,75063,liquor_store,48113014124,2.0,2613,0.345867,0.30315790666339876,0.0601061380344647,0.04225991792073486,2928,3374,False,,complete
PALACIOS THRIFT STORE,416 N GILPIN AVE,75211,convenience_corner_store,48113006701,2.0,1935,0.417881,0.6532059753830988,0.06008815050728649,0.07131882307750974,2929,2572,False,,complete
Art Nails,2050 North Collins Boulevard,75080,barbershop_beauty,48113019210,2.0,2559,0.349898,0.29394271049203363,0.06001715990775174,0.039993137910621125,2930,3425,False,,complete
Dairy Mart,211 W Grubb Dr,75149,liquor_store,48113017704,2.0,1846,0.430684,0.45403545391335276,0.05996653174078713,0.0463129956022277,2931,3239,False,,complete
INFINITY & BEYOND,5621 EAST GRAND AVE,75223,convenience_corner_store,48113001204,2.0,1906,0.421485,0.39754141500701695,0.059955527624926175,0.04145562708628658,2932,3396,False,,complete
BAR FLY,5623 EAST GRAND AVE,75223,other_storefront,48113001204,2.0,1906,0.421485,0.39754141500701695,0.059955527624926175,0.04145562708628658,2933,3397,False,,complete
RAPTOR BOOTS,115 W JEFFERSON BLVD,75208,convenience_corner_store,48113004700,3.0,3681,0.285742,0.6081314243235885,0.05993127629036631,0.12586745110665157,2934,1478,False,,complete
OSIRI'S STUDIO,11181 DENTON DR Ste:110,75229,barbershop_beauty,48113009900,2.0,1825,0.433542,0.5594792586308812,0.0598674449506793,0.05715711267569087,2935,2949,False,,complete
Bookmarks,,,library,48113007801,2.0,2633,0.343253,0.3550615112287843,0.05979676736823629,0.05065873901579332,2936,3133,False,,complete
Venue Nails & Spa,15203 Knoll Trail Drive,,barbershop_beauty,48113013620,3.0,4984,0.247345,0.36038346321485915,0.05975207053978516,0.09745915523188037,2937,2045,False,,complete
PHONE PLANET,7748 FOREST LN,75230,convenience_corner_store,48113013101,3.0,3035,0.316204,0.2791154535432948,0.05974898586813764,0.04477317729532475,2938,3289,False,,complete
PARKLANE PARMACY,6873 SHADY BROOK LN,75231,convenience_corner_store,48113007824,3.0,3232,0.305136,0.30800030880550866,0.059628264230981644,0.053195769632810384,2939,3055,False,,complete
DESI GROCERY,6875 SHADY BROOK LN,75231,convenience_corner_store,48113007824,3.0,3232,0.305136,0.30800030880550866,0.059628264230981644,0.053195769632810384,2940,3056,False,,complete
Libertè Hair,15203 Knoll Trail Drive,,barbershop_beauty,48113013620,3.0,4971,0.247345,0.36038346321485915,0.05959621642320867,0.09720494796502355,2941,2047,False,,complete
"REVOLT BARBERSHOP, LLC",113 W JEFFERSON BLVD Ste:A,75208,barbershop_beauty,48113004700,3.0,3660,0.285742,0.6081314243235885,0.05958937006866088,0.1251493808884392,2942,1490,False,,complete
RADIANT WAXING,4343 W NORTHWEST HWY Ste:347,75220,barbershop_beauty,48113020600,2.0,2494,0.353644,0.2970887625148544,0.059537108958603646,0.03944092507372704,2943,3439,False,,complete
Awake Restaurant,15203 Knoll Trail Dr Suite 100,75248,liquor_store,48113013620,3.0,4961,0.247345,0.36038346321485915,0.05947632864122677,0.09700940391359522,2944,2053,False,,complete
City Salon Suites & Spa,15203 Knoll Trail Drive,,barbershop_beauty,48113013620,3.0,4961,0.247345,0.36038346321485915,0.05947632864122677,0.09700940391359522,2945,2054,False,,complete
BBHOOD CLOTHING,8122 FOREST LN Ste:C,75243,convenience_corner_store,48113007805,2.0,2425,0.359446,0.5539291654358188,0.05946282564284716,0.07515320195926145,2946,2501,False,,complete
DAILY STOP,9901 ROYAL LN STE 108,75231,liquor_store,48113013009,2.0,2440,0.358097,0.39750570612683156,0.059462667457424005,0.05306501420403,2947,3063,False,,complete
Royal Market,10110 Royal Ln suite 180,75238,liquor_store,48113013009,2.0,2438,0.358097,0.39750570612683156,0.05941392756606545,0.053021518290748,2948,3065,False,,complete
CIRCLE K / VALERO # 2741592,3010 N WESTMORELAND RD,75212,grocery_food_mart,48113020500,2.0,2446,0.357309,0.6585194926353583,0.05939341421454035,0.09092087353743948,2949,2190,False,,complete
7-ELEVEN CONVENIENCE STORE #38555A,2920 N WESTMORELAND RD,75212,liquor_store,48113020500,2.0,2446,0.357309,0.6585194926353583,0.05939341421454035,0.09092087353743948,2950,2191,False,,complete
TIGER MART OF RICHARDSON,236 E Spring Valley Rd,75081,liquor_store,48113019040,3.0,2926,0.321443,0.546747214286986,0.05931683279437123,0.08943795931840055,2951,2229,False,,complete
GLOBAL PHARMACY,2231 SINGLETON BLVD Ste:101,75212,convenience_corner_store,48113020500,2.0,2439,0.357309,0.6585194926353583,0.059223441238456215,0.0906606747987796,2952,2200,False,,complete
CASH SAVER,2223 SINGLETON BLVD Ste:116,75212,grocery_food_mart,48113020500,2.0,2439,0.357309,0.6585194926353583,0.059223441238456215,0.0906606747987796,2953,2201,False,,complete
TIGER MART 34,102 E Belt Line Rd,75115,liquor_store,48113016628,2.0,1881,0.421742,0.5011870425337139,0.05922316455370546,0.05243190004528092,2954,3086,False,,complete
Laura Elena Salon & Spa,,,barbershop_beauty,48113016522,1.0,1560,0.478808,0.5955516400176051,0.059068538693838706,0.052182750488294016,2955,3096,False,,complete
White Rock Hills,9150 Ferguson Rd,75228,library,48113012210,2.0,2050,0.397784,0.48651909514032615,0.059053586538116064,0.055365894462917106,2956,2995,False,,complete
7-Eleven Convenience Store #33671C,377 W Campbell Rd Suite 200,75080,liquor_store,48113019211,2.0,2358,0.363542,0.5110738878914002,0.058899661724743,0.06710560254141566,2957,2664,False,,complete
O'CLIFF TRADING POST,3517 RAMONA AVE,75216,convenience_corner_store,48113005700,2.0,1888,0.419155,0.5755256574076163,0.058897539245277214,0.06092037308287675,2958,2850,False,,complete
PAPA MARKET,3522 RAMONA AVE,75216,liquor_store,48113005700,2.0,1888,0.419155,0.5755256574076163,0.058897539245277214,0.06092037308287675,2959,2851,False,,complete
Family Dollar #26417,10025 ROYAL LN Ste:A,75238,grocery_food_mart,48113013009,2.0,2416,0.358097,0.39750570612683156,0.05887778876112147,0.052543063244646096,2960,3083,False,,complete
EZ Trip # 28,10020 Royal Ln,75238,liquor_store,48113013009,2.0,2416,0.358097,0.39750570612683156,0.05887778876112147,0.052543063244646096,2961,3084,False,,complete
1st Choice Grocery ,"8122 Forest Ln, Ste A",75243,liquor_store,48113007805,2.0,2400,0.359446,0.5539291654358188,0.05884980682178688,0.0743784266813309,2962,2516,False,,complete
HEB CENTRAL MARKET #747,4349 W NORTHWEST HWY,75220,grocery_food_mart,48113020600,2.0,2463,0.353644,0.2970887625148544,0.058797072720545615,0.038950681017076855,2963,3452,False,,complete
Street Corner Urban Market,1105 S Broadway St,75006,liquor_store,48113013729,2.0,1910,0.415107,0.5538596562463778,0.05871950674983109,0.059184986301269164,2964,2891,False,,complete
RICHARDSON SQUARE MART,1401 E BELT LINE ROAD,75081,liquor_store,48113019023,3.0,2687,0.335455,0.35820215003651806,0.058680735558510666,0.05219634927953068,2965,3094,False,,complete
QUIKTRIP #997,7575 BELT LINE RD,75063,liquor_store,48113014124,2.0,2551,0.345867,0.30315790666339876,0.05867996866663584,0.041257195030920256,2966,3399,False,,complete
LOUPE JEWELRY AND WATCH REPAIR,4210 W LOVERS LN,75209,barbershop_beauty,48113007302,2.0,1857,0.422574,0.3142463582485449,0.05864024713306648,0.03124990406073519,2967,3639,False,,complete
Twin City Liquor & More,3503 Rowlett Rd  Suite J104 & J106,75088,liquor_store,48113018146,3.0,3445,0.292232,0.2711100312863848,0.05858834867566839,0.049191990289498874,2968,3169,False,,complete
ROWLETT SHELL,3501 ROWLETT RD,75088,liquor_store,48113018146,3.0,3445,0.292232,0.2711100312863848,0.05858834867566839,0.049191990289498874,2969,3170,False,,complete
JOSE SWEING SERVICE,9959 ROYAL LN Ste:1,75231,barbershop_beauty,48113013008,3.0,2925,0.319136,0.433345166312666,0.05854219206965144,0.06980719757104732,2970,2608,False,,complete
GATEWAY 01,102 S Beltline Rd,75253,liquor_store,48113017101,1.0,1572,0.472895,0.6514233489023185,0.05848378073270013,0.05777404590353135,2971,2926,False,,complete
MERRY MART,5605 E GRAND AVENUE,75223,liquor_store,48113001204,2.0,1859,0.421485,0.39754141500701695,0.05847708596785822,0.040433373952469445,2972,3414,False,,complete
ATHENEOS GREEK VILLAGE CAFE,1425 GROSS ROAD SUITE 100,75149,liquor_store,48113017805,1.0,1693,0.448076,0.6056823200747785,0.05828806288336115,0.05764513047478163,2973,2930,False,,complete
7-ELEVEN,7650 CAMPBELL RD,75248,grocery_food_mart,48113013605,3.0,2737,0.330231,0.32199174913382267,0.058174264066356784,0.04731134587563421,2974,3214,False,,complete
CHA CHA CHA GRILL,4916 MILITARY PKWY,75227,liquor_store,48113002500,1.0,1295,0.540924,0.5882942073267108,0.05802701847876288,0.04276302346767433,2975,3353,False,,complete
Best Buy Beverage,5011 Military Pkwy STE B,75227,liquor_store,48113002500,1.0,1295,0.540924,0.5882942073267108,0.05802701847876288,0.04276302346767433,2976,3354,False,,complete
TRINITY DRIVE IN GROCERY,5011 Military Pkwy STE A,75227,liquor_store,48113002500,1.0,1295,0.540924,0.5882942073267108,0.05802701847876288,0.04276302346767433,2977,3355,False,,complete
COWBOYS DISCOUNT LIQUOR,4938 MILITARY PARKWAY,75227,liquor_store,48113002500,1.0,1295,0.540924,0.5882942073267108,0.05802701847876288,0.04276302346767433,2978,3356,False,,complete
PopStop!,2204 Kelly Blvd Ste 101,75006,liquor_store,48113013721,2.0,2488,0.348569,0.34819087584744035,0.057982325563025405,0.04685885704628631,2979,3224,False,,complete
24 Seven Mart #5,2360 Valwood Pkwy,75234,liquor_store,48113013901,2.0,2152,0.380781,0.5204400684259176,0.057901348935720645,0.062434129650219834,2980,2807,False,,complete
QUALITY LICENSING CORP. (STORE #3406),15220 MONTFORT RD,75248,liquor_store,48113013620,3.0,4827,0.247345,0.36038346321485915,0.057869832362669134,0.09438911362445557,2981,2108,False,,complete
Floyd's 99 Barbershop,287 West Campbell Road,75080,barbershop_beauty,48113019211,2.0,2315,0.363542,0.5110738878914002,0.057825579683112825,0.06588187866131351,2982,2691,False,,complete
BEAR CREEK BEVERAGE & SPIRITS,1350 E BEAR CREEK RD,75154,liquor_store,48113016622,1.0,1512,0.481976,0.48191126384198996,0.05778652979478893,0.04042404103191554,2983,3415,False,,complete
BISHOP,3701 S LANCASTER RD Ste:BU1,75216,convenience_corner_store,48113005700,2.0,1852,0.419155,0.5755256574076163,0.05777449294610879,0.05975875579951681,2984,2877,False,,complete
"THE BUSINESS BOUTIQUE, LLC.",3721 S LANCASTER RD,75216,barbershop_beauty,48113005700,2.0,1852,0.419155,0.5755256574076163,0.05777449294610879,0.05975875579951681,2985,2878,False,,complete
Good Spirits LLC (Store #4289),9540 Garland Rd Suite 320,75218,liquor_store,48113008200,2.0,2427,0.353026,0.4092685838042698,0.05777000081546653,0.05446922046475553,2986,3017,False,,complete
QUALITY LICENSING CORP. (STORE #2105),4122 LYNDON B JOHNSON FWY,75244,liquor_store,48113009608,3.0,2648,0.335234,0.43520104381768077,0.05776360263431905,0.06348678580089795,2987,2769,False,,complete
2MS FOOD MART,11361 McCree Rd STE 110,75238,liquor_store,48113013011,2.0,1860,0.41783,0.5605547790080619,0.05774854785370703,0.05837148402982017,2988,2913,False,,complete
Nail Star,1152 North Buckner Boulevard,,barbershop_beauty,48113008200,2.0,2425,0.353026,0.4092685838042698,0.05772239471673108,0.05442433441575285,2989,3022,False,,complete
(unnamed liquor_store),,,liquor_store,48113018153,2.0,2166,0.378269,0.3805168679890759,0.05766977218372467,0.044931692518779,2990,3285,False,,complete
CASANOVA BAR,3244 SAMUELL BLVD,75223,other_storefront,48113001202,2.0,1911,0.40997,0.4295871456775767,0.057652811240815616,0.04518301002428861,2991,3282,False,,complete
BEVERAGE DEPOT,2810 SAMUELL BLVD # A,75223,liquor_store,48113001202,2.0,1909,0.40997,0.4295871456775767,0.057592473395456305,0.045135722729653036,2992,3284,False,,complete
DEVOTION SKATEBOARD COMPANY,11277 E NORTHWEST HWY Ste:150,75238,convenience_corner_store,48113013007,3.0,3193,0.301432,0.45977999208274495,0.05758659247505298,0.0811907773929185,2993,2398,False,,complete
TIFF'S TREATS BAKERY,9540 GARLAND RD Ste:411,75218,convenience_corner_store,48113008102,3.0,2886,0.318482,0.3026391502329786,0.05755062871167023,0.04658666782568317,2994,3233,False,,complete
BUFF CITY SOAP,9440 GARLAND RD Ste:126,75218,convenience_corner_store,48113008102,3.0,2886,0.318482,0.3026391502329786,0.05755062871167023,0.04658666782568317,2995,3234,False,,complete
HANABI RAMEN,2540 OLD DENTON ROAD SUITE 120,75006,liquor_store,48113013719,1.0,1334,0.525975,0.6318531250594811,0.05754520166604996,0.04748444240728004,2996,3204,False,,complete
KURA REVOLVING SUSHI BAR,2540 OLD DENTON RD STE 140,75006,liquor_store,48113013719,1.0,1334,0.525975,0.6318531250594811,0.05754520166604996,0.04748444240728004,2997,3205,False,,complete
FAT NI BBQ,2528 OLD DENTON ROAD SUITE 308,75006,liquor_store,48113013719,1.0,1334,0.525975,0.6318531250594811,0.05754520166604996,0.04748444240728004,2998,3206,False,,complete
Zhang's Bistro,2528 Old Denton Rd STE 100,75006,liquor_store,48113013719,1.0,1334,0.525975,0.6318531250594811,0.05754520166604996,0.04748444240728004,2999,3207,False,,complete
99 RANCH MARKET,2532 OLD DENTON ROAD SUITE 100,75006,liquor_store,48113013719,1.0,1334,0.525975,0.6318531250594811,0.05754520166604996,0.04748444240728004,3000,3208,False,,complete
TESO LIFE,2540 OLD DENTON RD STE 102,75006,liquor_store,48113013719,1.0,1334,0.525975,0.6318531250594811,0.05754520166604996,0.04748444240728004,3001,3209,False,,complete
Too Thai Street Eats,2540 Old Denton Rd Ste 138,75006,liquor_store,48113013719,1.0,1334,0.525975,0.6318531250594811,0.05754520166604996,0.04748444240728004,3002,3210,False,,complete
Volcano Hot Pot BBQ,2528 Old Denton Rd suite 180,75006,liquor_store,48113013719,1.0,1334,0.525975,0.6318531250594811,0.05754520166604996,0.04748444240728004,3003,3211,False,,complete
Unique Salon Suites,,,barbershop_beauty,48113013606,3.0,3531,0.285883,0.4089815303784432,0.05754474689693236,0.07918642678849584,3004,2422,False,,complete
FELIX CULPA,3001 N HENDERSON AVE,75206,other_storefront,48113000901,3.0,5967,0.226352,0.06715994115673789,0.057533411541913215,0.013293531560110497,3005,4069,False,,complete
"Golden Star - Afghan Market, Bakery, & Cafe",300 #309 Terrace Drive,75081,convenience_corner_store,48113019102,2.0,2320,0.361542,0.5324506973285927,0.057431758905987465,0.0689546908371371,3006,2622,False,,complete
"Golden Star Halal Market - Afghan Market, Bakery, & Cafe",300 #309 Terrace Drive,75081,convenience_corner_store,48113019102,2.0,2320,0.361542,0.5324506973285927,0.057431758905987465,0.0689546908371371,3007,2623,False,,complete
BALCH SPRINGS BRUTON BEER & WINE,2516 W BRUTON RD,75180,liquor_store,48113011902,2.0,2263,0.367095,0.3260989419215336,0.05742554506954869,0.039667073516484526,3008,3433,False,,complete
BALCH SPRINGS BRUTON LIQUOR,2518 W BRUTON RD,75180,liquor_store,48113011902,2.0,2263,0.367095,0.3260989419215336,0.05742554506954869,0.039667073516484526,3009,3434,False,,complete
BELTLINE MART,1433 S Beltline Rd Suite 110,75149,liquor_store,48113017500,2.0,2395,0.354341,0.30361054615182664,0.05736038318363803,0.038798272592300245,3010,3453,False,,complete
QUALITY LICENSING CORP. (STORE #6376),4062 LYNDON B JOHNSON FWY,75244,liquor_store,48113009608,3.0,2629,0.335234,0.43520104381768077,0.05734913569698821,0.06303125372755314,3011,2783,False,,complete
EZ STOP #3,8092 FERGUSON RD,75228,liquor_store,48113012213,3.0,4078,0.265865,0.2869505172363001,0.05733326539506035,0.06204781395105576,3012,2818,False,,complete
DISCOUNT CONSTRUCTION MATERIALS INC,3711 SINGLETON BLVD,75212,grocery_food_mart,48113010500,1.0,1428,0.498524,0.7297267387782101,0.0572178685140107,0.05908904211616529,3013,2896,False,,complete
Texas Tacos,11114 RYLIECREST Dr.,75180,liquor_store,48113011702,1.0,1517,0.477467,0.6500092241967682,0.05721294967399727,0.05562592796776335,3014,2982,False,,complete
OAK CLIFF KORAL EVENT CENTER & RESTAURANT,3900 W DAVIS ST,75211,other_storefront,48113006701,2.0,1842,0.417881,0.6532059753830988,0.05720019288600605,0.06789109669704028,3015,2652,False,,complete
JUPITER GARDENS EVENT CENTER,11325 PEGASUS ST Ste:E118,75238,other_storefront,48113013011,2.0,1842,0.41783,0.5605547790080619,0.05718969093899374,0.057806598700499326,3016,2924,False,,complete
URBAN AIR DALLAS,14902 PRESTON RD Ste:1100,,other_storefront,48113013606,3.0,3507,0.285883,0.4089815303784432,0.05715361862575525,0.07864820128780937,3017,2434,False,,complete
SPIRIT HALLOWEEN,14902 PRESTON RD Ste:1200,75254,grocery_food_mart,48113013606,3.0,3507,0.285883,0.4089815303784432,0.05715361862575525,0.07864820128780937,3018,2435,False,,complete
TRADER JOE'S #407,14856 PRESTON RD STE 200,75254,liquor_store,48113013606,3.0,3507,0.285883,0.4089815303784432,0.05715361862575525,0.07864820128780937,3019,2436,False,,complete
5 STAR NUTRITION LLC,11260 N CENTRAL EXPY Ste:200,75243,convenience_corner_store,48113007823,2.0,2499,0.344607,0.49541064347789826,0.05713182324565573,0.06880535321587763,3020,2624,False,,complete
Discount Corner Store,4202 S Westmoreland Rd,75233,liquor_store,48113010806,2.0,1963,0.400431,0.5517146932524495,0.05712828704685335,0.060578490282380756,3021,2863,False,,complete
QUALITY LICENSING CORP. (STORE #5624),13100 JOSEY LN,75234,liquor_store,48113014001,3.0,3289,0.295452,0.4597416397696887,0.05711923157418044,0.08362438688920897,3022,2347,False,,complete
MUSTANG CHEER LLC,9100 N CENTRAL EXPY Ste:220,75231,barbershop_beauty,48113007822,3.0,2733,0.326831,0.42987960707786643,0.0570504531111499,0.0646653185401305,3023,2730,False,,complete
TOTAL WINE SPIRITS BEER & MORE,9350 N CENTRAL EXPY,75231,liquor_store,48113007822,3.0,2733,0.326831,0.42987960707786643,0.0570504531111499,0.0646653185401305,3024,2731,False,,complete
GALLERIA RUGS LLC,5304 ALPHA RD,75240,convenience_corner_store,48113013626,3.0,6197,0.222436,0.4933660860446714,0.057038153439904496,0.1698742818280585,3025,726,False,,complete
Benefit Brow Bar,9440 Garland Road,75218,barbershop_beauty,48113008102,3.0,2860,0.318482,0.3026391502329786,0.05703215457913266,0.046166968115541884,3026,3245,False,,complete
European Wax Center,9440 Garland Road,75218,barbershop_beauty,48113008102,3.0,2860,0.318482,0.3026391502329786,0.05703215457913266,0.046166968115541884,3027,3246,False,,complete
Nails 2000,9440 Garland Road,75218,barbershop_beauty,48113008102,3.0,2860,0.318482,0.3026391502329786,0.05703215457913266,0.046166968115541884,3028,3247,False,,complete
STOP IN FOOD STORE,1702 FOREST LN,75042,liquor_store,48113018600,2.0,2188,0.373173,0.5219585319634594,0.057009038266905905,0.0636748871098801,3029,2760,False,,complete
Lavui Nails Spa,9090 Skillman Street,,barbershop_beauty,48113007835,2.0,2247,0.367034,0.38696007297869206,0.057004208524971824,0.04746746087722622,3030,3212,False,,complete
7-ELEVEN CONVENIENCE STORE #36371A,7235 N GEORGE BUSH FREEWAY,75044,liquor_store,48113019042,2.0,1758,0.429458,0.5015505280131191,0.05686694304018154,0.04904109771827258,3031,3173,False,,complete
TIDE CLEANERS,10242 MIDWAY RD,75229,laundromat,48113007601,2.0,2396,0.352392,0.2968582065081393,0.056862287358108825,0.037858479272619566,3032,3485,False,,complete
E Z STOP #3,8092 FERGUSON RD,75228,grocery_food_mart,48113012213,3.0,4025,0.265865,0.2869505172363001,0.05658812977320204,0.061241405383275986,3033,2840,False,,complete
7-Eleven Convenience Store #34113B,11363 E. Northwest Hwy,75238,liquor_store,48113013007,3.0,3136,0.301432,0.45977999208274495,0.05655858252482497,0.07974139614913635,3034,2416,False,,complete
DEARL'S GROCERY,9223 ELAM RD,75217,convenience_corner_store,48113011701,1.0,1497,0.477828,0.6512134657592868,0.05651907317212709,0.05499908481284388,3035,3005,False,,complete
COWBOY'S CONVENIENCE STORE,3324 SAMUELL Blvd,75223,liquor_store,48113001202,2.0,1869,0.40997,0.4295871456775767,0.05638571648827021,0.044189976836941605,3036,3303,False,,complete
Salon on the Creek,684 Denton Tap Road,,barbershop_beauty,48113014119,2.0,2044,0.386858,0.3105926148485517,0.05638412870907225,0.03395547247003334,3037,3586,False,,complete
Superconvenience Stop,3006 Duncanville Rd,75211,liquor_store,48113016534,2.0,1972,0.395126,0.6309685905513983,0.05622070427413146,0.0700913224019212,3038,2601,False,,complete
Supercuts,9440 Garland Road,75218,barbershop_beauty,48113008102,3.0,2818,0.318482,0.3026391502329786,0.056194619441956584,0.04548899166069826,3039,3264,False,,complete
Glo Tanning,9440 Garland Road,,barbershop_beauty,48113008102,3.0,2818,0.318482,0.3026391502329786,0.056194619441956584,0.04548899166069826,3040,3265,False,,complete
VIO Med Spa,9440 Garland Road,,barbershop_beauty,48113008102,3.0,2818,0.318482,0.3026391502329786,0.056194619441956584,0.04548899166069826,3041,3266,False,,complete
D. W. AESTHETICS & ARTISTRY,5035 WILLIS AVE,75206,barbershop_beauty,48113000901,3.0,5827,0.226352,0.06715994115673789,0.05618354098453633,0.012981633718914675,3042,4082,False,,complete
DOLLAR GENERAL,5775 BLUE BIRD AVE,75237,grocery_food_mart,48113010903,2.0,1892,0.405548,0.661845259511921,0.0561443039567083,0.07069981664028466,3043,2587,False,,complete
KLEBURG 1 GDL AUTO PARTS,12341 C F HAWN FWY,75253,grocery_food_mart,48113017101,1.0,1509,0.472895,0.6514233489023185,0.05613996509264917,0.05545867383487838,3044,2986,False,,complete
Broadway Barber,1026 South Broadway Street,,barbershop_beauty,48113013729,2.0,1823,0.415107,0.5538596562463778,0.05604484858897492,0.05648912566869827,3045,2960,False,,complete
Becky's Beauty Bar,1015 South Broadway Street,75006,barbershop_beauty,48113013729,2.0,1823,0.415107,0.5538596562463778,0.05604484858897492,0.05648912566869827,3046,2961,False,,complete
7-ELEVEN CONVENIENCE STORE #385555A,2920 N WESTMORELAND RD,75212,convenience_corner_store,48113020500,2.0,2306,0.357309,0.6585194926353583,0.05599395469285774,0.0857168987642418,3047,2307,False,,complete
WEST DALLAS INVESTMENTS,2720 BATAAN ST,75212,barbershop_beauty,48113004300,3.0,4300,0.256532,0.4527874071330006,0.05596798142891773,0.10756256336622401,3048,1853,False,,complete
CVS/PHARMACY #7664,1235 S BUCKNER BOULEVARD,75217,liquor_store,48113008102,3.0,2800,0.318482,0.3026391502329786,0.05583567581173827,0.045198430322908136,3049,3277,False,,complete
SKYLINE TECHS,11361 MCCREE RD Ste:140,75238,convenience_corner_store,48113013011,2.0,1795,0.41783,0.5605547790080619,0.055730453439464575,0.05633162034060602,3050,2962,False,,complete
NIMP'S TOGO,1270 N BELT LINE RD STE 6-7 & 12,75149,liquor_store,48113017706,2.0,2124,0.374787,0.5071452252060984,0.055724735399740793,0.05995319305443085,3051,2871,False,,complete
OK BEER & WINE,1101 South Beacon Street,75223,liquor_store,48113002400,1.0,1651,0.442004,0.39983622351643733,0.05572135202035428,0.036133235884018886,3052,3517,False,,complete
Curio Kitchen & Market,129 Historic Town Square,75146,liquor_store,48113016803,1.0,1453,0.482951,0.5859159393309604,0.055690004811907785,0.047776249931413495,3053,3199,False,,complete
AMIGO'S GROCERY,2259 ANSON RD,75235,liquor_store,48113000410,1.0,1363,0.505161,0.46819253537623756,0.055624708328647667,0.035335554038944984,3054,3542,False,,complete
B & S MART,8024 FERGUSON RD,75228,convenience_corner_store,48113012213,3.0,3956,0.265865,0.2869505172363001,0.055618047548518575,0.06019155271956268,3055,2865,False,,complete
RINGS DONUTS,6053 SHERRY LN,75225,convenience_corner_store,48113007301,3.0,2849,0.314476,0.2774359530778855,0.05553690960561973,0.04174651343911701,3056,3387,False,,complete
ULTA BEAUTY,16637 COIT RD,75248,grocery_food_mart,48113019205,3.0,3238,0.293504,0.2922267684750788,0.0555283867091701,0.05027652126409923,3057,3142,False,,complete
Alexandria Market,1100 Elm Street,75006,liquor_store,48113013729,2.0,1806,0.415107,0.5538596562463778,0.055522214235704165,0.055962348303713154,3058,2971,False,,complete
POCKET SANDWICH THEATRE,1104 S Elm St,75006,liquor_store,48113013729,2.0,1806,0.415107,0.5538596562463778,0.055522214235704165,0.055962348303713154,3059,2972,False,,complete
ABOCA'S ITALIAN GRILL,100 S CENTRAL EXPY STE 63,75080,liquor_store,48113019202,2.0,2006,0.387294,0.5643381027063337,0.055433666395700555,0.06340178585996928,3060,2771,False,,complete
Bangkok @ beltline,100 S Central Expy 108,75080,liquor_store,48113019202,2.0,2006,0.387294,0.5643381027063337,0.055433666395700555,0.06340178585996928,3061,2772,False,,complete
CUZCO CUISINE PERUVIAN RESTAURANT,100 S Central Expy STE 44,75080,liquor_store,48113019202,2.0,2006,0.387294,0.5643381027063337,0.055433666395700555,0.06340178585996928,3062,2773,False,,complete
THE INDUSTRIAL,100 S CENTRAL EXPY STE 72,75080,liquor_store,48113019202,2.0,2006,0.387294,0.5643381027063337,0.055433666395700555,0.06340178585996928,3063,2774,False,,complete
OAK CLIFF MEXICAN FOOD,1015 VERMONT AVE,75216,convenience_corner_store,48113005500,2.0,1736,0.425723,0.4937169993128214,0.05543044388474083,0.04762382201607173,3064,3202,False,,complete
GATEWAY OF GRACE,8515 GREENVILLE AVE Ste:205,75243,barbershop_beauty,48113007805,2.0,2255,0.359446,0.5539291654358188,0.05529429765963726,0.06988473006933384,3065,2607,False,,complete
V MART,3633 W LEDBETTER DR,75233,convenience_corner_store,48113010806,2.0,1899,0.400431,0.5517146932524495,0.05526572445337469,0.05860344016619514,3066,2907,False,,complete
BUILD A BEAR WORKSHOP,1521 N COCKRELL HILL RD Ste:H,75211,grocery_food_mart,48113010701,1.0,1342,0.50842,0.7172541620692421,0.05525661811542437,0.05454139905840556,3067,3014,False,,complete
Step 1 Liquor and Smoke Shop,5630 Hwy 78,75048,liquor_store,48113018153,2.0,2075,0.378269,0.3805168679890759,0.05524689625172147,0.04304398059855329,3068,3342,False,,complete
DOMINO'S,6045 SHERRY LN,75225,convenience_corner_store,48113007301,3.0,2833,0.314476,0.2774359530778855,0.05522501400937897,0.04151206478519428,3069,3393,False,,complete
K2'S INC.,6047 SHERRY LN,75225,barbershop_beauty,48113007301,3.0,2833,0.314476,0.2774359530778855,0.05522501400937897,0.04151206478519428,3070,3394,False,,complete
Crouching Tiger Hidden Dragon,328 N Greenville Ave # 10,75081,liquor_store,48113019102,2.0,2225,0.361542,0.5324506973285927,0.05508002739906125,0.06613111513475432,3071,2682,False,,complete
STRETCH ZONE,8307 PRESTON RD,75225,barbershop_beauty,48113019501,3.0,3265,0.290798,0.2612832064445531,0.05500371830376198,0.04472585021645872,3072,3290,False,,complete
DALLAS SOCCERPLEX,1315 S HENDERSON AVE,75223,liquor_store,48113002500,1.0,1227,0.540924,0.5882942073267108,0.05498003990227186,0.04051755196512463,3073,3413,False,,complete
TEXAS SMOKE & VAPE,4475 ADLER DR Ste:104,75211,convenience_corner_store,48113010701,1.0,1332,0.50842,0.7172541620692421,0.05484486984332732,0.05413498028747855,3074,3028,False,,complete
MURPHY USA #7721,1545 N COCKRELL HILL ROAD,75211,liquor_store,48113010701,1.0,1332,0.50842,0.7172541620692421,0.05484486984332732,0.05413498028747855,3075,3029,False,,complete
QUALITY LICENSING CORP. (STORE #5147),1521 N COCKRELL HILL RD,75211,liquor_store,48113010701,1.0,1332,0.50842,0.7172541620692421,0.05484486984332732,0.05413498028747855,3076,3030,False,,complete
TARGET STORE T-1775,16731 COIT RD,75248,liquor_store,48113013618,2.0,2251,0.357906,0.5012558138433134,0.054808683837809416,0.0627546056414859,3077,2794,False,,complete
Star Nail Salon,,,barbershop_beauty,48113019203,3.0,2694,0.321951,0.34861782877570946,0.05476664553059371,0.05080661579473753,3078,3130,False,,complete
FAMILY BEER & WINE,4946 MILITARY PARKWAY,75227,liquor_store,48113002500,1.0,1222,0.540924,0.5882942073267108,0.05475599735988282,0.040352443766407745,3079,3416,False,,complete
Elm Street Barber Lounge,1110 Elm Street,,barbershop_beauty,48113013729,2.0,1781,0.415107,0.5538596562463778,0.054753634304423655,0.055187675708146804,3080,3000,False,,complete
Country Beauty Salon,12111 Seagoville Road,75180,barbershop_beauty,48113017204,2.0,1744,0.420792,0.6400226410323856,0.0547245116413732,0.06292050346134288,3081,2787,False,,complete
TEXAS ICE VENDING,5523 EAST GRAND AVE,75223,convenience_corner_store,48113001202,2.0,1813,0.40997,0.4295871456775767,0.05469625681820968,0.0428659325871456,3082,3348,False,,complete
YELLOW STORE,6323 S R L THORNTON FWY,75232,liquor_store,48113011103,1.0,1484,0.469792,0.729597248901656,0.05469509474225653,0.061394904553256115,3083,2835,False,,complete
FOODPLUS 4,10819 ELAM RD,75217,convenience_corner_store,48113011702,1.0,1449,0.477467,0.6500092241967682,0.054648361290456186,0.053132478329129255,3084,3059,False,,complete
7-ELEVEN CONVENIENCE STORE #24584A,4201 TRAVIS STREET,75205,liquor_store,48113000705,3.0,3256,0.290215,0.30745727780530385,0.05463989149512033,0.053486310254499465,3085,3049,False,,complete
SARA'S SECRET,1417 N COCKRELL HILL RD Ste:103,75211,convenience_corner_store,48113010701,1.0,1327,0.50842,0.7172541620692421,0.0546389957072788,0.05393177090201504,3086,3032,False,,complete
,3006 DUNCANVILLE RD,75211,convenience_corner_store,48113016534,2.0,1916,0.395126,0.6309685905513983,0.05462417311827377,0.06810089945338794,3087,2640,False,,complete
7 Eleven,2920 N Westmoreland Rd,75212,convenience_corner_store,48113020500,2.0,2245,0.357309,0.6585194926353583,0.05451276161555319,0.08344945261306283,3088,2350,False,,complete
ABRAMS FOOD BEER & WINE,12121 ABRAMS RD,75243,liquor_store,48113019035,2.0,1757,0.417304,0.5366279046367447,0.054447328410899075,0.05265497158941484,3089,3078,False,,complete
DISCOUNT TOBACCO,12125 ABRAMS RD Ste:105,75243,convenience_corner_store,48113019035,2.0,1757,0.417304,0.5366279046367447,0.054447328410899075,0.05265497158941484,3090,3079,False,,complete
SPROUTS FARMERS MARKET,3001 LAKEVIEW PKWY,75088,liquor_store,48113018156,2.0,2182,0.363293,0.40528103083099554,0.05444268044246181,0.048456547221812835,3091,3185,False,,complete
Barber Uibez,,,barbershop_beauty,48113019036,2.0,2098,0.372097,0.36418695857193195,0.0544116953277154,0.0414966640333893,3092,3395,False,,complete
Brake Time,4385 S Westmoreland Rd STE 100,75237,liquor_store,48113010903,2.0,1830,0.405548,0.661845259511921,0.054304480042693545,0.06838301503790746,3093,2631,False,,complete
HAMPTON SHELL,509 N HAMPTON ROAD,75208,liquor_store,48113006800,3.0,2554,0.330295,0.41510178563288136,0.05430291696948745,0.05819980651031434,3094,2919,False,,complete
CONTRIVED CONCEPTS LLC,4248 S FITZHUGH AVE Ste:A,75210,barbershop_beauty,48113002703,1.0,1437,0.478027,0.5749275889660188,0.05428574798200421,0.046317106551736174,3095,3238,False,,complete
RACETRAC #064,15196 MARSH LN,75001,liquor_store,48113013727,3.0,2941,0.305136,0.2947079336540092,0.05425950652949165,0.04609617920565232,3096,3250,False,,complete
SANDRA GROCERY,1827 S HASKEL AVE,75223,liquor_store,48113002500,1.0,1210,0.540924,0.5882942073267108,0.054218295258149106,0.03995618408948721,3097,3427,False,,complete
MARA'S MED SPA,6110 LUTHER LN,75225,barbershop_beauty,48113007301,3.0,2781,0.314476,0.2774359530778855,0.05421135332159651,0.04075010665994539,3098,3405,False,,complete
THRIFTY SISTAS RESALE SHOP,601 FORT WORTH AVE Ste:170,75208,convenience_corner_store,48113004300,3.0,4162,0.256532,0.4527874071330006,0.05417179969933851,0.1041105555186568,3099,1916,False,,complete
MK INTERNET CAFE,3322 SAMUELL BLVD,75223,convenience_corner_store,48113001202,2.0,1794,0.40997,0.4295871456775767,0.05412304728729629,0.04241670328810768,3100,3362,False,,complete
TRISTAR LIQUOR,3320 SAMUELL BLVD,75223,liquor_store,48113001202,2.0,1794,0.40997,0.4295871456775767,0.05412304728729629,0.04241670328810768,3101,3363,False,,complete
Beer & Wine Stop,1417 N Duncanville Rd,75116,liquor_store,48113016535,2.0,1658,0.432022,0.5773415002656787,0.054107430417420936,0.05367682951934764,3102,3039,False,,complete
MURPHY EXPRESS,11939 PLANO RD,75243,convenience_corner_store,48113019019,2.0,1919,0.391859,0.45116081705434846,0.054008836964608065,0.04781847579155103,3103,3198,False,,complete
GENTLEMAN T-SHOP,1107 S BEACON ST,75223,convenience_corner_store,48113002400,1.0,1600,0.442004,0.39983622351643733,0.05400009886890784,0.03501706687730479,3104,3551,False,,complete
PRESTON FITNESS,6118 LUTHER LN,75225,barbershop_beauty,48113007301,3.0,2769,0.314476,0.2774359530778855,0.05397743162441595,0.04057427016950334,3105,3411,False,,complete
BEST TOBACCO SHOP,2716 SAMUELL BLVD,75223,convenience_corner_store,48113001202,2.0,1789,0.40997,0.4295871456775767,0.053972202673898025,0.042298485051518744,3106,3368,False,,complete
BEST THREADING SALON,2714 SAMUELL BLVD,75223,barbershop_beauty,48113001202,2.0,1789,0.40997,0.4295871456775767,0.053972202673898025,0.042298485051518744,3107,3369,False,,complete
CREMOLATTI ICE CREAM,2730 SAMUELL BLVD Ste:110,75223,convenience_corner_store,48113001202,2.0,1789,0.40997,0.4295871456775767,0.053972202673898025,0.042298485051518744,3108,3370,False,,complete
Family Dollar #25130,2720 SAMUELL BLVD,75223,liquor_store,48113001202,2.0,1789,0.40997,0.4295871456775767,0.053972202673898025,0.042298485051518744,3109,3371,False,,complete
Dallas Beauty Bar,,,barbershop_beauty,48113019036,2.0,2073,0.372097,0.36418695857193195,0.05376331954926312,0.04100218519600382,3110,3401,False,,complete
Palm Beach Tan,,,barbershop_beauty,48113014144,3.0,3335,0.28415,0.23933661784473514,0.053704425718823216,0.041359846371931824,3111,3398,False,,complete
SAM BEER GRILL GROCERY,3211 S HAMPTON RD,75224,liquor_store,48113010806,2.0,1845,0.400431,0.5517146932524495,0.05369418726512707,0.05693699163066353,3112,2952,False,,complete
T-MOBILE,9371 GARLAND RD Ste:110,75218,convenience_corner_store,48113008102,3.0,2692,0.318482,0.3026391502329786,0.05368201403042837,0.04345506229616739,3113,3331,False,,complete
SQUEEZED,5964 W NORTHWEST HWY,75225,convenience_corner_store,48113007301,3.0,2752,0.314476,0.2774359530778855,0.05364604255341014,0.04032516847471043,3114,3417,False,,complete
Shop And Go,1900 N Hall St,75204,liquor_store,48113001601,3.0,2659,0.320538,0.37600699740677157,0.053635105848015736,0.05444993575623372,3115,3021,False,,complete
24 Seven Mart #6,16110 Dallas Pkwy,75248,liquor_store,48113013620,3.0,4473,0.247345,0.36038346321485915,0.053625804880509435,0.08746685420389264,3116,2276,False,,complete
SHOP N GO # 8,1815 S First St STE E,75040,liquor_store,48113018700,1.0,1579,0.443674,0.4826340451581904,0.053586134771176575,0.042282755670625186,3117,3372,False,,complete
SN RETAIL LLC,345 N COUNTRY CLUB  RD,75040,liquor_store,48113018105,2.0,1998,0.379985,0.5175819366784221,0.05358005631462997,0.05762882382392941,3118,2931,False,,complete
FASSR Fueling LLC,4210 Lyndon B Johnson Fwy,75244,liquor_store,48113009603,2.0,2356,0.343452,0.4151983350440127,0.05355836959617801,0.05370128152017268,3119,3038,False,,complete
BUY LOW FOOD MART & BEER,1401 E ARAPAHO RD STE A,75081,liquor_store,48113019037,2.0,2257,0.352056,0.43060452860336706,0.05347873771265785,0.053499396306246186,3120,3048,False,,complete
OAK CLIFF DANCE,539 W COMMERCE ST,75208,barbershop_beauty,48113004300,3.0,4107,0.256532,0.4527874071330006,0.05345593016943375,0.10273475528955395,3121,1937,False,,complete
Zuri Nails & Spa,1433 South Belt Line Road,75149,barbershop_beauty,48113017500,2.0,2229,0.354341,0.30361054615182664,0.05338467395253828,0.036109123009702405,3122,3518,False,,complete
365 FOOD & FUEL #3,353 SINGLETON BLVD,75212,convenience_corner_store,48113010102,3.0,2701,0.316827,0.5989262711328857,0.05336175908916843,0.0908883471314231,3123,2193,False,,complete
Shell,353 Singleton Boulevard,75212,gas_station,48113010102,3.0,2701,0.316827,0.5989262711328857,0.05336175908916843,0.0908883471314231,3124,2194,False,,complete
DOLLAR GENERAL STORE #13077,1300 N BELT LINE RD,75149,liquor_store,48113017706,2.0,2033,0.374787,0.5071452252060984,0.05333728204692704,0.057384576967823876,3125,2943,False,,complete
BELLS AND BARBELLS LLC,5033 WILLIS AVE Ste:B,75206,barbershop_beauty,48113000901,3.0,5518,0.226352,0.06715994115673789,0.05320418382575451,0.012293230626561041,3126,4110,False,,complete
CATLIN WILSON DESIGN LLC,5037 WILLIS AVE,75206,grocery_food_mart,48113000901,3.0,5518,0.226352,0.06715994115673789,0.05320418382575451,0.012293230626561041,3127,4111,False,,complete
KIEST MARKET,3807 E KIEST BLVD,75203,liquor_store,48113005500,2.0,1666,0.425723,0.4937169993128214,0.05319534534100128,0.04570350661219787,3128,3259,False,,complete
SWIF-T,2033 MILITARY PKWY STE 106A,75149,liquor_store,48113017602,2.0,1630,0.431874,0.5738145435907128,0.05316670539502309,0.05243064052053619,3129,3087,False,,complete
SCKI FOOD MART,1700 S TOWN EAST BLVD,75149,liquor_store,48113017805,1.0,1544,0.448076,0.6056823200747785,0.05315816248783793,0.0525718142073614,3130,3080,False,,complete
Nail Star,,,barbershop_beauty,48113013727,3.0,2880,0.305136,0.2947079336540092,0.05313409683948859,0.045140087083399755,3131,3283,False,,complete
DOLLAR GENERAL STORE #7105,6502 HIGHWAY 78,75048,liquor_store,48113018154,2.0,1955,0.383152,0.338101624319491,0.05311908934681579,0.03565484501116807,3132,3530,False,,complete
TOM THUMB #2534,6333 E MOCKINGBIRD STE 301,75214,liquor_store,48113000201,3.0,3697,0.268622,0.27572929045893696,0.05311617694636057,0.05379946218071004,3133,3035,False,,complete
7-ELEVEN CONVENIENCE STORE #34101A,3985 S BELT LINE RD,75052,liquor_store,48113016409,1.0,1395,0.48018,0.3799070054088549,0.05303486762660398,0.028887730148602703,3134,3720,False,,complete
Natural Grocers,9440 Garland Road Suite 150,75218,liquor_store,48113008102,3.0,2658,0.318482,0.3026391502329786,0.05300400939557154,0.04290622421367494,3135,3344,False,,complete
DICK'S SPORTING GOODS / GOLF GALAXY,9358 N CENTRAL EXPY,75231,grocery_food_mart,48113007822,3.0,2539,0.326831,0.42987960707786643,0.053000768550753606,0.06007509834372167,3136,2867,False,,complete
BUY N SAVE DISCOUNT BEER & WINE,5002 2ND AVENUE,75210,liquor_store,48113020800,2.0,1819,0.400722,0.4197010839077546,0.05299669586301432,0.04194519487783605,3137,3384,False,,complete
OVATION BOUTIQUES,5203 ALPHA RD Ste:100,75240,barbershop_beauty,48113013626,3.0,5757,0.222436,0.4933660860446714,0.052988324891645996,0.15781285145782362,3138,906,False,,complete
Dazzle By G,5203 Barton Drive,75240,barbershop_beauty,48113013626,3.0,5757,0.222436,0.4933660860446714,0.052988324891645996,0.15781285145782362,3139,907,False,,complete
Ulta Beauty,13710 Dallas Parkway,75240,barbershop_beauty,48113013626,3.0,5754,0.222436,0.4933660860446714,0.0529607124242715,0.157730614432572,3140,912,False,,complete
SPIRIT HALLOWEEN,9384 N CENTRAL EXPY,75231,grocery_food_mart,48113007822,3.0,2537,0.326831,0.42987960707786643,0.05295901922538868,0.060027776486026724,3141,2868,False,,complete
SLEEP NUMBER,8421 PRESTON RD,75225,convenience_corner_store,48113019501,3.0,3143,0.290798,0.2612832064445531,0.05294844919715893,0.04305462396028476,3142,3340,False,,complete
PRESTON CHEVRON,8424 PRESTON ROAD,75225,liquor_store,48113019501,3.0,3143,0.290798,0.2612832064445531,0.05294844919715893,0.04305462396028476,3143,3341,False,,complete
THE LOCAL SHOPPE #705,14106 DALLAS PKWY,75254,convenience_corner_store,48113013625,3.0,4638,0.24212,0.2937255203799757,0.052894840660313455,0.07242510918710213,3144,2550,False,,complete
K & P DISCOUNT LIQUOR,5608 BOTHAM JEAN BLVD,75215,liquor_store,48113020900,1.0,1145,0.552848,0.5925259506393883,0.05283203366905924,0.03809608876722629,3145,3477,False,,complete
FRIENDLY DRIVE-IN GROCERY,5433 botham jean boulevard,75215,liquor_store,48113020900,1.0,1145,0.552848,0.5925259506393883,0.05283203366905924,0.03809608876722629,3146,3478,False,,complete
FRIENDLY LIQUOR,5431 BOTHAM JEAN BLVD,75215,liquor_store,48113020900,1.0,1145,0.552848,0.5925259506393883,0.05283203366905924,0.03809608876722629,3147,3479,False,,complete
FAMILY BEDDING SUPPLIES,6307 S R L THORNTON FWY,75232,other_storefront,48113011103,1.0,1433,0.469792,0.729597248901656,0.052815411567152026,0.05928497184960648,3148,2890,False,,complete
GLOBAL WIRELESS,10524 HARRY HINES BLVD Ste:A,75220,convenience_corner_store,48113009900,2.0,1609,0.433542,0.5594792586308812,0.05278176379487287,0.050392216052157046,3149,3139,False,,complete
WATERMERE AT FIREWHEEL,6868 N President George Bush Hwy,75044,liquor_store,48113019042,2.0,1631,0.429458,0.5015505280131191,0.05275880779211382,0.04549831079550772,3150,3263,False,,complete
QUALITY LICENSING CORP. (STORE #2427),9301 FOREST LN,75243,liquor_store,48113007810,3.0,3476,0.275834,0.41137918387582734,0.05274348683518199,0.07844546338911448,3151,2437,False,,complete
LUST IN BEAUTE,847 SINGLETON BLVD Ste:100,75212,barbershop_beauty,48113004300,3.0,4051,0.256532,0.4527874071330006,0.05272704482989435,0.10133394051083103,3152,1959,False,,complete
Hunan Chef,2225 Old Denton Rd Ste 200,75006,liquor_store,48113013719,1.0,1222,0.525975,0.6318531250594811,0.052713820416726426,0.04349774259497467,3153,3329,False,,complete
7-ELEVEN CONVENIENCE STORE # 21972B,8902 GARLAND ROAD,75218,convenience_corner_store,48113008102,3.0,2643,0.318482,0.3026391502329786,0.05270488970372294,0.0426640897655165,3154,3357,False,,complete
DOLLAR GENERAL STORE #4540,5610 ROWLETT RD,75089,liquor_store,48113018140,2.0,1948,0.382092,0.42655778557843477,0.052698056428817926,0.045709123744503456,3155,3258,False,,complete
SKIBELL FINE JEWELERS,8411 PRESTON RD Ste:110,75225,convenience_corner_store,48113019501,3.0,3125,0.290798,0.2612832064445531,0.05264521277159454,0.04280804959461975,3156,3351,False,,complete
RED BIRD MART,1411 N DUNCANVILLE RD,75116,liquor_store,48113016535,2.0,1612,0.432022,0.5773415002656787,0.052606259247818185,0.05218760505741158,3157,3095,False,,complete
JERRY'S ARTARAMA,12817 PRESTON RD Ste:128,75230,grocery_food_mart,48113009604,2.0,2291,0.345158,0.49873989688073317,0.0525176728396372,0.06352915500469306,3158,2768,False,,complete
TARGET,16731 COIT RD,75248,grocery_food_mart,48113019205,3.0,3062,0.293504,0.2922267684750788,0.05251016680156851,0.04754376408606296,3159,3203,False,,complete
TRINITY BEER & WINE,2760 E TRINITY MILLS RD STE 100,75006,liquor_store,48113013722,2.0,2292,0.344974,0.4380386487905213,0.05249345057095014,0.05533586193359483,3160,2997,False,,complete
7-ELEVEN CONVENIENCE STORE #38589A,3011 HARD ROCK RD,75050,liquor_store,48113015304,1.0,1422,0.470119,0.6244573463247142,0.052461972230700545,0.0499954123666129,3161,3153,False,,complete
SPORTSBOOK,11250 N CENTRAL EXPY Ste:105,75243,other_storefront,48113007823,2.0,2294,0.344607,0.49541064347789826,0.05244513906584004,0.06316105653350272,3162,2781,False,,complete
Nail Lounge,,,barbershop_beauty,48113014144,3.0,3238,0.28415,0.23933661784473514,0.05214240793929523,0.04015687632753081,3163,3421,False,,complete
ALDI TEXAS L.L.C. #34,1549 E BELT LINE RD,75081,liquor_store,48113019023,3.0,2385,0.335455,0.35820215003651806,0.05208543145033418,0.04632984482012679,3164,3237,False,,complete
FRIDA'S TACOLANDIA,839 SINGLETON BLVD Ste:100,75212,convenience_corner_store,48113004300,3.0,3995,0.256532,0.4527874071330006,0.05199815949035496,0.09993312573210811,3165,1994,False,,complete
The Local Shoppe # 708,5815 S Cockrell Hill Rd Ste 200,75236,liquor_store,48113016536,1.0,1429,0.465453,0.5940265087665296,0.051974827978877626,0.04767195608624183,3166,3200,False,,complete
PHILADEPHIA WATER ICE,4417 S LANCASTER RD Ste:2280,75216,convenience_corner_store,48113005700,2.0,1666,0.419155,0.5755256574076163,0.051972087067071945,0.05375706650215713,3167,3036,False,,complete
Texas Liquor #3,3400 Samuell Blvd Ste B,75223,liquor_store,48113001202,2.0,1722,0.40997,0.4295871456775767,0.05195088485436132,0.0407143606812271,3168,3406,False,,complete
NORTH TEXAS PERFORMING ARTS,12300 INWOOD RD Ste:112,75244,barbershop_beauty,48113009603,2.0,2283,0.343452,0.4151983350440127,0.051898878517858404,0.05203736235592285,3169,3103,False,,complete
LINDA'S BEAUTIQUE,112 W LAURELAND RD,75232,convenience_corner_store,48113011103,1.0,1408,0.469792,0.729597248901656,0.051893998246022366,0.058250691112523324,3170,2917,False,,complete
QuikTrip #1907,5403 Arapaho Rd,75248,liquor_store,48113013620,3.0,4321,0.247345,0.36038346321485915,0.051803510594384365,0.084494584622182,3171,2330,False,,complete
HOMEMADE DONUTS,5515 EAST GRAND AVE,75223,convenience_corner_store,48113001202,2.0,1717,0.40997,0.4295871456775767,0.05180004024096306,0.04059614244463817,3172,3408,False,,complete
7-ELEVEN CONVENIENCE STORE #25250A,5550 E GRAND AVE,75223,liquor_store,48113001202,2.0,1717,0.40997,0.4295871456775767,0.05180004024096306,0.04059614244463817,3173,3409,False,,complete
3 GUYS LIQUOR,5552 E GRAND AVE STE C,75223,liquor_store,48113001202,2.0,1717,0.40997,0.4295871456775767,0.05180004024096306,0.04059614244463817,3174,3410,False,,complete
STUDIO 4250,4250 S FITZHUGH AVE Ste:A,75210,barbershop_beauty,48113002703,1.0,1370,0.478027,0.5749275889660188,0.051754679704485565,0.044157575487737334,3175,3306,False,,complete
Moriya Ramen & Curry,1920 N Coit Rd  STE 250,75080,liquor_store,48113019205,3.0,3014,0.293504,0.2922267684750788,0.05168701591767716,0.04679846667387124,3176,3229,False,,complete
TITO'S MEAT MARKET,3000 PIONEER RD STE 1,75181,liquor_store,48113017314,2.0,1906,0.382206,0.5333703017422657,0.05158614660702355,0.05675341600165894,3177,2955,False,,complete
Family Dollar #22340,2627 W JEFFERSON BLVD Ste:310,75211,grocery_food_mart,48113004500,1.0,1526,0.442264,0.5314095168877079,0.0515469488181238,0.04526165777814063,3178,3275,False,,complete
Aesthetic Spa & Salon,5250 State Highway 78,75048,barbershop_beauty,48113018151,2.0,2137,0.355852,0.4825479381527005,0.05154224540094459,0.05721411026892964,3179,2947,False,,complete
SPEC'S WINES SPIRITS & FINE FOODS SPEC'S LIQUOR #213 SFP DISTRIB,1900 MARKET PLACE BLVD STE 100,75063,liquor_store,48113014150,3.0,2460,0.327374,0.35911310567392424,0.051500999474138325,0.04791917585523793,3180,3196,False,,complete
Hair Pro,,,barbershop_beauty,48113017706,2.0,1961,0.374787,0.5071452252060984,0.05144830796557989,0.055352265338860125,3181,2996,False,,complete
TOM THUMB #3637,1380 W CAMPBELL ROAD,75080,liquor_store,48113019205,3.0,3000,0.293504,0.2922267684750788,0.05144693024320886,0.04658108826198199,3182,3235,False,,complete
KING NOODLE & SUSHI,909 TRIPP RD STE 130,75150,liquor_store,48113017814,1.0,1520,0.442826,0.35735004523846275,0.05143977109515294,0.029450244149384297,3183,3688,False,,complete
SBA Ventures LLC,601 N Belt Line Rd Ste 121,75061,liquor_store,48113014408,2.0,2283,0.341595,0.6094235221503563,0.05142493363783607,0.07823879790811468,3184,2441,False,,complete
SEAGOVILLE MARKET,601 E Malloy Bridge Rd,75159,liquor_store,48113017008,1.0,1176,0.530767,0.6289095127469162,0.05135949383746466,0.04165579705174706,3185,3390,False,,complete
CORDON WINES,13612 MIDWAY RD SUITE 333-1,75244,liquor_store,48113013806,3.0,2515,0.322473,0.43178307820718564,0.05127449695278347,0.059790113228892466,3186,2875,False,,complete
SUBURBAN OPTICAL OF DALLAS,6114 LUTHER LN,75225,convenience_corner_store,48113007301,3.0,2630,0.314476,0.2774359530778855,0.051267838632074375,0.03853749748854958,3187,3461,False,,complete
CLASS STUDIO,6116 LUTHER LN,75225,barbershop_beauty,48113007301,3.0,2630,0.314476,0.2774359530778855,0.051267838632074375,0.03853749748854958,3188,3462,False,,complete
BODY TECH LLC,12829 PRESTON RD Ste:401,75230,barbershop_beauty,48113009604,2.0,2236,0.345158,0.49873989688073317,0.05125688191594446,0.06200401160650094,3189,2821,False,,complete
QUIKTRIP #974,1235 E BELT LINE RD,75115,liquor_store,48113016620,2.0,1752,0.401683,0.4730760073114948,0.05123286679749708,0.045925880306507905,3190,3253,False,,complete
Family Dollar #21560,8032 FERGUSON RD,75228,liquor_store,48113012213,3.0,3644,0.265865,0.2869505172363001,0.05123158879342812,0.05544439284885905,3191,2987,False,,complete
B AND S MART,8024 FERGUSON ROAD,75228,liquor_store,48113012213,3.0,3644,0.265865,0.2869505172363001,0.05123158879342812,0.05544439284885905,3192,2988,False,,complete
B&S Mart,8024 Ferguson Road,,convenience_corner_store,48113012213,3.0,3644,0.265865,0.2869505172363001,0.05123158879342812,0.05544439284885905,3193,2989,False,,complete
QUALITY LICENSING CORP. (STORE #2649),1635 MARKET PLACE,75063,liquor_store,48113014150,3.0,2447,0.327374,0.35911310567392424,0.0512288397208197,0.047665944438116746,3194,3201,False,,complete
HAT CREEK BURGER CO,150 W STATE HIGHWAY 121,75019,liquor_store,48113020000,2.0,1712,0.407718,0.32465565956773157,0.05121819076756609,0.02986284569810224,3195,3672,False,,complete
VILLA LUXE EVENT HALL,5318 DUNCANVILLE RD,75236,other_storefront,48113016534,2.0,1796,0.395126,0.6309685905513983,0.05120303492715016,0.06383570742081668,3196,2756,False,,complete
BNG C-STORE,2029 E STATE HIGHWAY 356,75060,liquor_store,48113020100,1.0,1427,0.46079,0.6559703300891496,0.05115821099140139,0.0528284225869011,3197,3072,False,,complete
One Stop Food Store,1433 South Belt Line Road,75149,convenience_corner_store,48113017500,2.0,2135,0.354341,0.30361054615182664,0.051133368725289015,0.034586351559315665,3198,3569,False,,complete
Art Hair,1433 South Belt Line Road,75149,barbershop_beauty,48113017500,2.0,2135,0.354341,0.30361054615182664,0.051133368725289015,0.034586351559315665,3199,3570,False,,complete
FOREST CENTRAL DELI & SUNDRY,11551 FOREST CENTRAL DR Ste:122,75243,convenience_corner_store,48113007805,2.0,2085,0.359446,0.5539291654358188,0.05112576967642735,0.06461625817940624,3200,2734,False,,complete
Total Wine Spirits Beer and More,6330 E Mockingbird Ln,75214,liquor_store,48113000201,3.0,3557,0.268622,0.27572929045893696,0.05110474476554086,0.05176215498425362,3201,3113,False,,complete
Great Clips,,,barbershop_beauty,48113019205,3.0,2979,0.293504,0.2922267684750788,0.05108680173150639,0.04625502064414812,3202,3242,False,,complete
JOHN REED,8335 WESTCHESTER DR Ste:40,75225,barbershop_beauty,48113007301,3.0,2620,0.314476,0.2774359530778855,0.0510729038844239,0.03839096707984787,3203,3470,False,,complete
QUIK TRIP (STORE #979),10101 ROYAL LN,75238,grocery_food_mart,48113013009,2.0,2095,0.358097,0.39750570612683156,0.05105503619807511,0.045561969162886407,3204,3262,False,,complete
KROGER #495,515 S MACARTHUR BLVD,75060,liquor_store,48113015205,1.0,1501,0.444185,0.48030483444827254,0.05102481350353077,0.039987470112312004,3205,3426,False,,complete
Beauty Times,,,barbershop_beauty,48113009604,2.0,2225,0.345158,0.49873989688073317,0.05100472373120592,0.061698982926862524,3206,2830,False,,complete
Rosey Nails 2,500 North Galloway Avenue,75149,barbershop_beauty,48113017706,2.0,1943,0.374787,0.5071452252060984,0.05097606444524311,0.05484418743161919,3207,3007,False,,complete
REAL HAIR BEAUTY BAR,3729 W CAMP WISDOM RD,75237,barbershop_beauty,48113010904,2.0,2074,0.359797,0.5191471709630978,0.050937422932432135,0.06001273468122885,3208,2869,False,,complete
Nail Spa & Lounge,11811 Preston Road,75230,barbershop_beauty,48113009604,2.0,2220,0.345158,0.49873989688073317,0.05089010637450658,0.06156033352702688,3209,2832,False,,complete
LADALES CATERING LLC,1718 S EWING AVE,75216,convenience_corner_store,48113005400,2.0,1644,0.416827,0.5900076704545058,0.05085792777030597,0.0544540281923782,3210,3019,False,,complete
BETTER BLOCK FOUNDATION,1723 S EWING AVE,75216,convenience_corner_store,48113005400,2.0,1644,0.416827,0.5900076704545058,0.05085792777030597,0.0544540281923782,3211,3020,False,,complete
GATEWAY 24,3915 LINFIELD RD,75216,convenience_corner_store,48113021100,1.0,1189,0.522503,0.7212350348395278,0.05082878856206643,0.04860287982809021,3212,3180,False,,complete
7-ELEVEN CONVENIENCE STORE #38262A,1401 W PIONEER PARKWAY,75052,liquor_store,48113016418,1.0,1370,0.471823,0.45304322993428703,0.050804507379091014,0.03429064266212143,3213,3576,False,,complete
QuikTrip #1929,4005 S Belt Line Rd,75052,liquor_store,48113016409,1.0,1335,0.48018,0.3799070054088549,0.050753798051266175,0.027645247131458498,3214,3764,False,,complete
GASMART,6005 S R L THORNTON FWY,75232,gas_station,48113011103,1.0,1376,0.469792,0.729597248901656,0.05071458919497641,0.05692681176905688,3215,2953,False,,complete
THE NETWORK BAR BEVERAGE COMPANY,331 SINGLETON BLVD Ste:210,75212,convenience_corner_store,48113010102,3.0,2567,0.316827,0.5989262711328857,0.050714415246906834,0.08637926215711333,3216,2301,False,,complete
Capelli Salon,11909 Preston Road,75230,barbershop_beauty,48113009604,2.0,2207,0.345158,0.49873989688073317,0.0505921012470883,0.06119984508745419,3217,2841,False,,complete
CHUCK E. CHEESE'S #949,7110 S WESTMORELAND RD,75237,liquor_store,48113010904,2.0,2059,0.359797,0.5191471709630978,0.05056902305587164,0.059578698509474545,3218,2882,False,,complete
QUEEN B'S BEAUTY SALON,2308 SINGLETON BLVD,75212,barbershop_beauty,48113020500,2.0,2082,0.357309,0.6585194926353583,0.050554819458165576,0.07739053912712551,3219,2456,False,,complete
Mami Coco,2706 Samuell Blvd STE B,75223,liquor_store,48113001202,2.0,1675,0.40997,0.4295871456775767,0.050532945488417656,0.039603109257291165,3220,3436,False,,complete
DeSoto Food Mart,100 N Hampton Rd,75115,liquor_store,48113016620,2.0,1727,0.401683,0.4730760073114948,0.05050180420050083,0.04527054525647212,3221,3273,False,,complete
Belt Line Beer & Wine,2502 E Belt Line Rd,75006,liquor_store,48113013715,2.0,2249,0.34074,0.5049265193959123,0.05044411436794601,0.06318666072053632,3222,2780,False,,complete
(unnamed library),,,library,48113019034,2.0,1819,0.387905,0.4887271154400155,0.050390367656412895,0.04936443165131149,3223,3165,False,,complete
7-ELEVEN CONVENIENCE STORE #38787A,1901 E STATE HIGHWAY 356,75060,liquor_store,48113020100,1.0,1405,0.46079,0.6559703300891496,0.05036950696770774,0.05201396898009534,3224,3107,False,,complete
Divine Nail Bar,,,barbershop_beauty,48113013720,2.0,2059,0.358655,0.5211713853663278,0.05030615823330113,0.05982497700048507,3225,2873,False,,complete
Stop & Go,1502 S Beltline Rd,75149,liquor_store,48113017400,2.0,2071,0.357291,0.5506472034228234,0.05028355169176668,0.06378075297853383,3226,2757,False,,complete
Family Dollar #28276,8550 S POLK ST,75232,liquor_store,48113011104,2.0,2066,0.357811,0.6487003123523629,0.05028225267083585,0.07559707521630891,3227,2494,False,,complete
TEXAS PAINT & WALLPAPER,12835 PRESTON RD Ste:306,75230,other_storefront,48113009604,2.0,2193,0.345158,0.49873989688073317,0.050271172648330156,0.06081162676791439,3228,2853,False,,complete
AMIGO FOOD STORE,722 S BEACON ST Ste:100,75223,convenience_corner_store,48113002400,1.0,1489,0.442004,0.39983622351643733,0.050253842009877356,0.032587757862691774,3229,3611,False,,complete
FAMILY DOLLAR STORE #31538,3163 N DALLAS AVENUE,75134,liquor_store,48113016704,1.0,1398,0.461529,0.5100734356744724,0.0502340502745406,0.03970261034326364,3230,3431,False,,complete
THE HAIR DEPOT,3777 W CAMP WISDOM RD,75237,grocery_food_mart,48113010904,2.0,2045,0.359797,0.5191471709630978,0.050225183171081836,0.059173598082503866,3231,2892,False,,complete
CVS/PHARMACY #4985,8335 WESTCHESTER DR STE 140,75225,liquor_store,48113007301,3.0,2576,0.314476,0.2774359530778855,0.05021519099476182,0.03774623328156035,3232,3488,False,,complete
TARGET-3292,8335 WESTCHESTER DR STE 200,75225,liquor_store,48113007301,3.0,2576,0.314476,0.2774359530778855,0.05021519099476182,0.03774623328156035,3233,3489,False,,complete
7-ELEVEN CONVENIENCE STORE #24499B,9804 FERGUSON RD,75228,liquor_store,48113012502,2.0,1688,0.406083,0.5495146281506247,0.0501916467434539,0.05187250388050849,3234,3111,False,,complete
KROGER #461,5190 HWY 78,75048,liquor_store,48113018151,2.0,2081,0.355852,0.4825479381527005,0.05019158291032554,0.05571481678504566,3235,2976,False,,complete
C-STORE,16601 ADDISON ROAD SUITE 100,75001,liquor_store,48113013727,3.0,2718,0.305136,0.2947079336540092,0.05014530389226736,0.04260095718495852,3236,3359,False,,complete
Babe Factory,,,barbershop_beauty,48113013727,3.0,2718,0.305136,0.2947079336540092,0.05014530389226736,0.04260095718495852,3237,3360,False,,complete
7-ELEVEN CONVENIENCE STORE #41523H,3121 OYLMPUS BLVD STE 160,75019,liquor_store,48113014157,2.0,1894,0.376892,0.34078936911077906,0.05013621208725344,0.03484314352645084,3238,3554,False,,complete
THE FLYING SAUCER,3111 OLYMPUS BLVD STE 100,75019,liquor_store,48113014157,2.0,1894,0.376892,0.34078936911077906,0.05013621208725344,0.03484314352645084,3239,3555,False,,complete
Natural Look Skin Care,,,barbershop_beauty,48113016522,1.0,1322,0.478808,0.5955516400176051,0.05005680009824024,0.04422153599072096,3240,3300,False,,complete
Family Dollar #25662,503 S MacArthur Blvd,75060,liquor_store,48113015205,1.0,1470,0.444185,0.48030483444827254,0.04997100323130595,0.03916161296808704,3241,3445,False,,complete
Abrams Beer and Food Wine,,,liquor_store,48113019016,2.0,1757,0.39444,0.6045154721104758,0.04995642211262887,0.059703129659777185,3242,2880,False,,complete
SPEEDYS,12909 SEAGOVILLE RD,75180,liquor_store,48113017204,2.0,1592,0.420792,0.6400226410323856,0.04995494411299664,0.05743660637067539,3243,2939,False,,complete
Yatzil Beauty,,,barbershop_beauty,48113009603,2.0,2197,0.343452,0.4151983350440127,0.049943861631070924,0.05007712881995729,3244,3150,False,,complete
BIG FIVE,1499 S PEACHTREE RD,75180,liquor_store,48113011902,2.0,1967,0.367095,0.3260989419215336,0.049914293924791096,0.03447862731194214,3245,3574,False,,complete
BAV,9888 FERGUSON RD Ste:163,75228,convenience_corner_store,48113012502,2.0,1677,0.406083,0.5495146281506247,0.04986456847676078,0.05153447216090803,3246,3120,False,,complete
SPIRIT HALLOWEEN,6333 E MOCKINGBIRD LN Ste:141,75214,convenience_corner_store,48113000201,3.0,3469,0.268622,0.27572929045893696,0.049840415966168464,0.05048156188933815,3247,3135,False,,complete
SPEEDY K MART,600 E SANDY LAKE ROAD SUITE 100,75019,liquor_store,48113020000,2.0,1663,0.407718,0.32465565956773157,0.04975224955984954,0.02900812639950002,3248,3712,False,,complete
Sport Clips,6333 East Mockingbird Lane,,barbershop_beauty,48113000201,3.0,3460,0.268622,0.27572929045893696,0.0497111096116872,0.05035059214099453,3249,3140,False,,complete
WINCO FOODS,2620 N JOSEY LN,75007,liquor_store,48113013720,2.0,2030,0.358655,0.5211713853663278,0.049597620793395476,0.05898237169061908,3250,2900,False,,complete
"MERIDIAN PHARMACY GROUP NW HIGHWAY, INC",1151 N BUCKNER BLVD Ste:104,75218,convenience_corner_store,48113008101,2.0,1951,0.366982,0.45637597603824653,0.04948363438971968,0.049217092657471165,3251,3168,False,,complete
AUTREY'S GROCERY STORE,4903 S LANCASTER RD,75216,convenience_corner_store,48113008704,1.0,1344,0.469207,0.5847013934057242,0.04944728494456315,0.04409575369440609,3252,3314,False,,complete
TEXAS MART,3400 Samuell Blvd Suite A,75223,convenience_corner_store,48113001202,2.0,1638,0.40997,0.4295871456775767,0.049416695349270526,0.038728294306533094,3253,3457,False,,complete
SIMPLY LIQUOR,5120 S State Hwy 78 STE 500,75048,liquor_store,48113018151,2.0,2048,0.355852,0.4825479381527005,0.04939565679978218,0.054831304553471176,3254,3008,False,,complete
Dorado Nail Salon,,,barbershop_beauty,48113007604,2.0,2184,0.342274,0.2672132888917249,0.049360723198006794,0.030682981381130667,3255,3653,False,,complete
Griffin,,,barbershop_beauty,48113014001,3.0,2842,0.295452,0.4597416397696887,0.04935629557124378,0.0722591996166409,3256,2552,False,,complete
Grand Nail Bar,,,barbershop_beauty,48113016620,2.0,1687,0.401683,0.4730760073114948,0.04933210404530683,0.04422200917641486,3257,3299,False,,complete
LUCY'S TAILOR & PRESTON ROYAL CLEANERS,6051 ROYAL LN,75230,laundromat,48113007604,2.0,2180,0.342274,0.2672132888917249,0.04927031894306538,0.030626785444535183,3258,3654,False,,complete
7-Eleven,2831 North Henderson Avenue,,convenience_corner_store,48113000901,3.0,5110,0.226352,0.06715994115673789,0.049270275344256174,0.011384271203647503,3259,4137,False,,complete
Tom Thumb #3597,11920 Preston Rd,75230,liquor_store,48113013201,2.0,2204,0.340048,0.4374824198031521,0.049264282184867086,0.05313883380076885,3260,3058,False,,complete
Beyond Cuts,,,barbershop_beauty,48113014001,3.0,2834,0.295452,0.4597416397696887,0.04921736159356259,0.07205579581757927,3261,2559,False,,complete
Cleaners,,,laundromat,48113019036,2.0,1894,0.372097,0.36418695857193195,0.04912094897554479,0.03746171672032381,3262,3492,False,,complete
Rose Nails,,,barbershop_beauty,48113019036,2.0,1894,0.372097,0.36418695857193195,0.04912094897554479,0.03746171672032381,3263,3493,False,,complete
QUIKTRIP #980,4451 N GALLOWAY AVENUE,75150,liquor_store,48113017812,2.0,1563,0.421193,0.3193942426149757,0.04911502781008679,0.026777869496271606,3264,3789,False,,complete
EAGLE FORD,1601 CHALK HILL RD,75212,other_storefront,48113010701,1.0,1192,0.50842,0.7172541620692421,0.04908039403396859,0.04844511749450032,3265,3187,False,,complete
"ROYALTY BY RACHAEL, LLC",12250 INWOOD RD Ste:8,75244,barbershop_beauty,48113009603,2.0,2157,0.343452,0.4151983350440127,0.049034551451169764,0.04916539229160122,3266,3172,False,,complete
Mr. Winston's,,,barbershop_beauty,48113007604,2.0,2169,0.342274,0.2672132888917249,0.04902170724197653,0.030472246618897622,3267,3658,False,,complete
Dallas West,2332 Singleton Boulevard,75212,library,48113020500,2.0,2018,0.357309,0.6585194926353583,0.04900078081968211,0.07501157923080658,3268,2503,False,,complete
AD BEER AND WINE,565 W OATES RD STE 115,75043,liquor_store,48113018129,3.0,2371,0.324546,0.5550200335124621,0.048888166772370054,0.07363252045575724,3269,2529,False,,complete
Signature Nail Bar & Spa,6333 East Mockingbird Lane,,barbershop_beauty,48113000201,3.0,3401,0.268622,0.27572929045893696,0.04886343462119889,0.04949201267963074,3270,3162,False,,complete
Juarez Barbershop & Color Studio,1600 North Plano Road,75081,barbershop_beauty,48113019036,2.0,1883,0.372097,0.36418695857193195,0.048835663633025786,0.03724414603187419,3271,3499,False,,complete
GOOD DISCOUNT LIQUOR BEER & WINE,5033 S 2ND AVE,75210,liquor_store,48113020800,2.0,1676,0.400722,0.4197010839077546,0.048830380575267736,0.03864768917825906,3272,3458,False,,complete
LASHELL'S BEDSHEETS + COMFORTERS,2454 W KIEST BLVD,75233,convenience_corner_store,48113010806,2.0,1677,0.400431,0.5517146932524495,0.04880496045724558,0.05175248507567628,3273,3114,False,,complete
GORDO'S SNO-CONE LLC,2460 W KIEST BLVD,75233,convenience_corner_store,48113010806,2.0,1677,0.400431,0.5517146932524495,0.04880496045724558,0.05175248507567628,3274,3115,False,,complete
IZZY NUTRITION,2436 W KIEST BLVD,75233,barbershop_beauty,48113010806,2.0,1677,0.400431,0.5517146932524495,0.04880496045724558,0.05175248507567628,3275,3116,False,,complete
Texaco,6005 S R L Thornton Fwy,75232,liquor_store,48113011103,1.0,1323,0.469792,0.729597248901656,0.04876119295418153,0.054734136606440595,3276,3010,False,,complete
HEAD 2 TOE SALON,10525 CHURCH RD Ste:101,75238,barbershop_beauty,48113013009,2.0,2000,0.358097,0.39750570612683156,0.048739891358544264,0.0434959132819918,3277,3330,False,,complete
Pavilion Barbers,1331 West Campbell Road,,barbershop_beauty,48113019205,3.0,2842,0.293504,0.2922267684750788,0.048737391917066525,0.044127817613517605,3278,3310,False,,complete
A & K MART,5723 SINGLETON BOULEVARD,75212,liquor_store,48113010601,2.0,1485,0.432942,0.5590604492827375,0.04861445143589718,0.04647191436263941,3279,3236,False,,complete
Seve Salon & Barber,1108 Graham Avenue,,barbershop_beauty,48113002400,1.0,1440,0.442004,0.39983622351643733,0.04860008898201706,0.031515360189574314,3280,3633,False,,complete
Family Dollar #31509,11327 SEAGOVILLE RD,75180,liquor_store,48113011702,1.0,1288,0.477467,0.6500092241967682,0.048576321147072166,0.04722886962589267,3281,3215,False,,complete
Lily's Nails & Spa,408 North Highway 67,75104,barbershop_beauty,48113016629,1.0,1410,0.447335,0.42767030224816055,0.048427893808165035,0.03317783739939078,3282,3602,False,,complete
SPIRIT HALLOWEEEN,1152 N BUCKNER BLVD Ste:105,75218,grocery_food_mart,48113008200,2.0,2033,0.353026,0.4092685838042698,0.04839159936458321,0.045626668811227025,3283,3261,False,,complete
Sola Salons,,,barbershop_beauty,48113009604,2.0,2111,0.345158,0.49873989688073317,0.04839144799846099,0.05853777661060979,3284,2908,False,,complete
7-Eleven Convenience Store #33122D,2601 Faithon P Lucas Sr Blvd,75181,liquor_store,48113017308,2.0,1851,0.37395,0.4150907915027434,0.04838917773021115,0.0421788452212429,3285,3380,False,,complete
South Galloway Food Mart,828 S Galloway Ave,75149,liquor_store,48113017400,2.0,1992,0.357291,0.5506472034228234,0.048365444215354526,0.061347783647146006,3286,2837,False,,complete
HANS TEXACO,12920 PRESTON ROAD,75230,liquor_store,48113013201,2.0,2161,0.340048,0.4374824198031521,0.04830313693352893,0.052102096117723,3287,3100,False,,complete
PRESSED ROOTS,320 SINGLETON BLVD Ste:160,75212,barbershop_beauty,48113010102,3.0,2442,0.316827,0.5989262711328857,0.04824487808061804,0.08217302617361541,3288,2376,False,,complete
GUY MEZGER'S COMBAT SPORTS CLUB,13344 PRESTON RD,75240,barbershop_beauty,48113013608,3.0,2694,0.300265,0.3067846238166986,0.04823553452042888,0.04414725789282222,3289,3307,False,,complete
THE STUDIO,13336 PRESTON RD,75240,barbershop_beauty,48113013608,3.0,2694,0.300265,0.3067846238166986,0.04823553452042888,0.04414725789282222,3290,3308,False,,complete
EDEN BODY ART STUDIOS,13360 PRESTON RD,75240,barbershop_beauty,48113013608,3.0,2694,0.300265,0.3067846238166986,0.04823553452042888,0.04414725789282222,3291,3309,False,,complete
TIP TOP CLEANERS,10720 PRESTON RD Ste:1012,75230,barbershop_beauty,48113007605,2.0,1984,0.35739,0.2871220566874511,0.0481931631853859,0.030207178231006944,3292,3666,False,,complete
NUTRITIONAL PRODUCTS OF TEXAS,1111 W LEDBETTER DR Ste:575,75224,convenience_corner_store,48113006100,1.0,1403,0.446816,0.6786197456603651,0.048106069645149005,0.05381763678633858,3293,3034,False,,complete
PDK FOODS,1830 E NORTHGATE DRIVE,75062,liquor_store,48113014204,2.0,1733,0.388199,0.5612822421697603,0.04806493349790849,0.0544603985322673,3294,3018,False,,complete
DOLLAR GENERAL STORE #18546,12918 SEAGOVILLE RD,75180,liquor_store,48113017204,2.0,1528,0.420792,0.6400226410323856,0.04794670515368019,0.0551275970693417,3295,3002,False,,complete
Allure Nail Bar,,,barbershop_beauty,48113016522,1.0,1264,0.478808,0.5955516400176051,0.047860662121161614,0.04228140808795105,3296,3373,False,,complete
RANDOM TREASURES,1801 S EWING AVE,75216,convenience_corner_store,48113005400,2.0,1544,0.416827,0.5900076704545058,0.04776437985240415,0.051141739372890474,3297,3124,False,,complete
SPROUTS FARMERS MARKET,1343 W CAMPBELL RD,75080,liquor_store,48113019205,3.0,2785,0.293504,0.2922267684750788,0.04775990024244555,0.043242776936539946,3298,3336,False,,complete
FLATT'S SHELL STATION,12969 PRESTON RD,75230,gas_station,48113009604,2.0,2083,0.345158,0.49873989688073317,0.04774959080094469,0.05776133997153017,3299,2927,False,,complete
BIO MECHANICS,8222 DOUGLAS AVE Ste:670,75225,barbershop_beauty,48113007301,3.0,2448,0.314476,0.2774359530778855,0.04772002622483576,0.035870644050178466,3300,3527,False,,complete
MAIN STREET SHELL,100 S GREENVILLE,75081,liquor_store,48113019101,2.0,2123,0.341131,0.5065777316723994,0.04771078551311963,0.05985377559505922,3301,2872,False,,complete
FLEET FLEET,11811 PRESTON RD Ste:120,75238,convenience_corner_store,48113009604,2.0,2077,0.345158,0.49873989688073317,0.04761204997290548,0.0575949606917274,3302,2932,False,,complete
SUNMED YOUR CBD STORE,11811 PRESTON RD Ste:130,75230,other_storefront,48113009604,2.0,2077,0.345158,0.49873989688073317,0.04761204997290548,0.0575949606917274,3303,2933,False,,complete
Serenity Nailes & Spa,5915 Forest Lane,75230,barbershop_beauty,48113009604,2.0,2077,0.345158,0.49873989688073317,0.04761204997290548,0.0575949606917274,3304,2934,False,,complete
CONTOUR ELITE WELLNESS SPA,6220 CAMPBELL RD Ste:404,75248,barbershop_beauty,48113013617,3.0,2425,0.315676,0.3738403701216465,0.04759699049703709,0.0493477147834559,3305,3166,False,,complete
KELLY FUEL STATION,2414 E TRINITY MILLS ROAD,75006,liquor_store,48113013721,2.0,2042,0.348569,0.34819087584744035,0.04758838778122905,0.03845891723814978,3306,3466,False,,complete
RINCON HISPANO,13331 PRESTON RD Ste:2062,75240,convenience_corner_store,48113013615,3.0,2224,0.331391,0.6124634973078427,0.04755897982545783,0.07661635941073201,3307,2475,False,,complete
THE EIGHT WONDER/ANATOLIAN'S TREASURY,2823 N HENDERSON AVE,75206,convenience_corner_store,48113000901,3.0,4932,0.226352,0.06715994115673789,0.04755401134987699,0.010987715376984243,3308,4145,False,,complete
LUCKY LIQUOR,2835 North Henderson Avenue,75206,liquor_store,48113000901,3.0,4932,0.226352,0.06715994115673789,0.04755401134987699,0.010987715376984243,3309,4146,False,,complete
ALEX & AFTON VINTEDGE,2811 N HENDERSON AVE,75206,convenience_corner_store,48113000901,3.0,4932,0.226352,0.06715994115673789,0.04755401134987699,0.010987715376984243,3310,4147,False,,complete
SPIDER MURPHY'S,2810 N HENDERSON AVE,75206,other_storefront,48113000901,3.0,4932,0.226352,0.06715994115673789,0.04755401134987699,0.010987715376984243,3311,4148,False,,complete
SHM ARCHITECTS,2813 N HENDERSON AVE,75206,convenience_corner_store,48113000901,3.0,4932,0.226352,0.06715994115673789,0.04755401134987699,0.010987715376984243,3312,4149,False,,complete
KEEPSAKE,2821 N HENDERSON AVE,75206,convenience_corner_store,48113000901,3.0,4932,0.226352,0.06715994115673789,0.04755401134987699,0.010987715376984243,3313,4150,False,,complete
Amazing Lash Studio,,,barbershop_beauty,48113014144,3.0,2950,0.28415,0.23933661784473514,0.04750466442894407,0.036585171453432944,3314,3509,False,,complete
European Wax Center,,,barbershop_beauty,48113014144,3.0,2950,0.28415,0.23933661784473514,0.04750466442894407,0.036585171453432944,3315,3510,False,,complete
Fretz Park,6990 Belt Line Road,75254,library,48113013607,3.0,2521,0.30824,0.3759563673901495,0.047385575623088885,0.05161648495426734,3316,3118,False,,complete
Corn's Cutz,,,barbershop_beauty,48113016620,2.0,1618,0.401683,0.4730760073114948,0.04731437127759718,0.04241328443831609,3317,3364,False,,complete
THE SUPER CLEANERS,2411 W KIEST BLVD,75233,laundromat,48113010806,2.0,1624,0.400431,0.5517146932524495,0.04726252580952106,0.05011689669821006,3318,3146,False,,complete
MY HEARING CENTER -CENTRO DE AUDIOLOGIA,2426 W KIEST BLVD,75233,convenience_corner_store,48113010806,2.0,1624,0.400431,0.5517146932524495,0.04726252580952106,0.05011689669821006,3319,3147,False,,complete
KIEST FOOD MART,2419 W KIEST BLVD,75233,convenience_corner_store,48113010806,2.0,1624,0.400431,0.5517146932524495,0.04726252580952106,0.05011689669821006,3320,3148,False,,complete
TERRANCE M JOHNSON DANCE PROJECT,2412 W KIEST BLVD Ste:B,75233,barbershop_beauty,48113010806,2.0,1624,0.400431,0.5517146932524495,0.04726252580952106,0.05011689669821006,3321,3149,False,,complete
BEAR CREEK SHELL,1701 S Beckley Rd,75154,liquor_store,48113016622,1.0,1236,0.481976,0.48191126384198996,0.04723819499097826,0.03304504941497857,3322,3606,False,,complete
BJ's Wholesale Club #266,4355 Childress Ave,75150,liquor_store,48113017812,2.0,1501,0.421193,0.3193942426149757,0.047166766950057754,0.025715663540565377,3323,3813,False,,complete
BIG AL'S SMOKEHOUSE,3317 INWOOD ROAD SUITE 100,75235,liquor_store,48113000409,3.0,3053,0.278076,0.1541251686118325,0.047090243102675164,0.02249026861328244,3324,3900,False,,complete
EZ Stop #12,4830 S Lancaster Rd,75216,liquor_store,48113008704,1.0,1279,0.469207,0.5847013934057242,0.04705586119352401,0.041963146558887936,3325,3383,False,,complete
WINGSTOP RESTAURANT,1152 N BUCKNER BLVD STE 106,75218,liquor_store,48113008200,2.0,1974,0.353026,0.4092685838042698,0.04698721945188749,0.04430253036564789,3326,3298,False,,complete
HAT CREEK BURGER CO,3318 LAKEVIEW PKWY,75088,liquor_store,48113018133,2.0,1770,0.377141,0.4968712004603476,0.04690306905485589,0.048886442054841696,3327,3176,False,,complete
RaceTrac #2606,1851 W Trinity Blvd,75050,liquor_store,48113015303,2.0,1703,0.386262,0.6133768597891067,0.04686411150657406,0.05875992446050312,3328,2904,False,,complete
CAPELLI SALON,11909 PRESTON RD Ste:1415,75230,barbershop_beauty,48113009604,2.0,2042,0.345158,0.49873989688073317,0.04680972847601011,0.056624414892877874,3329,2958,False,,complete
Soi Brow,1152 North Buckner Boulevard,,barbershop_beauty,48113008200,2.0,1966,0.353026,0.4092685838042698,0.04679679505694569,0.044122986169637154,3330,3311,False,,complete
RESTORE HYPER WELLNESS & CRYOTHERAPY,11930 PRESTON RD Ste:140,75230,barbershop_beauty,48113013201,2.0,2092,0.340048,0.4374824198031521,0.04676083408835841,0.05043849378911453,3331,3136,False,,complete
7-Eleven Convenience Store #42030B,1900 W Scyene Rd,75149,liquor_store,48113017606,1.0,1235,0.478717,0.6019188079639203,0.04675002940910163,0.04177599515088394,3332,3386,False,,complete
QUIKTRIP #979,10101 ROYAL LN,75238,liquor_store,48113013009,2.0,1915,0.358097,0.39750570612683156,0.046668445975806126,0.041647336967507144,3333,3391,False,,complete
CIRCLE K #2744488,13105 SEAGOVILLE ROAD,75180,liquor_store,48113017204,2.0,1486,0.420792,0.6400226410323856,0.04662879833662877,0.05361230971534148,3334,3042,False,,complete
QUALITY LICENSING CORP. (STORE #5824) FUEL CENTER,2001 MILITARY PKWY,75149,liquor_store,48113017602,2.0,1429,0.431874,0.5738145435907128,0.046610565649992636,0.04596526705757437,3335,3252,False,,complete
7-ELEVEN CONVENIENCE STORE #37923A,2831 N HENDERSON AVE,75206,liquor_store,48113000901,3.0,4832,0.226352,0.06715994115673789,0.04658981809460779,0.010764931204701513,3336,4153,False,,complete
EL JJ,3300 SAMUELL BLVD,75223,other_storefront,48113001202,2.0,1544,0.40997,0.4295871456775767,0.04658081661738321,0.03650579145866123,3337,3511,False,,complete
TEXACO GAS STATION,12920 PRESTON RD,75230,convenience_corner_store,48113013201,2.0,2083,0.340048,0.4374824198031521,0.04655966415203182,0.05022150218103517,3338,3143,False,,complete
The Color Studio and Salon,17194 Preston Road,75248,barbershop_beauty,48113013617,3.0,2369,0.315676,0.3738403701216465,0.046497843499992114,0.04820813868948744,3339,3189,False,,complete
Care Boutique & Salon,201 West Main Street,75081,barbershop_beauty,48113019101,2.0,2069,0.341131,0.5065777316723994,0.04649722808603133,0.05833135266423812,3340,2916,False,,complete
JFK AR WORKSHOP,6039 ORAM ST,75206,barbershop_beauty,48113001101,3.0,3374,0.263308,0.19030622366848535,0.04647115130286739,0.03206834990331291,3341,3618,False,,complete
THRIFT FOOD MART,1614 S 5TH STREET,75040,liquor_store,48113018700,1.0,1368,0.443674,0.4826340451581904,0.04642547964975906,0.036632558427748735,3342,3508,False,,complete
QUIKTRIP #970,5909 W DAVIS STREET,75211,liquor_store,48113010701,1.0,1127,0.50842,0.7172541620692421,0.04640403026533776,0.04580339548347472,3343,3257,False,,complete
I DESIGN NAIL BAR,11810 PRESTON RD Ste:120,75230,barbershop_beauty,48113013201,2.0,2076,0.340048,0.4374824198031521,0.04640319864600003,0.05005273093030678,3344,3152,False,,complete
BLO BLOW DRY BAR,5915 FOREST LN Ste:310,75230,barbershop_beauty,48113009604,2.0,2022,0.345158,0.49873989688073317,0.04635125904921276,0.056069817293535294,3345,2969,False,,complete
ROOTS MARKET,4164 N CENTRAL EXPY,75204,convenience_corner_store,48113000802,3.0,2807,0.287798,0.24144470109060595,0.0463466370164774,0.03516137903250313,3346,3547,False,,complete
REFRESQUERIA LA BOTANA,11200 HARRY HINES BLVD Ste:H3,75229,convenience_corner_store,48113009900,2.0,1410,0.433542,0.5594792586308812,0.04625375198929195,0.044159741848068014,3347,3304,False,,complete
"J AND HOSSENS, INC",11181 HARRY HINES BLVD Ste:140,75229,other_storefront,48113009900,2.0,1410,0.433542,0.5594792586308812,0.04625375198929195,0.044159741848068014,3348,3305,False,,complete
LP ENTERTAINMENT,11180 HARRY HINES BLVD Ste:112,75229,other_storefront,48113009900,2.0,1407,0.433542,0.5594792586308812,0.04615533975101686,0.04406578495051894,3349,3315,False,,complete
Palm Beach Tan,1930 North Coit Road,,barbershop_beauty,48113019205,3.0,2687,0.293504,0.2922267684750788,0.0460793005211674,0.0417211280533152,3350,3388,False,,complete
Glamour Nails & Spa,1930 North Coit Road,,barbershop_beauty,48113019205,3.0,2687,0.293504,0.2922267684750788,0.0460793005211674,0.0417211280533152,3351,3389,False,,complete
DALLAS GENTS,8499 GREENVILLE AVE Ste:108,75231,barbershop_beauty,48113007805,2.0,1878,0.359446,0.5539291654358188,0.04604997383804823,0.05820111887814144,3352,2918,False,,complete
Shear Vintage Salon,5925 Forest Lane,75230,barbershop_beauty,48113009604,2.0,2007,0.345158,0.49873989688073317,0.046007406979114734,0.05565386909402835,3353,2979,False,,complete
IMPRESSIVE,4711 S LANCASTER RD Ste:A,75216,convenience_corner_store,48113008704,1.0,1250,0.469207,0.5847013934057242,0.04598891828921423,0.04101167568304137,3354,3400,False,,complete
EL CORRAL WESTERN BOOTS,11117 HARRY HINES BLVD Ste:120,75229,grocery_food_mart,48113009900,2.0,1401,0.433542,0.5594792586308812,0.045958515274466684,0.04387787115542077,3355,3319,False,,complete
FIRST CASH PAWN,11140 HARRY HINES BLVD Ste:150,75229,other_storefront,48113009900,2.0,1401,0.433542,0.5594792586308812,0.045958515274466684,0.04387787115542077,3356,3320,False,,complete
21 THERAPY,11113 HARRY HINES BLVD Ste:B,75229,barbershop_beauty,48113009900,2.0,1401,0.433542,0.5594792586308812,0.045958515274466684,0.04387787115542077,3357,3321,False,,complete
4M,2949 E KIEST BLVD Ste:E,75216,convenience_corner_store,48113021100,1.0,1074,0.522503,0.7212350348395278,0.04591263155227867,0.043902012561285855,3358,3317,False,,complete
METRO PCS,2131 E LEDBETTER DR,,convenience_corner_store,48113008705,1.0,1359,0.441993,0.5633496129219306,0.04586466280088404,0.04287327659010675,3359,3346,False,,complete
AUTHORIZED DEALER OF METRO BY T-MOBILE,2131 E LEDBETTER DR,75216,convenience_corner_store,48113008705,1.0,1359,0.441993,0.5633496129219306,0.04586466280088404,0.04287327659010675,3360,3347,False,,complete
AMIGO FOOD MART,722 S Beacon St Suite 100,75223,liquor_store,48113001204,2.0,1458,0.421485,0.39754141500701695,0.04586314757457627,0.03171159721500831,3361,3629,False,,complete
TARGET STORE T-2334,39739 LYNDON B JOHNSON FWY,75237,liquor_store,48113010906,2.0,1556,0.403206,0.6388825651640834,0.045766258946995333,0.05603296554515016,3362,2970,False,,complete
FUEL CITY,2175 S TOWN EAST BOULEVARD,75149,liquor_store,48113017805,1.0,1329,0.448076,0.6056823200747785,0.04575595721912993,0.04525125717719125,3363,3276,False,,complete
PARK AND GAS,1221 E Belt Line Rd,75115,liquor_store,48113016620,2.0,1563,0.401683,0.4730760073114948,0.04570603356420544,0.04097154732823736,3364,3402,False,,complete
CHILL ZONE BEER & WINE,11918 Seagoville Rd,75180,liquor_store,48113017204,2.0,1453,0.420792,0.6400226410323856,0.04559330012323123,0.05242172679434129,3365,3088,False,,complete
TIGER MART 46,8702 S POLK ST,75232,grocery_food_mart,48113011104,2.0,1873,0.357811,0.6487003123523629,0.045585023839533174,0.06853500575031297,3366,2627,False,,complete
POLK MART,8770 S POLK ST,75232,liquor_store,48113011104,2.0,1873,0.357811,0.6487003123523629,0.045585023839533174,0.06853500575031297,3367,2628,False,,complete
ELAM MEAT MARKET,11501 ELAM RD,75180,liquor_store,48113017201,1.0,1331,0.446334,0.6933894103880289,0.045565614208632005,0.0522174061375751,3368,3093,False,,complete
A-1 AUTO,5900 W DAVIS ST,75211,grocery_food_mart,48113010701,1.0,1105,0.50842,0.7172541620692421,0.04549818406672425,0.04490927418743528,3369,3286,False,,complete
GLOSSAB,6025 ROYAL LN Ste:101,75230,barbershop_beauty,48113007604,2.0,2013,0.342274,0.2672132888917249,0.04549594129926175,0.028280605091674006,3370,3744,False,,complete
LIQUOR DEPOT,11709 SEAGOVILLE RD,75180,liquor_store,48113017201,1.0,1327,0.446334,0.6933894103880289,0.04542867772716354,0.052060479297191695,3371,3102,False,,complete
SALON EBENEZER,510 BERNICE ST,75211,barbershop_beauty,48113004500,1.0,1344,0.442264,0.5314095168877079,0.04539914758293473,0.03986347841010551,3372,3429,False,,complete
Face Haus,,,barbershop_beauty,48113013300,3.0,2177,0.326389,0.2695261571835551,0.04533657077103475,0.030882163145419805,3373,3651,False,,complete
TERRA SPA,5934 ROYAL LN Ste:251,75230,barbershop_beauty,48113007605,2.0,1866,0.35739,0.2871220566874511,0.04532683593948089,0.028410581945090198,3374,3736,False,,complete
GEORGE COFFEEHOUSE,462 HOUSTON STREET,75019,liquor_store,48113014126,1.0,1350,0.440204,0.3454570844891704,0.045290929301717395,0.025207748318653477,3375,3826,False,,complete
Tangerine Salon,723 West Main Street,75019,barbershop_beauty,48113014126,1.0,1350,0.440204,0.3454570844891704,0.045290929301717395,0.025207748318653477,3376,3827,False,,complete
Life Stream,,,barbershop_beauty,48113014126,1.0,1350,0.440204,0.3454570844891704,0.045290929301717395,0.025207748318653477,3377,3828,False,,complete
7-ELEVEN CONVENIENCE STORE #23989A,11803 PRESTON RD,75230,liquor_store,48113009604,2.0,1975,0.345158,0.49873989688073317,0.04527385589623897,0.05476651293508022,3378,3009,False,,complete
Dash In Grocery,2445 Goldfinch Ln,75042,liquor_store,48113018600,2.0,1733,0.373173,0.5219585319634594,0.04515386806057949,0.05043353718529352,3379,3137,False,,complete
7-Eleven Convenience Store #38249B,14054 N. Stemmons Fwy.,75234,liquor_store,48113013901,2.0,1674,0.380781,0.5204400684259176,0.04504036157918046,0.04856632575951115,3380,3181,False,,complete
7-ELEVEN CONVENIENCE STORE #35384A,5910 SINGLETON BLVD,75212,liquor_store,48113010602,1.0,1210,0.473039,0.7139175450860655,0.04503562026457479,0.048938107037774736,3381,3175,False,,complete
Restore Hyper Wellness,,,barbershop_beauty,48113013201,2.0,2014,0.340048,0.4374824198031521,0.045017361306861306,0.04855789985242671,3382,3182,False,,complete
Estyles Salon,,,barbershop_beauty,48113014001,3.0,2590,0.295452,0.4597416397696887,0.0449798752742862,0.06585197994619983,3383,2694,False,,complete
KROGER #436,235 FM 1382 EAST,75104,liquor_store,48113016522,1.0,1184,0.478808,0.5955516400176051,0.04483150629070835,0.03960536960137187,3384,3435,False,,complete
LIFT HOUSE FITNESS,6015 BERKSHIRE LN,75225,barbershop_beauty,48113007301,3.0,2299,0.314476,0.2774359530778855,0.04481549848484372,0.033687340960523,3385,3590,False,,complete
Hair Art & Co.,1251 West Campbell Road,,barbershop_beauty,48113019205,3.0,2611,0.293504,0.2922267684750788,0.044775978288339444,0.040541073817344994,3386,3412,False,,complete
7-ELEVEN CONVENIENCE STORE #21287,1602 N PLANO RD,75081,liquor_store,48113019036,2.0,1726,0.372097,0.36418695857193195,0.04476386374434546,0.034138818933093396,3387,3580,False,,complete
ROYAL NAIL SPA,5930 ROYAL LN Ste:F,75230,barbershop_beauty,48113007605,2.0,1842,0.35739,0.2871220566874511,0.044743854126754454,0.028045172531005438,3388,3750,False,,complete
SKINSPIRIT ESSENTIALS LLC,5959 ROYAL LN Ste:530,75230,barbershop_beauty,48113007605,2.0,1842,0.35739,0.2871220566874511,0.044743854126754454,0.028045172531005438,3389,3751,False,,complete
Ruiz Cuts,2033 Military Parkway,75149,barbershop_beauty,48113017602,2.0,1371,0.431874,0.5738145435907128,0.044718744231028625,0.044099636904082896,3390,3312,False,,complete
Maste Kutz,2033 Military Parkway,75149,barbershop_beauty,48113017602,2.0,1371,0.431874,0.5738145435907128,0.044718744231028625,0.044099636904082896,3391,3313,False,,complete
ETCETERA REAL ESTATE,1034 W CAMP WISDOM RD,,barbershop_beauty,48113016417,2.0,1673,0.378764,0.5053356772617548,0.04463622085212328,0.04704413146011699,3392,3219,False,,complete
CAMP SUPER WASH & DRY,1052 W CAMP WISDOM RD,,laundromat,48113016417,2.0,1673,0.378764,0.5053356772617548,0.04463622085212328,0.04704413146011699,3393,3220,False,,complete
MALLOYSHELL MART,600 E Malloy Bridge Rd,75159,liquor_store,48113017008,1.0,1017,0.530767,0.6289095127469162,0.044415480640052345,0.03602376326668942,3394,3523,False,,complete
WALGREENS #09323,610 E MALLOY BRIDGE RD,75159,liquor_store,48113017008,1.0,1017,0.530767,0.6289095127469162,0.044415480640052345,0.03602376326668942,3395,3524,False,,complete
STONEY'S FINE WINES,6038 ORAM ST,75206,liquor_store,48113001101,3.0,3221,0.263308,0.19030622366848535,0.04436383472037222,0.030614153834786866,3396,3655,False,,complete
Family Dollar #31677,1500 N Polk St,75115,liquor_store,48113016634,1.0,1289,0.447746,0.6057556262709036,0.04433124986470325,0.04389487658765614,3397,3318,False,,complete
Signature Salon Suites,,,barbershop_beauty,48113019052,2.0,1538,0.397881,0.4298137495551409,0.044321270991609624,0.036384523413088794,3398,3514,False,,complete
Luxury Nails,,,barbershop_beauty,48113019205,3.0,2581,0.293504,0.2922267684750788,0.04426150898590735,0.04007526293472517,3399,3422,False,,complete
Floyd's 99 Barbershop,11811 Preston Road,75230,barbershop_beauty,48113009604,2.0,1930,0.345158,0.49873989688073317,0.04424229968594491,0.053518668336559404,3400,3047,False,,complete
GOOD FORTUNE SUPERMARKET,400 N GREENVILLE AVE STE 1,75081,liquor_store,48113019102,2.0,1786,0.361542,0.5324506973285927,0.04421255233021276,0.05308322320479606,3401,3061,False,,complete
Tofu Factory,400 NORTH GREENVILLE AVE STE 11B,75081,liquor_store,48113019102,2.0,1786,0.361542,0.5324506973285927,0.04421255233021276,0.05308322320479606,3402,3062,False,,complete
Bayou Kutz,1300 Campbell Road,75080,barbershop_beauty,48113019205,3.0,2578,0.293504,0.2922267684750788,0.04421006205566414,0.04002868184646319,3403,3424,False,,complete
LOVE'S TRAVEL STOP #294,8800 S POLK STREET,75232,liquor_store,48113016634,1.0,1283,0.447746,0.6057556262709036,0.04412489804221433,0.04369055598290367,3404,3325,False,,complete
"BAD AXE THROWING USA, INC.",5438 EAST GRAND AVE,75223,other_storefront,48113001202,2.0,1462,0.40997,0.4295871456775767,0.04410696495765171,0.034567012378602796,3405,3571,False,,complete
SANTA MARIA HAIR SALON,5423 EAST GRAND AVE,75223,barbershop_beauty,48113001202,2.0,1462,0.40997,0.4295871456775767,0.04410696495765171,0.034567012378602796,3406,3572,False,,complete
LA BORI BOXING INC,5440 EAST GRAND AVE Ste:120,75223,barbershop_beauty,48113001202,2.0,1462,0.40997,0.4295871456775767,0.04410696495765171,0.034567012378602796,3407,3573,False,,complete
KROGER #209,525 N GALLOWAY,75149,liquor_store,48113017704,2.0,1357,0.430684,0.45403545391335276,0.04408157289937602,0.03404481854399945,3408,3584,False,,complete
Boxed Bites,6030 Luther Ln STE 160,75225,liquor_store,48113007301,3.0,2261,0.314476,0.2774359530778855,0.04407474644377192,0.0331305254074565,3409,3604,False,,complete
ROYAL DONUTS,10725 AUDELIA RD Ste:101,75231,convenience_corner_store,48113013008,3.0,2196,0.319136,0.433345166312666,0.04395167650767677,0.05240909602257092,3410,3090,False,,complete
OFFBEAT BOXING & SPIN CYCLING,718 N BUCKNER BLVD Ste:416,75218,barbershop_beauty,48113012900,2.0,1636,0.3804,0.336248606098862,0.04394825836103472,0.029657862201362253,3411,3678,False,,complete
7-ELEVEN CONVENIENCE STORE #27427B,3602 S LANCASTER RD,75216,convenience_corner_store,48113005700,2.0,1406,0.419155,0.5755256574076163,0.04386119712863335,0.04536760834455758,3412,3271,False,,complete
CIRCLE K #2741199,102 E ARAPAHO ROAD,75081,liquor_store,48113019102,2.0,1766,0.361542,0.5324506973285927,0.04371745096033356,0.05248878621482074,3413,3085,False,,complete
Nucare Cleaners,,,laundromat,48113013201,2.0,1953,0.340048,0.4374824198031521,0.04365387618286997,0.04708717895322213,3414,3218,False,,complete
Habibi Cutz Barbershop,,,barbershop_beauty,48113019036,2.0,1682,0.372097,0.36418695857193195,0.04362272237426945,0.03326853617929495,3415,3598,False,,complete
7-ELEVEN CONVENIENCE STORE #34117A,12103 WEBB CHAPEL RD,75234,liquor_store,48113014001,3.0,2511,0.295452,0.4597416397696887,0.04360790224468443,0.06384336743046633,3416,2755,False,,complete
365 FOOD & FUEL #7,2801 N FITZHUGH AVE,75204,convenience_corner_store,48113000802,3.0,2640,0.287798,0.24144470109060595,0.04358928454702541,0.03306948366434209,3417,3605,False,,complete
Swift T,2033 Military Parkway,75149,convenience_corner_store,48113017602,2.0,1332,0.431874,0.5738145435907128,0.043446657414828685,0.04284516145604553,3418,3350,False,,complete
STREET'S FINE CHICKEN,5211 FOREST LN STE 108,75244,liquor_store,48113009603,2.0,1910,0.343452,0.4151983350440127,0.04341956109028013,0.04353541922900247,3419,3326,False,,complete
The Only Facial,718 North Buckner Boulevard,,barbershop_beauty,48113012900,2.0,1614,0.3804,0.336248606098862,0.04335726711168096,0.029259040093519977,3420,3700,False,,complete
PAPA JOHNS'S,6045 FOREST LN,75230,convenience_corner_store,48113013300,3.0,2070,0.326389,0.2695261571835551,0.04310826894627558,0.029364298443279282,3421,3692,False,,complete
,5941 FOREST LN,75230,barbershop_beauty,48113009604,2.0,1879,0.345158,0.49873989688073317,0.04307320264761165,0.05210444445823581,3422,3099,False,,complete
US ONE STOP FOOD MART,12909 JUPITER RD,75238,liquor_store,48113013011,2.0,1387,0.41783,0.5605547790080619,0.04306303003929658,0.043527552876000304,3423,3327,False,,complete
24 SEVEN FOOD MART,401 E Pioneer Dr,75061,liquor_store,48113014602,1.0,1269,0.442919,0.6970977201385549,0.042958633808561526,0.05006310826434064,3424,3151,False,,complete
Hot Nails & Spa,,,barbershop_beauty,48113016620,2.0,1469,0.401683,0.4730760073114948,0.042957238199499544,0.0385074875401028,3425,3463,False,,complete
Hair Couture Salon,,,barbershop_beauty,48113016620,2.0,1469,0.401683,0.4730760073114948,0.042957238199499544,0.0385074875401028,3426,3464,False,,complete
FLAMINGO BEER WINE BEVERAGES,2810 E TRINITY MILLS RD STE 219,75006,liquor_store,48113013722,2.0,1875,0.344974,0.4380386487905213,0.04294294058487413,0.04526821166033609,3427,3274,False,,complete
CENTRAL MARTIAL ARTS & FITNESS,6031 FOREST LN,75230,barbershop_beauty,48113013300,3.0,2062,0.326389,0.2695261571835551,0.04294166694068611,0.02925081323190429,3428,3701,False,,complete
Forest Nails & Spa,,,barbershop_beauty,48113013201,2.0,1919,0.340048,0.4374824198031521,0.04289390086785841,0.04626743287825563,3429,3241,False,,complete
CORNER STORE,2215 OATES DR Ste:A,75228,convenience_corner_store,48113012502,2.0,1439,0.406083,0.5495146281506247,0.04278778416103683,0.044220694955006946,3430,3301,False,,complete
CORNER STORE BEER AND WINE,2215 OATES DR STE A,75228,liquor_store,48113012502,2.0,1439,0.406083,0.5495146281506247,0.04278778416103683,0.044220694955006946,3431,3302,False,,complete
Miracle Mart,4290 S Beltline Rd,75180,liquor_store,48113017315,2.0,1478,0.398953,0.5377288891389482,0.04276934745433194,0.044389864160769406,3432,3297,False,,complete
Ken's Man Shop,,,barbershop_beauty,48113013300,3.0,2052,0.326389,0.2695261571835551,0.04273341443369926,0.029108956717685548,3433,3707,False,,complete
LE CAVEAU VINOTHEQUE,718 N BUCKNER BLVD STE 332,75218,liquor_store,48113012900,2.0,1588,0.3804,0.336248606098862,0.042658822907899234,0.02878770487516092,3434,3723,False,,complete
GREEN SPOT MARKET & FUELS,702 N BUCKNER BLVD,75218,liquor_store,48113012900,2.0,1588,0.3804,0.336248606098862,0.042658822907899234,0.02878770487516092,3435,3724,False,,complete
DISTRICT 9 DRAUGHTHAUS,718 N BUCKNER BLVD STE 215,75218,liquor_store,48113012900,2.0,1588,0.3804,0.336248606098862,0.042658822907899234,0.02878770487516092,3436,3725,False,,complete
RONNIE'S CATFISH AND MORE,10729 AUDELIA RD Ste:113,75231,convenience_corner_store,48113013008,3.0,2130,0.319136,0.433345166312666,0.042630724481489767,0.050833959256865235,3437,3129,False,,complete
Roy Orr Mart,2970 Roy Orr Blvd,75050,liquor_store,48113015304,1.0,1155,0.470119,0.6244573463247142,0.04261151752915551,0.04060808810368348,3438,3407,False,,complete
ULTA BEAUTY,11700 PRESTON RD Ste:737,75230,grocery_food_mart,48113013300,3.0,2034,0.326389,0.2695261571835551,0.04235855992112295,0.028853614992091815,3439,3721,False,,complete
JOHN'S BEST BUY LIQUOR,3724 Samuell Blvd,75228,liquor_store,48113001202,2.0,1404,0.40997,0.4295871456775767,0.04235716744223188,0.03319568083417122,3440,3601,False,,complete
The Hair Bar,,,barbershop_beauty,48113013300,3.0,2030,0.326389,0.2695261571835551,0.04227525891832822,0.02879687238640432,3441,3722,False,,complete
Murphy USA 7832,200 N Highway 175,75159,liquor_store,48113017008,1.0,966,0.530767,0.6289095127469162,0.04218815565220311,0.03421726186393508,3442,3578,False,,complete
QUALITY LICENSING CORP. (STORE #5288),220 N HIGHWAY 175,75159,liquor_store,48113017008,1.0,966,0.530767,0.6289095127469162,0.04218815565220311,0.03421726186393508,3443,3579,False,,complete
Webb Chapel Beer & Wine,1004 Webb Chapel Rd,75006,liquor_store,48113013715,2.0,1880,0.34074,0.5049265193959123,0.0421676011612888,0.05281944070902991,3444,3074,False,,complete
Simply Liquor Sachse,5120 State Highway 78,75048,liquor_store,48113018151,2.0,1748,0.355852,0.4825479381527005,0.04215996488575159,0.046799375175521296,3445,3228,False,,complete
Tom Thumb #3621,4010 N MacArthur Blvd,75038,liquor_store,48113014313,3.0,2750,0.277185,0.18164630050665237,0.042142776670075564,0.024730296349128805,3446,3846,False,,complete
QUIKTRIP #960,522 W BELT LINE ROAD,75080,liquor_store,48113019203,3.0,2070,0.321951,0.34861782877570946,0.04208127551905307,0.039038490978139086,3447,3448,False,,complete
SPIRIT HALLOWEEN,16631 COIT RD Ste:120,75248,grocery_food_mart,48113019205,3.0,2452,0.293504,0.2922267684750788,0.04204929098544937,0.038072276139459946,3448,3481,False,,complete
DON CUCO MEAT MARKET,1701 S PEACHTREE RD,75180,liquor_store,48113011902,2.0,1655,0.367095,0.3260989419215336,0.04199702920464122,0.02900972455580287,3449,3711,False,,complete
CRACKER BARREL OLD COUNTRY STORE #266,1421 N INTERSTATE 35 E #SR,75115,liquor_store,48113016610,1.0,1066,0.492303,0.5708693035781052,0.04197170165024478,0.03410347524324682,3450,3581,False,,complete
Liquor Island,504 S. MacArthur Boulevard,75060,liquor_store,48113014903,2.0,1470,0.39536,0.55189166847014,0.041947396990987505,0.04537980481772674,3451,3270,False,,complete
SUSHI ON,1310 W CAMPBELL RD STE 114,75080,liquor_store,48113019205,3.0,2444,0.293504,0.2922267684750788,0.04191209917146748,0.037948059904094666,3452,3482,False,,complete
WALGREENS #13930,11700 PRESTON  ROAD SUITE 703,75230,liquor_store,48113013300,3.0,2012,0.326389,0.2695261571835551,0.04190040440575191,0.028541530660810586,3453,3731,False,,complete
WFM BEVERAGE CORP.,11700 PRESTON RD STE 714,75230,liquor_store,48113013300,3.0,2012,0.326389,0.2695261571835551,0.04190040440575191,0.028541530660810586,3454,3732,False,,complete
BZ Mart,3602 S Lancaster Rd,75216,liquor_store,48113005700,2.0,1341,0.419155,0.5755256574076163,0.0418334746440237,0.04327024380515769,3455,3333,False,,complete
Malacrave LLC DBA LA Burger,"2000 N Plano Rd, Ste115",75082,liquor_store,48113019036,2.0,1612,0.372097,0.36418695857193195,0.04180727019460306,0.03188399543461561,3456,3625,False,,complete
Living Spaces - Farmers Branch,13307 Midway Rd Suite 100,75244,liquor_store,48113013806,3.0,2050,0.322473,0.43178307820718564,0.04179432157185134,0.048735479967884514,3457,3178,False,,complete
DISCOUNT BEER & WINE,1933 NW HWY SUITE A,75041,liquor_store,48113018401,2.0,1565,0.378785,0.5273768123488831,0.041758417393507836,0.04604548303189158,3458,3251,False,,complete
FOOTLOCKER,3540 W CAMP WISDOM RD Ste:120,75237,grocery_food_mart,48113010904,2.0,1700,0.359797,0.5191471709630978,0.04175198601019028,0.0491907661321548,3459,3171,False,,complete
Bitter Sisters Brewing Company,15103 Surveyor Blvd,75001,liquor_store,48113013727,3.0,2262,0.305136,0.2947079336540092,0.04173240522601499,0.035453776730086886,3460,3540,False,,complete
Karizma Threading & Styling,,,barbershop_beauty,48113013727,3.0,2262,0.305136,0.2947079336540092,0.04173240522601499,0.035453776730086886,3461,3541,False,,complete
MURPHY USA #7807,2505 LAKEVIEW PKWY,75088,liquor_store,48113018156,2.0,1669,0.363293,0.40528103083099554,0.04164291185081062,0.03706415092264236,3462,3504,False,,complete
"HIGHLAND PARK DANCE COMPANY, LLC",8300 DOUGLAS AVE Ste:150,75225,barbershop_beauty,48113007301,3.0,2134,0.314476,0.2774359530778855,0.041599075148610914,0.03126958921694479,3463,3638,False,,complete
7-Eleven Convenience Store #35421B,10804 Preston Rd,75230,liquor_store,48113013300,3.0,1995,0.326389,0.2695261571835551,0.04154637514387429,0.02830037458663873,3464,3743,False,,complete
GOOD NEWS BOOK STORE,3617 S LANCASTER RD,75216,convenience_corner_store,48113005700,2.0,1331,0.419155,0.5755256574076163,0.04152151733869914,0.042947572337557714,3465,3343,False,,complete
Fossil Creek Liquor,4030 N MacArthur Blvd Ste D116,75038,liquor_store,48113014313,3.0,2708,0.277185,0.18164630050665237,0.04149914153547805,0.024352597277614838,3466,3856,False,,complete
Galloway Beer & Wine,4701 N Galloway Ave Ste 100,75150,liquor_store,48113018130,3.0,1879,0.337339,0.5874799455299337,0.041430768317789524,0.06195725357659263,3467,2827,False,,complete
FREE PLAY ARCADE,3015 GULDEN LN Ste:100,75212,other_storefront,48113010102,3.0,2096,0.316827,0.5989262711328857,0.04140919920433063,0.07053016497129315,3468,2591,False,,complete
Goldrush Cafe,1913 Skillman St,75206,liquor_store,48113001101,3.0,3005,0.263308,0.19030622366848535,0.04138879954508491,0.02856117114980892,3469,3729,False,,complete
THE WINE THERAPIST,1909 SKILLMAN ST,75206,liquor_store,48113001101,3.0,3005,0.263308,0.19030622366848535,0.04138879954508491,0.02856117114980892,3470,3730,False,,complete
"SHAMAR LLC, (ARMSTRONG MCCALL)",13394 PRESTON RD,75240,convenience_corner_store,48113013608,3.0,2307,0.300265,0.3067846238166986,0.04130637644344077,0.037805391224476945,3471,3487,False,,complete
ORANGE THEORY FITNESS,6065 FOREST LN,75230,barbershop_beauty,48113013300,3.0,1983,0.326389,0.2695261571835551,0.041296472135490085,0.02813014676957624,3472,3747,False,,complete
FOREST NAILS SPA,6059 FOREST LN,75230,barbershop_beauty,48113013300,3.0,1983,0.326389,0.2695261571835551,0.041296472135490085,0.02813014676957624,3473,3748,False,,complete
QUALITY LICENSING CORP. (STORE #1055),5302 N GARLAND AVE,75040,liquor_store,48113019027,2.0,1554,0.377408,0.5552448331431477,0.04122568913336226,0.048280843493769,3474,3188,False,,complete
QUALITY LICENSING CORP. (STORE #2667),7401 SAMUELL BLVD,75228,liquor_store,48113012207,2.0,1363,0.410578,0.6870570509407926,0.04121288393951366,0.05296281514719972,3475,3069,False,,complete
CHICKA CHICKA HOT  WINGS,2650 Midway Rd SUITE 100,75006,liquor_store,48113013727,3.0,2232,0.305136,0.2947079336540092,0.04117892505060366,0.03498356748963481,3476,3552,False,,complete
TROPHY FITNESS,2812 VINE ST Ste:300,75204,barbershop_beauty,48113001801,3.0,4097,0.229919,0.1503759539717263,0.04113672319195752,0.029273359186958562,3477,3697,False,,complete
THE DOLLY LLAMA,2817 HOWELL ST Ste:210,75204,convenience_corner_store,48113001801,3.0,4097,0.229919,0.1503759539717263,0.04113672319195752,0.029273359186958562,3478,3698,False,,complete
EATZI'S MARKET & BAKERY,6025 ROYAL LANE SUITE 208,75230,liquor_store,48113013300,3.0,1975,0.326389,0.2695261571835551,0.04112987012990061,0.028016661558201247,3479,3752,False,,complete
SHAKE SHACK,6025 ROYAL LN STE 305,75230,liquor_store,48113013300,3.0,1975,0.326389,0.2695261571835551,0.04112987012990061,0.028016661558201247,3480,3753,False,,complete
THE LOCAL SHOPPE #703,5304 ARAPAHO RD,75248,convenience_corner_store,48113013620,3.0,3428,0.247345,0.36038346321485915,0.041097531663399585,0.06703250082963201,3481,2665,False,,complete
TACOS SAZON,4441 LAWNVIEW AVE Ste:A,75227,convenience_corner_store,48113008402,2.0,1566,0.373746,0.5915680936759701,0.04090294257605188,0.052014836461525896,3482,3104,False,,complete
DIAMOND EMPIRE FITNESS,4442 LAWNVIEW AVE Ste:160,75227,barbershop_beauty,48113008402,2.0,1566,0.373746,0.5915680936759701,0.04090294257605188,0.052014836461525896,3483,3105,False,,complete
M & J FOOD STORE,4441 LAWNVIEW AVE STE B,75227,liquor_store,48113008402,2.0,1566,0.373746,0.5915680936759701,0.04090294257605188,0.052014836461525896,3484,3106,False,,complete
Radiant Waxing,4343 West Northwest Highway,75220,barbershop_beauty,48113020600,2.0,1713,0.353644,0.2970887625148544,0.04089297018688374,0.027089937711024224,3485,3774,False,,complete
Perfect Brow,,,barbershop_beauty,48113016522,1.0,1079,0.478808,0.5955516400176051,0.04085573926323844,0.0360930690877367,3486,3519,False,,complete
Perfect Brow Skincare,,,barbershop_beauty,48113016522,1.0,1079,0.478808,0.5955516400176051,0.04085573926323844,0.0360930690877367,3487,3520,False,,complete
LaBella Nail & Spa,145 West FM 1382,75104,barbershop_beauty,48113016522,1.0,1078,0.478808,0.5955516400176051,0.04081787481535778,0.03605961860665446,3488,3521,False,,complete
TRIPLE D SMOKE SHOP,2131 OATES DR Ste:103A,75228,convenience_corner_store,48113012400,2.0,1491,0.384943,0.4378112783033169,0.040810323278018965,0.035977249863826985,3489,3525,False,,complete
Las Barajas,3710 Samuell Blvd,75228,liquor_store,48113001202,2.0,1349,0.40997,0.4295871456775767,0.040697876694851004,0.03189528023169301,3490,3622,False,,complete
Chula's Drive Thru,3708 Samuell Blvd,75228,liquor_store,48113001202,2.0,1349,0.40997,0.4295871456775767,0.040697876694851004,0.03189528023169301,3491,3623,False,,complete
PARLIAMENT,2418 ALLEN ST,75204,other_storefront,48113001703,3.0,4323,0.224214,0.15095686594257735,0.04064883027032617,0.03103653697079165,3492,3643,False,,complete
ADORE ORGANIC SPA,2410 ALLEN ST,75204,barbershop_beauty,48113001703,3.0,4323,0.224214,0.15095686594257735,0.04064883027032617,0.03103653697079165,3493,3644,False,,complete
KORNER,2422 ALLEN ST,75204,convenience_corner_store,48113001703,3.0,4323,0.224214,0.15095686594257735,0.04064883027032617,0.03103653697079165,3494,3645,False,,complete
KORNER THE MARKET,2422 Allen St,75204,liquor_store,48113001703,3.0,4323,0.224214,0.15095686594257735,0.04064883027032617,0.03103653697079165,3495,3646,False,,complete
PARADIGM GYM,5815 LIVE OAK ST Ste:104,75214,barbershop_beauty,48113001102,3.0,2936,0.263865,0.28546415248365187,0.04062126006025908,0.04441412501464175,3496,3292,False,,complete
ULTIMATE IMAGE MED SPA,8604 GREENVILLE AVE Ste:102,75243,barbershop_beauty,48113007812,3.0,2414,0.290342,0.2668735493778429,0.040544315316679874,0.03386578622411098,3497,3587,False,,complete
Preston Royal,5626 Royal Lane,75229,library,48113007605,2.0,1669,0.35739,0.2871220566874511,0.040541526893351346,0.025411179671144448,3498,3823,False,,complete
Michael Raymond Salon,11661 Preston Road,75230,barbershop_beauty,48113013400,3.0,2050,0.316652,0.26843937651892497,0.040460304212254106,0.02894893889258048,3499,3716,False,,complete
YOGA FACTORY TEXAS,17194 PRESTON RD Ste:215,75248,barbershop_beauty,48113013617,3.0,2060,0.315676,0.3738403701216465,0.040432907391297485,0.041920120599554286,3500,3385,False,,complete
RALLY HOUSE,11661 PRESTON RD Ste:232,75230,grocery_food_mart,48113013400,3.0,2046,0.316652,0.26843937651892497,0.04038135727720581,0.02889245315815593,3501,3719,False,,complete
Thera Head & Nails Spa,,,barbershop_beauty,48113013201,2.0,1805,0.340048,0.4374824198031521,0.04034574834105494,0.04351887250925036,3502,3328,False,,complete
OSAKA FOOT REFLEXOLOGY,11449 DENTON DR,75229,barbershop_beauty,48113009900,2.0,1228,0.433542,0.5594792586308812,0.04028340953393653,0.03845969006342377,3503,3465,False,,complete
SHAKE SHACK,5290 BELT LINE RD STE 112A,75240,liquor_store,48113013622,3.0,2244,0.300608,0.4708881595405502,0.04026441923414648,0.05853277018274563,3504,2910,False,,complete
EAGLE OATES FOOD MART,2222 OATES DRIVE,75228,liquor_store,48113012301,2.0,1439,0.390365,0.3555686299804548,0.04025925422854875,0.027729381617631773,3505,3763,False,,complete
MURPHY EXPRESS,6410 LEMMON AVE,75209,gas_station,48113000409,3.0,2610,0.278076,0.1541251686118325,0.04025729921322705,0.01922685918135184,3506,3978,False,,complete
"DALLAS WELNNES CENTER, PC",4144 N CENTRAL EXPY Ste:405,75204,barbershop_beauty,48113000802,3.0,2437,0.287798,0.24144470109060595,0.04023753274284126,0.030526640791667305,3507,3657,False,,complete
MIKE'S CHICKEN,7752 Forest Ln,75230,liquor_store,48113013101,3.0,2038,0.316204,0.2791154535432948,0.040121394793826856,0.030065151673104393,3508,3667,False,,complete
Smokii Monkey,7732 Forest Lane,,barbershop_beauty,48113013101,3.0,2038,0.316204,0.2791154535432948,0.040121394793826856,0.030065151673104393,3509,3668,False,,complete
WINGSTOP,5601 PRESIDENT GEORGE BUSH HWY SUITE 600,75089,liquor_store,48113018140,2.0,1481,0.382092,0.42655778557843477,0.04006459012889083,0.034751135659963864,3510,3557,False,,complete
Great Clips,5701 President George Bush Highway,75088,barbershop_beauty,48113018140,2.0,1481,0.382092,0.42655778557843477,0.04006459012889083,0.034751135659963864,3511,3558,False,,complete
Midway Fueling LLC,4205 Lyndon B Johnson Fwy,75244,liquor_store,48113013806,3.0,1964,0.322473,0.43178307820718564,0.040040998813227334,0.046690967149719605,3512,3232,False,,complete
Murphy Express,,,gas_station,48113019027,2.0,1505,0.377408,0.5552448331431477,0.03992578001654454,0.04675847455477629,3513,3230,False,,complete
BB'S CUTS,406 E SANER AVE,75216,barbershop_beauty,48113005600,2.0,1346,0.404975,0.5273490500803241,0.03985576334733243,0.03959984953674647,3514,3437,False,,complete
DI ROSANI'S,105 S MAIN STREET,75060,liquor_store,48113014903,2.0,1396,0.39536,0.55189166847014,0.03983575931933235,0.043095379269079276,3515,3339,False,,complete
KPP FOOD MART,3924 W RED BIRD LN,75237,grocery_food_mart,48113010903,2.0,1342,0.405548,0.661845259511921,0.039823285364641935,0.05014754436113214,3516,3145,False,,complete
SMOOTHIE FACTORY,13380 PRESTON RD,75240,convenience_corner_store,48113013608,3.0,2224,0.300265,0.3067846238166986,0.03982027794114099,0.036445249277519166,3517,3512,False,,complete
CASH SAVER,2130 E LEDBETTER DR,75216,liquor_store,48113008705,1.0,1176,0.441993,0.5633496129219306,0.03968862652968332,0.037100053914617764,3518,3502,False,,complete
Sunny Food Mart # 10,2104 E Ledbetter Dr,75216,liquor_store,48113008705,1.0,1176,0.441993,0.5633496129219306,0.03968862652968332,0.037100053914617764,3519,3503,False,,complete
Ulta Beauty,416 West Farm to Market Road,75104,barbershop_beauty,48113016522,1.0,1047,0.478808,0.5955516400176051,0.039644076931057134,0.035022653693105026,3520,3550,False,,complete
Milano Nail Spa,11661 Preston Road,75230,barbershop_beauty,48113013400,3.0,2006,0.316652,0.26843937651892497,0.0395918879267228,0.028327595813910457,3521,3738,False,,complete
RON'S TIENDITA,2140 W GRAUWYLER RD,75061,liquor_store,48113014501,3.0,1937,0.322853,0.34054702810369103,0.039572822502830736,0.03560645926195538,3522,3533,False,,complete
SCARLET REAGAN,5812 LIVE OAK ST,75214,other_storefront,48113001102,3.0,2859,0.263865,0.28546415248365187,0.03955592047421005,0.04324931315288173,3523,3334,False,,complete
Vintage Wine Bar,5832 Live Oak St,75214,liquor_store,48113001102,3.0,2859,0.263865,0.28546415248365187,0.03955592047421005,0.04324931315288173,3524,3335,False,,complete
MESQUITE CATERING CO.,1700 RODEO DR,75149,liquor_store,48113017606,1.0,1044,0.478717,0.6019188079639203,0.039519862917491586,0.03531509225710351,3525,3543,False,,complete
LA MADELEINE FRENCH BAKERY & CAFE,4343 W NW HWY SUITE 365,75220,liquor_store,48113020600,2.0,1653,0.353644,0.2970887625148544,0.03946064198419078,0.02614107824654001,3526,3801,False,,complete
Dermani Medspa,,,barbershop_beauty,48113013400,3.0,1996,0.316652,0.26843937651892497,0.03939452058910205,0.02818638147784909,3527,3745,False,,complete
Nails Now,,,barbershop_beauty,48113013400,3.0,1996,0.316652,0.26843937651892497,0.03939452058910205,0.02818638147784909,3528,3746,False,,complete
786 CELL PHONE REPAIR,9811 FERGUSON RD Ste:100,75228,convenience_corner_store,48113012400,2.0,1439,0.384943,0.4378112783033169,0.0393870256184234,0.034722510096611016,3529,3561,False,,complete
HAY MARKET,1030 HAYMARKET ROAD,75217,liquor_store,48113011702,1.0,1044,0.477467,0.6500092241967682,0.03937397459436595,0.03828178562844096,3530,3476,False,,complete
DOMINO'S,13410 PRESTON RD Ste:B,75240,convenience_corner_store,48113013608,3.0,2191,0.300265,0.3067846238166986,0.03922941950046758,0.03590446994921065,3531,3526,False,,complete
LOVESAC,6011 ROYAL LN,75230,convenience_corner_store,48113013300,3.0,1877,0.326389,0.2695261571835551,0.03908899556142959,0.026626467718857592,3532,3795,False,,complete
CVS/PHARMACY #7288,11661 PRESTON RD STE 218,75230,liquor_store,48113013400,3.0,1979,0.316652,0.26843937651892497,0.03905899611514677,0.027946317106544764,3533,3755,False,,complete
NATURAL GROCERS,11661 PRESTON RD STE 224,75230,liquor_store,48113013400,3.0,1979,0.316652,0.26843937651892497,0.03905899611514677,0.027946317106544764,3534,3756,False,,complete
WALGREENS #07783,2301 LAKELAND DR,75228,liquor_store,48113012213,3.0,2773,0.265865,0.2869505172363001,0.03898605810213397,0.04219190487647809,3535,3379,False,,complete
CVS/PHARMACY #10056,5050 S LANCASTER RD,75216,liquor_store,48113008704,1.0,1059,0.469207,0.5847013934057242,0.0389618115746223,0.034745091638672655,3536,3559,False,,complete
T-MOBILE,3703 W CAMP WISDOM RD,75237,convenience_corner_store,48113010904,2.0,1584,0.359797,0.5191471709630978,0.03890302696478906,0.04583421973725483,3537,3254,False,,complete
Breakfast Brothers #2,3704 W Camp Wisdom Rd STE 110,75237,liquor_store,48113010904,2.0,1584,0.359797,0.5191471709630978,0.03890302696478906,0.04583421973725483,3538,3255,False,,complete
"DOUGLAS CENTER - HP, LP",8333 DOUGLAS AVE Ste:C20,75225,barbershop_beauty,48113007301,3.0,1994,0.314476,0.2774359530778855,0.03886998868150429,0.029218163495120856,3539,3703,False,,complete
Mattison Avenue,,,barbershop_beauty,48113013617,3.0,1980,0.315676,0.3738403701216465,0.03886269739551894,0.0402921547510279,3540,3418,False,,complete
PAYLESS BEER & WINE,2016 W GRAUWYLER RD SUITE 103,75061,liquor_store,48113014501,3.0,1901,0.322853,0.34054702810369103,0.03883734412900425,0.03494469749973009,3541,3553,False,,complete
Starwood Cafe,1880 N Hwy 175,75159,liquor_store,48113017007,1.0,909,0.522235,0.6252791841050173,0.0388317811445327,0.03200323589497288,3542,3619,False,,complete
LUXURY,11250 HARRY HINES BLVD Ste:116,75229,barbershop_beauty,48113009900,2.0,1182,0.433542,0.5594792586308812,0.03877442188038517,0.03701901763433787,3543,3506,False,,complete
Murphy USA #8991,500 S Buckner Blvd,75217,liquor_store,48113012900,2.0,1440,0.3804,0.336248606098862,0.038683063594064794,0.026104719786040127,3544,3803,False,,complete
DALLAS HAIR BY JAY,2805 ALLEN ST Ste:117,75204,barbershop_beauty,48113001801,3.0,3848,0.229919,0.1503759539717263,0.0386365903936179,0.027494236307399694,3545,3768,False,,complete
FREEHAND INCORPORATED,2815 ALLEN ST Ste:126,75204,barbershop_beauty,48113001801,3.0,3848,0.229919,0.1503759539717263,0.0386365903936179,0.027494236307399694,3546,3769,False,,complete
T&T WINGS,1701 HWY 175 NORTH,75159,liquor_store,48113017006,1.0,792,0.5763,0.6044448529568984,0.03862049863209759,0.02690897663131805,3547,3784,False,,complete
TALULAH & HESS,5810 LIVE OAK,75214,liquor_store,48113001102,3.0,2791,0.263865,0.28546415248365187,0.03861510109951739,0.042220648132106645,3548,3378,False,,complete
QUIKTRIP #990,4901 LAKEVIEW PKWY,75089,liquor_store,48113018140,2.0,1426,0.382092,0.42655778557843477,0.03857670865887801,0.033460580318101604,3549,3594,False,,complete
7-Eleven,3710 Belt Line Road,75001,convenience_corner_store,48113013726,2.0,1712,0.341419,0.4145957058635426,0.03852938472269242,0.038961360243287224,3550,3449,False,,complete
Supercuts,3720 Belt Line Road,75001,barbershop_beauty,48113013726,2.0,1712,0.341419,0.4145957058635426,0.03852938472269242,0.038961360243287224,3551,3450,False,,complete
Le's Nails,3718 Belt Line Road,75001,barbershop_beauty,48113013726,2.0,1712,0.341419,0.4145957058635426,0.03852938472269242,0.038961360243287224,3552,3451,False,,complete
THE ALCOVE,2907 STATE ST,75204,liquor_store,48113001703,3.0,4097,0.224214,0.15095686594257735,0.038523769978608915,0.029413993053280914,3553,3689,False,,complete
UPTOWN PUP,2905 THOMAS AVE,75204,convenience_corner_store,48113001703,3.0,4097,0.224214,0.15095686594257735,0.038523769978608915,0.029413993053280914,3554,3690,False,,complete
CAPSULE CARE,2909 MCKINNEY AVE,75204,convenience_corner_store,48113001703,3.0,4097,0.224214,0.15095686594257735,0.038523769978608915,0.029413993053280914,3555,3691,False,,complete
Skin Spirit,5959 Royal Lane,75230,barbershop_beauty,48113013400,3.0,1951,0.316652,0.26843937651892497,0.038506367569808665,0.027550916965572936,3556,3767,False,,complete
MARTSMART,2347 OATES DR,75228,liquor_store,48113012502,2.0,1295,0.406083,0.5495146281506247,0.03850603230614502,0.03979555244387351,3557,3430,False,,complete
BEST BUY BEVERAGE,5011 MILITARY PKWY Ste:B,,liquor_store,48113002500,1.0,859,0.540924,0.5882942073267108,0.038490508782438086,0.028365588539561584,3558,3737,False,,complete
MILLER GAS & MORE,2435 W MILLER ROAD,75041,liquor_store,48113018600,2.0,1474,0.373173,0.5219585319634594,0.03840554040467062,0.042896153382067315,3559,3345,False,,complete
H & Y LIQUIDATIONS,4540 LAWNVIEW AVE Ste:111,75227,convenience_corner_store,48113008402,2.0,1470,0.373746,0.5915680936759701,0.03839548249476134,0.04882618748304155,3560,3177,False,,complete
L.A. Nails & Spa,3756 Belt Line Road,75001,barbershop_beauty,48113013726,2.0,1704,0.341419,0.4145957058635426,0.038349340868848066,0.038779297812243825,3561,3456,False,,complete
Montanna Rae Hair,2100 Alamo Road,75080,barbershop_beauty,48113019210,2.0,1632,0.349898,0.29394271049203363,0.038275890961098416,0.02550558853854384,3562,3820,False,,complete
BUDDY'S BOOZE,2237 GREENVILLE AVE,75206,liquor_store,48113001101,3.0,2774,0.263308,0.19030622366848535,0.038207164704847106,0.026365620222818617,3563,3799,False,,complete
HAT CREEK BURGER CO,2311 N CENTRAL EXPY,75080,liquor_store,48113019210,2.0,1629,0.349898,0.29394271049203363,0.03820553086741992,0.025458703265495045,3564,3822,False,,complete
VAPE ZONE,8770 S POLK ST Ste:105,75232,grocery_food_mart,48113016634,1.0,1108,0.447746,0.6057556262709036,0.038106303219620795,0.03773120501095656,3565,3490,False,,complete
DOLLAR TREE,904 FORT WORTH AVE,75208,grocery_food_mart,48113004300,3.0,2921,0.256532,0.4527874071330006,0.03801917994276016,0.07306749944017217,3566,2539,False,,complete
PETBAR,5211 FOREST LN Ste:112,75229,barbershop_beauty,48113009603,2.0,1671,0.343452,0.4151983350440127,0.03798643276537074,0.03808779347207493,3567,3480,False,,complete
QUIKTRIP #931,1900 LAKEVIEW PARKWAY,75088,liquor_store,48113018133,2.0,1432,0.377141,0.4968712004603476,0.03794643778901335,0.03955106498448209,3568,3438,False,,complete
STUDIO ESSENCE SALON,9777 FERGUSON RD Ste:106,75228,barbershop_beauty,48113012400,2.0,1386,0.384943,0.4378112783033169,0.03793635684998946,0.03344364071848706,3569,3595,False,,complete
Feet First & Hair,9777 Ferguson Road,,barbershop_beauty,48113012400,2.0,1386,0.384943,0.4378112783033169,0.03793635684998946,0.03344364071848706,3570,3596,False,,complete
US ONE STOP FOOR MART,12909 JUPITER RD,75238,convenience_corner_store,48113013010,2.0,1364,0.388695,0.4358994882069612,0.03790631257518742,0.03275870149630109,3571,3609,False,,complete
FRUTERIA TROPICANA,12917 JUPITER RD,75238,convenience_corner_store,48113013010,2.0,1364,0.388695,0.4358994882069612,0.03790631257518742,0.03275870149630109,3572,3610,False,,complete
7-ELEVEN CONVENIENCE STORE #35382A,3710 BELT LINE RD,75001,liquor_store,48113013726,2.0,1684,0.341419,0.4145957058635426,0.03789923123423717,0.038324141734635324,3573,3472,False,,complete
RAMEN HAKATA,3714 BELT LINE RD,75001,liquor_store,48113013726,2.0,1684,0.341419,0.4145957058635426,0.03789923123423717,0.038324141734635324,3574,3473,False,,complete
TARGET STORE T-1850,3730 BELT LINE ROAD,75001,liquor_store,48113013726,2.0,1684,0.341419,0.4145957058635426,0.03789923123423717,0.038324141734635324,3575,3474,False,,complete
Lookout Food Store ,7602 N Jupiter Rd Suite 102,75044,liquor_store,48113019031,2.0,1393,0.383453,0.37501123415071136,0.03789592286716087,0.028443331850000364,3576,3735,False,,complete
FULLEN HALL LLC / FORESTWOOD MARCANTILE,5333 FOREST LN,75244,grocery_food_mart,48113013400,3.0,1919,0.316652,0.26843937651892497,0.03787479208942226,0.027099031090176553,3577,3773,False,,complete
TRES AMIGOS,2308 OATES DR,75228,liquor_store,48113012301,2.0,1351,0.390365,0.3555686299804548,0.03779725674966599,0.026033630691744632,3578,3807,False,,complete
CIRCLE K MANAGEMENT CK 128,4902 LAKEVIEW PKWY,75088,liquor_store,48113018133,2.0,1426,0.377141,0.4968712004603476,0.03778744433459011,0.03938534823175381,3579,3441,False,,complete
FLOWER CHILD,5959 ROYAL LN STE 542,75230,liquor_store,48113013400,3.0,1913,0.316652,0.26843937651892497,0.03775637168684981,0.027014302488539733,3580,3777,False,,complete
Tom Thumb #3522,5959 Royal Ln,75230,liquor_store,48113013400,3.0,1913,0.316652,0.26843937651892497,0.03775637168684981,0.027014302488539733,3581,3778,False,,complete
EL CHEAPO THRIFTY LLC,3530 SAMUELL BLVD,75223,convenience_corner_store,48113001202,2.0,1251,0.40997,0.4295871456775767,0.037741322272245074,0.029578202794550004,3582,3682,False,,complete
SOUTH DALLAS AVENUE,3540 SAMUELL BLVD,75223,convenience_corner_store,48113001202,2.0,1251,0.40997,0.4295871456775767,0.037741322272245074,0.029578202794550004,3583,3683,False,,complete
HEB CENTRAL MARKET #653,10720 PRESTON RD STE 1018,75230,liquor_store,48113013300,3.0,1810,0.326389,0.2695261571835551,0.037693703764617774,0.02567602907359203,3584,3814,False,,complete
Mendocino Farms,10720 Preston Rd Ste 1002,75230,liquor_store,48113013300,3.0,1810,0.326389,0.2695261571835551,0.037693703764617774,0.02567602907359203,3585,3815,False,,complete
MARMI,6060 FOREST LN Ste:894,75230,convenience_corner_store,48113013300,3.0,1809,0.326389,0.2695261571835551,0.037672878513919095,0.025661843422170157,3586,3818,False,,complete
80 Proof LLC,8525 Garland Rd,75218,liquor_store,48113008101,2.0,1478,0.366982,0.45637597603824653,0.03748683322809107,0.03728491181329697,3587,3497,False,,complete
5 A.M.,1707 BOTHAM JEAN BLVD,75215,other_storefront,48113020402,2.0,1547,0.356845,0.3807055903558601,0.0374837826529482,0.032108354161800086,3588,3615,False,,complete
OFF THE BONE BARBEQUE,1734 S LAMAR,75215,liquor_store,48113020402,2.0,1547,0.356845,0.3807055903558601,0.0374837826529482,0.032108354161800086,3589,3616,False,,complete
LBJ FOOD MART,13015 JUPITER ROAD SUITE 100,75238,liquor_store,48113013011,2.0,1207,0.41783,0.5605547790080619,0.03747446089216365,0.03787869958279191,3590,3484,False,,complete
ONE STOP FOOD & BEVARAGES,10560 NEW CHURCH RD,75238,convenience_corner_store,48113013009,2.0,1537,0.358097,0.39750570612683156,0.037456606509041264,0.033426609357210695,3591,3597,False,,complete
Ava Sophia Salon Suites and Spa,,,barbershop_beauty,48113013620,3.0,3124,0.247345,0.36038346321485915,0.037452943091149445,0.061087961666210736,3592,2843,False,,complete
Pinkie Luxe Nail Salon,,,barbershop_beauty,48113013620,3.0,3124,0.247345,0.36038346321485915,0.037452943091149445,0.061087961666210736,3593,2844,False,,complete
TIENDITA SALVADORENA,1089 FERGUSON RD STE 102,75228,liquor_store,48113012400,2.0,1367,0.384943,0.4378112783033169,0.037416305782060316,0.03298517811123507,3594,3608,False,,complete
"MURPHY OIL USA,INC",6021 CAMPBELL RD,75248,convenience_corner_store,48113013617,3.0,1906,0.315676,0.3738403701216465,0.03741025314942378,0.038786286341141,3595,3454,False,,complete
Murphy Express 8970,6021 Campbell Rd,75248,liquor_store,48113013617,3.0,1906,0.315676,0.3738403701216465,0.03741025314942378,0.038786286341141,3596,3455,False,,complete
MURPHY USA #7674,605 UPTOWN BLVD,75104,liquor_store,48113016522,1.0,987,0.478808,0.5955516400176051,0.037372210058217184,0.03301562482817064,3597,3607,False,,complete
CVS/PHARMACY #7747,6709 PRESTON ROAD,75205,liquor_store,48113019502,3.0,4028,0.223039,0.2919283100542026,0.03734586888740252,0.06247183712807855,3598,2805,False,,complete
HAZE N BLAZE,8928 E R L THORNTON FWY Ste:109,75228,other_storefront,48113012207,2.0,1235,0.410578,0.6870570509407926,0.037342561750036224,0.04798905114218023,3599,3195,False,,complete
Tom Thumb #3560,8698 Skillman St,75243,liquor_store,48113007835,2.0,1471,0.367034,0.38696007297869206,0.037317841895965084,0.031074603894258906,3600,3641,False,,complete
STROUDEROSA BBQ,9090 Skillman St STE 174A,75243,liquor_store,48113007835,2.0,1471,0.367034,0.38696007297869206,0.037317841895965084,0.031074603894258906,3601,3642,False,,complete
Mattison Avenue Salon Suites & Spa,2100 Alamo Road,75080,barbershop_beauty,48113019210,2.0,1591,0.349898,0.29394271049203363,0.037314303014159056,0.02486482314021032,3602,3836,False,,complete
MARKET STREET #564,700 N DENTON TAP ROAD,75019,liquor_store,48113014134,2.0,1343,0.388358,0.3201666449215713,0.0372721150176984,0.02307004773947044,3603,3886,False,,complete
Market Street Express #564,750 N DENTON TAP ROAD,75019,liquor_store,48113014134,2.0,1343,0.388358,0.3201666449215713,0.0372721150176984,0.02307004773947044,3604,3887,False,,complete
Supercuts,,,barbershop_beauty,48113014134,2.0,1343,0.388358,0.3201666449215713,0.0372721150176984,0.02307004773947044,3605,3888,False,,complete
Renewaskin Spa,760 North Denton Tap Road,75019,barbershop_beauty,48113014134,2.0,1343,0.388358,0.3201666449215713,0.0372721150176984,0.02307004773947044,3606,3889,False,,complete
ZUMBA MOVIMIENTO,9721 RUSTOWN DR,75228,barbershop_beauty,48113012301,2.0,1332,0.390365,0.3555686299804548,0.037265689112179944,0.02566750265092809,3607,3816,False,,complete
Jorge's Barbershop,9723 Rustown Drive,75228,barbershop_beauty,48113012301,2.0,1332,0.390365,0.3555686299804548,0.037265689112179944,0.02566750265092809,3608,3817,False,,complete
JBC MARKET,6411 BEXAR ST,75215,convenience_corner_store,48113020800,2.0,1272,0.400722,0.4197010839077546,0.03705981151058506,0.029331659089943625,3609,3693,False,,complete
Pei Wei Fresh Kitchen #0088,2222 McKinney Ave Suite 100,75201,liquor_store,48113001705,3.0,4796,0.209183,0.25402872373856994,0.037037488025935,0.06364248282483552,3610,2761,False,,complete
SMASHBURGER#1373,2222 MCKINNEY AVE STE 280,75201,liquor_store,48113001705,3.0,4796,0.209183,0.25402872373856994,0.037037488025935,0.06364248282483552,3611,2762,False,,complete
THE POINT MED SPA,2510 CEDAR SPRINGS RD,75201,barbershop_beauty,48113001901,3.0,3554,0.233153,0.1468079036853269,0.036969520836131226,0.024644274354680123,3612,3848,False,,complete
HONDURAS THREADS,1818 SYLVAN AVE Ste:B100,75208,convenience_corner_store,48113004300,3.0,2838,0.256532,0.4527874071330006,0.0369388677430857,0.07099129182170784,3613,2581,False,,complete
Rowlett Public Library,3900 Main Street,75088,library,48113018133,2.0,1392,0.377141,0.4968712004603476,0.03688648142619175,0.03844628663296024,3614,3467,False,,complete
BANH MI STATION,1818 SYLVAN AVE STE C100,75208,liquor_store,48113004300,3.0,2831,0.256532,0.4527874071330006,0.03684775707564328,0.07081618997436748,3615,2582,False,,complete
SANKOKA LLC,3333 W CAMP WISDOM RD Ste:122,75237,convenience_corner_store,48113010904,2.0,1496,0.359797,0.5191471709630978,0.036741747688967444,0.043287874196296226,3616,3332,False,,complete
ADWOA BEAUTY,1414 BELLEVIEW ST Ste:100,75215,convenience_corner_store,48113020402,2.0,1515,0.356845,0.3807055903558601,0.03670842321862736,0.03144418652561547,3617,3636,False,,complete
QUIKTRIP #1964,455 FREEPORT PKWY,75019,liquor_store,48113020000,2.0,1227,0.407718,0.32465565956773157,0.03670836452792266,0.0214028689670394,3618,3920,False,,complete
7-ELEVEN CONVENIENCE STORE #38432H,1805 SYLVAN AVE,75208,liquor_store,48113004300,3.0,2820,0.256532,0.4527874071330006,0.03670458316966232,0.0705410299285469,3619,2589,False,,complete
7-ELEVEN CONVENIENCE STORE #35386B,2503 LEMMON AVE,75204,convenience_corner_store,48113001601,3.0,1817,0.320538,0.37600699740677157,0.0366509918487569,0.037207797393409806,3620,3500,False,,complete
LAKEWOOD EXXON,1701 SKILLMAN ST,75206,convenience_corner_store,48113001102,3.0,2649,0.263865,0.28546415248365187,0.03665044887589451,0.04007255352989986,3621,3423,False,,complete
WFM BEVERAGES CORP.,2510 MCKINNEY AVE,75201,liquor_store,48113001705,3.0,4738,0.209183,0.25402872373856994,0.03658957845431193,0.06287282811177455,3622,2789,False,,complete
ESCAPOLOGY,2375 VICTORY PARK LN Ste:110,75219,other_storefront,48113001902,3.0,2962,0.250446,0.10443602050934224,0.03653758698612087,0.013123091856452608,3623,4076,False,,complete
HATCHWAYS,2350 VICTORY PARK LN Ste:200,75202,other_storefront,48113001902,3.0,2962,0.250446,0.10443602050934224,0.03653758698612087,0.013123091856452608,3624,4077,False,,complete
F45 TRAINING (VICTORY PLACE),1775 PAYNE ST Ste:150,75201,barbershop_beauty,48113001902,3.0,2961,0.250446,0.10443602050934224,0.03652525154149355,0.013118661373043947,3625,4078,False,,complete
WILLIEJAXON LLC,1216 W COMMERCE ST,75208,other_storefront,48113004300,3.0,2804,0.256532,0.4527874071330006,0.036496330215508216,0.07014079713462608,3626,2598,False,,complete
CIRCLE K #2744517,1145 IH 30,75150,liquor_store,48113018130,3.0,1655,0.337339,0.5874799455299337,0.036491709188899234,0.05457118396448154,3627,3013,False,,complete
FLASH MART #2,1805 SYLVAN AVE,75208,convenience_corner_store,48113004300,3.0,2802,0.256532,0.4527874071330006,0.036470298596238945,0.07009076803538596,3628,2602,False,,complete
7-ELEVEN,1805 SYLVAN AVE,75220,convenience_corner_store,48113004300,3.0,2802,0.256532,0.4527874071330006,0.036470298596238945,0.07009076803538596,3629,2603,False,,complete
SPIRIT HOLLOWEEN,13846 DALLAS PKWY,75240,grocery_food_mart,48113013626,3.0,3954,0.222436,0.4933660860446714,0.0363932319995776,0.108388399281611,3630,1831,False,,complete
HAWAII FLUID ART,13710 DALLAS PKWY Ste:I,75240,convenience_corner_store,48113013626,3.0,3954,0.222436,0.4933660860446714,0.0363932319995776,0.108388399281611,3631,1832,False,,complete
RACETRAC #183,1355 HWY 66,75040,liquor_store,48113018105,2.0,1357,0.379985,0.5175819366784221,0.036390458668144575,0.0391402972617979,3632,3447,False,,complete
7-Eleven Convenience Store #38039B,2990 OLIVE ST #180,75201,liquor_store,48113001902,3.0,2948,0.250446,0.10443602050934224,0.0363648907613384,0.013061065088731361,3633,4080,False,,complete
OK FOOD MART 8,4328 S MARSALIS AVENUE,75216,convenience_corner_store,48113005901,2.0,1331,0.384476,0.48463046368998114,0.036361458640719026,0.03579878131676876,3634,3528,False,,complete
LEE INTERNATIONAL PKWY #101 DALLAS TX,14444 DALLAS PKWY Ste:101,75254,barbershop_beauty,48113013625,3.0,3182,0.24212,0.2937255203799757,0.0362896470420693,0.049688809278430134,3635,3160,False,,complete
FLAMINGO BEER WINE BEVERAGES,14444 DALLAS PKWY STE 115,75254,liquor_store,48113013625,3.0,3182,0.24212,0.2937255203799757,0.0362896470420693,0.049688809278430134,3636,3161,False,,complete
Ultimate Image Med Spa,8604 Greenville Avenue,,barbershop_beauty,48113007812,3.0,2158,0.290342,0.2668735493778429,0.036244669616153746,0.030274385530916107,3637,3665,False,,complete
METRO BY T-MOBILE,2318 OATES DR,75228,convenience_corner_store,48113012301,2.0,1295,0.390365,0.3555686299804548,0.03623053108128605,0.024954516466180087,3638,3833,False,,complete
FOGOXE FITNESS,2322 OATES DR,75228,barbershop_beauty,48113012301,2.0,1295,0.390365,0.3555686299804548,0.03623053108128605,0.024954516466180087,3639,3834,False,,complete
NAZ FOOD MART,1804 S 1ST ST,75040,liquor_store,48113018204,2.0,1579,0.345239,0.3940408914840644,0.03621045930744398,0.034016745824899025,3640,3585,False,,complete
QUALITY LICENSING CORP. (STORE #5824),1951 MILITARY PKWY,75149,liquor_store,48113017602,2.0,1107,0.431874,0.5738145435907128,0.03610769501367519,0.03560780310198378,3641,3532,False,,complete
Mamas Pizza,11828 Inwood Rd,75244,liquor_store,48113009603,2.0,1588,0.343452,0.4151983350440127,0.036099614142075846,0.03619594017573609,3642,3516,False,,complete
CAVENDER'S BOOT CITY,9390 N CENTRAL EXPY,75231,grocery_food_mart,48113007822,3.0,1728,0.326831,0.42987960707786643,0.03607141711528248,0.04088608504842498,3643,3403,False,,complete
SWAGGYS,17062 Preston Rd STE 138,75248,liquor_store,48113013617,3.0,1832,0.315676,0.3738403701216465,0.035957808903328635,0.037280417931254105,3644,3498,False,,complete
OUR COMMUNITY PANTRY,1502 PENNSYLVANIA AVE,75215,convenience_corner_store,48113020900,1.0,779,0.552848,0.5925259506393883,0.035944239500608856,0.02591864903901247,3645,3811,False,,complete
SOUND DESIGN STUDIO LLC,223 W DANIELDALE RD,75232,grocery_food_mart,48113016634,1.0,1044,0.447746,0.6057556262709036,0.035905217113072305,0.035551785226930185,3646,3534,False,,complete
CAROUSEL NAILS,6011 BERKSHIRE LN,75225,barbershop_beauty,48113007301,3.0,1839,0.314476,0.2774359530778855,0.03584850009292197,0.02694694216024436,3647,3783,False,,complete
BEVERAGE DEPOT #4,5050 LAKEVIEW PKWY,75088,liquor_store,48113018133,2.0,1352,0.377141,0.4968712004603476,0.03582652506337015,0.037341508281438396,3648,3496,False,,complete
GOOD LUCK,727 ANN ARBOR AVE,75216,gas_station,48113005901,2.0,1310,0.384476,0.48463046368998114,0.03578776169747703,0.03523396207736068,3649,3545,False,,complete
"MAD PIE COMPANY, LLC",2420 VICTORY PARK LN,75201,convenience_corner_store,48113001902,3.0,2894,0.250446,0.10443602050934224,0.035698776751463136,0.012821818984663691,3650,4088,False,,complete
BIAGIO WINE & SPIRITS,2404 VICTORY PARK LN,75201,liquor_store,48113001902,3.0,2894,0.250446,0.10443602050934224,0.035698776751463136,0.012821818984663691,3651,4089,False,,complete
LOST HAIRDRESSERS,2402 VICTORY PARK LN,75201,barbershop_beauty,48113001902,3.0,2894,0.250446,0.10443602050934224,0.035698776751463136,0.012821818984663691,3652,4090,False,,complete
INSOMNIA COOKIES,2422 VICTORY PARK LN,75201,convenience_corner_store,48113001902,3.0,2894,0.250446,0.10443602050934224,0.035698776751463136,0.012821818984663691,3653,4091,False,,complete
VIVI'S VICTORY PARK,2412 VICTORY PARK LN,75201,convenience_corner_store,48113001902,3.0,2894,0.250446,0.10443602050934224,0.035698776751463136,0.012821818984663691,3654,4092,False,,complete
MURPHY OIL,2275 W NORTHWEST HWY,75220,grocery_food_mart,48113009900,2.0,1088,0.433542,0.5594792586308812,0.03569083841443237,0.03407503484446667,3655,3583,False,,complete
CYCLE BAR,2020 CEDAR SPRINGS RD Ste:180,75201,barbershop_beauty,48113001901,3.0,3431,0.233153,0.1468079036853269,0.03569004670477384,0.023791363340154054,3656,3870,False,,complete
Paul Laurence Dunbar Lancaster-Kiest,2008 East Kiest Blvd,75216,library,48113008802,2.0,1577,0.342381,0.5812496998953245,0.035660741150308366,0.05141868449272141,3657,3122,False,,complete
SCHAFFINO'S HAIR STUDIO,12959 JUPITER RD Ste:130,75238,barbershop_beauty,48113013010,2.0,1283,0.388695,0.4358994882069612,0.03565527788413891,0.030813353386916646,3658,3652,False,,complete
Doe Bellys Kitchen,103 North Kaufman St,75159,liquor_store,48113017006,1.0,731,0.5763,0.6044448529568984,0.0356459400253325,0.024836441815017037,3659,3837,False,,complete
QUALITY LICENSING CORP. (STORE #3285),621 UPTOWN BLVD,75104,liquor_store,48113016522,1.0,941,0.478808,0.5955516400176051,0.03563044545570655,0.03147690269838761,3660,3634,False,,complete
1 Stop,1940 Military Parkway,75149,convenience_corner_store,48113017602,2.0,1092,0.431874,0.5738145435907128,0.035618430853598296,0.03512531254504633,3661,3548,False,,complete
sammy's barbecue,2126 Leonard St,75201,liquor_store,48113001705,3.0,4611,0.209183,0.25402872373856994,0.035608810944033835,0.061187549688347914,3662,2842,False,,complete
CVS/PHARMACY #7645,500 N GALLOWAY AVENUE SUITE 2,75149,liquor_store,48113017706,2.0,1357,0.374787,0.5071452252060984,0.035601914283167724,0.03830342889588637,3663,3475,False,,complete
URBAN MARKET SOUTHSIDE,1409 S LAMAR ST STE 10,75215,liquor_store,48113020402,2.0,1467,0.356845,0.3807055903558601,0.0355453840671461,0.03044793507133854,3664,3659,False,,complete
Opening Bell Coffee,1409 Botham Jean Blvd 012,75215,liquor_store,48113020402,2.0,1467,0.356845,0.3807055903558601,0.0355453840671461,0.03044793507133854,3665,3660,False,,complete
HARDYS LOUNGE,3628 SAMUELL BLVD,75223,other_storefront,48113001202,2.0,1177,0.40997,0.4295871456775767,0.0355088219939508,0.027828572893033855,3666,3761,False,,complete
PUFF PUFF & PASS,3622 SAMUELL BLVD,75223,other_storefront,48113001202,2.0,1177,0.40997,0.4295871456775767,0.0355088219939508,0.027828572893033855,3667,3762,False,,complete
QUIKTRIP #923,8414 S HAMPTON RD,75232,liquor_store,48113011101,2.0,1173,0.410787,0.5496725330650525,0.03549528098635293,0.03605741815821735,3668,3522,False,,complete
ANOTHER ROUND,660 FORT WORTH AVE Ste:120,75208,other_storefront,48113004300,3.0,2726,0.256532,0.4527874071330006,0.035481097064006914,0.06818966226426201,3669,2638,False,,complete
2301 FLOE WORLDWIDE,2301 MAY ST,75208,barbershop_beauty,48113004300,3.0,2719,0.256532,0.4527874071330006,0.03538998639656449,0.06801456041692164,3670,2643,False,,complete
C-STORE,3128 MCKINNEY AVE,75204,liquor_store,48113001703,3.0,3761,0.224214,0.15095686594257735,0.035364388305967324,0.027001715370610087,3671,3780,False,,complete
UPTOWN LIQUORS,3128 MCKINNEY AVE STE D,75204,liquor_store,48113001703,3.0,3761,0.224214,0.15095686594257735,0.035364388305967324,0.027001715370610087,3672,3781,False,,complete
SUGOI SUSHI,778 FORT WORTH AVE STE G 150,75208,liquor_store,48113004300,3.0,2715,0.256532,0.4527874071330006,0.03533792315802596,0.06791450221844143,3673,2651,False,,complete
WALGREENS #07737,3435 LAKEVIEW PARKWAY,75088,liquor_store,48113018156,2.0,1416,0.363293,0.40528103083099554,0.03533035541087348,0.03144567867373372,3674,3635,False,,complete
Ten Ramen,1888 Sylvan Ave STE F100,75208,liquor_store,48113004300,3.0,2714,0.256532,0.4527874071330006,0.035324907348391325,0.06788948766882137,3675,2653,False,,complete
ONE STOP,2324 MCKINNEY AVE,75201,liquor_store,48113001705,3.0,4568,0.209183,0.25402872373856994,0.03527674005472708,0.06061694360797512,3676,2862,False,,complete
HAMPTON INN & SUITES RICHARDSON,2250 N GLENVILLE DR,75082,liquor_store,48113019052,2.0,1223,0.397881,0.4298137495551409,0.03524376750503158,0.02893255665423121,3677,3717,False,,complete
ELEMENT BY WESTIN RICHARDSON,2205 N GLENVILLE AVE,75082,liquor_store,48113019052,2.0,1223,0.397881,0.4298137495551409,0.03524376750503158,0.02893255665423121,3678,3718,False,,complete
LAVON CHEVRON,3310 LAVON DR,75040,liquor_store,48113018152,3.0,1703,0.324953,0.48765480663173977,0.03519201415341391,0.04610849089270686,3679,3249,False,,complete
Dream Food Market,3502 S Lancaster Rd,75216,liquor_store,48113005700,2.0,1128,0.419155,0.5755256574076163,0.03518878404061054,0.03639734154527806,3680,3513,False,,complete
BEVERAGE DEPT #5,10222 N STEMMONS FWY,75220,liquor_store,48113009900,2.0,1072,0.433542,0.5594792586308812,0.035165973143631894,0.033573931390871566,3681,3592,False,,complete
BEVERAGE DEPOT #5,10222 N STEMMONS FWY,75220,liquor_store,48113009900,2.0,1072,0.433542,0.5594792586308812,0.035165973143631894,0.033573931390871566,3682,3593,False,,complete
ROCHELLE FREDRICKS RESALE-N-SALON,4436 S MARSALIS AVE,75216,barbershop_beauty,48113005901,2.0,1286,0.384476,0.48463046368998114,0.035132108048057595,0.034588454375180024,3683,3564,False,,complete
THE ALKALINE HOUR,4414 S MARSALIS AVE,75216,convenience_corner_store,48113005901,2.0,1286,0.384476,0.48463046368998114,0.035132108048057595,0.034588454375180024,3684,3565,False,,complete
GALLERIS OF RESALE,4430 S MARSALIS AVE,75216,grocery_food_mart,48113005901,2.0,1286,0.384476,0.48463046368998114,0.035132108048057595,0.034588454375180024,3685,3566,False,,complete
Family Dollar #26711,4422 S Marsalis Ave,75216,liquor_store,48113005901,2.0,1286,0.384476,0.48463046368998114,0.035132108048057595,0.034588454375180024,3686,3567,False,,complete
TIME FOOD MART,4418 S Marsalis Ave,75216,liquor_store,48113005901,2.0,1286,0.384476,0.48463046368998114,0.035132108048057595,0.034588454375180024,3687,3568,False,,complete
#1 Nails Spa,642 Uptown Boulevard,75104,barbershop_beauty,48113016522,1.0,927,0.478808,0.5955516400176051,0.035100343185377234,0.031008595963236255,3688,3647,False,,complete
Grauwyler Park,2146 Gilford Street,75235,library,48113000410,1.0,860,0.505161,0.46819253537623756,0.03509702799899999,0.022295360582166312,3689,3908,False,,complete
RACETRAC #437,2018 NORTHWEST HWY,75041,liquor_store,48113018403,2.0,1218,0.397688,0.7163429327168459,0.03507340079816274,0.049436223701104835,3690,3164,False,,complete
CIBODIVINO,1868 SYLVAN AVE STE D100,75208,liquor_store,48113004300,3.0,2691,0.256532,0.4527874071330006,0.03502554372679479,0.06731415302756018,3691,2659,False,,complete
COX FARMS MARKET,778 FORT WORTH AVE Ste:100,75208,grocery_food_mart,48113004300,3.0,2678,0.256532,0.4527874071330006,0.03485633820154457,0.0669889638824995,3692,2667,False,,complete
AVITA PHARMACY,750 FORT WORTH AVE Ste:H100,75208,convenience_corner_store,48113004300,3.0,2678,0.256532,0.4527874071330006,0.03485633820154457,0.0669889638824995,3693,2668,False,,complete
G Texas Custom Catering LLC,10319 Finnell St,75220,liquor_store,48113009900,2.0,1062,0.433542,0.5594792586308812,0.0348379323493816,0.03326074173237464,3694,3599,False,,complete
WALGREENS #03822,401 N GALLOWAY AVE,75149,liquor_store,48113017704,2.0,1072,0.430684,0.45403545391335276,0.03482346805315482,0.026894654000860288,3695,3785,False,,complete
LA MICHOACANA MEAT MARKET DALLAS #23,2114 W KINGSLEY Rd,75041,liquor_store,48113018401,2.0,1303,0.378785,0.5273768123488831,0.034767551350633044,0.03833691015370909,3696,3471,False,,complete
UPTOWN SOCIAL,2714 MCKINNEY AVE,75204,other_storefront,48113001705,3.0,4500,0.209183,0.25402872373856994,0.034751604694893135,0.059714589806455345,3697,2879,False,,complete
7-ELEVEN CONVENIENCE STORE #38069A,1290 S LAMAR ST,75215,liquor_store,48113020402,2.0,1431,0.356845,0.3807055903558601,0.03467310470353515,0.029700746480630848,3698,3676,False,,complete
GOOD PRICE LIQUOR,1519 MARTIN LUTHER KING JR BLVD,75215,liquor_store,48113020900,1.0,751,0.552848,0.5925259506393883,0.03465227710520828,0.024987041628110863,3699,3832,False,,complete
Mesquite Golf Club,825 IH 30,75150,liquor_store,48113018129,3.0,1678,0.324546,0.5550200335124621,0.03459904843696202,0.05211107942841023,3700,3098,False,,complete
HIBERNIA SALON,2600 HIBERNIA ST,75201,barbershop_beauty,48113001705,3.0,4479,0.209183,0.25402872373856994,0.0345894305396503,0.059435921720691884,3701,2888,False,,complete
"TEN 01 LIVE, LLC",2523 MCKINNEY AVE Ste:D,75201,barbershop_beauty,48113001705,3.0,4479,0.209183,0.25402872373856994,0.0345894305396503,0.059435921720691884,3702,2889,False,,complete
7-Eleven Convenience Store #42324H,7480 N Highway 161,75039,liquor_store,48113014143,3.0,1992,0.295326,0.29770572334542533,0.03456650159051133,0.031574754941341765,3703,3631,False,,complete
VAL'S CHEESECAKE,1112 S AKARD ST,75215,convenience_corner_store,48113020402,2.0,1425,0.356845,0.3807055903558601,0.034527724809599994,0.029576215048846232,3704,3684,False,,complete
STOP AND SHOP,4401 N GALLOWAY AVE STE 100,75150,liquor_store,48113017812,2.0,1098,0.421193,0.3193942426149757,0.034503071359869034,0.018811324828474873,3705,3988,False,,complete
ALDI (TEXAS) LLC #72,8034 CHRYSALIS DR,75237,liquor_store,48113010906,2.0,1173,0.403206,0.6388825651640834,0.03450117078716294,0.04224078957870253,3706,3375,False,,complete
CVS/PHARMACY #296,2420 W WHEATLAND RD,75237,liquor_store,48113010906,2.0,1173,0.403206,0.6388825651640834,0.03450117078716294,0.04224078957870253,3707,3376,False,,complete
GATEWAY 29,8207 S Hampton Rd,75232,liquor_store,48113010906,2.0,1173,0.403206,0.6388825651640834,0.03450117078716294,0.04224078957870253,3708,3377,False,,complete
Crafted,255 Cedar Sage Dr,75040,liquor_store,48113018152,3.0,1669,0.324953,0.48765480663173977,0.03448941375340447,0.045187945566604666,3709,3278,False,,complete
Zee's Stop,685 Town Square Blvd,75040,liquor_store,48113018152,3.0,1669,0.324953,0.48765480663173977,0.03448941375340447,0.045187945566604666,3710,3279,False,,complete
The Salons at Bella Suites,,,barbershop_beauty,48113018152,3.0,1669,0.324953,0.48765480663173977,0.03448941375340447,0.045187945566604666,3711,3280,False,,complete
My Nail Spa,,,barbershop_beauty,48113018152,3.0,1669,0.324953,0.48765480663173977,0.03448941375340447,0.045187945566604666,3712,3281,False,,complete
AVIOR JEWELRY,13101 PRESTON RD,75240,convenience_corner_store,48113013615,3.0,1611,0.331391,0.6124634973078427,0.03445032216673227,0.05549863085013007,3713,2985,False,,complete
FoodPlus,10819 Elam Rd,75217,liquor_store,48113011801,2.0,1449,0.352383,0.32507057078192036,0.03438646131400517,0.025310795940694304,3714,3824,False,,complete
QALITY LICENSING CORP (#5621-STORE),3100 E Cartwright Rd,75181,liquor_store,48113017314,2.0,1270,0.382206,0.5333703017422657,0.03437272098159492,0.037815759875187226,3715,3486,False,,complete
NEIGHBOR KITCHEN,4705 YANCY ST,75216,convenience_corner_store,48113020200,1.0,985,0.451648,0.6390124541819242,0.03430575935919843,0.035478299765659235,3716,3536,False,,complete
MCKINNEY AVE. CLEANERS,3128 MCKINNEY AVE Ste:E,75204,laundromat,48113001801,3.0,3416,0.229919,0.1503759539717263,0.0342990105989082,0.02440756528744214,3717,3852,False,,complete
DISTINCTIVE VINES WINE LOUNGE,1110 S AKARD ST,75215,other_storefront,48113020402,2.0,1412,0.356845,0.3807055903558601,0.03421273503940715,0.029306396946646232,3718,3694,False,,complete
QUALITY LICENSING CORP. (STORE #4925),2218 GREENVILLE AVE,75206,liquor_store,48113001101,3.0,2483,0.263308,0.19030622366848535,0.03419913120480727,0.023599796327778883,3719,3874,False,,complete
JACKSON LAMAR SCALP MICROPIGMENTATION,17000 DALLAS PKWY Ste:211,75248,barbershop_beauty,48113013611,3.0,1982,0.294254,0.27239882018323847,0.03415545045219437,0.028452396728116836,3720,3734,False,,complete
CLIPPIN CROWNZ 4 CHRIST,1628 MARTIN LUTHER KING JR BLVD,75215,barbershop_beauty,48113020900,1.0,740,0.552848,0.5925259506393883,0.03414472044987234,0.02462105300239952,3721,3849,False,,complete
MURPHY EXPRESS #8863,5362 N GARLAND AVE,75040,liquor_store,48113019027,2.0,1285,0.377408,0.5552448331431477,0.03408945336960779,0.03992334870623756,3722,3428,False,,complete
Texaco,271 South Highway 67,75104,gas_station,48113016524,2.0,1500,0.343079,0.31715359154767586,0.034036584223849795,0.025499931245274124,3723,3821,False,,complete
PILOT TRAVEL CENTER #1108,3206 W TRINITY BOULEVARD,75050,liquor_store,48113015303,2.0,1236,0.386262,0.6133768597891067,0.03401294293724341,0.04264666273234401,3724,3358,False,,complete
ELITE PHARMACY,1709 MARTIN LUTHER KING JR BLVD Ste:C,75215,convenience_corner_store,48113020900,1.0,737,0.552848,0.5925259506393883,0.034006295907508,0.02452123792266006,3725,3851,False,,complete
NIAPS SPAIN DANCE SPACE,1204 GRIFFIN ST W Ste:100,75215,other_storefront,48113020402,2.0,1403,0.356845,0.3807055903558601,0.03399466519850442,0.02911959979896931,3726,3706,False,,complete
LAKEVIEW PETRO LLC,3501 Lakeview Pkwy,75088,liquor_store,48113018140,2.0,1256,0.382092,0.42655778557843477,0.03397780229702019,0.029471591079618244,3727,3685,False,,complete
KISSED,2320 N HOUSTON ST Ste:100,75202,barbershop_beauty,48113001902,3.0,2743,0.250446,0.10443602050934224,0.03383612461273786,0.012152815989955944,3728,4112,False,,complete
KNOX HEIGHTS NAIL SPA,625 HIGH MARKET ST Ste:165,75219,barbershop_beauty,48113001902,3.0,2743,0.250446,0.10443602050934224,0.03383612461273786,0.012152815989955944,3729,4113,False,,complete
TRADEMARK PROPERTIES,2324 VICTORY PARK LN,,convenience_corner_store,48113001902,3.0,2736,0.250446,0.10443602050934224,0.03374977650034663,0.01212180260609532,3730,4114,False,,complete
SWEET TOOTH HOTEL,2316 VICTORY PARK LN Ste:H5,75202,other_storefront,48113001902,3.0,2736,0.250446,0.10443602050934224,0.03374977650034663,0.01212180260609532,3731,4115,False,,complete
FITNESS AMBASSADORS LLC,2312 VICTORY PARK LN,75202,barbershop_beauty,48113001902,3.0,2736,0.250446,0.10443602050934224,0.03374977650034663,0.01212180260609532,3732,4116,False,,complete
CVS/PHARMACY #7824,5702 LAVON DR,75040,liquor_store,48113018151,2.0,1395,0.355852,0.4825479381527005,0.033645967400242255,0.03734847160746694,3733,3495,False,,complete
7-Eleven Convenience Store #35399B,1325 Gross Rd,75149,liquor_store,48113017805,1.0,976,0.448076,0.6056823200747785,0.03360256903376284,0.03323192400672586,3734,3600,False,,complete
ELECTRIC AVENUE,2370 VICTORY AVE Ste:175,75219,convenience_corner_store,48113001902,3.0,2724,0.250446,0.10443602050934224,0.03360175116481879,0.012068636805191393,3735,4119,False,,complete
PILOT TRAVEL CENTER,8787 S LANCASTER RD,75241,gas_station,48113016709,1.0,902,0.473239,0.6626121783490235,0.03359217507764718,0.03374660264875021,3736,3588,False,,complete
PILOT TRAVEL CENTER #433,8787 S LANCASTER RD,75241,liquor_store,48113016709,1.0,902,0.473239,0.6626121783490235,0.03359217507764718,0.03374660264875021,3737,3589,False,,complete
BIG D CUT RATE BEER & WINE,1405 MARTIN LUTHER KING JR BLVD,75215,liquor_store,48113020900,1.0,728,0.552848,0.5925259506393883,0.03359102228041495,0.02422179268344169,3738,3859,False,,complete
BRAVIOFIT NUTRICION,510 N GILPIN AVE,75211,barbershop_beauty,48113006702,2.0,1373,0.358808,0.45660437903107043,0.03356906692622318,0.03465464947496989,3739,3562,False,,complete
SPIRITS DEPOT,1551 S INTERSTATE 35 RD,75154,liquor_store,48113016621,1.0,824,0.503518,0.5793800397158234,0.033476502741556786,0.026775799264488802,3740,3790,False,,complete
HOTWORX,2808 MCKINNEY AVE Ste:109,75204,barbershop_beauty,48113001705,3.0,4323,0.209183,0.25402872373856994,0.03338470824356067,0.05736581594073477,3741,2944,False,,complete
Berkley's Market,2822 McKinney Ave,75204,liquor_store,48113001705,3.0,4323,0.209183,0.25402872373856994,0.03338470824356067,0.05736581594073477,3742,2945,False,,complete
MESQUITE BBQ,145 E Davis St,75149,liquor_store,48113017400,2.0,1374,0.357291,0.5506472034228234,0.03336050218468731,0.04231518811806155,3743,3367,False,,complete
Z MAGIC FOOD STORE,1141 E WALNUT ST STE A,75040,liquor_store,48113018105,2.0,1241,0.379985,0.5175819366784221,0.03327970464787577,0.03579447966241061,3744,3529,False,,complete
CLUB AZUL,12122 MCCREE RD,75238,other_storefront,48113013010,2.0,1196,0.388695,0.4358994882069612,0.033237499882642345,0.02872390541757779,3745,3727,False,,complete
7-ELEVEN CONVENIENCE STORE #36375A,3700 IH 30,75150,liquor_store,48113017820,2.0,1395,0.352582,0.3984985299917271,0.03313601225144067,0.03042023846294508,3746,3662,False,,complete
Family Dollar #31392,103 E PALESTINE STREET,75141,liquor_store,48113016902,1.0,818,0.502355,0.6589115261247336,0.03312639044141531,0.030425030340740008,3747,3661,False,,complete
MAYWEATHER FITNESS + STUDIO,2401 VICTORY PARK LN Ste:170,75219,barbershop_beauty,48113001902,3.0,2685,0.250446,0.10443602050934224,0.03312066882435332,0.011895847952253631,3748,4127,False,,complete
BIAGIO WINE & SPIRIT,2404 VICTORY PARK LN,75219,liquor_store,48113001902,3.0,2685,0.250446,0.10443602050934224,0.03312066882435332,0.011895847952253631,3749,4128,False,,complete
ESCAPOLOGY,2375 VICTORY PARK SUITE 110,75219,liquor_store,48113001902,3.0,2685,0.250446,0.10443602050934224,0.03312066882435332,0.011895847952253631,3750,4129,False,,complete
Roti Grill,2401 Victory Park Ln STE 120,75219,liquor_store,48113001902,3.0,2685,0.250446,0.10443602050934224,0.03312066882435332,0.011895847952253631,3751,4130,False,,complete
"TACO CITY Y MAS, LLC",265 W COMSTOCK ST,75208,convenience_corner_store,48113004300,3.0,2542,0.256532,0.4527874071330006,0.03308618809123462,0.06358698513417242,3752,2763,False,,complete
Josselyn's Studio,,,barbershop_beauty,48113013727,3.0,1793,0.305136,0.2947079336540092,0.03307966515041773,0.028102838937686028,3753,3749,False,,complete
Q Nails,223 East FM 1382,75104,barbershop_beauty,48113016522,1.0,873,0.478808,0.5955516400176051,0.033055662999821274,0.029202269984795307,3754,3704,False,,complete
WAL-MART FUEL STATION 5621,3150 E Cartwright Rd,75181,liquor_store,48113017314,2.0,1218,0.382206,0.5333703017422657,0.032965333980773705,0.036267398053526016,3755,3515,False,,complete
RIDGEVIEW FOOD MART,1012 RIDGEVIEW STREET SUITE 107,75149,liquor_store,48113017703,2.0,1013,0.431018,0.5545588948962277,0.03294470179454556,0.03143158868329856,3756,3637,False,,complete
QUIKTRIP #987,5500 S BUCKNER BLVD,75149,liquor_store,48113017805,1.0,955,0.448076,0.6056823200747785,0.0328795629377495,0.0325168928549418,3757,3612,False,,complete
Floyd's Barbershop,,,barbershop_beauty,48113020000,2.0,1093,0.407718,0.32465565956773157,0.03269946408233045,0.01906547333412719,3758,3984,False,,complete
H & B EASY WAY GROCERY,118 GLENFIELD DR,75040,liquor_store,48113018204,2.0,1420,0.345239,0.3940408914840644,0.0325641875975747,0.03059137369940254,3759,3656,False,,complete
CARTER MALOUF PRIVATE JEWELER,12720 HILLCREST RD Ste:380,75230,convenience_corner_store,48113013202,3.0,1565,0.326185,0.376577342189233,0.03255582668747005,0.03210018551838325,3760,3617,False,,complete
CVS/PHARMACY #5963,15105 PRESTON RD,75248,liquor_store,48113013620,3.0,2715,0.247345,0.36038346321485915,0.03254953280808923,0.053090209962791984,3761,3060,False,,complete
Bank of America Gas,,,gas_station,48113014903,2.0,1140,0.39536,0.55189166847014,0.03253063440117398,0.03519250169537992,3762,3546,False,,complete
COMET CLEANERS,2404 N HALL ST,,laundromat,48113001703,3.0,3459,0.224214,0.15095686594257735,0.0325247059692478,0.024833537215352378,3763,3838,False,,complete
C-Store,,,convenience_corner_store,48113001703,3.0,3459,0.224214,0.15095686594257735,0.0325247059692478,0.024833537215352378,3764,3839,False,,complete
Uptown Liquors,,,liquor_store,48113001703,3.0,3459,0.224214,0.15095686594257735,0.0325247059692478,0.024833537215352378,3765,3840,False,,complete
TEXACO CEDAR HILL,271 HWY 67 SOUTH,75104,liquor_store,48113016524,2.0,1433,0.343079,0.31715359154767586,0.03251628346185117,0.02436093431631855,3766,3855,False,,complete
CVS/PHARMACY #10758,2501 N FIELD ST,75201,liquor_store,48113001902,3.0,2630,0.250446,0.10443602050934224,0.03244221936985074,0.0116521713647773,3767,4132,False,,complete
SUPER B FOOD STORE,3501 S PEACHTREE RD,75180,liquor_store,48113011801,2.0,1367,0.352383,0.32507057078192036,0.03244050560127334,0.023878438958543212,3768,3865,False,,complete
Twin Liquors #94,3209 N FITZHUGH AVE,75204,liquor_store,48113000703,3.0,3278,0.228473,0.0714912971614573,0.03238350295302678,0.008141835216073267,3769,4213,False,,complete
LAKEWOOD MEDALLION DISCOUNT LIQUOR,5748 LIVE OAK ST,75206,liquor_store,48113001101,3.0,2351,0.263308,0.19030622366848535,0.03238105415324281,0.022345195798070136,3770,3907,False,,complete
PAN-AFRICAN CONNECTION BOOKSTORE,4466 S MARSALIS AVE,75216,other_storefront,48113005901,2.0,1185,0.384476,0.48463046368998114,0.03237289894008418,0.03187194279516978,3771,3626,False,,complete
KINGZ CLOTHING,4488 S MARSALIS AVE,75216,convenience_corner_store,48113005901,2.0,1185,0.384476,0.48463046368998114,0.03237289894008418,0.03187194279516978,3772,3627,False,,complete
REGIO BALLROOM,5115 EAST GRAND AVE Ste:B,75223,other_storefront,48113002500,1.0,721,0.540924,0.5882942073267108,0.03230693461250042,0.023808602254975438,3773,3867,False,,complete
CASA VIEW PAWN,2344 OATES DR,75228,other_storefront,48113012301,2.0,1153,0.390365,0.3555686299804548,0.03225776242217978,0.022218191108498563,3774,3910,False,,complete
HWY 66 SHELL,5311 BOYD BLVD,75088,liquor_store,48113018133,2.0,1216,0.377141,0.4968712004603476,0.0322226734297767,0.03358526188626412,3775,3591,False,,complete
RED CARPET TAILOR LLC,8400 DOUGLAS AVE,75225,convenience_corner_store,48113007301,3.0,1651,0.314476,0.2774359530778855,0.03218372683709308,0.024192170476652224,3776,3861,False,,complete
RACEWAY #6979,6675 CEDAR RIDGE DR,75236,convenience_corner_store,48113016535,2.0,986,0.432022,0.5773415002656787,0.03217727767887638,0.03192120259715125,3777,3621,False,,complete
7-Eleven,2990 Olive Street,75219,convenience_corner_store,48113001902,3.0,2606,0.250446,0.10443602050934224,0.032146168698795066,0.011545839762969445,3778,4134,False,,complete
DREAM FOOD MART,3502 S LANCASTER RD,75216,convenience_corner_store,48113005700,2.0,1028,0.419155,0.5755256574076163,0.03206921098736492,0.03317062686927823,3779,3603,False,,complete
WFM BEVERAGE CORP.,4100 LOMO ALTO DR,75219,liquor_store,48113019800,3.0,1842,0.29535,0.2330370360604953,0.03196854446707005,0.022158359370518653,3780,3911,False,,complete
R&B EVENT CENTER OF DALLAS,3636 SAMUELL BLVD,75223,other_storefront,48113001202,2.0,1057,0.40997,0.4295871456775767,0.03188855127239252,0.02499133521489956,3781,3831,False,,complete
HOUSE OF PRESERVATION,3219 N FITZHUGH AVE,75204,barbershop_beauty,48113000703,3.0,3221,0.228473,0.0714912971614573,0.0318203975020437,0.008000259679979254,3782,4225,False,,complete
TARGET STORES T-2234,4701 LAKEVIEW PKWY,75088,liquor_store,48113018140,2.0,1175,0.382092,0.42655778557843477,0.03178655867754675,0.027570955030693817,3783,3766,False,,complete
Kim's House Grill & BBQ ,320 Singleton Blvd Suite 100,75212,liquor_store,48113004300,3.0,2442,0.256532,0.4527874071330006,0.03178460712777142,0.06108553017216722,3784,2845,False,,complete
ZION'S SALON & BOUTIQUE,9730 ABRAMS RD Ste:101,75243,barbershop_beauty,48113007810,3.0,2091,0.275834,0.41137918387582734,0.03172802962381057,0.04718914382814683,3785,3216,False,,complete
ABRAMS FOOD MART,9730 ABRAMS RD STE 114,75243,liquor_store,48113007810,3.0,2091,0.275834,0.41137918387582734,0.03172802962381057,0.04718914382814683,3786,3217,False,,complete
N/A,3337 N FITZHUGH AVE,75204,barbershop_beauty,48113000703,3.0,3206,0.228473,0.0714912971614573,0.03167221185704815,0.007963002959954514,3787,4226,False,,complete
Kris Koffee Beauty,223 East FM 1382,75104,barbershop_beauty,48113016522,1.0,836,0.478808,0.5955516400176051,0.031654678428236646,0.027964602184752437,3788,3754,False,,complete
LEVY RESTAURANTS,2500 VICTORY AVE,75219,liquor_store,48113001902,3.0,2566,0.250446,0.10443602050934224,0.03165275091370228,0.011368620426623023,3789,4138,False,,complete
7-ELEVEN CONVENIENCE STORE #22557A,1041 N TOWN EAST BLVD,75150,liquor_store,48113017817,1.0,857,0.47018,0.4198125976296784,0.03162322121664074,0.01976762178169504,3790,3959,False,,complete
Mr Cajun's Catfish,1111 N Town E Blvd,75150,liquor_store,48113017817,1.0,857,0.47018,0.4198125976296784,0.03162322121664074,0.01976762178169504,3791,3960,False,,complete
WALGREENS #06390,1015 N TOWN EAST BLVD,75150,liquor_store,48113017817,1.0,857,0.47018,0.4198125976296784,0.03162322121664074,0.01976762178169504,3792,3961,False,,complete
ZIPPER'S,3333 N FITZHUGH AVE,75204,other_storefront,48113000703,3.0,3201,0.228473,0.0714912971614573,0.031622816642049634,0.0079505840532796,3793,4227,False,,complete
Breathe Salon Suites,,,barbershop_beauty,48113013727,3.0,1705,0.305136,0.2947079336540092,0.031456123302544464,0.026723558499026592,3794,3792,False,,complete
June Street,,,barbershop_beauty,48113013727,3.0,1705,0.305136,0.2947079336540092,0.031456123302544464,0.026723558499026592,3795,3793,False,,complete
7-ELEVEN CONVENIENCE STORE #29380A,1501 N INTERSTATE 35 E,75115,liquor_store,48113016634,1.0,914,0.447746,0.6057556262709036,0.03143426095914567,0.031124838790626618,3796,3640,False,,complete
QUALITY LICENSING CORP. (STORE #4783),5150 N GARLAND AVE,75040,liquor_store,48113019027,2.0,1183,0.377408,0.5552448331431477,0.03138352010602803,0.03675433581282415,3797,3507,False,,complete
BEVERLEY'S,3215 N FITZHUGH AVE,75204,other_storefront,48113000703,3.0,3175,0.228473,0.0714912971614573,0.03136596152405736,0.00788600573857005,3798,4228,False,,complete
SECRET EVENT CENTER,4631 SINGLETON BLVD,75212,other_storefront,48113010601,2.0,954,0.432942,0.5590604492827375,0.031231102134576375,0.029854684378422893,3799,3673,False,,complete
PILATES BY NATURE,2222 MCKINNEY AVE Ste:160,75201,barbershop_beauty,48113001705,3.0,4036,0.209183,0.25402872373856994,0.031168328121908603,0.05355735210196751,3800,3045,False,,complete
MiniLuxe,,,barbershop_beauty,48113001705,3.0,4036,0.209183,0.25402872373856994,0.031168328121908603,0.05355735210196751,3801,3046,False,,complete
YUMMI SUSHI,2380 N FIELD ST Ste:110,75201,convenience_corner_store,48113001901,3.0,2992,0.233153,0.1468079036853269,0.03112346830098611,0.02074723378424393,3802,3930,False,,complete
TOM THUMB #3296,2380 N FIELD ST,75201,liquor_store,48113001901,3.0,2992,0.233153,0.1468079036853269,0.03112346830098611,0.02074723378424393,3803,3931,False,,complete
"COREPOWER YOGA, LLC",1700 CEDAR SPRINGS RD Ste:110,75202,barbershop_beauty,48113001901,3.0,2987,0.233153,0.1468079036853269,0.031071457157434992,0.02071256260479165,3804,3932,False,,complete
SUN & MOON,11363 DENTON DR Ste:117,75229,other_storefront,48113009900,2.0,947,0.433542,0.5594792586308812,0.031065463215503176,0.029659060659659866,3805,3677,False,,complete
MURPHY USA #8917,2275 W NORTHWEST HWY,75220,liquor_store,48113009900,2.0,946,0.433542,0.5594792586308812,0.031032659136078146,0.02962774169381017,3806,3679,False,,complete
FUEL TOWN,2201 W NW HWY,75220,liquor_store,48113009900,2.0,946,0.433542,0.5594792586308812,0.031032659136078146,0.02962774169381017,3807,3680,False,,complete
PAPPAS BAR B-Q,2231 W NORTHWEST HWY,75220,liquor_store,48113009900,2.0,946,0.433542,0.5594792586308812,0.031032659136078146,0.02962774169381017,3808,3681,False,,complete
LOS REGIONALES,5530 MILITARY PKWY,75227,other_storefront,48113008402,2.0,1186,0.373746,0.5915680936759701,0.030977579754276837,0.03939310092169203,3809,3440,False,,complete
DS EXPRESSWAY,2001 N CENTRAL EXPY,75080,liquor_store,48113019210,2.0,1319,0.349898,0.29394271049203363,0.030934987853975988,0.020613891717119682,3810,3936,False,,complete
NEW FOOT REFLEXOLOGY,2257 ROYAL LN Ste:103,75229,barbershop_beauty,48113009900,2.0,941,0.433542,0.5594792586308812,0.030868638738952996,0.029471146864561704,3811,3686,False,,complete
ROYAL FOOT,2240 ROYAL LN Ste:301,75229,barbershop_beauty,48113009900,2.0,941,0.433542,0.5594792586308812,0.030868638738952996,0.029471146864561704,3812,3687,False,,complete
Marlow's Fuel Center,11810 CF Hawn Frwy,75253,liquor_store,48113011702,1.0,818,0.477467,0.6500092241967682,0.030850489672597074,0.029994732417686493,3813,3670,False,,complete
SOPHIA SALON SUITES & SPA,15340 DALLAS PKWY Ste:2220,75248,barbershop_beauty,48113013620,3.0,2572,0.247345,0.36038346321485915,0.030835137525747878,0.05029393002736684,3814,3141,False,,complete
"2355 LOUNGE, LLC",2323 N AKARD ST Ste:803,75201,other_storefront,48113001901,3.0,2961,0.233153,0.1468079036853269,0.030800999210969203,0.020532272471639797,3815,3937,False,,complete
MASON'S FAMOUS LOBSTER ROLL,2301 N AKARD STREET 260,75201,liquor_store,48113001901,3.0,2961,0.233153,0.1468079036853269,0.030800999210969203,0.020532272471639797,3816,3938,False,,complete
1 STOP FOOD MART,2819 S GARLAND AVE,75041,liquor_store,48113018501,3.0,1697,0.302177,0.4200167819247556,0.03074717458053859,0.03916359508963285,3817,3444,False,,complete
SALLY BEAUTY,2525 W WHEATLAND RD Ste:274,75237,convenience_corner_store,48113010906,2.0,1044,0.403206,0.6388825651640834,0.030706924383459597,0.03759538305214445,3818,3491,False,,complete
QUICK TRACK,501 N GALLOWAY AVENUE,75149,liquor_store,48113017500,2.0,1281,0.354341,0.30361054615182664,0.03068002123517341,0.0207518109355894,3819,3929,False,,complete
"JY ART'S, INC.",2216 ROYAL LN Ste:111,75229,barbershop_beauty,48113009900,2.0,935,0.433542,0.5594792586308812,0.030671814262402817,0.02928323306946354,3820,3695,False,,complete
KOMART MARKET PLACE,2240 ROYAL LN STE 306,75229,liquor_store,48113009900,2.0,935,0.433542,0.5594792586308812,0.030671814262402817,0.02928323306946354,3821,3696,False,,complete
THE COROLINE NAIL AND BEAUTY LOUNGE,715 FORT WORTH AVE,75208,barbershop_beauty,48113004300,3.0,2353,0.256532,0.4527874071330006,0.030626200070289166,0.05885923525598258,3822,2903,False,,complete
KING SPA,2143 JOE FIELD RD,75229,barbershop_beauty,48113009900,2.0,933,0.433542,0.5594792586308812,0.030606206103552757,0.029220595137764153,3823,3702,False,,complete
SPRINGHILL MARKET,2363 STEMMONS TRAIL,75220,liquor_store,48113009900,2.0,932,0.433542,0.5594792586308812,0.03057340202412773,0.029189276171914462,3824,3705,False,,complete
RIVER CUT RATE LIQUORS,327 CADIZ ST,75207,liquor_store,48113020402,2.0,1258,0.356845,0.3807055903558601,0.0304813177617381,0.026110090197507763,3825,3802,False,,complete
1 QUICK STOP,3525 W LEDBETTER DR Ste:A,75233,convenience_corner_store,48113010806,2.0,1046,0.400431,0.5517146932524495,0.030441257387166888,0.032279725336408695,3826,3614,False,,complete
SCOTT'S LIQUOR DISCOUNT,969 BOTHAM JEAN BLVD,75202,liquor_store,48113020402,2.0,1256,0.356845,0.3807055903558601,0.030432857797093052,0.026068579720246225,3827,3804,False,,complete
SHELL/KWIKMART/POPEYES,9540 LAKE JUNE RD,75217,liquor_store,48113011802,1.0,882,0.44872,0.43891077540186985,0.030429754679795484,0.02133961968100007,3828,3921,False,,complete
QUALITY LICENSING CORP. (STORE #3341),2305 N CENTRAL EXPY,75204,liquor_store,48113001703,3.0,3234,0.224214,0.15095686594257735,0.030409048599175304,0.02321817269570673,3829,3880,False,,complete
SIA FOOD MART,1919 W SCYENE RD,75149,liquor_store,48113017602,2.0,931,0.431874,0.5738145435907128,0.030366995535439572,0.02994658056725104,3830,3671,False,,complete
TARGET STORE T-1489,5301 N GARLAND AVE,75040,liquor_store,48113019027,2.0,1143,0.377408,0.5552448331431477,0.030322369806584985,0.03551158565854438,3831,3535,False,,complete
SOUTHPOINT COMMUNITY MARKET,2839 S ERVAY ST,75215,convenience_corner_store,48113020900,1.0,657,0.552848,0.5925259506393883,0.03031497477779207,0.021859502462941195,3832,3915,False,,complete
Luxury Eyebrow Threading,223 East FM 1382,75104,barbershop_beauty,48113016522,1.0,799,0.478808,0.5955516400176051,0.030253693856652008,0.026726934384709567,3833,3791,False,,complete
Kent James Salon,5338 Belt Line Road,75254,barbershop_beauty,48113013622,3.0,1684,0.300608,0.4708881595405502,0.030216257571436134,0.04392566175924405,3834,3316,False,,complete
VAPE LIFE,3012 INWOOD RD Ste:E,75235,convenience_corner_store,48113000409,3.0,1959,0.278076,0.1541251686118325,0.03021611078877846,0.01443119430508362,3835,4057,False,,complete
LE MANOIR DE PARIS,10155 TECHNOLOGY BLVD E Ste:150,75220,other_storefront,48113009900,2.0,919,0.433542,0.5594792586308812,0.03014694899160234,0.028782129615868443,3836,3726,False,,complete
Sweet Paris Creperie & cafe,5290 Belt Line Rd Suite 110,75254,liquor_store,48113013622,3.0,1678,0.300608,0.4708881595405502,0.030108598696478524,0.043769157026135104,3837,3322,False,,complete
FLOWER CHILD,5290 BELT LINE RD STE 100,75254,liquor_store,48113013622,3.0,1678,0.300608,0.4708881595405502,0.030108598696478524,0.043769157026135104,3838,3323,False,,complete
PUBLIC MARKET BAR OPS MF5 LLC,3330 OAK GROVE AVE,75204,convenience_corner_store,48113001703,3.0,3190,0.224214,0.15095686594257735,0.029995320046805572,0.02290227918964269,3839,3894,False,,complete
LA HECHIZERA TORTAS,404 N INTERSTATE 35 E STE 130,75146,liquor_store,48113016805,2.0,938,0.425857,0.5130695317870111,0.029964371823359242,0.02680486710733053,3840,3787,False,,complete
Sexy Nails,,,barbershop_beauty,48113016805,2.0,938,0.425857,0.5130695317870111,0.029964371823359242,0.02680486710733053,3841,3788,False,,complete
El Trompito Taqueria,11629 Lake June Rd Ste 501,75180,liquor_store,48113017201,1.0,874,0.446334,0.6933894103880289,0.029920621200859785,0.034288514623772075,3842,3577,False,,complete
ONE STOP SHOP,730 W WALNUT ST,75040,liquor_store,48113018802,3.0,1584,0.309055,0.39902850596898676,0.02991772288617369,0.034591295072464674,3843,3563,False,,complete
THE GENT'S PLACE - UPTOWN,3227 MCKINNEY AVE Ste:103,75204,barbershop_beauty,48113001801,3.0,2978,0.229919,0.1503759539717263,0.02990118664038308,0.021278023836651838,3844,3922,False,,complete
SPENGA,3232 MCKINNEY AVE Ste:150,75204,barbershop_beauty,48113001801,3.0,2978,0.229919,0.1503759539717263,0.02990118664038308,0.021278023836651838,3845,3923,False,,complete
WORLD MARKET,13912 DALLAS PKWY,75240,liquor_store,48113013626,3.0,3238,0.222436,0.4933660860446714,0.02980305645286603,0.08876116258822875,3846,2252,False,,complete
1 QUICK STOP,3525 W LEDBETTER DRIVE SUITE A,75233,liquor_store,48113010806,2.0,1023,0.400431,0.5517146932524495,0.029771898955135497,0.03156994170090449,3847,3632,False,,complete
Raceway 6979,6675 Cedar Ridge Drive,75236,liquor_store,48113016521,1.0,840,0.456897,0.5611643386138419,0.02974858097046819,0.02639157119975725,3848,3798,False,,complete
CVS/PHARMACY #07431,3430 LAKEVIEW PKWY,75088,liquor_store,48113018133,2.0,1122,0.377141,0.4968712004603476,0.029731775977145932,0.03098903276018778,3849,3648,False,,complete
Great Clips,3742 Belt Line Road,75001,barbershop_beauty,48113013726,2.0,1321,0.341419,0.4145957058635426,0.029729741366049466,0.03006305892604113,3850,3669,False,,complete
COWBOY LOUNGE,2900 S LAMAR ST,75215,liquor_store,48113020900,1.0,644,0.552848,0.5925259506393883,0.029715135094213228,0.02142697045073688,3851,3919,False,,complete
LA MADELEINE,2100 OLIVE ST STE 150,75201,liquor_store,48113001705,3.0,3847,0.209183,0.25402872373856994,0.029708760724723088,0.05104933933009638,3852,3125,False,,complete
7-Eleven,2120 Greenville Avenue,75206,convenience_corner_store,48113001101,3.0,2153,0.263308,0.19030622366848535,0.029653938575896113,0.020463295003507024,3853,3942,False,,complete
Fashion Barbers,101 West Main Street,75149,barbershop_beauty,48113017500,2.0,1238,0.354341,0.30361054615182664,0.02965016884398492,0.020055223995518876,3854,3953,False,,complete
OMAR EXPRESS FOOD,8618 S LANCASTER ROAD,75241,convenience_corner_store,48113016709,1.0,794,0.473239,0.6626121783490235,0.02957005211934797,0.02970598947129453,3855,3674,False,,complete
ROSE HAIR & NAIL PALACE,8702 S LANCASTER RD Ste:155,75241,barbershop_beauty,48113016709,1.0,794,0.473239,0.6626121783490235,0.02957005211934797,0.02970598947129453,3856,3675,False,,complete
Supercuts,140 West Farm-to-Market Road 1382,75104,barbershop_beauty,48113016522,1.0,778,0.478808,0.5955516400176051,0.029458540451158022,0.02602447428198253,3857,3808,False,,complete
Palm Beach Tan,140 West FM 1382,75104,barbershop_beauty,48113016522,1.0,778,0.478808,0.5955516400176051,0.029458540451158022,0.02602447428198253,3858,3809,False,,complete
1382 Nails Spa,140 West FM 1382,75104,barbershop_beauty,48113016522,1.0,778,0.478808,0.5955516400176051,0.029458540451158022,0.02602447428198253,3859,3810,False,,complete
LURE CO-OP,4161 MCKINNEY AVE Ste:100,75204,barbershop_beauty,48113000703,3.0,2971,0.228473,0.0714912971614573,0.02935063675211792,0.0073793143462335805,3860,4239,False,,complete
MY BEER STORE #6,3404 S Lancaster Rd,75216,liquor_store,48113005700,2.0,940,0.419155,0.5755256574076163,0.029323986700508783,0.030331117954398384,3861,3664,False,,complete
TEMPTATIONS EAST,10333 TECHNOLOGY BLVD E,75220,other_storefront,48113009900,2.0,892,0.433542,0.5594792586308812,0.02926123884712654,0.027936517537926718,3862,3757,False,,complete
Ocean Nail Spa,9208 East R L Thornton Freeway,,barbershop_beauty,48113012207,2.0,962,0.410578,0.6870570509407926,0.029087890205291376,0.0373809451002246,3863,3494,False,,complete
QUIKTRIP #973,401 W WINTERGREEN RD,75141,liquor_store,48113016902,1.0,717,0.502355,0.6589115261247336,0.029036212648526627,0.02666839456517187,3864,3794,False,,complete
Huckleberry's,3115 Bunker Hill Rd Ste 108,75048,liquor_store,48113018153,2.0,1090,0.378269,0.3805168679890759,0.029021261163554888,0.022611054868637633,3865,3898,False,,complete
Premium Liquor,3115 Bunker Hill Rd Ste 107,75048,liquor_store,48113018153,2.0,1090,0.378269,0.3805168679890759,0.029021261163554888,0.022611054868637633,3866,3899,False,,complete
Castle Nails & Spa,5290 Belt Line Road,75254,barbershop_beauty,48113013622,3.0,1615,0.300608,0.4708881595405502,0.02897818050942361,0.042125857328491174,3867,3381,False,,complete
Vitalyc Medspa,5290 Belt Line Road,75254,barbershop_beauty,48113013622,3.0,1615,0.300608,0.4708881595405502,0.02897818050942361,0.042125857328491174,3868,3382,False,,complete
Elegant Salon Suites,3812 Belt Line Road,75001,barbershop_beauty,48113013726,2.0,1286,0.341419,0.4145957058635426,0.0289420495054804,0.029266535790226263,3869,3699,False,,complete
SAM'S CLUB #6482,5555 S BUCKNER BLVD,,grocery_food_mart,48113012207,2.0,955,0.410578,0.6870570509407926,0.028876231960554326,0.03710894238120009,3870,3501,False,,complete
ONE STOP FOOD & BEVERAGES,10560 NEW CHURCH RD,75238,liquor_store,48113013005,3.0,1652,0.296162,0.357198762022096,0.0288209892509062,0.03199299759886665,3871,3620,False,,complete
MINI MART,937 BARNES BRIDGE DRIVE,75150,liquor_store,48113017808,3.0,1812,0.282067,0.35442508707611,0.02875718966009563,0.03479461288442727,3872,3556,False,,complete
7-Eleven Convenience Store #21368K,2120 Greenville Ave,75206,liquor_store,48113001101,3.0,2085,0.263308,0.19030622366848535,0.028717353428120485,0.01981698563971767,3873,3957,False,,complete
AMERICAN AIRLINE CENTER - FLAGSHIP SUITES LEVEL CLUB,2500 VICTORY AVE,75201,other_storefront,48113001902,3.0,2328,0.250446,0.10443602050934224,0.0287169150924002,0.010314165375361808,3874,4160,False,,complete
DOLLAR GENERAL STORE #6565,2253 W BELT LINE RD,75146,liquor_store,48113016806,1.0,855,0.43988,0.5102676710133658,0.028653286654863722,0.024291452512894475,3875,3858,False,,complete
S&J'S HOT CHICK,2201 W NORTHWEST HWY Ste:120,75220,other_storefront,48113009900,2.0,872,0.433542,0.5594792586308812,0.028605157258625946,0.027310138220932846,3876,3772,False,,complete
TARGET STORE T-0875,2417 N HASKELL AVE,75204,liquor_store,48113001601,3.0,1415,0.320538,0.37600699740677157,0.028542186827733084,0.0289758025931067,3877,3713,False,,complete
WALGREENS #03957,5101 S LANCASTER RD,75241,liquor_store,48113011300,2.0,925,0.414546,0.48279790386364785,0.02837944588797052,0.024778778258899955,3878,3845,False,,complete
THE ECHO LOUNGE AND MUSIC HALL,1323 N STEMMONS FWY,75207,other_storefront,48113010003,3.0,1349,0.328285,0.284070516662347,0.028379193573836194,0.02029580874394309,3879,3944,False,,complete
HENDERSON CHICKEN,8445 S LANCASTER RD Ste:A100,75241,convenience_corner_store,48113016709,1.0,762,0.473239,0.6626121783490235,0.028378311983555605,0.028508770752048402,3880,3733,False,,complete
FLAMINGO,10242 N WALTON WALKER BLVD,75220,other_storefront,48113009900,2.0,864,0.433542,0.5594792586308812,0.028342724623225707,0.027059586494135295,3881,3775,False,,complete
EVERBOWL,200 CRESCENT CT Ste:60,75201,convenience_corner_store,48113001802,3.0,4717,0.193604,0.07629816829015604,0.028212254739497622,0.0130558027527296,3882,4081,False,,complete
QUALITY LICENSING CORP. (STORE #8242),12000 MCCREE RD,75238,liquor_store,48113013010,2.0,1005,0.388695,0.4358994882069612,0.027929504500046453,0.024136726542362607,3883,3862,False,,complete
GORJI,5100 BELT LINE RD STE 402,75054,liquor_store,48113013624,3.0,2018,0.263691,0.3399824983049027,0.02788094481709931,0.037028106706485577,3884,3505,False,,complete
ALDI TEXAS LLC #32,3500 LAKEVIEW PKWY STE 200,75088,liquor_store,48113018133,2.0,1052,0.377141,0.4968712004603476,0.02787685234220813,0.029055670645024553,3885,3708,False,,complete
GOODY GOODY LIQUOR #4,3500 LAKEVIEW PARKWAY SUITE 100,75088,liquor_store,48113018133,2.0,1052,0.377141,0.4968712004603476,0.02787685234220813,0.029055670645024553,3886,3709,False,,complete
AMIGOS GROCERY STORE,8517 DENTON DR,75235,convenience_corner_store,48113000410,1.0,683,0.505161,0.46819253537623756,0.027873569910833715,0.01770666427630185,3887,4006,False,,complete
Grammy Nails & Spa,3520 Lakeview Parkway,75088,barbershop_beauty,48113018133,2.0,1049,0.377141,0.4968712004603476,0.027797355614996515,0.028972812268660414,3888,3715,False,,complete
Home2 Suites Market,2123 IH 20,75052,liquor_store,48113016418,1.0,748,0.471823,0.45304322993428703,0.027738519357343127,0.018722190300194768,3889,3990,False,,complete
Foodland Super Market,4639 Singleton Blvd,75212,liquor_store,48113010601,2.0,847,0.432942,0.5590604492827375,0.027728242670845064,0.026506203006838775,3890,3797,False,,complete
Athemy Food Mart,3629 Holmes St,75215,liquor_store,48113020900,1.0,600,0.552848,0.5925259506393883,0.027684908472869467,0.019963015947891502,3891,3954,False,,complete
MANDO'S SPOT,2231 W LEDBETTER DR Ste:250,75224,convenience_corner_store,48113006100,1.0,807,0.446816,0.6786197456603651,0.027670419247067174,0.030955689869262462,3892,3649,False,,complete
FIESTA MART #65,2225 W LEDBETTER DR,75224,liquor_store,48113006100,1.0,807,0.446816,0.6786197456603651,0.027670419247067174,0.030955689869262462,3893,3650,False,,complete
AUTONOMOUS SOCIETY - DEANITUDE CRAFTED BEER,1928 S AKARD,75215,liquor_store,48113020402,2.0,1136,0.356845,0.3807055903558601,0.027525259918389895,0.023577951084553912,3894,3876,False,,complete
LAS COLINAS MARKET & CLEANERS,851 LAKE CAROLYN PARKWAY SUITE 150,75039,liquor_store,48113014209,3.0,1364,0.320178,0.1377220696841983,0.027458563577978677,0.008725991413299506,3895,4194,False,,complete
RACE TRAC #2420,2550 MIDWAY RD,75006,liquor_store,48113013727,3.0,1485,0.305136,0.2947079336540092,0.027397268682861305,0.023275357402378,3896,3879,False,,complete
FITOS TACOS DE TROMPO # 11,1625 S First St Suite 8H,75040,liquor_store,48113018700,1.0,806,0.443674,0.4826340451581904,0.02735302382873231,0.021583217904068336,3897,3916,False,,complete
HARUTAKA SUSHI,17194 Preston Rd Ste 140,75248,liquor_store,48113013617,3.0,1392,0.315676,0.3738403701216465,0.027321653926546646,0.02832660576435901,3898,3739,False,,complete
KROGER #689,17194 PRESTON RD STE 300,75248,liquor_store,48113013617,3.0,1392,0.315676,0.3738403701216465,0.027321653926546646,0.02832660576435901,3899,3740,False,,complete
SPEED MAX,8445 S LANCASTER ROAD SUITE A,75241,liquor_store,48113016709,1.0,731,0.473239,0.6626121783490235,0.027223813727006756,0.027348965117778717,3900,3771,False,,complete
MESQUITE MINI MART,4215 N BELT LINE RD,75150,liquor_store,48113017811,2.0,829,0.432755,0.27428305492973193,0.02712164628975687,0.011992924371553281,3901,4123,False,,complete
Umi Sushi,4430 Lavon Dr STE 306,75040,liquor_store,48113018152,3.0,1310,0.324953,0.48765480663173977,0.027070780118010698,0.035468069917466816,3902,3537,False,,complete
Ideal Image,4430 Lavon Drive,75040,barbershop_beauty,48113018152,3.0,1310,0.324953,0.48765480663173977,0.027070780118010698,0.035468069917466816,3903,3538,False,,complete
Allure Nails,,,barbershop_beauty,48113018152,3.0,1310,0.324953,0.48765480663173977,0.027070780118010698,0.035468069917466816,3904,3539,False,,complete
MURPHY USA #7654,170 N INTERSTATE 35 E,75146,liquor_store,48113016805,2.0,847,0.425857,0.5130695317870111,0.027057380527063198,0.024204394925276075,3905,3860,False,,complete
SHAKE SHACK,2500 N PEARL ST,75201,liquor_store,48113001802,3.0,4506,0.193604,0.07629816829015604,0.026950269208432534,0.01247179292003383,3906,4102,False,,complete
7-Eleven Convenience Store #35832B,2711 MCKINNEY AVE,75204,liquor_store,48113001802,3.0,4500,0.193604,0.07629816829015604,0.026914383363947275,0.012455186005360016,3907,4104,False,,complete
TEN 01 LIVE,2603 ROUTH ST Ste:A,75201,other_storefront,48113001802,3.0,4479,0.193604,0.07629816829015604,0.02678878290824885,0.012397061804001668,3908,4105,False,,complete
BIKE FRIENDLY SOUTH DALLAS,1616 AL LIPSCOMB WAY,75215,other_storefront,48113020900,1.0,580,0.552848,0.5925259506393883,0.026762078190440484,0.019297582082961784,3909,3975,False,,complete
TIENDA Y RESTAURANTE GUANACO,1718 S 1ST ST SUITE A,75040,liquor_store,48113018204,2.0,1165,0.345239,0.3940408914840644,0.02671639334589755,0.025097852366059124,3910,3829,False,,complete
BL Nails,638 Uptown Boulevard,75104,barbershop_beauty,48113016522,1.0,705,0.478808,0.5955516400176051,0.026694435755869415,0.023582589162979027,3911,3875,False,,complete
S & N ART STUDIO,3639 COLONIAL AVE,75215,barbershop_beauty,48113020900,1.0,576,0.552848,0.5925259506393883,0.026577512133954685,0.01916449530997584,3912,3979,False,,complete
CLOCHE,3637 COLONIAL AVE,75215,other_storefront,48113020900,1.0,576,0.552848,0.5925259506393883,0.026577512133954685,0.01916449530997584,3913,3980,False,,complete
VIOLA'S HOUSE,3647 HOLMES ST,75215,other_storefront,48113020900,1.0,576,0.552848,0.5925259506393883,0.026577512133954685,0.01916449530997584,3914,3981,False,,complete
THE CREATIVE JUICES GROUP LLC,3641 HOLMES ST,75215,barbershop_beauty,48113020900,1.0,576,0.552848,0.5925259506393883,0.026577512133954685,0.01916449530997584,3915,3982,False,,complete
DALLAS DISCOUNT TOBACCO,3653 HOLMES ST,75215,liquor_store,48113020900,1.0,576,0.552848,0.5925259506393883,0.026577512133954685,0.01916449530997584,3916,3983,False,,complete
Epic Nails and Lashes Bar,3810 S State Hwy 161,75052,barbershop_beauty,48113016419,1.0,668,0.495794,0.5028436872409088,0.026561913597937546,0.018685544988049127,3917,3991,False,,complete
SHOP & SAVE FOOD MART,8104 HARRY HINES BLVD,75235,liquor_store,48113000410,1.0,648,0.505161,0.46819253537623756,0.026445202492269764,0.016799294950283455,3918,4016,False,,complete
CORNERSTONE BAPTIST LAUNDROMAT,1621 SOUTH BLVD,75215,laundromat,48113020900,1.0,573,0.552848,0.5925259506393883,0.026439087591590343,0.019064680230236386,3919,3985,False,,complete
EZ Stop #5,13000 Seagoville Rd,75180,liquor_store,48113017204,2.0,842,0.420792,0.6400226410323856,0.026420893808507016,0.030377903620671276,3920,3663,False,,complete
Nails Now!,5100 Belt Line Road,75254,barbershop_beauty,48113013624,3.0,1911,0.263691,0.3399824983049027,0.026402619199938943,0.03506477300103763,3921,3549,False,,complete
SPEEDMAX,5931 S R L THORNTON FWY,75232,convenience_corner_store,48113011002,3.0,1227,0.332551,0.4753745376057806,0.026397815281914906,0.03233049544660173,3922,3613,False,,complete
SIMS DRIVE-IN GROCERY,216 Houston St,75104,liquor_store,48113016524,2.0,1161,0.343079,0.31715359154767586,0.026344316189259736,0.01973694678384217,3923,3962,False,,complete
Urban Value Corner Store,900 Lake Carolyn Pkwy Suite 152,75039,liquor_store,48113014209,3.0,1308,0.320178,0.1377220696841983,0.02633123252199128,0.008367739566419174,3924,4206,False,,complete
SPRING CREEK BARBEQUE,3335 N PRESIDENT GEORGE BUSH HWY,75040,liquor_store,48113018152,3.0,1273,0.324953,0.48765480663173977,0.02630618556505925,0.03446630000376737,3925,3575,False,,complete
PAINT NAIL BAR,2726 N HENDERSON AVE,75206,barbershop_beauty,48113000901,3.0,2728,0.226352,0.06715994115673789,0.0263031920037438,0.006077552219872874,3926,4279,False,,complete
MISS EDDIE'S MARKET & CAFE,4315 Riverside Rd BU 2,75241,liquor_store,48113020200,1.0,750,0.451648,0.6390124541819242,0.026121136567917588,0.027013933831720228,3927,3779,False,,complete
Parkerville Mobil,1400 S I35E,75146,liquor_store,48113016802,1.0,587,0.537876,0.49887700243190103,0.026102579237840557,0.016282195156565347,3928,4031,False,,complete
GO GET IT ENTERTAINMENT LLC,13490 TI BLVD Ste:106,75243,barbershop_beauty,48113019040,3.0,1287,0.321443,0.546747214286986,0.026090486605042987,0.03933925278290551,3929,3443,False,,complete
ONE SETTE,2614 MCKINNEY AVE,75204,other_storefront,48113001802,3.0,4354,0.193604,0.07629816829015604,0.02604116114813921,0.012051084414963891,3930,4120,False,,complete
BLACKFRIAR PUB,2621 MCKINNEY AVE,75204,other_storefront,48113001802,3.0,4354,0.193604,0.07629816829015604,0.02604116114813921,0.012051084414963891,3931,4121,False,,complete
Maji Sushi,2633 McKinney Ave STE 140,75204,liquor_store,48113001802,3.0,4354,0.193604,0.07629816829015604,0.02604116114813921,0.012051084414963891,3932,4122,False,,complete
Cedar Hill Barbers,,,barbershop_beauty,48113016524,2.0,1144,0.343079,0.31715359154767586,0.025958568234722774,0.019447947563062395,3933,3973,False,,complete
VERBENA,2626 HOWELL ST Ste:166,75204,barbershop_beauty,48113001802,3.0,4323,0.193604,0.07629816829015604,0.025855750951632013,0.011965282022482522,3934,4124,False,,complete
LAVISH ORGANIC,2611 WORTHINGTON ST,75204,barbershop_beauty,48113001802,3.0,4323,0.193604,0.07629816829015604,0.025855750951632013,0.011965282022482522,3935,4125,False,,complete
UNICORN HAIR QUEEN,2811 MCKINNEY AVE Ste:22,75204,barbershop_beauty,48113001802,3.0,4323,0.193604,0.07629816829015604,0.025855750951632013,0.011965282022482522,3936,4126,False,,complete
STRAIND IT HEMP LLC,3749 JULIUS SCHEPPS FWY,75215,other_storefront,48113020900,1.0,560,0.552848,0.5925259506393883,0.025839247908011502,0.01863214821803207,3937,3994,False,,complete
QuikTrip,,,convenience_corner_store,48113016902,1.0,637,0.502355,0.6589115261247336,0.025796467862080143,0.023692841475612944,3938,3872,False,,complete
A SHELL STATION,1331 S PLANO ROAD,75081,liquor_store,48113019053,3.0,1338,0.312257,0.3420218936215962,0.025750356867125134,0.024712085168820456,3939,3847,False,,complete
"PRISM HEALTH TEXAS, PHARMACY",2801 LEMMON AVE Ste:100,75204,convenience_corner_store,48113001703,3.0,2711,0.224214,0.15095686594257735,0.02549132057896235,0.019463347612263742,3940,3970,False,,complete
7-ELEVEN CONVENIENCE STORE #12179A,2802 N FITZHUGH AVENUE,75204,liquor_store,48113000901,3.0,2640,0.226352,0.06715994115673789,0.025454701939106903,0.005881502148264071,3941,4283,False,,complete
UPKEEP DALLAS LLC,5207 BONITA AVE,75206,barbershop_beauty,48113001002,3.0,2496,0.231113,0.13923671857022477,0.025394736807670442,0.016191189921157024,3942,4032,False,,complete
7-ELEVEN CONVENIENCE STORE #34360B,700 E CAMPBELL RD STE 145,75081,liquor_store,48113019053,3.0,1319,0.312257,0.3420218936215962,0.02538469410144847,0.024361166171654847,3943,3854,False,,complete
WHIP IN,2910 RUDER ST,75212,grocery_food_mart,48113010602,1.0,679,0.473039,0.7139175450860655,0.025272054677393622,0.027461962544338057,3944,3770,False,,complete
SAM'S,2218 GREENVILLE AVE,75206,grocery_food_mart,48113001002,3.0,2483,0.231113,0.13923671857022477,0.025262472553463824,0.01610686080698433,3945,4033,False,,complete
ANDERSON STUDIO,203 W COMSTOCK ST,75208,barbershop_beauty,48113004300,3.0,1937,0.256532,0.4527874071330006,0.02521162326228224,0.0484531826140409,3946,3186,False,,complete
PARK CITIES FAMILY DENTISTRY,4131 N CENTRAL EXPY Ste:600,75204,barbershop_beauty,48113000703,3.0,2537,0.228473,0.0714912971614573,0.025063132090246774,0.006301353246851092,3947,4263,False,,complete
OMADENO,3417 S LANCASTER RD,75216,convenience_corner_store,48113005700,2.0,803,0.419155,0.5755256574076163,0.025050171617562293,0.025910518848278618,3948,3812,False,,complete
JOE'S PIZZA AND PASTA,308 S GALLOWAY AVE,75149,liquor_store,48113017400,2.0,1030,0.357291,0.5506472034228234,0.025008236717778694,0.03172099254847409,3949,3628,False,,complete
7-ELEVEN CONVENIENCE STORE #38671A,890 S DENTON TAP ROAD,75019,liquor_store,48113014119,2.0,905,0.386858,0.3105926148485517,0.024964597104554984,0.01503410106916838,3950,4047,False,,complete
THE CORNER LOUNGE,5328 S LAMAR ST,75215,liquor_store,48113020900,1.0,537,0.552848,0.5925259506393883,0.024777993083218174,0.017866899273362893,3951,4000,False,,complete
Alligator Jacks Beer & Wine,5310 Botham Jean Blvd,75215,liquor_store,48113020900,1.0,537,0.552848,0.5925259506393883,0.024777993083218174,0.017866899273362893,3952,4001,False,,complete
Y&L Beer Wine Groceries,5535 S Central Expy,75215,liquor_store,48113020900,1.0,537,0.552848,0.5925259506393883,0.024777993083218174,0.017866899273362893,3953,4002,False,,complete
MAPLE MART,1301 E BELT LINE RD,75019,liquor_store,48113014157,2.0,934,0.376892,0.34078936911077906,0.02472398209582614,0.017182416079041755,3954,4014,False,,complete
JJAY QUICK STOP,1030 Lavon Dr,75040,liquor_store,48113018105,2.0,920,0.379985,0.5175819366784221,0.02467149740213192,0.02653579475376129,3955,3796,False,,complete
COST PLUS BEER & WINE,4712 2ND AVENUE,75210,liquor_store,48113020800,2.0,844,0.400722,0.4197010839077546,0.024590000719287568,0.019462201471629262,3956,3971,False,,complete
Goody Goody,,,liquor_store,48113018133,2.0,926,0.377141,0.4968712004603476,0.024537989799320085,0.025575618837730737,3957,3819,False,,complete
Urban Value Corner Store,900 Lake Carolyn Parkway,75039,convenience_corner_store,48113014209,3.0,1216,0.320178,0.1377220696841983,0.024479188644297708,0.0077791829608300595,3958,4229,False,,complete
The Bread Club,2681 Howell St,75204,liquor_store,48113001802,3.0,4078,0.193604,0.07629816829015604,0.024390412301817106,0.011287166339968477,3959,4140,False,,complete
MINI MART,1106 ROWLETT RD,75043,liquor_store,48113018138,2.0,974,0.363186,0.48218289430670636,0.0242904440332205,0.02605598778859344,3960,3806,False,,complete
7-Eleven,700 East Campbell Road,75081,convenience_corner_store,48113019053,3.0,1262,0.312257,0.3420218936215962,0.024287705804418476,0.02330840918015801,3961,3877,False,,complete
Sim's Drive-In,,,convenience_corner_store,48113016524,2.0,1070,0.343079,0.31715359154767586,0.024279430079679518,0.018189950954962206,3962,3995,False,,complete
MENDOCINO FARMS,5294 BELT LINE RD STE 105,75254,liquor_store,48113013622,3.0,1352,0.300608,0.4708881595405502,0.024259133157114993,0.0352657331938824,3963,3544,False,,complete
CORNER STOP,2203 GREENVILLE AVE,75206,liquor_store,48113001002,3.0,2380,0.231113,0.13923671857022477,0.024214532693211402,0.01543871474853915,3964,4043,False,,complete
SPRING CREEK BARBEQUE,3939 W EMPORIUM CIR,75150,liquor_store,48113017812,2.0,770,0.421193,0.3193942426149757,0.02419614293907027,0.013191912675706421,3965,4072,False,,complete
SCISSORS & SCOTCH,100 CRESCENT CT Ste:150,75201,other_storefront,48113001802,3.0,4036,0.193604,0.07629816829015604,0.024139211390420266,0.011170917937251784,3966,4142,False,,complete
EXPRESS SHOP,200 CRESCENT COURT SUITE 50,75201,liquor_store,48113001802,3.0,4036,0.193604,0.07629816829015604,0.024139211390420266,0.011170917937251784,3967,4143,False,,complete
HUTCHINS LIQUOR,801 W PALESTINE ST STE 105,75141,liquor_store,48113016902,1.0,595,0.502355,0.6589115261247336,0.02409560184919574,0.022130676103594506,3968,3912,False,,complete
RICH RAGS CLOTHING STORE,3634 SAMUELL BLVD,75223,convenience_corner_store,48113001202,2.0,798,0.40997,0.4295871456775767,0.02407480029836256,0.018867630559593045,3969,3986,False,,complete
CREAMISTRY,1929 GREENVILLE AVE,75206,convenience_corner_store,48113001101,3.0,1747,0.263308,0.19030622366848535,0.024061974311235725,0.016604447919705886,3970,4021,False,,complete
THE LABORATORY,1931 GREENVILLE AVE Ste:100,75206,convenience_corner_store,48113001101,3.0,1747,0.263308,0.19030622366848535,0.024061974311235725,0.016604447919705886,3971,4022,False,,complete
Lenore's Bagels,13500 Midway Rd STE 115,75244,liquor_store,48113013806,3.0,1174,0.322473,0.43178307820718564,0.02393489440261145,0.027909977308437278,3972,3759,False,,complete
FOX VALERO,1350 E Campbell Rd,75081,liquor_store,48113019053,3.0,1241,0.312257,0.3420218936215962,0.02388355222130216,0.02292055134118549,3973,3893,False,,complete
Luxx Nail Bar,700 East Campbell Road,75081,barbershop_beauty,48113019053,3.0,1237,0.312257,0.3420218936215962,0.02380657058642286,0.022846673657571676,3974,3895,False,,complete
Sport Clips,,,barbershop_beauty,48113019053,3.0,1237,0.312257,0.3420218936215962,0.02380657058642286,0.022846673657571676,3975,3896,False,,complete
Tru By Hilton Garland,5055 N President George Bush Hwy,75040,liquor_store,48113019027,2.0,897,0.377408,0.5552448331431477,0.023796295465010265,0.027868672209723805,3976,3760,False,,complete
7-Eleven Convenience Store #36449C,5950 S. RL Thornton Fwy.,75232,liquor_store,48113011202,3.0,1376,0.293484,0.24430282220732116,0.023593915494040375,0.017468603188084176,3977,4012,False,,complete
Sam's Wholesale Priced Liquor 1,5119 Rowlett Rd,75088,liquor_store,48113018133,2.0,888,0.377141,0.4968712004603476,0.023531031254639564,0.024526079403784984,3978,3850,False,,complete
Fig & Favor,2850 N Harwood St  Suite 110,75201,liquor_store,48113001901,3.0,2256,0.233153,0.1468079036853269,0.023467427970262255,0.015643636168868418,3979,4041,False,,complete
PILOT TRAVEL CENTER #726,7425 BONNIE VIEW ROAD,75241,liquor_store,48113016710,1.0,652,0.459782,0.6757871609215035,0.023300847875869207,0.024900919317479252,3980,3835,False,,complete
2 AND 1 CONVENIENCE STORE,3641 COLONIAL AVE,75215,convenience_corner_store,48113020900,1.0,504,0.552848,0.5925259506393883,0.02325532311721035,0.016768933396228862,3981,4018,False,,complete
DLC Hotel Concessions LLC,4150 N MacArthur Blvd,75038,liquor_store,48113014313,3.0,1517,0.277185,0.18164630050665237,0.023247488075819868,0.013642130749683052,3982,4064,False,,complete
MOTLEY FOOD MART,3601 IH 30,75150,liquor_store,48113017900,2.0,922,0.365547,0.4660296132492251,0.0232369767382948,0.023784862512573588,3983,3871,False,,complete
RACETRAC #2429,3510 CARBON RD,75038,liquor_store,48113014160,3.0,1058,0.335905,0.36698522218135005,0.02315862721872449,0.021101283913456666,3984,3926,False,,complete
BLUSH DALLAS SALON,1212 S RIVERFRONT BLVD Ste:150,75207,barbershop_beauty,48113020402,2.0,955,0.356845,0.3807055903558601,0.023139633118012627,0.019821252892384667,3985,3956,False,,complete
Ulta Beauty,1655 North Town East Boulevard,75150,barbershop_beauty,48113017812,2.0,736,0.421193,0.3193942426149757,0.02312774182228015,0.012609412635480424,3986,4097,False,,complete
TAQUERIA Y CARNICERIA GUANAJUATO,2820 Walnut Hl Ln Suite 100,75229,liquor_store,48113009803,2.0,756,0.413422,0.5751097470489208,0.02309944999602472,0.024375383401925514,3987,3853,False,,complete
KABUL MART,13440 TI BLVD Ste:4A,75243,convenience_corner_store,48113019040,3.0,1136,0.321443,0.546747214286986,0.023029365022011528,0.03472369165608443,3988,3560,False,,complete
ROOM 420,3405 S LANCASTER RD,75216,convenience_corner_store,48113005700,2.0,738,0.419155,0.5755256574076163,0.02302244913295264,0.023813154308878728,3989,3866,False,,complete
LANCASTER GROCERY,7552 S LANCASTER RD,75241,convenience_corner_store,48113016711,2.0,793,0.399626,0.6336797647745276,0.02300695065061304,0.02831285178048571,3990,3741,False,,complete
SK CORNER STORE,7536 S LANCASTER RD Ste:B,75241,convenience_corner_store,48113016711,2.0,793,0.399626,0.6336797647745276,0.02300695065061304,0.02831285178048571,3991,3742,False,,complete
BELLA AND BRAWN,1925 GREENVILLE AVE,75206,convenience_corner_store,48113001101,3.0,1670,0.263308,0.19030622366848535,0.023001429364489786,0.015872597610709117,3992,4035,False,,complete
Don Pepe Lonches LLC,5550 S BUCKNER BLVD STE 230,75149,liquor_store,48113017805,1.0,668,0.448076,0.6056823200747785,0.022998479625567187,0.022744800447226304,3993,3897,False,,complete
"TEXAS ICE VENDING ,LLC",12175 GARLAND RD,75218,convenience_corner_store,48113012801,2.0,869,0.376503,0.512587386354975,0.02296557213871006,0.024808322741427257,3994,3843,False,,complete
QUIKTRIP #902,12100 E NW HWY,75218,liquor_store,48113012801,2.0,869,0.376503,0.512587386354975,0.02296557213871006,0.024808322741427257,3995,3844,False,,complete
Top Fuel Minimart,,,convenience_corner_store,48113016902,1.0,565,0.502355,0.6589115261247336,0.022880697554278302,0.02101484369500991,3996,3927,False,,complete
SAM JORDAN'S FOOD MART,11403 LAKE JUNE RD,75180,liquor_store,48113017201,1.0,668,0.446334,0.6933894103880289,0.022868392405233796,0.02620678234402717,3997,3800,False,,complete
TEXAS ESKIMO,2747 CEDARDALE RD,75241,convenience_corner_store,48113016709,1.0,614,0.473239,0.6626121783490235,0.022866513855515934,0.022971634175535063,3998,3892,False,,complete
7-Eleven Convenience Store #38466A,2900 Miles Road,75048,liquor_store,48113018155,2.0,791,0.398609,0.4065390555188339,0.02285899496138813,0.01762485381664374,3999,4008,False,,complete
Paradise Quick Stop #18,1005 S Riverfront Blvd,75207,liquor_store,48113020402,2.0,943,0.356845,0.3807055903558601,0.022848873330142315,0.019572190028815436,4000,3967,False,,complete
HOLA CAFE DALLAS LLC,1845 WOODALL RODGERS FWY,75201,convenience_corner_store,48113001705,3.0,2950,0.209183,0.25402872373856994,0.022781607522207724,0.03914623109534295,4001,3446,False,,complete
DAVIS FOOD MART VALERO,6011 W DAVIS ST,75211,convenience_corner_store,48113010701,1.0,552,0.50842,0.7172541620692421,0.022728504619757266,0.02243431615517129,4002,3901,False,,complete
RACEWAY #969,6011 W DAVIS STREET,75211,liquor_store,48113010701,1.0,552,0.50842,0.7172541620692421,0.022728504619757266,0.02243431615517129,4003,3902,False,,complete
ABIDING ARTISTRY,1201 S SHERMAN ST Ste:209,75081,barbershop_beauty,48113019040,3.0,1115,0.321443,0.546747214286986,0.022603646126358144,0.03408179242652653,4004,3582,False,,complete
ADDISON MARKET,5049 Addison Circle,75001,liquor_store,48113013628,3.0,1105,0.322714,0.3148723528120475,0.022557929421146948,0.018635997246762893,4005,3992,False,,complete
Myth & Mane,5039 Addison Circle,75001,barbershop_beauty,48113013628,3.0,1105,0.322714,0.3148723528120475,0.022557929421146948,0.018635997246762893,4006,3993,False,,complete
YOUR STOP,2433 PARKCREST DR,75041,liquor_store,48113018501,3.0,1244,0.302177,0.4200167819247556,0.022539472703706546,0.02870919993606557,4007,3728,False,,complete
QUIK TRIP (STORE #902),12100 E NORTHWEST HWY,75218,grocery_food_mart,48113012801,2.0,851,0.376503,0.512587386354975,0.022489875592683842,0.024294456447588715,4008,3857,False,,complete
NEIGHBORHOOD FOOD MART,1802 S DENLEY DR,75216,convenience_corner_store,48113005500,2.0,704,0.425723,0.4937169993128214,0.022478705354180614,0.019312886347531394,4009,3974,False,,complete
BAYVIEW LN,10503 FOREST LN Ste:140,75243,other_storefront,48113019019,2.0,796,0.391859,0.45116081705434846,0.022402831799806164,0.01983507385621398,4010,3955,False,,complete
GALLO NERO ITALIAN BISTRO,1905 GREENVILLE AVE,75206,grocery_food_mart,48113001101,3.0,1624,0.263308,0.19030622366848535,0.022367857058641565,0.015435388335204555,4011,4044,False,,complete
Firewheel Salon,,,barbershop_beauty,48113018152,3.0,1073,0.324953,0.48765480663173977,0.02217324203559197,0.029051327497283886,4012,3710,False,,complete
CIRCLE K #2744507,3980 S BELT LINE ROAD,75052,liquor_store,48113016409,1.0,583,0.48018,0.3799070054088549,0.022164392707032344,0.012072793316584498,4013,4118,False,,complete
7-ELEVEN CONVENIENCE STORE #21368C,2120 GREENVILLE AVE,75206,grocery_food_mart,48113001002,3.0,2162,0.231113,0.13923671857022477,0.02199656289190044,0.014024580372412453,4014,4060,False,,complete
RUBEN'S,1507 S ERVAY ST,75215,convenience_corner_store,48113020402,2.0,907,0.356845,0.3807055903558601,0.021976593966531368,0.018825001438107742,4015,3987,False,,complete
CT Grocery,4865 Sunnyvale St Ste C,75216,liquor_store,48113008704,1.0,596,0.469207,0.5847013934057242,0.02192751624029735,0.019554366965674128,4016,3968,False,,complete
l.a.r.c. salon,2650 North Fitzhugh Avenue,,barbershop_beauty,48113000901,3.0,2271,0.226352,0.06715994115673789,0.02189682882716355,0.005059428552540797,4017,4306,False,,complete
Bink Suites,111 West Main Street,75149,barbershop_beauty,48113017500,2.0,905,0.354341,0.30361054615182664,0.021674800326176375,0.014660725134042473,4018,4052,False,,complete
LAST BID ONLINE AUCTIONS/ HI BID TEXAS.,4858 EAST GRAND AVE Ste:C,75223,convenience_corner_store,48113002500,1.0,481,0.540924,0.5882942073267108,0.021552892577826218,0.015883408716564754,4019,4034,False,,complete
BONNIEVIEW DALLAS,7410 Bonnie View Rd,75241,liquor_store,48113020200,1.0,618,0.451648,0.6390124541819242,0.021523816531964092,0.022259481477337466,4020,3909,False,,complete
Tayta Peruvian Restaurant,930 E Campbell Rd ste 109,75081,liquor_store,48113019053,3.0,1118,0.312257,0.3420218936215962,0.02151636694876375,0.020648812570060737,4021,3933,False,,complete
Poshe Nails & Spa,,,barbershop_beauty,48113019053,3.0,1118,0.312257,0.3420218936215962,0.02151636694876375,0.020648812570060737,4022,3934,False,,complete
URBAN EATZ,1811 N GREENVILLE AVE STE 100,75081,liquor_store,48113019053,3.0,1108,0.312257,0.3420218936215962,0.021323912861565507,0.020464118361026205,4023,3941,False,,complete
BRIT ROSE,2004 GREENVILLE AVE,75206,grocery_food_mart,48113001101,3.0,1540,0.263308,0.19030622366848535,0.021210898934918728,0.014637006179935354,4024,4053,False,,complete
NABLUND RETAIL LLC,1915 GREENVILLE AVE,75206,convenience_corner_store,48113001101,3.0,1540,0.263308,0.19030622366848535,0.021210898934918728,0.014637006179935354,4025,4054,False,,complete
SUGARING NYC,1917 GREENVILLE AVE Ste:120,75206,barbershop_beauty,48113001101,3.0,1540,0.263308,0.19030622366848535,0.021210898934918728,0.014637006179935354,4026,4055,False,,complete
NEIGHBORHOOD CHEVRON #1,101 E BELT LINE RD,75019,liquor_store,48113014157,2.0,800,0.376892,0.34078936911077906,0.021176858326189412,0.014717272872840902,4027,4049,False,,complete
THE CLOVER CLUB,2404 CEDAR SPRINGS RD Ste:400,75201,other_storefront,48113001802,3.0,3536,0.193604,0.07629816829015604,0.02114872434998168,0.00978700838110067,4028,4171,False,,complete
El Paisa Cocina Mexicana,3315 N President George Bush Hwy Ste 100,75040,liquor_store,48113018152,3.0,1019,0.324953,0.48765480663173977,0.0210573472826358,0.027589284920533343,4029,3765,False,,complete
HUNGER IN THE WILD,2105 VILBIG RD Ste:110,75208,barbershop_beauty,48113004300,3.0,1608,0.256532,0.4527874071330006,0.020929421892488302,0.04022339578904376,4030,3419,False,,complete
Benton Lounge II,4814 S Second Ave,75210,liquor_store,48113020800,2.0,716,0.400722,0.4197010839077546,0.020860711510675235,0.0165105879783016,4031,4027,False,,complete
K CONVENIENCE STORE,4818 S 2ND AVE,75210,liquor_store,48113020800,2.0,716,0.400722,0.4197010839077546,0.020860711510675235,0.0165105879783016,4032,4028,False,,complete
READERS 2 LEADERS,2800 N HAMPTON RD Ste:120,75212,barbershop_beauty,48113004300,3.0,1586,0.256532,0.4527874071330006,0.0206430740805264,0.03967307569740262,4033,3432,False,,complete
SUPER DISCOUNT PACKAGE STORE,4915 2ND AVENUE,75210,liquor_store,48113020800,2.0,707,0.400722,0.4197010839077546,0.02059849586319468,0.016303052654551998,4034,4030,False,,complete
LIQUOR DEPOT,410 IH 45N SUITE A,75141,liquor_store,48113016902,1.0,505,0.502355,0.6589115261247336,0.02045088896444344,0.018783178877840714,4035,3989,False,,complete
7-Eleven Convenience Store #26235B,2318 N Galloway Ave,75150,liquor_store,48113017814,1.0,603,0.442826,0.35735004523846275,0.02040669866472186,0.011683221856630744,4036,4131,False,,complete
7-Eleven Convenience Store #34102J,2061 Fort Worth Ave,75208,liquor_store,48113004400,3.0,1273,0.283344,0.3269642476673564,0.020384767792938338,0.022378913988692777,4037,3905,False,,complete
Sprouts Farmers Market,1322 N Hampton Rd,75208,liquor_store,48113004400,3.0,1273,0.283344,0.3269642476673564,0.020384767792938338,0.022378913988692777,4038,3906,False,,complete
O'REILLY AUTO,2525 W LEDBETTER DR,75233,grocery_food_mart,48113010806,2.0,697,0.400431,0.5517146932524495,0.020284470744603558,0.021509530171584,4039,3918,False,,complete
RACETRAC #2435,720 E ARAPAHO RD,75081,liquor_store,48113019039,2.0,809,0.363869,0.5936838837651426,0.020237303316963853,0.026972153405224908,4040,3782,False,,complete
QUALITY LICENSING CORP. (STORE #6851),6750 MURPHY RD,75048,liquor_store,48113019051,3.0,923,0.334879,0.2710201752000654,0.020097737268340934,0.013174840041408016,4041,4073,False,,complete
PREMIER LIQUOR,6810 MURPHY RD STE 500,75048,liquor_store,48113019051,3.0,923,0.334879,0.2710201752000654,0.020097737268340934,0.013174840041408016,4042,4074,False,,complete
Chipotle Mexican Grill #5246,1831 Military Pkwy,75149,liquor_store,48113017602,2.0,616,0.431874,0.5738145435907128,0.020092448173824676,0.019814278871564596,4043,3958,False,,complete
RACETRAC #143,2460 LUNA RD,75006,liquor_store,48113014002,2.0,709,0.393454,0.2650546357063465,0.020080701424913507,0.009870293472165734,4044,4169,False,,complete
Raceway#6981,4010 S Belt Line Rd,75052,liquor_store,48113016409,1.0,528,0.48018,0.3799070054088549,0.02007341226297269,0.01093385055086898,4045,4151,False,,complete
DALLAS SOCIAL CLUB,2512 CEDAR SPRINGS RD,75201,other_storefront,48113001802,3.0,3314,0.193604,0.07629816829015604,0.019820948104026948,0.009172552538169575,4046,4183,False,,complete
QUIKTRIP #991,470 US HIGHWAY 80 E,75182,liquor_store,48113018158,2.0,649,0.413049,0.5383585336767941,0.019803021168014363,0.01951604217344826,4047,3969,False,,complete
C S OUTLETS,5665 S BUCKNER BLVD,75228,convenience_corner_store,48113012207,2.0,651,0.410578,0.6870570509407926,0.01968421676054541,0.025296252869278807,4048,3825,False,,complete
Next Level Barbershop,,,barbershop_beauty,48113016522,1.0,516,0.478808,0.5955516400176051,0.019538055106423573,0.017260448238435713,4049,4013,False,,complete
Glynnis Neal at Pura Vida Salon,3324 McKinney Avenue,75204,barbershop_beauty,48113001703,3.0,2061,0.224214,0.15095686594257735,0.019379421509864037,0.014796738999954102,4050,4048,False,,complete
ULTIMATE STOP,8210 S LANCASTER RD,75241,liquor_store,48113016710,1.0,540,0.459782,0.6757871609215035,0.019298248240750573,0.02062346078441533,4051,3935,False,,complete
PAUL'S EXXON,2052 FORT WORTH AVENUE,75208,liquor_store,48113004400,3.0,1205,0.283344,0.3269642476673564,0.019295872105648624,0.021183496744991984,4052,3925,False,,complete
TIGER MART #37,104 IH 45 SOUTH,75141,liquor_store,48113016902,1.0,476,0.502355,0.6589115261247336,0.01927648147935659,0.017704540882875604,4053,4007,False,,complete
THE TRUE GEM,2626 COLE AVE Ste:800,75204,grocery_food_mart,48113001802,3.0,3179,0.193604,0.07629816829015604,0.01901351660310853,0.008798896958008775,4054,4191,False,,complete
Miracle Brow Art,,,barbershop_beauty,48113018152,3.0,917,0.324953,0.48765480663173977,0.018949546082607488,0.02482764894222677,4055,3841,False,,complete
Madison Reed,,,barbershop_beauty,48113018152,3.0,917,0.324953,0.48765480663173977,0.018949546082607488,0.02482764894222677,4056,3842,False,,complete
SUNKISSED SWIMWEAR,7542 S LANCASTER RD Ste:A,75241,convenience_corner_store,48113016711,2.0,652,0.399626,0.6336797647745276,0.01891618136721274,0.02327866249795294,4057,3878,False,,complete
TIGER NAILS,4787 VISTA WOOD BLVD Ste:170,75232,barbershop_beauty,48113011002,3.0,876,0.332551,0.4753745376057806,0.018846362010560277,0.02308191850955429,4058,3883,False,,complete
(unnamed barbershop_beauty),,,barbershop_beauty,48113011002,3.0,876,0.332551,0.4753745376057806,0.018846362010560277,0.02308191850955429,4059,3884,False,,complete
L.L. Premium Bundle Hair,,,barbershop_beauty,48113011002,3.0,876,0.332551,0.4753745376057806,0.018846362010560277,0.02308191850955429,4060,3885,False,,complete
QUIK TRIP (STORE #971),4767 S R L THORNTON FWY,75232,grocery_food_mart,48113011002,3.0,874,0.332551,0.4753745376057806,0.018803333786791873,0.02302922006546855,4061,3890,False,,complete
QUIKTRIP #971,4767 S R L THORNTON FWY,75232,liquor_store,48113011002,3.0,874,0.332551,0.4753745376057806,0.018803333786791873,0.02302922006546855,4062,3891,False,,complete
GLITTER BEAUTY SALON,505 N GILPIN AVE,75211,barbershop_beauty,48113006702,2.0,763,0.358808,0.45660437903107043,0.01865491483227115,0.01925819195149456,4063,3977,False,,complete
ELEMENT DFW AIRPORT NORTH,3550 W LYNDON B JOHNSON FWY,75063,liquor_store,48113014124,2.0,810,0.345867,0.30315790666339876,0.018632212708731884,0.013100089366932735,4064,4079,False,,complete
HALL EVENT CENTER,2380 FLORA ST Ste:100,75201,other_storefront,48113001705,3.0,2403,0.209183,0.25402872373856994,0.018557356907072935,0.03188759095664715,4065,3624,False,,complete
ZUMBA THE MAGIC,4850 EAST GRAND AVE Ste:A,75223,barbershop_beauty,48113002500,1.0,414,0.540924,0.5882942073267108,0.018550722509813,0.013670958853758434,4066,4063,False,,complete
COURTYARD MARKET,2280 VALLEY VIEW LANE,75062,liquor_store,48113014148,2.0,674,0.385818,0.5567287863668202,0.018514056582018334,0.020999440950655184,4067,3928,False,,complete
QUALITY LICENSING CORP. (STORE#471),150 N INTERSTATE 35 E,75146,liquor_store,48113016805,2.0,578,0.425857,0.5130695317870111,0.018464186475374886,0.016517284848653564,4068,4026,False,,complete
7-ELEVEN CONVENIENCE STORE #33624A,1722 ROUTH ST Ste:100,75201,convenience_corner_store,48113001705,3.0,2383,0.209183,0.25402872373856994,0.018402905330651188,0.03162219277972957,4069,3630,False,,complete
YAMI'S GO CLIPS SALON,2150 FORT WORTH AVE,75211,barbershop_beauty,48113006800,3.0,863,0.330295,0.41510178563288136,0.018349027934482252,0.019665792098042787,4070,3963,False,,complete
CRICKET WIRELESS,2138 FORT WORTH AVE,75211,convenience_corner_store,48113006800,3.0,863,0.330295,0.41510178563288136,0.018349027934482252,0.019665792098042787,4071,3964,False,,complete
CHIPOTLE MEXICAN GRILL #3602,2242 FORT WORTH AVE,75211,liquor_store,48113006800,3.0,863,0.330295,0.41510178563288136,0.018349027934482252,0.019665792098042787,4072,3965,False,,complete
EMILY GROCERY,1818 METROPOLITAN AVE,75215,liquor_store,48113020900,1.0,397,0.552848,0.5925259506393883,0.018318181106215296,0.013208862218854879,4073,4071,False,,complete
TIFF'S TREATS BAKERY,2242 FORT WORTH AVE Ste:110,75211,convenience_corner_store,48113006800,3.0,860,0.330295,0.41510178563288136,0.01828524220585717,0.01959742897371587,4074,3966,False,,complete
STOREHOUSE BUTCHER SHOPPE,8014 HARRY HINES BLVD Ste:A3,75235,convenience_corner_store,48113010001,2.0,621,0.403338,0.5129065632930548,0.018274489509795988,0.01774009929026256,4075,4005,False,,complete
RACEWAY #6828,2400 N GALLOWAY AVENUE,75150,liquor_store,48113017814,1.0,538,0.442826,0.35735004523846275,0.018206971611310713,0.010423836416032074,4076,4158,False,,complete
INDEPENDENCE FUEL SYSTEMS,8181 S LANCASTER RD,75241,gas_station,48113016711,2.0,617,0.399626,0.6336797647745276,0.01790074218338997,0.022029041044841973,4077,3913,False,,complete
Grand Trip #3,11316 Lake June Rd,75180,liquor_store,48113017201,1.0,522,0.446334,0.6933894103880289,0.017870210831634793,0.020478952670033208,4078,3939,False,,complete
KANNALA COUNTRY CORNER,11302 LAKE JUNE RD,75180,liquor_store,48113017201,1.0,522,0.446334,0.6933894103880289,0.017870210831634793,0.020478952670033208,4079,3940,False,,complete
TESHOME TEWODROS,11550 PLANO RD Ste:122,75243,barbershop_beauty,48113018506,1.0,526,0.443293,0.4344138256545896,0.01782832892117315,0.01258657804505966,4080,4101,False,,complete
LEVEL DALLAS BAR AND LOUNGE,3005 ROUTH ST,75201,other_storefront,48113001802,3.0,2953,0.193604,0.07629816829015604,0.017661816460830287,0.008173369838628472,4081,4210,False,,complete
TIGER MART 43,809 S Interstate 35 E,75115,liquor_store,48113016627,2.0,593,0.402678,0.39108643911570357,0.017406765886372032,0.012671604985130069,4082,4096,False,,complete
ROYAL SIGNS DALLAS,2633 ROYAL LN Ste:101A,75229,convenience_corner_store,48113009900,2.0,523,0.433542,0.5594792586308812,0.01715653353929056,0.016379819139389767,4083,4029,False,,complete
Zatome Braids,,,barbershop_beauty,48113013722,2.0,746,0.344974,0.4380386487905213,0.01708556462736859,0.01801071247925905,4084,3996,False,,complete
Today's Cut,,,barbershop_beauty,48113013722,2.0,746,0.344974,0.4380386487905213,0.01708556462736859,0.01801071247925905,4085,3997,False,,complete
Gold Beauty Super Store,,,barbershop_beauty,48113013722,2.0,746,0.344974,0.4380386487905213,0.01708556462736859,0.01801071247925905,4086,3998,False,,complete
AMIGO SUPERMART,3726 W DAVIS ST,75211,convenience_corner_store,48113006702,2.0,697,0.358808,0.45660437903107043,0.017041252474564863,0.01759234572764313,4087,4009,False,,complete
Primetime Fades,2411 North Galloway Avenue,75150,barbershop_beauty,48113017818,1.0,425,0.494919,0.4103082005219494,0.01685784849403224,0.009564393545758762,4088,4176,False,,complete
7-ELEVEN CONVENIENCE STORE #37212A,7051 MURPHY RD,75048,liquor_store,48113019051,3.0,774,0.334879,0.2710201752000654,0.016853357145932703,0.011048024043390904,4089,4144,False,,complete
24 HR FITNESS,2300 FORT WORTH AVE,75211,barbershop_beauty,48113006800,3.0,786,0.330295,0.41510178563288136,0.016711860899771787,0.017911138573651945,4090,3999,False,,complete
Tito's Meat Market & Taqueria #2,1638 S First St Ste B,75040,liquor_store,48113018204,2.0,726,0.345239,0.3940408914840644,0.016649014222421994,0.015640378384342426,4091,4042,False,,complete
Spec's Liquors Wines Beer & Cigars Spec's Liquor #228 SFP Distribution,4205 President George Bush Hwy,75048,liquor_store,48113018155,2.0,574,0.398609,0.4065390555188339,0.01658794324631705,0.012789716928891918,4092,4093,False,,complete
PAYLESS FUEL TRAVEL CENTER LANCASTER,8181 S LANCASTER ROAD SUITE A,75241,liquor_store,48113016711,2.0,571,0.399626,0.6336797647745276,0.01656616497036576,0.02038668142075327,4093,3943,False,,complete
TRADER JOE'S #403,2001 GREENVILLE AVE,75206,liquor_store,48113001002,3.0,1624,0.231113,0.13923671857022477,0.016522857602426604,0.010534652416650244,4094,4157,False,,complete
SUNRISE MINI MART,1322 MARTIN LUTHER KING JR BLVD,75215,other_storefront,48113021100,1.0,384,0.522503,0.7212350348395278,0.01641568949355215,0.015696808960459746,4095,4037,False,,complete
OLE CHERRYS JR.,1326 MARTIN LUTHER KING JR BLVD,75215,convenience_corner_store,48113021100,1.0,384,0.522503,0.7212350348395278,0.01641568949355215,0.015696808960459746,4096,4038,False,,complete
DAIQUIRI DAZE LLC,2400 N HENDERSON AVE Ste:C,75206,convenience_corner_store,48113000901,3.0,1699,0.226352,0.06715994115673789,0.016381643407023725,0.0037851030870835827,4097,4344,False,,complete
THE SKELLIG,2409 N HENDERSON AVE,75206,other_storefront,48113000901,3.0,1699,0.226352,0.06715994115673789,0.016381643407023725,0.0037851030870835827,4098,4345,False,,complete
GOLD DUST TATTOOS + FINE ART,2406 N HENDERSON AVE,75206,barbershop_beauty,48113000901,3.0,1699,0.226352,0.06715994115673789,0.016381643407023725,0.0037851030870835827,4099,4346,False,,complete
MUSUME SPEAKEASY,1740 CROCKETT ST,75201,other_storefront,48113001705,3.0,2104,0.209183,0.25402872373856994,0.016248305839567812,0.027919888211729346,4100,3758,False,,complete
GASLIGHT,3407 MCKINNEY AVE,75204,other_storefront,48113001801,3.0,1613,0.229919,0.1503759539717263,0.01619563937237673,0.011525000822202624,4101,4135,False,,complete
FRIDA SOCIAL CLUB,3403 MCKINNEY AVE,75204,other_storefront,48113001801,3.0,1613,0.229919,0.1503759539717263,0.01619563937237673,0.011525000822202624,4102,4136,False,,complete
Barber and Styles,3474 Highland Road,,barbershop_beauty,48113012212,2.0,673,0.352655,0.5363676865556588,0.01599153970786305,0.02015857372560273,4103,3945,False,,complete
Azure N Estates LLC,2002 State Highway 66 Hwy,75040,liquor_store,48113018203,2.0,590,0.382424,0.4325394973425565,0.015982808096088295,0.0140526799626975,4104,4058,False,,complete
FIVESTAR MARKET,2020 HWY 66,75040,liquor_store,48113018203,2.0,590,0.382424,0.4325394973425565,0.015982808096088295,0.0140526799626975,4105,4059,False,,complete
PLAYHOUSE,2923 FAIRMOUNT ST,75201,other_storefront,48113001802,3.0,2670,0.193604,0.07629816829015604,0.015969200795942048,0.007390077029846943,4106,4238,False,,complete
7-ELEVEN CONVENIENCE STORE #21445A,8402 HARRY HINES BLVD,75235,liquor_store,48113000410,1.0,391,0.505161,0.46819253537623756,0.01595690459024302,0.0101366116135198,4107,4161,False,,complete
Culinary Community Kitchen,4401 N Belt Line Rd,75150,liquor_store,48113017808,3.0,1003,0.282067,0.35442508707611,0.015918024960858673,0.019259931966379998,4108,3976,False,,complete
QUIKTRIP #946,4005 LAKERIDGE PKWY,75052,liquor_store,48113016410,1.0,434,0.467786,0.4719214265995565,0.015898408850468743,0.011347007201765,4109,4139,False,,complete
WAIKIKI TERIYAKI,4344 S HAMPTON RD Ste:150,,convenience_corner_store,48113011004,2.0,511,0.417564,0.4555493343527255,0.015850131441863282,0.012865831150843134,4110,4085,False,,complete
RODS KITCHEN,4344 S HAMPTON RD Ste:150,75232,convenience_corner_store,48113011004,2.0,511,0.417564,0.4555493343527255,0.015850131441863282,0.012865831150843134,4111,4086,False,,complete
Rod's Gold 7 Beauty Supply,4344 South Hampton Road,75232,barbershop_beauty,48113011004,2.0,511,0.417564,0.4555493343527255,0.015850131441863282,0.012865831150843134,4112,4087,False,,complete
PERIQUE ROOM LLC,2017 S RIVERFRONT BLVD,75207,convenience_corner_store,48113020402,2.0,648,0.356845,0.3807055903558601,0.015701028544997053,0.013449394632738499,4113,4067,False,,complete
DONATOS & FAMILY FOOD MART LLC,200 N Corinth St,75207,liquor_store,48113020402,2.0,648,0.356845,0.3807055903558601,0.015701028544997053,0.013449394632738499,4114,4068,False,,complete
GREENVILLE AVENUE PIZZA COMPANY,1923 GREENVILLE AVENUE,75206,liquor_store,48113001002,3.0,1540,0.231113,0.13923671857022477,0.015668227036783847,0.00998975660199592,4115,4166,False,,complete
SHAKESPEAR DALLAS,2912 MAPLE AVE,75201,other_storefront,48113001802,3.0,2618,0.193604,0.07629816829015604,0.01565819014373644,0.0072461504360072275,4116,4241,False,,complete
ORGANIC LIFE DRY CLEANING,2310 N HENDERSON AVE Ste:C,75206,barbershop_beauty,48113000902,3.0,1217,0.254292,0.273254112010104,0.015535486884805931,0.017532024219395946,4117,4010,False,,complete
Lip Lab,2323 North Henderson Avenue,,barbershop_beauty,48113000902,3.0,1217,0.254292,0.273254112010104,0.015535486884805931,0.017532024219395946,4118,4011,False,,complete
Elmer's,2101 S Riverfront Blvd,75207,liquor_store,48113020402,2.0,640,0.356845,0.3807055903558601,0.01550718868641684,0.013283352723692342,4119,4070,False,,complete
PUBLIC MARKET BAR OPS MF6 LLC,2920 CARLISLE ST Ste:100,75204,convenience_corner_store,48113001802,3.0,2545,0.193604,0.07629816829015604,0.015221579035832402,0.007044099640809164,4120,4242,False,,complete
WALGREENS #05092,3418 MCKINNEY AVE,75204,liquor_store,48113001703,3.0,1613,0.224214,0.15095686594257735,0.015166912613008584,0.011580368756392997,4121,4133,False,,complete
CIRCLE K #2744529,531 E MALLOY BRIDGE RD,75159,liquor_store,48113017006,1.0,311,0.5763,0.6044448529568984,0.015165372568917111,0.010566529965075648,4122,4156,False,,complete
THE GYM OF SOCIAL MECHANICS,1808 GREENVILLE AVE,75206,barbershop_beauty,48113001101,3.0,1087,0.263308,0.19030622366848535,0.014971589053413413,0.010331445271162162,4123,4159,False,,complete
Mirame Hair Salon,2330 North Henderson Avenue,,barbershop_beauty,48113001002,3.0,1470,0.231113,0.13923671857022477,0.014956034898748218,0.009535676756450652,4124,4177,False,,complete
ERVAY THEATER,1707 S ERVAY ST,75215,other_storefront,48113020402,2.0,616,0.356845,0.3807055903558601,0.014925669110676209,0.01278522699655388,4125,4094,False,,complete
CORNER SAVE,5305 S CENTRAL EXPY,75215,convenience_corner_store,48113020900,1.0,323,0.552848,0.5925259506393883,0.014903709061228064,0.010746756918614925,4126,4154,False,,complete
LEELA'S/MILLI,1914 GREENVILLE AVE,75206,other_storefront,48113001002,3.0,1442,0.231113,0.13923671857022477,0.014671158043533966,0.009354044818232545,4127,4179,False,,complete
CROSSROADS TRADING CO,1924 GREENVILLE AVE,75206,convenience_corner_store,48113001002,3.0,1442,0.231113,0.13923671857022477,0.014671158043533966,0.009354044818232545,4128,4180,False,,complete
Murphy USA #8916,5140 N BELT LINE RD,75038,liquor_store,48113014158,2.0,573,0.368216,0.6039800113661445,0.014612168742881067,0.019452498022621875,4129,3972,False,,complete
The Bearded Bastard,2328 North Henderson Avenue,,barbershop_beauty,48113001002,3.0,1424,0.231113,0.13923671857022477,0.014488022922324805,0.009237281429378047,4130,4182,False,,complete
TRAVEL CENTERS OF AMERICA,7751 BONNIE VIEW RD,75241,liquor_store,48113016709,1.0,389,0.473239,0.6626121783490235,0.014487091025725892,0.014553690055835731,4131,4056,False,,complete
Evans Meat Market,4266 Oak Lawn Ave,75219,liquor_store,48113019800,3.0,826,0.29535,0.2330370360604953,0.014335514511291997,0.009936376134662545,4132,4168,False,,complete
Dreads by dotie,2607 South 2nd Avenue,75210,barbershop_beauty,48113002703,1.0,375,0.478027,0.5749275889660188,0.014166426926410285,0.012086927597008397,4133,4117,False,,complete
I REPAIR PHONES,3651 W CAMP WISDOM RD,75237,convenience_corner_store,48113010904,2.0,572,0.359797,0.5191471709630978,0.014048315292840492,0.016551246016230908,4134,4023,False,,complete
ROSE'S NAILS SALON,3659 W CAMP WISDOM RD,75237,barbershop_beauty,48113010904,2.0,572,0.359797,0.5191471709630978,0.014048315292840492,0.016551246016230908,4135,4024,False,,complete
STUFF STORE,3647 W CAMP WISDOM RD,75237,convenience_corner_store,48113010904,2.0,572,0.359797,0.5191471709630978,0.014048315292840492,0.016551246016230908,4136,4025,False,,complete
TIENDA SALVADORENA 503,1610 S 1ST ST,75040,liquor_store,48113018204,2.0,611,0.345239,0.3940408914840644,0.014011773677547988,0.01316290797910912,4137,4075,False,,complete
Kings Beer & Wine,3520 W Kingsley Rd,75041,liquor_store,48113018506,1.0,411,0.443293,0.4344138256545896,0.013930500354756965,0.009834759651177794,4138,4170,False,,complete
BEARDED BASTARD BARBERSHOP,2328 N HENDERSON AVE,75206,barbershop_beauty,48113000902,3.0,1087,0.254292,0.273254112010104,0.013875985409847203,0.015659252527923904,4139,4040,False,,complete
Clark's Barbershop,1910 Summit Avenue,75206,barbershop_beauty,48113001002,3.0,1350,0.231113,0.13923671857022477,0.01373513409068714,0.008757254164087333,4140,4192,False,,complete
GreenHaus Esthetics,1910 Summit Avenue,75206,barbershop_beauty,48113001002,3.0,1350,0.231113,0.13923671857022477,0.01373513409068714,0.008757254164087333,4141,4193,False,,complete
LA MADELEINE,15125 MONTFORT RD,75248,liquor_store,48113013620,3.0,1145,0.247345,0.36038346321485915,0.013727151036928975,0.02238979388854395,4142,3903,False,,complete
WALGREENS #09647,5201 BELT LINE RD,75254,liquor_store,48113013620,3.0,1145,0.247345,0.36038346321485915,0.013727151036928975,0.02238979388854395,4143,3904,False,,complete
QUALITY LICENSING CORP. (STORE #3014),200 SHORT BLVD,75232,liquor_store,48113011002,3.0,632,0.332551,0.4753745376057806,0.013596918710815175,0.01665270833109396,4144,4019,False,,complete
BODY 2.0 BEAUTY BAR,1904 GREENVILLE AVE,75206,barbershop_beauty,48113001002,3.0,1327,0.231113,0.13923671857022477,0.013501128102475432,0.00860805650055103,4145,4200,False,,complete
CLARKS BARBERSHOP,1908 GREENVILLE AVE,75206,barbershop_beauty,48113001002,3.0,1327,0.231113,0.13923671857022477,0.013501128102475432,0.00860805650055103,4146,4201,False,,complete
(unnamed convenience_corner_store),5530 Columbia Avenue,,convenience_corner_store,48113002400,1.0,398,0.442004,0.39983622351643733,0.013432524593640827,0.008710495385729568,4147,4195,False,,complete
CIRCLE M STORE 1,3401 SAINT FRANCES AVE,75228,liquor_store,48113012212,2.0,560,0.352655,0.5363676865556588,0.013306481777716653,0.016773850351170176,4148,4017,False,,complete
EMPIRE CENTRAL BEVERAGE,8300 HARRY HINES BLVD,75235,liquor_store,48113010001,2.0,452,0.403338,0.5129065632930548,0.013301238741429609,0.012912278388403666,4149,4083,False,,complete
7-ELEVEN CONVENIENCE STORE #36365A,2358 ROYAL LN,75229,liquor_store,48113009900,2.0,405,0.433542,0.5594792586308812,0.013285652167137051,0.012684181169125919,4150,4095,False,,complete
Payless Liquor,2497 South Peachtree Road,75180,liquor_store,48113011902,2.0,522,0.367095,0.3260989419215336,0.013246192897173846,0.009149894995848397,4151,4185,False,,complete
Fuel Zone,11331 Lake June Road,75180,convenience_corner_store,48113011902,2.0,522,0.367095,0.3260989419215336,0.013246192897173846,0.009149894995848397,4152,4186,False,,complete
Hyatt House Dallas Uptown Pantry,2914 Harry Hines Blvd,75201,liquor_store,48113001901,3.0,1269,0.233153,0.1468079036853269,0.013200428233272518,0.008799545344988486,4153,4190,False,,complete
Bodega Fine Spirits,"10645 Harry Hines Blvd. Dallas, Texas 75220",75220,liquor_store,48113009900,2.0,402,0.433542,0.5594792586308812,0.013187239928861961,0.012590224271576838,4154,4100,False,,complete
BUY LOW BEER & WINE,100 IRBY LANE,75061,liquor_store,48113015202,3.0,648,0.32156,0.31444810305207505,0.013144944388671923,0.010912376364390203,4155,4152,False,,complete
ARIAS,2324 JOE FIELD RD Ste:215,75229,convenience_corner_store,48113009900,2.0,398,0.433542,0.5594792586308812,0.013056023611161843,0.012464948408178064,4156,4103,False,,complete
PRETTY GIRL WORLD LLC,3662 W CAMP WISDOM RD Ste:1026,75237,convenience_corner_store,48113010904,2.0,528,0.359797,0.5191471709630978,0.012967675654929687,0.015278073245751608,4157,4045,False,,complete
Salon Society,,,barbershop_beauty,48113001002,3.0,1268,0.231113,0.13923671857022477,0.012900851871845401,0.00822533205930573,4158,4209,False,,complete
SONIC GROCERY,4820 E GRAND AVE,75223,liquor_store,48113002500,1.0,285,0.540924,0.5882942073267108,0.012770424916175615,0.00941116732686269,4159,4178,False,,complete
WIRELESS CONNECT,13015 JUPITER RD Ste:303,75238,convenience_corner_store,48113013011,2.0,411,0.41783,0.5605547790080619,0.012760566219286876,0.01289821501949252,4160,4084,False,,complete
Neighborhood Sushi,4216 Oak Lawn Ave,75219,liquor_store,48113019800,3.0,733,0.29535,0.2330370360604953,0.012721467477938299,0.00881763160618359,4161,4189,False,,complete
Family Dollar #32427,918 E INTERSTATE 30,75043,liquor_store,48113017808,3.0,794,0.282067,0.35442508707611,0.012601108493441465,0.015246646043176191,4162,4046,False,,complete
ALDI (TEXAS) LLC #66,912 E IRVING BLVD,75060,liquor_store,48113014903,2.0,441,0.39536,0.55189166847014,0.01258421909729625,0.013613941445318023,4163,4065,False,,complete
S & K GROCERY,2801 S MARSALIS AVE,75216,grocery_food_mart,48113005600,2.0,421,0.404975,0.5273490500803241,0.01246602999199625,0.01238598562776394,4164,4106,False,,complete
DADDY MAC'S CHICKEN,2811 S MARSALIS AVE Ste:100B,75216,convenience_corner_store,48113005600,2.0,421,0.404975,0.5273490500803241,0.01246602999199625,0.01238598562776394,4165,4107,False,,complete
Big Bass Grocery & Beer,2808 S Marsalis Ave,75216,liquor_store,48113005600,2.0,421,0.404975,0.5273490500803241,0.01246602999199625,0.01238598562776394,4166,4108,False,,complete
FAMILY C STORE,2811 S MARSALIS AVENUE,75216,liquor_store,48113005600,2.0,421,0.404975,0.5273490500803241,0.01246602999199625,0.01238598562776394,4167,4109,False,,complete
Bayside Liquor,8601 Sunset Blvd,75088,liquor_store,48113018135,2.0,384,0.430343,0.4304711110539068,0.0124594396407128,0.009099218222655565,4168,4187,False,,complete
"FPG CT OWNER, LP",2200 ROSS AVE Ste:R1,75201,barbershop_beauty,48113001705,3.0,1600,0.209183,0.25402872373856994,0.012356126113739782,0.021231854153406345,4169,3924,False,,complete
Legend Nails,,,barbershop_beauty,48113013722,2.0,522,0.344974,0.4380386487905213,0.011955314658828958,0.012602670126237567,4170,4098,False,,complete
Kings Lunge Barber Shop,,,barbershop_beauty,48113013722,2.0,522,0.344974,0.4380386487905213,0.011955314658828958,0.012602670126237567,4171,4099,False,,complete
KATHLYN JOY GILLIAM MUSEUM AND LEARNING CENTER,3817 WENDELKIN ST,75215,barbershop_beauty,48113020900,1.0,256,0.552848,0.5925259506393883,0.011812227615090973,0.008517553471100375,4172,4202,False,,complete
FUEL ZONE 1,11331 LAKE JUNE RD STE A,75180,liquor_store,48113011902,2.0,464,0.367095,0.3260989419215336,0.011774393686376752,0.008133239996309686,4173,4214,False,,complete
PAYLESS LIQUOR,11331 Lake June Rd STE B,75180,liquor_store,48113011902,2.0,464,0.367095,0.3260989419215336,0.011774393686376752,0.008133239996309686,4174,4215,False,,complete
MURPHY'S RESTAURANT & LOUNGE,10051 WHITEHURST DR Ste:100,75243,other_storefront,48113007835,2.0,460,0.367034,0.38696007297869206,0.011669753414101931,0.009717415221862065,4175,4174,False,,complete
Circle K Management CK 134,1135 Gross Rd,75149,liquor_store,48113017704,2.0,356,0.430684,0.45403545391335276,0.011564509913174549,0.008931433604763304,4176,4188,False,,complete
7-ELEVEN CONVENIENCE STORE #37015A,2400 W LEDBETTER DR,75233,liquor_store,48113010904,2.0,467,0.359797,0.5191471709630978,0.011469516156916977,0.01351299281395076,4177,4066,False,,complete
ROSS DRESS FOR LESS,9222 E R L THORNTON FWY,75228,convenience_corner_store,48113012207,2.0,378,0.410578,0.6870570509407926,0.011429545215800559,0.014688146827323178,4178,4050,False,,complete
AMY AFRICAN BRAIDS,9208 E R L THORNTON FWY Ste:201B,75228,barbershop_beauty,48113012207,2.0,378,0.410578,0.6870570509407926,0.011429545215800559,0.014688146827323178,4179,4051,False,,complete
GOODY GOODY LIQUOR,10370 OLYMPIC DR STE A,75220,liquor_store,48113009900,2.0,342,0.433542,0.5594792586308812,0.011218995163360175,0.01071108632059522,4180,4155,False,,complete
NEXT DOOR GOOD TIME CLUB,6644 MAPLE AVE,75235,other_storefront,48113000409,3.0,727,0.278076,0.1541251686118325,0.011213431619929526,0.0053555274424685,4181,4297,False,,complete
Fins,,,gas_station,48113011801,2.0,464,0.352383,0.32507057078192036,0.011011261593994752,0.008105044386806181,4182,4219,False,,complete
"GLOBAL ONE WIRELESS, LLC",2513 N FITZHUGH AVE Ste:100,75204,convenience_corner_store,48113000802,3.0,665,0.287798,0.24144470109060595,0.010979876599913597,0.008330002513934657,4183,4207,False,,complete
NICE BRAIDS,9724 SKILLMAN ST,75243,barbershop_beauty,48113018506,1.0,323,0.443293,0.4344138256545896,0.010947814147412409,0.007729020358468195,4184,4230,False,,complete
Corner Store,10304 Forest Ln,75243,liquor_store,48113018506,1.0,323,0.443293,0.4344138256545896,0.010947814147412409,0.007729020358468195,4185,4231,False,,complete
Manolo Salon,,,barbershop_beauty,48113013620,3.0,911,0.247345,0.36038346321485915,0.010921776938552223,0.01781406308512099,4186,4004,False,,complete
FIJI,10420 PLANO RD Ste:114,75238,barbershop_beauty,48113018506,1.0,320,0.443293,0.4344138256545896,0.010846131663071117,0.007657233791671276,4187,4233,False,,complete
PIZZA HUT #034493,9310 E R L THORNTON FWY Ste:106,75228,convenience_corner_store,48113012207,2.0,358,0.410578,0.6870570509407926,0.01082480737369471,0.013910996201538883,4188,4061,False,,complete
QUALITY LICENSING CORP. (STORE #6482),5555 S BUCKNER BLVD,75228,liquor_store,48113012207,2.0,358,0.410578,0.6870570509407926,0.01082480737369471,0.013910996201538883,4189,4062,False,,complete
QUIKTRIP #969,1484 S BELT LINE ROAD,75019,liquor_store,48113014157,2.0,407,0.376892,0.34078936911077906,0.010773726673448865,0.00748741257405781,4190,4236,False,,complete
ALCOHAUL BEER SPIRITS & WINE,4835 N O CONNER RD STE 112,75062,liquor_store,48113014313,3.0,703,0.277185,0.18164630050665237,0.0107732261814775,0.006321963030340927,4191,4261,False,,complete
LePeep Restaurant,4835 N O Connor Rd STE 100,75062,liquor_store,48113014313,3.0,703,0.277185,0.18164630050665237,0.0107732261814775,0.006321963030340927,4192,4262,False,,complete
A SMOKERS DELIGHT,1906 S DENLEY,75216,liquor_store,48113005500,2.0,334,0.425723,0.4937169993128214,0.010664613051557281,0.009162647784198133,4193,4184,False,,complete
SAM,3964 N CENTRAL EXPY,75204,convenience_corner_store,48113000802,3.0,645,0.287798,0.24144470109060595,0.010649654747284618,0.008079476122538126,4194,4220,False,,complete
GLORIA'S FLOWERS,2752 W DAVIS ST,75211,convenience_corner_store,48113004500,1.0,314,0.442264,0.5314095168877079,0.010606646087084452,0.009313342426170485,4195,4181,False,,complete
MURPHY EXPRESS,12505 E NORTHWEST HWY,75228,grocery_food_mart,48113012601,3.0,480,0.330755,0.5849961780479461,0.010230400213535253,0.01575684449105587,4196,4036,False,,complete
SAMS CLUB 6182,3972 N CENTRAL EXPY,75204,convenience_corner_store,48113000802,3.0,615,0.287798,0.24144470109060595,0.010154321968341148,0.00770368653544333,4197,4232,False,,complete
HALL OF FADES,3400 ROSS AVE,75204,barbershop_beauty,48113001602,3.0,885,0.242428,0.07022418033358485,0.010123601576620898,0.002131883105884418,4198,4456,False,,complete
GREENVILLE STOP,1737 GREENVILLE AVE,75206,liquor_store,48113001002,3.0,989,0.231113,0.13923671857022477,0.010062257493103393,0.006415499532061017,4199,4259,False,,complete
FOUNDATION FRESH FOOD AND MARKET,1500 MARILLA ST,75201,convenience_corner_store,48113020402,2.0,415,0.356845,0.3807055903558601,0.01005544266384842,0.008613424031769254,4200,4199,False,,complete
$ STUFF & MORE,4702 E GRAND AVE,75223,liquor_store,48113002500,1.0,224,0.540924,0.5882942073267108,0.010037105899029257,0.007396847302516641,4201,4237,False,,complete
ASMARA GROCERY,5338 LINDSLEY AVE,75223,convenience_corner_store,48113002400,1.0,293,0.442004,0.39983622351643733,0.00988876810536875,0.006412500371906441,4202,4260,False,,complete
COWBOY'S BEER BARN,908 S RIVERFRONT BOULEVARD,75207,liquor_store,48113010002,2.0,311,0.422863,1.0,0.00983078917917134,0.017835636864139474,4203,4003,False,,partial_1of4
YOLK,1722 ROUTH ST STE 132,75201,liquor_store,48113001705,3.0,1253,0.209183,0.25402872373856994,0.009676391262822466,0.016627195783886346,4204,4020,False,,complete
EXPO EVENT HALL,2550 W RED BIRD LN Ste:300,75237,other_storefront,48113010906,2.0,313,0.403206,0.6388825651640834,0.009206194762473998,0.011271412734982006,4205,4141,False,,complete
RELAXATION,10606 SHADY TRL Ste:112,75220,barbershop_beauty,48113009900,2.0,276,0.433542,0.5594792586308812,0.009053925921308211,0.00864403457451544,4206,4197,False,,complete
DALLAS WHOLESALE LIQUOR,2617 FREEWOOD DR,75220,liquor_store,48113009900,2.0,276,0.433542,0.5594792586308812,0.009053925921308211,0.00864403457451544,4207,4198,False,,complete
7-ELEVEN CONVENIENCE STORE #35394A,9501 FOREST LN,75243,liquor_store,48113019035,2.0,289,0.417304,0.5366279046367447,0.00895576432029017,0.008660948656426231,4208,4196,False,,complete
BOXER PROPERTY MANAGEMENT CORPORATION,2351 W NORTHWEST HWY Ste:1103,75220,convenience_corner_store,48113009900,2.0,268,0.433542,0.5594792586308812,0.008791493285907974,0.008393482847717891,4209,4204,False,,complete
DALLAS CIRCUS CENTER,2355 W NORTHWEST HWY,75220,barbershop_beauty,48113009900,2.0,268,0.433542,0.5594792586308812,0.008791493285907974,0.008393482847717891,4210,4205,False,,complete
SPRINGHILL MARKET,5800 HIGH POINT DRIVE,75038,liquor_store,48113014159,3.0,428,0.321883,0.32604969731134753,0.0086976091752407,0.007500967334460025,4211,4235,False,,complete
HOEBER MEDIA LLC,2655 MYRTLE SPRINGS AVE,75220,barbershop_beauty,48113009900,2.0,265,0.433542,0.5594792586308812,0.008693081047632886,0.008299525950168812,4212,4208,False,,complete
EZ Stop & Shop LLC ,1560 S 1st Street Suite C,75040,liquor_store,48113018204,2.0,378,0.345239,0.3940408914840644,0.008668495008368476,0.008143337505897295,4213,4211,False,,complete
EL RANCHO #26,1540 S 1ST ST,75040,liquor_store,48113018204,2.0,378,0.345239,0.3940408914840644,0.008668495008368476,0.008143337505897295,4214,4212,False,,complete
Skin Damsel Aesthetics,4801 Spring Valley Road,75244,barbershop_beauty,48113013806,3.0,423,0.322473,0.43178307820718564,0.008623901475557617,0.010056150256787879,4215,4165,False,,complete
Raceway #725,1015 Gross Rd,75149,liquor_store,48113017704,2.0,264,0.430684,0.45403545391335276,0.00857592869965753,0.006623310313644698,4216,4255,False,,complete
GOBRANDS TEXAS LLC,4624 E GRAND AVENUE,75223,liquor_store,48113002500,1.0,190,0.540924,0.5882942073267108,0.008513616610783745,0.006274111551241793,4217,4266,False,,complete
VM HAIR DRESSING,2507 N FITZHUGH AVE,75204,barbershop_beauty,48113000802,3.0,514,0.287798,0.24144470109060595,0.008486701612564795,0.006438528258890847,4218,4257,False,,complete
SUPER SAVE LIQUOR,2543 N FITZHUGH AVE,75204,liquor_store,48113000802,3.0,514,0.287798,0.24144470109060595,0.008486701612564795,0.006438528258890847,4219,4258,False,,complete
MORSEL'S,555 S LAMAR ST INCLUDING 665,75202,liquor_store,48113020402,2.0,350,0.356845,0.3807055903558601,0.00848049381288421,0.00726433352076925,4220,4240,False,,complete
FRUTTY FRESCURA,10788 HARRY HINES BLVD Ste:E30A,75220,convenience_corner_store,48113009900,2.0,257,0.433542,0.5594792586308812,0.008430648412232646,0.008048974223371263,4221,4224,False,,complete
Element Dallas Las Colinas,606 W John Carpenter Fwy,75039,liquor_store,48113014313,3.0,550,0.277185,0.18164630050665237,0.008428555334015111,0.00494605926982576,4222,4309,False,,complete
K Nail & Spa,3620 North Belt Line Road,75182,barbershop_beauty,48113018159,3.0,421,0.31741,0.29351376596807616,0.008344839695365609,0.0065688958543711805,4223,4256,False,,complete
PRO COLOR & SUPPLY,9543 LAKE JUNE RD Ste:300,75217,convenience_corner_store,48113011802,1.0,231,0.44872,0.43891077540186985,0.00796969765423215,0.005588948011690494,4224,4286,False,,complete
ST AUGUSTINE FOOD MART,1230 N ST AUGUSTINE DR,75217,liquor_store,48113011802,1.0,231,0.44872,0.43891077540186985,0.00796969765423215,0.005588948011690494,4225,4287,False,,complete
DEPIL BRAZIL WAXING STUDIO,3839 MCKINNEY AVE Ste:140,75204,barbershop_beauty,48113000703,3.0,803,0.228473,0.0714912971614573,0.007932871528761593,0.0019944764119911025,4226,4461,False,,complete
Lure Salon,,,barbershop_beauty,48113000703,3.0,803,0.228473,0.0714912971614573,0.007932871528761593,0.0019944764119911025,4227,4462,False,,complete
HOOK LINE & SINKER,3103 LEMMON AVE,75204,liquor_store,48113001801,3.0,777,0.229919,0.1503759539717263,0.007801619214095922,0.0055517207928403225,4228,4288,False,,complete
7-ELEVEN CONVENIENCE STORE #33275B,5501 S BUCKNER BLVD,75228,liquor_store,48113012207,2.0,257,0.410578,0.6870570509407926,0.007770881271060169,0.009986385541328193,4229,4167,False,,complete
7-ELEVEN #35394,9501 FOREST LN,,grocery_food_mart,48113018507,2.0,289,0.375721,0.43509859311469223,0.007612307594915348,0.0069271330390819315,4230,4250,False,,complete
KING NOVELTY,9501 FOREST LN Ste:1,75243,convenience_corner_store,48113018507,2.0,289,0.375721,0.43509859311469223,0.007612307594915348,0.0069271330390819315,4231,4251,False,,complete
QUIKTRIP #900,9500 FOREST LANE,75243,liquor_store,48113018507,2.0,289,0.375721,0.43509859311469223,0.007612307594915348,0.0069271330390819315,4232,4252,False,,complete
VEN AQUI BEAUTY SALONG,2102 EMPIRE CENTRAL Ste:100,75235,barbershop_beauty,48113000409,3.0,491,0.278076,0.1541251686118325,0.007573308012909763,0.0036170068421623575,4233,4354,False,,complete
AK CONOCO,3321 S Garland Ave,75041,liquor_store,48113018501,3.0,417,0.302177,0.4200167819247556,0.007555434178010956,0.009623582293681144,4234,4175,False,,complete
URBAN CENTER MARKET,387 E Las Colinas Blvd Suite 106,75039,liquor_store,48113014208,3.0,472,0.28276,0.08623192263914017,0.007527401932358048,0.0015834675661680051,4235,4481,False,,complete
Juno's Liquor,313 E Las Colinas Blvd,75039,liquor_store,48113014208,3.0,472,0.28276,0.08623192263914017,0.007527401932358048,0.0015834675661680051,4236,4482,False,,complete
Omni Las Colinas Hotel,221 Las Colinas Blvd E,75039,liquor_store,48113014208,3.0,472,0.28276,0.08623192263914017,0.007527401932358048,0.0015834675661680051,4237,4483,False,,complete
Granada Market,387 East Las Colinas Boulevard,75039,convenience_corner_store,48113014208,3.0,472,0.28276,0.08623192263914017,0.007527401932358048,0.0015834675661680051,4238,4484,False,,complete
INTRINSIC SMOKEHOUSE AND BREWERY,509 W STATE STREET,75040,liquor_store,48113018802,3.0,390,0.309055,0.39902850596898676,0.007366106013641249,0.008516796135265922,4239,4203,False,,complete
NORTHWEST HWY FOOD MART,2332 W NORTHWEST HWY,75220,convenience_corner_store,48113009900,2.0,223,0.433542,0.5594792586308812,0.007315309711781635,0.0069841293844816795,4240,4245,False,,complete
MICROMART,2331 W NORTHWEST HWY Ste:120,75220,convenience_corner_store,48113009900,2.0,223,0.433542,0.5594792586308812,0.007315309711781635,0.0069841293844816795,4241,4246,False,,complete
Ice House Beverages,2508 N Fitzhugh Ave,75204,liquor_store,48113000901,3.0,745,0.226352,0.06715994115673789,0.007183239751755548,0.0016597420835063386,4242,4479,False,,complete
MY MERMAID HAIR SALON,4301 BELMONT AVE,75204,barbershop_beauty,48113000802,3.0,435,0.287798,0.24144470109060595,0.007182325294680323,0.00544894901287455,4243,4295,False,,complete
TEXAS STAR CLEANERS,2408 N HASKELL AVE,75204,laundromat,48113000801,3.0,339,0.325731,0.34400897783154616,0.007034823480238462,0.006300937950185956,4244,4264,False,,complete
URBAN DOGG LLC,2402 N HASKELL AVE,75204,barbershop_beauty,48113000801,3.0,339,0.325731,0.34400897783154616,0.007034823480238462,0.006300937950185956,4245,4265,False,,complete
La Michoacana Supermarket #18,209 S Rogers Rd,75060,liquor_store,48113015205,1.0,203,0.444185,0.48030483444827254,0.0069007575890851075,0.005408032267021544,4246,4296,False,,complete
ZINNIA'S SPORT MEMORABILIA,7318 HARRY HINES BLVD Ste:B,75235,convenience_corner_store,48113000410,1.0,169,0.505161,0.46819253537623756,0.006896974106780231,0.004381297602774543,4247,4327,False,,complete
Lucky 7 Food Mart,7410 Harry Hines Blvd.,75235,liquor_store,48113000410,1.0,169,0.505161,0.46819253537623756,0.006896974106780231,0.004381297602774543,4248,4328,False,,complete
SPIRIT HALLOWEEN,2415 N HASKELL AVE Ste:106,75204,grocery_food_mart,48113001601,3.0,339,0.320538,0.37600699740677157,0.00683802214459471,0.00694190606294217,4249,4247,False,,complete
SVORY EATERY - CITY PLACE,2711 N HASKELL AVE Ste:C2,75204,convenience_corner_store,48113001601,3.0,339,0.320538,0.37600699740677157,0.00683802214459471,0.00694190606294217,4250,4248,False,,complete
TARGET GUEST SERVICES/CAFE AREA,2417 N HASKELL AVE,75204,grocery_food_mart,48113001601,3.0,339,0.320538,0.37600699740677157,0.00683802214459471,0.00694190606294217,4251,4249,False,,complete
GOPUFF,909 GROSS RD SUITE 280,75149,liquor_store,48113017704,2.0,210,0.430684,0.45403545391335276,0.0068217614656366716,0.005268542294944645,4252,4300,False,,complete
HAMPTON MART,8435 S Hampton Rd,75232,liquor_store,48113016634,1.0,196,0.447746,0.6057556262709036,0.006740826201304761,0.006674473088580763,4253,4253,False,,complete
ROOTS JUICES,4023 OAK LAWN AVE,75219,convenience_corner_store,48113000607,3.0,504,0.257674,0.08279859195197253,0.006624311849237514,0.0015885721278333378,4254,4480,False,,complete
5 ELEMENTS STUDIO,2613 N CARROLL AVE,75204,barbershop_beauty,48113000802,3.0,397,0.287798,0.24144470109060595,0.006554903774685261,0.004972948869221141,4255,4308,False,,complete
TAQUERIA CHARLY,12516 E NORTHWEST HWY Ste:100,75228,convenience_corner_store,48113012601,3.0,307,0.330755,0.5849961780479461,0.006543193469906921,0.010077815122404483,4256,4162,False,,complete
MURPHY EXPRESS #8835,12505 E NORTHWEST HWY,75228,liquor_store,48113012601,3.0,307,0.330755,0.5849961780479461,0.006543193469906921,0.010077815122404483,4257,4163,False,,complete
TRACK NINE,12516 E NORTHWEST HWY,75228,liquor_store,48113012601,3.0,307,0.330755,0.5849961780479461,0.006543193469906921,0.010077815122404483,4258,4164,False,,complete
THE FAJAS INDUSTRIES AND COSMETICS,10850 HARRY HINES BLVD Ste:160,75220,convenience_corner_store,48113009900,2.0,196,0.433542,0.5594792586308812,0.006429599567305832,0.006138517306539951,4259,4277,False,,complete
BIG DADDY'S CONVENIENCE,4121 COLONIAL AVE,75215,liquor_store,48113020900,1.0,138,0.552848,0.5925259506393883,0.006367528948759977,0.0045914936680150455,4260,4315,False,,complete
Tom Thumb Fuel Center 5838,3500 N Belt Line Rd,75182,liquor_store,48113018159,3.0,321,0.31741,0.29351376596807616,0.006362692499316771,0.00500858805048254,4261,4307,False,,complete
THE LOFT SALON,4215 HERSCHEL AVE Ste:C,75219,barbershop_beauty,48113000607,3.0,474,0.257674,0.08279859195197253,0.006230007572497187,0.0014940142630813535,4262,4493,False,,complete
HAIR,4209 HERSCHEL AVE,75219,barbershop_beauty,48113000607,3.0,474,0.257674,0.08279859195197253,0.006230007572497187,0.0014940142630813535,4263,4494,False,,complete
Ardy's,15615 Quorum Dr,75001,liquor_store,48113013628,3.0,304,0.322714,0.3148723528120475,0.006205982392786129,0.005127007387344723,4264,4302,False,,complete
"Glow by Cladia, Salon",15715 Quorum Drive,75001,barbershop_beauty,48113013628,3.0,304,0.322714,0.3148723528120475,0.006205982392786129,0.005127007387344723,4265,4303,False,,complete
Addison Haircutting Company,15660 Quorum Drive,75001,barbershop_beauty,48113013628,3.0,304,0.322714,0.3148723528120475,0.006205982392786129,0.005127007387344723,4266,4304,False,,complete
Swank Salon,15635 Quorum Drive,75001,barbershop_beauty,48113013628,3.0,304,0.322714,0.3148723528120475,0.006205982392786129,0.005127007387344723,4267,4305,False,,complete
EUROMART,12243 E NORTHWEST HWY Ste:103,75228,convenience_corner_store,48113012701,2.0,198,0.419182,0.6768378354736461,0.00617735228448795,0.007574228313804738,4268,4234,False,,complete
POWER HOUSE PHARMACY RX LLC,2726 W MOCKINGBIRD LN,75235,convenience_corner_store,48113000409,3.0,400,0.278076,0.1541251686118325,0.006169701028847056,0.0029466450852646494,4269,4400,False,,complete
7-ELEVEN,2500 W MOCKINGBIRD LN,75235,convenience_corner_store,48113000409,3.0,400,0.278076,0.1541251686118325,0.006169701028847056,0.0029466450852646494,4270,4401,False,,complete
7- ELEVEN CONVENIENCE STORE #41609A,2500 W MOCKINGBIRD LN,75235,liquor_store,48113000409,3.0,400,0.278076,0.1541251686118325,0.006169701028847056,0.0029466450852646494,4271,4402,False,,complete
Flamingo Liquor,2427 W Mockingbird Ln Ste 100,75235,liquor_store,48113000409,3.0,400,0.278076,0.1541251686118325,0.006169701028847056,0.0029466450852646494,4272,4403,False,,complete
PRIME NOW LLC,6627 MAPLE AVE,75235,liquor_store,48113000409,3.0,400,0.278076,0.1541251686118325,0.006169701028847056,0.0029466450852646494,4273,4404,False,,complete
7-Eleven Convenience Store #42293A,5550 President George Bush Hwy,75048,liquor_store,48113018157,2.0,226,0.382874,0.41661801830461875,0.006133597413899382,0.005170270302301934,4274,4301,False,,complete
FLYING FISH,5100 BELT LINE ROAD '740',75254,liquor_store,48113013624,3.0,442,0.263691,0.3399824983049027,0.006106728250326013,0.008110219605682173,4275,4216,False,,complete
BeBe Nails Bar,7535 Lake Ridge Parkway,75054,barbershop_beauty,48113016416,2.0,222,0.386112,0.48674601222761926,0.006105398151269654,0.005998697945354927,4276,4282,False,,complete
DING DING,3516 ROSS AVE,75204,barbershop_beauty,48113001602,3.0,532,0.242428,0.07022418033358485,0.006085600043799229,0.001281538770994927,4277,4508,False,,complete
OOMI DIGITAL KITCHEN,3510 ROSS AVE Ste:100,75204,convenience_corner_store,48113001602,3.0,532,0.242428,0.07022418033358485,0.006085600043799229,0.001281538770994927,4278,4509,False,,complete
SUPER MERCADO MEXICO #4,5535 COLUMBIA,75214,liquor_store,48113001302,1.0,152,0.496917,0.4629363773168693,0.006063110660090546,0.0038933662684931124,4279,4341,False,,complete
7-ELEVEN CONVENIENCE STORE #38438A,555 W MOCKINGBIRD LN,75247,convenience_corner_store,48113010003,3.0,277,0.328285,0.284070516662347,0.005827306612270293,0.004167486302499804,4280,4333,False,,complete
777 Palenque Grill,3334 Irving Blvd,75247,liquor_store,48113010003,3.0,277,0.328285,0.284070516662347,0.005827306612270293,0.004167486302499804,4281,4334,False,,complete
ANATOLIA RUG GALLERY,401 W MOCKINGBIRD LN,75247,convenience_corner_store,48113010003,3.0,275,0.328285,0.284070516662347,0.005785232196297222,0.004137396148691141,4282,4335,False,,complete
FURNITURE AND RUGS OUTLET,10831 HARRY HINES BLVD,75220,convenience_corner_store,48113009900,2.0,175,0.433542,0.5594792586308812,0.005740713899380206,0.005480819023696385,4283,4291,False,,complete
SIRENA'S,10830 HARRY HINES BLVD,75220,other_storefront,48113009900,2.0,175,0.433542,0.5594792586308812,0.005740713899380206,0.005480819023696385,4284,4292,False,,complete
EL PAISA,10844 HARRY HINES BLVD,75220,liquor_store,48113009900,2.0,175,0.433542,0.5594792586308812,0.005740713899380206,0.005480819023696385,4285,4293,False,,complete
TOSTADAS Y MICHELADAS EL CAMARON LOCO,10850 HARRY HINES SUITE 165,75220,liquor_store,48113009900,2.0,175,0.433542,0.5594792586308812,0.005740713899380206,0.005480819023696385,4286,4294,False,,complete
BNG C-STORE,3260 IRVING BLVD,75247,liquor_store,48113010003,3.0,270,0.328285,0.284070516662347,0.005680046156364546,0.004062170764169484,4287,4338,False,,complete
EXPRESSWAY FOOD STORE,704 GROSS ROAD,75149,liquor_store,48113017500,2.0,231,0.354341,0.30361054615182664,0.005532462845687008,0.00374212984084399,4288,4348,False,,complete
MR CAJUN'S #2,9620 LAKE JUNE RD STE B,75217,liquor_store,48113011802,1.0,157,0.44872,0.43891077540186985,0.00541663433642618,0.0037985490815385615,4289,4342,False,,complete
Prairie Creek,9609 Lake June Rd.,75217,library,48113011802,1.0,157,0.44872,0.43891077540186985,0.00541663433642618,0.0037985490815385615,4290,4343,False,,complete
7-ELEVEN CONVENIENCE STORE #37014A,1502 ELM ST,75201,liquor_store,48113003103,3.0,317,0.290069,0.3147079848912394,0.005314496076840917,0.0053431755537138815,4291,4298,False,,complete
7-Eleven,1502 Elm Street,75201,convenience_corner_store,48113003103,3.0,317,0.290069,0.3147079848912394,0.005314496076840917,0.0053431755537138815,4292,4299,False,,complete
LA SALSA VERDE,3235 S GARLAND AVE,75041,liquor_store,48113018501,3.0,289,0.302177,0.4200167819247556,0.005236260137758192,0.006669581014085973,4293,4254,False,,complete
COLUMBIA FOOD MART,5530 COLUMBIA AVE,75214,liquor_store,48113002400,1.0,152,0.442004,0.39983622351643733,0.005130009392546245,0.0033266213533439557,4294,4378,False,,complete
ALDI,2505 FORT WORTH AVE,,grocery_food_mart,48113006800,3.0,241,0.330295,0.41510178563288136,0.005124120199548346,0.0054918376542622376,4295,4290,False,,complete
UNCLE DANS PAWN SHOP,2210 LOMBARDY LN,75220,other_storefront,48113009900,2.0,155,0.433542,0.5594792586308812,0.0050846323108796115,0.004854439706702512,4296,4310,False,,complete
DEUCE'S BAR,2110 W NORTHWEST HWY Ste:A,75220,other_storefront,48113009900,2.0,155,0.433542,0.5594792586308812,0.0050846323108796115,0.004854439706702512,4297,4311,False,,complete
CASITA GROCERY & DELI,2111 W NORTHWEST HWY,75220,liquor_store,48113009900,2.0,155,0.433542,0.5594792586308812,0.0050846323108796115,0.004854439706702512,4298,4312,False,,complete
MOD GALLERY,1802 MCMILLAN AVE Ste:A,75206,convenience_corner_store,48113001002,3.0,496,0.231113,0.13923671857022477,0.005046390006652459,0.00321748004843505,4299,4388,False,,complete
Hairstory Studio,1906 North Henderson Avenue,,barbershop_beauty,48113001002,3.0,496,0.231113,0.13923671857022477,0.005046390006652459,0.00321748004843505,4300,4389,False,,complete
State & Main Merchant,500 Main St STE 200,75040,liquor_store,48113018802,3.0,267,0.309055,0.39902850596898676,0.005042949501646701,0.0058307296618359,4301,4284,False,,complete
Speedy B Mart 2,7902 Esters Blvd,75063,liquor_store,48113014124,2.0,217,0.345867,0.30315790666339876,0.00499159278740101,0.0035095301143511152,4302,4359,False,,complete
NEXT LEVEL DALLAS,11528 HARRY HINES BLVD Ste:A107,75229,other_storefront,48113009900,2.0,150,0.433542,0.5594792586308812,0.004920611913754463,0.004697844877454044,4303,4313,False,,complete
KATY TRAIL ICE HOUSE,3127 ROUTH ST,75201,other_storefront,48113001802,3.0,792,0.193604,0.07629816829015604,0.004736931472054721,0.002192112736943363,4304,4453,False,,complete
L & M LUXURY BALLROOM,11538 HARRY HINES BLVD Ste:B4,75229,other_storefront,48113009900,2.0,144,0.433542,0.5594792586308812,0.004723787437204284,0.0045099310823558825,4305,4316,False,,complete
GOJI THERAPY,11532 HARRY HINES BLVD Ste:324,75229,barbershop_beauty,48113009900,2.0,144,0.433542,0.5594792586308812,0.004723787437204284,0.0045099310823558825,4306,4317,False,,complete
LOVE'S TRAVEL STOP #331,2500 S I45 RD,75141,liquor_store,48113016902,1.0,116,0.502355,0.6589115261247336,0.004697629940347404,0.004314551979860442,4307,4330,False,,complete
CONDOM SENSE,2140 W NORTHWEST HWY,75220,convenience_corner_store,48113009900,2.0,141,0.433542,0.5594792586308812,0.004625375198929195,0.004415974184806802,4308,4320,False,,complete
EL  REY  MATACRUDAS,2132 W NORTHWEST HWY,75220,other_storefront,48113009900,2.0,141,0.433542,0.5594792586308812,0.004625375198929195,0.004415974184806802,4309,4321,False,,complete
HEIMANOS ABRAHAM,2152 W NORTHWEST HWY Ste:123,75220,barbershop_beauty,48113009900,2.0,141,0.433542,0.5594792586308812,0.004625375198929195,0.004415974184806802,4310,4322,False,,complete
BOB'S EXXON,2170 W Northwest Hwy,75220,liquor_store,48113009900,2.0,141,0.433542,0.5594792586308812,0.004625375198929195,0.004415974184806802,4311,4323,False,,complete
OCTO FUEL #1,7014 N Stemmons Fwy,75247,liquor_store,48113010001,2.0,156,0.403338,0.5129065632930548,0.0045906930169535825,0.004456450063254363,4312,4318,False,,complete
HEROES SPORT GRILL,3094 N STEMMONS FWY,75247,other_storefront,48113010001,2.0,154,0.403338,0.5129065632930548,0.00453183797827469,0.004399316088084435,4313,4324,False,,complete
REVEL WORKSHOPS,1380 RIVER BEND DR Ste:118,75247,barbershop_beauty,48113010001,2.0,154,0.403338,0.5129065632930548,0.00453183797827469,0.004399316088084435,4314,4325,False,,complete
Revel Workshop,1380 River Bend Drive,75247,barbershop_beauty,48113010001,2.0,154,0.403338,0.5129065632930548,0.00453183797827469,0.004399316088084435,4315,4326,False,,complete
(unnamed convenience_corner_store),,,convenience_corner_store,48113009900,2.0,138,0.433542,0.5594792586308812,0.004526962960654106,0.00432201728725772,4316,4329,False,,complete
"1107 DRAGON, LLC",1107 DRAGON ST,75207,other_storefront,48113010003,3.0,214,0.328285,0.284070516662347,0.004501962509118566,0.0032196464575269244,4317,4386,False,,complete
JAM BOX FITNESS LOUNGE,921 N RIVERFRONT BLVD Ste:400,75207,barbershop_beauty,48113010003,3.0,214,0.328285,0.284070516662347,0.004501962509118566,0.0032196464575269244,4318,4387,False,,complete
DINA LUBRICANTS AND FILTERS LLC / CYBERMONKEY,11311 N STEMMONS FWY Ste:13,75229,convenience_corner_store,48113009900,2.0,136,0.433542,0.5594792586308812,0.004461354801804047,0.004259379355558333,4319,4332,False,,complete
CAFE MOMENTUM,1510 PACIFIC AVE,75201,liquor_store,48113003103,3.0,264,0.290069,0.3147079848912394,0.004425952568725558,0.00444983705419705,4320,4319,False,,complete
TMA GROCERY BEER & WINE,2302 S 2ND AVE,75210,liquor_store,48113002703,1.0,117,0.478027,0.5749275889660188,0.004419925201040008,0.00377112141026662,4321,4347,False,,complete
POSTURE PERFECT WELLNESS CENTER,15110 DALLAS PKWY Ste:102,75248,barbershop_beauty,48113013620,3.0,359,0.247345,0.36038346321485915,0.004303971373150656,0.007020031446277097,4322,4243,False,,complete
JAMES HEPTIG HOTWORX STUDIO,15250 DALLAS PKWY Ste:500,75248,barbershop_beauty,48113013620,3.0,359,0.247345,0.36038346321485915,0.004303971373150656,0.007020031446277097,4323,4244,False,,complete
CIRCLE K #2654434,2502 ROYAL LN STE 101,75229,liquor_store,48113009900,2.0,131,0.433542,0.5594792586308812,0.004297334404678898,0.004102784526309865,4324,4336,False,,complete
Valero,,,gas_station,48113009900,2.0,131,0.433542,0.5594792586308812,0.004297334404678898,0.004102784526309865,4325,4337,False,,complete
HOUSE OF CULTURE,3200 S LANCASTER RD Ste:625,75216,barbershop_beauty,48113008802,2.0,188,0.342381,0.5812496998953245,0.004251248786466692,0.006129811467743581,4326,4278,False,,complete
Radiant Waxing,3858 Oak Lawn Avenue,75219,barbershop_beauty,48113000606,3.0,659,0.197032,0.07299932587688984,0.004194005450434929,0.0016955349562835444,4327,4478,False,,complete
Chipotle Mexican Grill #5001,3201 Miles Rd,75048,liquor_store,48113018120,2.0,156,0.378588,0.42823322770471606,0.004159064805774972,0.003675928521987349,4328,4352,False,,complete
Urban Value Corner Store,11010 Harmony Hill Ln STE 1000,75089,liquor_store,48113018143,2.0,165,0.364638,0.3094155567514426,0.004141694034059358,0.002729547821552151,4329,4425,False,,complete
COOL ZONE BEVERAGES,11368 EMERALD ST,75229,liquor_store,48113009900,2.0,125,0.433542,0.5594792586308812,0.004100509928128719,0.003914870731211704,4330,4339,False,,complete
Family Dollar #27822,3324 ELSIE FAYE HEGGINS ST,75215,liquor_store,48113020800,2.0,138,0.400722,0.4197010839077546,0.004020639928035171,0.003182208297493884,4331,4390,False,,complete
Expressway Foodstore,2537 Valley View Lane,,convenience_corner_store,48113013901,2.0,148,0.380781,0.5204400684259176,0.0039820630308952856,0.0042937970205541515,4332,4331,False,,complete
MINIT MARKIT,5150 DUCK CREEK DR STE 107,75043,liquor_store,48113018128,3.0,225,0.294959,0.32380349185144475,0.0038951176148178724,0.003913401699823975,4333,4340,False,,complete
LOVELY BRIDE,4012 OAK LAWN AVE,75219,convenience_corner_store,48113000606,3.0,611,0.197032,0.07299932587688984,0.0038885240215716863,0.0015720362037773075,4334,4485,False,,complete
HEB Food Store #817,2351 W Interstate 635,75063,liquor_store,48113014124,2.0,169,0.345867,0.30315790666339876,0.0038874616639206026,0.002733228522236583,4335,4423,False,,complete
G5IVE STUDIOS,11345 EMERALD ST Ste:100A,75229,barbershop_beauty,48113009900,2.0,118,0.433542,0.5594792586308812,0.0038708813721535108,0.003695637970263848,4336,4349,False,,complete
STAR KARAOKE,11339 EMERALD ST,75229,other_storefront,48113009900,2.0,118,0.433542,0.5594792586308812,0.0038708813721535108,0.003695637970263848,4337,4350,False,,complete
AA SHELL,11404 N STEMMONS FREEWAY,75229,liquor_store,48113009900,2.0,116,0.433542,0.5594792586308812,0.0038052732133034514,0.0036330000385644606,4338,4353,False,,complete
BANG BANG BILLIARD INC,2560 ROYAL LN Ste:118,75229,other_storefront,48113009900,2.0,115,0.433542,0.5594792586308812,0.003772469133878422,0.0036016810727147676,4339,4355,False,,complete
K-STORY,2548 ROYAL LN,75229,convenience_corner_store,48113009900,2.0,115,0.433542,0.5594792586308812,0.003772469133878422,0.0036016810727147676,4340,4356,False,,complete
H Mart,2534 Royal Ln,75229,liquor_store,48113009900,2.0,115,0.433542,0.5594792586308812,0.003772469133878422,0.0036016810727147676,4341,4357,False,,complete
QUIK TRIP - STORE #923,8414 S HAMPTON RD,75232,grocery_food_mart,48113016634,1.0,108,0.447746,0.6057556262709036,0.003714332804800583,0.003677770885544502,4342,4351,False,,complete
SPEC'S WAREHOUSE SPEC'S WHOLESALE SPEC'S LIQUOR #90,7777 HINES PLACE,75235,liquor_store,48113010001,2.0,125,0.403338,0.5129065632930548,0.003678439917430755,0.0035708734481204834,4343,4358,False,,complete
PINE THERAPY,11441 N STEMMONS FWY Ste:125,75229,barbershop_beauty,48113009900,2.0,110,0.433542,0.5594792586308812,0.0036084487367532728,0.0034450862434662988,4344,4372,False,,complete
RACETRAC #630,3401 S GARLAND AVENUE,75041,liquor_store,48113018501,3.0,199,0.302177,0.4200167819247556,0.0036055908907054687,0.004592548864370618,4345,4314,False,,complete
KROGER #529,4241 CAPITOL AVENUE,75204,liquor_store,48113000802,3.0,218,0.287798,0.24144470109060595,0.0035994181936558865,0.002730737666222188,4346,4424,False,,complete
XABLE OF DALLAS,4311 BELMONT AVE Ste:105,75204,barbershop_beauty,48113000802,3.0,217,0.287798,0.24144470109060595,0.0035829071010244373,0.0027182113466523617,4347,4426,False,,complete
LILAC TATTOO STUDIO LLC,4409 BELMONT AVE,75204,barbershop_beauty,48113000802,3.0,217,0.287798,0.24144470109060595,0.0035829071010244373,0.0027182113466523617,4348,4427,False,,complete
THE MOVEMENT STANDARD,4331 BELMONT AVE,75204,barbershop_beauty,48113000802,3.0,217,0.287798,0.24144470109060595,0.0035829071010244373,0.0027182113466523617,4349,4428,False,,complete
SECOND SIDE YOGA,4333 BELMONT AVE,75204,barbershop_beauty,48113000802,3.0,217,0.287798,0.24144470109060595,0.0035829071010244373,0.0027182113466523617,4350,4429,False,,complete
AppleJack's Liquor,"8704 Cypress Waters Blvd, #100",75063,liquor_store,48113014150,3.0,169,0.327374,0.35911310567392424,0.003538076793142023,0.0032920084225752885,4351,4381,False,,complete
F45 TRAINING DALLAS MAIN STREET,1517 MAIN ST,75201,barbershop_beauty,48113003103,3.0,208,0.290069,0.3147079848912394,0.0034871141450565006,0.003505932224518888,4352,4360,False,,complete
POETIC TRAUMA THERAPY CENTER,1627 PACIFIC AVE Ste:B2,75201,barbershop_beauty,48113003103,3.0,208,0.290069,0.3147079848912394,0.0034871141450565006,0.003505932224518888,4353,4361,False,,complete
TOWER CLEANERS,1509 JACKSON ST Ste:130,75201,barbershop_beauty,48113003103,3.0,208,0.290069,0.3147079848912394,0.0034871141450565006,0.003505932224518888,4354,4362,False,,complete
"DUDE, SWEET CHOCOLATE",1604 MAIN ST Ste:100,75201,convenience_corner_store,48113003103,3.0,208,0.290069,0.3147079848912394,0.0034871141450565006,0.003505932224518888,4355,4363,False,,complete
MODERN VINTAGE,1514 ELM ST Ste:130,75201,convenience_corner_store,48113003103,3.0,208,0.290069,0.3147079848912394,0.0034871141450565006,0.003505932224518888,4356,4364,False,,complete
COWBOYS FIT,1500 JACKSON ST Ste:120,75201,barbershop_beauty,48113003103,3.0,208,0.290069,0.3147079848912394,0.0034871141450565006,0.003505932224518888,4357,4365,False,,complete
FORTY FIVE TEN,1615 MAIN ST,75201,grocery_food_mart,48113003103,3.0,208,0.290069,0.3147079848912394,0.0034871141450565006,0.003505932224518888,4358,4366,False,,complete
PEGASUS CITY BREWERY,1508 COMMERCE ST,75201,other_storefront,48113003103,3.0,208,0.290069,0.3147079848912394,0.0034871141450565006,0.003505932224518888,4359,4367,False,,complete
"VARIOUS SMALL FIRES, LLC",1511 COMMERCE ST Ste:100,75201,convenience_corner_store,48113003103,3.0,208,0.290069,0.3147079848912394,0.0034871141450565006,0.003505932224518888,4360,4368,False,,complete
SWEET TOOTH HOTEL,1511 ELM ST Ste:100,75201,other_storefront,48113003103,3.0,208,0.290069,0.3147079848912394,0.0034871141450565006,0.003505932224518888,4361,4369,False,,complete
HILTON GARDEN INN DALLAS DOWNTOWN,1600 PACIFIC AVE LEVEL 1,75201,liquor_store,48113003103,3.0,208,0.290069,0.3147079848912394,0.0034871141450565006,0.003505932224518888,4362,4370,False,,complete
SANDOITCHI,1604 Main St STE 110,75201,liquor_store,48113003103,3.0,208,0.290069,0.3147079848912394,0.0034871141450565006,0.003505932224518888,4363,4371,False,,complete
EL JALE CLUB,1910 S HARWOOD ST,75215,other_storefront,48113020402,2.0,141,0.356845,0.3807055903558601,0.0034164275074762105,0.0029264886469384695,4364,4405,False,,complete
GREY GARDENS,1900 S HARWOOD ST,75215,other_storefront,48113020402,2.0,141,0.356845,0.3807055903558601,0.0034164275074762105,0.0029264886469384695,4365,4406,False,,complete
BRITTANY DEEN & CO,1902 S HARWOOD ST,75215,barbershop_beauty,48113020402,2.0,141,0.356845,0.3807055903558601,0.0034164275074762105,0.0029264886469384695,4366,4407,False,,complete
JAMAICA CABANA,1835 S HARWOOD ST,75215,convenience_corner_store,48113020402,2.0,141,0.356845,0.3807055903558601,0.0034164275074762105,0.0029264886469384695,4367,4408,False,,complete
MIKE'S GEMINI TWIN LOUNGE,1906 S HARWOOD ST,75215,other_storefront,48113020402,2.0,141,0.356845,0.3807055903558601,0.0034164275074762105,0.0029264886469384695,4368,4409,False,,complete
THE BROW PROJECT,1904 S HARWOOD ST,75215,barbershop_beauty,48113020402,2.0,141,0.356845,0.3807055903558601,0.0034164275074762105,0.0029264886469384695,4369,4410,False,,complete
Cedars Village Market,2020 South Harwood Street,75215,liquor_store,48113020402,2.0,141,0.356845,0.3807055903558601,0.0034164275074762105,0.0029264886469384695,4370,4411,False,,complete
BELLA HAIR SALON,11434 EMERALD ST Ste:107,75229,barbershop_beauty,48113009900,2.0,104,0.433542,0.5594792586308812,0.0034116242602030946,0.0032571724483681373,4371,4382,False,,complete
SANG SANG IMAGINATION,11445 EMERALD ST Ste:108,75229,barbershop_beauty,48113009900,2.0,104,0.433542,0.5594792586308812,0.0034116242602030946,0.0032571724483681373,4372,4383,False,,complete
MAGIC BEAUTY,11407 EMERALD ST Ste:111,75229,barbershop_beauty,48113009900,2.0,104,0.433542,0.5594792586308812,0.0034116242602030946,0.0032571724483681373,4373,4384,False,,complete
DISCOUNT LIQUOR,2907 IRVING BOULEVARD,75247,liquor_store,48113010003,3.0,161,0.328285,0.284070516662347,0.003386990485832192,0.002422257381597359,4374,4437,False,,complete
ROCKING CRAB,11407 EMERALD ST STE 101,75229,liquor_store,48113009900,2.0,103,0.433542,0.5594792586308812,0.0033788201807780647,0.0032258534825184435,4375,4385,False,,complete
CASTILLO'S PRODUCE INC,2011 S CESAR CHAVEZ BLVD,75215,convenience_corner_store,48113020402,2.0,138,0.356845,0.3807055903558601,0.003343737560508631,0.002864222931046161,4376,4413,False,,complete
Dallas Food Mart,2111 S Cesar Chavez Blvd,75215,liquor_store,48113020402,2.0,138,0.356845,0.3807055903558601,0.003343737560508631,0.002864222931046161,4377,4414,False,,complete
SHOP N GO GROCERY,1909 S CESAR CHAVEZ BLVD,75215,liquor_store,48113020402,2.0,138,0.356845,0.3807055903558601,0.003343737560508631,0.002864222931046161,4378,4415,False,,complete
STOP AND SAVE LIQUORS,1907 S CESAR CHAVEZ BLVD,75215,liquor_store,48113020402,2.0,138,0.356845,0.3807055903558601,0.003343737560508631,0.002864222931046161,4379,4416,False,,complete
LEGACY FOOD LLC,303 E LEDBETTER DR,75216,convenience_corner_store,48113011202,3.0,193,0.293484,0.24430282220732116,0.0033093209958937444,0.0024501747204216905,4380,4435,False,,complete
VAPE CRAFT CO,4509 LEMMON AVE Ste:100,75219,convenience_corner_store,48113000608,3.0,394,0.215165,0.07555472248269288,0.003306179086835164,0.0010732122409017404,4381,4523,False,,complete
Speak Easy Wine and Spirits ,211 N ERVAY ST Ste:1423,75201,convenience_corner_store,48113003103,3.0,196,0.290069,0.3147079848912394,0.0032859344828417023,0.0033036669038735674,4382,4379,False,,complete
7-ELEVEN CONVENIENCE STORE #37187A,211 N ERVAY STREET SUITE 120,75201,liquor_store,48113003103,3.0,196,0.290069,0.3147079848912394,0.0032859344828417023,0.0033036669038735674,4383,4380,False,,complete
GPM #4624,7014 N STEMMONS FWY,75247,convenience_corner_store,48113010003,3.0,156,0.328285,0.284070516662347,0.0032818044458995154,0.002347031997075702,4384,4445,False,,complete
SAVERS COST PLUS,504 N OCONNOR,75061,liquor_store,48113014603,2.0,134,0.358735,0.4279496982043498,0.0032751300271685636,0.0031552833440925336,4385,4391,False,,complete
Home2 Suites Market,4700 Plaza Drive,75063,liquor_store,48113014159,3.0,161,0.321883,0.32604969731134753,0.0032717641990975535,0.0028216255627291215,4386,4419,False,,complete
7-ELEVEN CONVENIENCE STORE #37126H,3200 HACKBERRY ROAD,75063,liquor_store,48113014150,3.0,156,0.327374,0.35911310567392424,0.003265917039823406,0.0030387770054541127,4387,4392,False,,complete
7-Eleven,3200 Hackberry Road,75063,convenience_corner_store,48113014150,3.0,156,0.327374,0.35911310567392424,0.003265917039823406,0.0030387770054541127,4388,4393,False,,complete
HAMPTON INN & SUITES,3051 N STEMMONS FWY,75247,liquor_store,48113010003,3.0,154,0.328285,0.284070516662347,0.0032397300299264443,0.0023169418432670385,4389,4450,False,,complete
Spark by Hilton Dallas Market Center,2979 N Stemmons Fwy,75247,liquor_store,48113010003,3.0,154,0.328285,0.284070516662347,0.0032397300299264443,0.0023169418432670385,4390,4451,False,,complete
ALL AMERICAN CONV STORE,9315 S CENTRAL EXPY,75241,convenience_corner_store,48113020200,1.0,93,0.451648,0.6390124541819242,0.003239020934421781,0.0033497277951333084,4391,4377,False,,complete
KILO BEVERAGES,4215 BOTHAM JEAN BLVD,75215,liquor_store,48113020900,1.0,70,0.552848,0.5925259506393883,0.0032299059885014378,0.0023290185272540087,4392,4446,False,,complete
MAC KARAOKE,2525 ROYAL LN Ste:311B,75229,other_storefront,48113009900,2.0,97,0.433542,0.5594792586308812,0.0031819957042278865,0.003037939687420282,4393,4394,False,,complete
VOLCANES TAQUERIA,2534 ROYAL LN Ste:105,75229,convenience_corner_store,48113009900,2.0,97,0.433542,0.5594792586308812,0.0031819957042278865,0.003037939687420282,4394,4395,False,,complete
MY LED HUB,2527 ROYAL LN Ste:150,75229,convenience_corner_store,48113009900,2.0,97,0.433542,0.5594792586308812,0.0031819957042278865,0.003037939687420282,4395,4396,False,,complete
LUCKY STAR WHOLESALE,2529 ROYAL LN Ste:200,75229,convenience_corner_store,48113009900,2.0,97,0.433542,0.5594792586308812,0.0031819957042278865,0.003037939687420282,4396,4397,False,,complete
E2U GO,2458 FABENS RD Ste:16,75229,convenience_corner_store,48113009900,2.0,97,0.433542,0.5594792586308812,0.0031819957042278865,0.003037939687420282,4397,4398,False,,complete
ABEL GONZALES TEXICAN,7101 HARRY HINES BLVD,75235,liquor_store,48113010001,2.0,105,0.403338,0.5129065632930548,0.003089889530641834,0.002999533696421206,4398,4399,False,,complete
HARMONY,11111 SHADY TRL Ste:100,,barbershop_beauty,48113009900,2.0,91,0.433542,0.5594792586308812,0.002985171227677708,0.0028500258923221202,4399,4417,False,,complete
VERIZON,2337 W MOCKINGBIRD LN Ste:150,75235,convenience_corner_store,48113000409,3.0,192,0.278076,0.1541251686118325,0.0029614564938465872,0.0014143896409270318,4400,4502,False,,complete
KWICK PIK FOOD MART,520 N O'Connor Rd,75061,liquor_store,48113014603,2.0,121,0.358735,0.4279496982043498,0.0029573935319954937,0.002849173765934303,4401,4418,False,,complete
MARBELLAS MASSAGE,2510 SOUTHWELL RD Ste:116,75229,barbershop_beauty,48113009900,2.0,89,0.433542,0.5594792586308812,0.0029195630688276485,0.002787387960622733,4402,4420,False,,complete
Guest365 Liquors,500 S Ervay St STE 120,75201,liquor_store,48113020402,2.0,117,0.356845,0.3807055903558601,0.0028349079317355787,0.0024283629198000064,4403,4436,False,,complete
PARIS ELEGANT EVENTS,2466 MERRELL RD Ste:100,75229,other_storefront,48113009900,2.0,85,0.433542,0.5594792586308812,0.002788346751127529,0.0026621120972239584,4404,4432,False,,complete
MAPLE AND MOTOR,4810 MAPLE AVENUE,75219,liquor_store,48113000408,3.0,187,0.272539,0.13635043107135988,0.002768583858079927,0.0011811489135931047,4405,4516,False,,complete
Gold Star Food Mart,2837 E Ledbetter Dr,75216,liquor_store,48113008704,1.0,75,0.469207,0.5847013934057242,0.0027593350973528544,0.0024607005409824825,4406,4434,False,,complete
THE SHOPPE OF WINDSOR AT TURTLE CREEK,2217 IVAN ST # B9B,75201,liquor_store,48113001901,3.0,265,0.233153,0.1468079036853269,0.002756590608208997,0.0018375725109708028,4407,4467,False,,complete
Kroger Fulfillment Network LLC,4221 Telephone Rd,75241,liquor_store,48113016709,1.0,74,0.473239,0.6626121783490235,0.0027558990640198355,0.002768568288256669,4408,4421,False,,complete
Murphy Express #8990,1712 W Scyene Rd,75149,liquor_store,48113017602,2.0,84,0.431874,0.5738145435907128,0.002739879296430638,0.0027019471188497184,4409,4430,False,,complete
GEN MERCH-CLOTHING STORE,3326 ELSIE FAYE HEGGINS ST Ste:120,75215,other_storefront,48113020800,2.0,93,0.400722,0.4197010839077546,0.002709561690632398,0.0021445316787458784,4410,4455,False,,complete
MINI SALON,9334 E R L THORNTON FWY,75228,barbershop_beauty,48113012207,2.0,88,0.410578,0.6870570509407926,0.002660846505265739,0.0034194627534508987,4411,4376,False,,complete
REY-FAIR INC DBA KHARISMA EVENT HALL,1818 STOREY LN Ste:900,75220,other_storefront,48113009900,2.0,81,0.433542,0.5594792586308812,0.00265713043342741,0.0025368362338251843,4412,4433,False,,complete
QUIK TRIP - STORE #900,9500 FOREST LN,75243,grocery_food_mart,48113018507,2.0,99,0.375721,0.43509859311469223,0.002607676304140552,0.0023729625289588625,4413,4443,False,,complete
4 TWENTY EXPRESS MART,2818 E LEDBETTER DR,75216,liquor_store,48113008705,1.0,75,0.441993,0.5633496129219306,0.0025311624062298037,0.002366074867003684,4414,4444,False,,complete
TAQUERIA LOS TAQUITOS,10941 HARRY HINES BLVD Ste:100,75220,convenience_corner_store,48113009900,2.0,77,0.433542,0.5594792586308812,0.002525914115727291,0.0024115603704264093,4415,4438,False,,complete
DAILY STOP,10941 HARRY HINES BOULEVARD,75220,liquor_store,48113009900,2.0,77,0.433542,0.5594792586308812,0.002525914115727291,0.0024115603704264093,4416,4439,False,,complete
la Botanita,2825 West Davis Street,75211,liquor_store,48113006800,3.0,118,0.330295,0.41510178563288136,0.002508905325919937,0.002688949556858689,4417,4431,False,,complete
HI-TECH ELECTRONICS,2588 ROYAL LN Ste:A,75229,convenience_corner_store,48113009900,2.0,76,0.433542,0.5594792586308812,0.0024931100363022613,0.002380241404576716,4418,4442,False,,complete
123 REFLEXOLOGY,11061 SHADY TRL,75229,barbershop_beauty,48113009900,2.0,74,0.433542,0.5594792586308812,0.0024275018774522015,0.002317603472877328,4419,4447,False,,complete
JUSTIN WALKER,11029 SHADY TRL Ste:124,75229,barbershop_beauty,48113009900,2.0,74,0.433542,0.5594792586308812,0.0024275018774522015,0.002317603472877328,4420,4448,False,,complete
GOBRANDS TEXAS LLC,11034 SHADY TRAIL,75229,liquor_store,48113009900,2.0,74,0.433542,0.5594792586308812,0.0024275018774522015,0.002317603472877328,4421,4449,False,,complete
CC BILLIARDS,2552 JOE FIELD RD Ste:#A,75229,other_storefront,48113009900,2.0,70,0.433542,0.5594792586308812,0.0022962855597520827,0.002192327609478554,4422,4452,False,,complete
STUDIO 4853,10907 SHADY TRL Ste:106,75220,barbershop_beauty,48113009900,2.0,68,0.433542,0.5594792586308812,0.0022306774009020233,0.0021296896777791667,4423,4457,False,,complete
SVKP Enterprises LLC,2350 Walnut Hill Ln,75229,liquor_store,48113009900,2.0,68,0.433542,0.5594792586308812,0.0022306774009020233,0.0021296896777791667,4424,4458,False,,complete
BIBBENTUCKERS,3400 CARLISLE ST Ste:101,75204,barbershop_beauty,48113001801,3.0,218,0.229919,0.1503759539717263,0.0021888712852933217,0.0015576256535896915,4425,4486,False,,complete
RACETRAC #073,1525 N BELT LINE RD,75050,liquor_store,48113015405,1.0,61,0.45692,0.5375717612602071,0.0021604704620148607,0.0018314916277097492,4426,4468,False,,complete
CLASS CYCLE CLUB,2801 N CENTRAL EXPY Ste:100,75204,barbershop_beauty,48113000704,3.0,494,0.178403,0.04125722965025921,0.0021151235641392175,0.0003444423796492643,4427,4600,False,,complete
SWEATHOUZ,2910 CITYPLACE WEST BLVD Ste:100,75204,barbershop_beauty,48113000704,3.0,494,0.178403,0.04125722965025921,0.0021151235641392175,0.0003444423796492643,4428,4601,False,,complete
7-ELEVEN CONVENIENCE STORE #12202A,4438 LEMMON AVE,75219,convenience_corner_store,48113000608,3.0,252,0.215165,0.07555472248269288,0.0021146120047778206,0.0006864200119473061,4429,4552,False,,complete
DALLAS SHIRT PRINTING,11349 HARRY HINES BLVD,75229,convenience_corner_store,48113009900,2.0,64,0.433542,0.5594792586308812,0.0020994610832019045,0.002004413814380392,4430,4459,False,,complete
DALLAS WHOLESALE APPAREL,11351 HARRY HINES BLVD,75229,convenience_corner_store,48113009900,2.0,64,0.433542,0.5594792586308812,0.0020994610832019045,0.002004413814380392,4431,4460,False,,complete
WFM BEVERAGE CORP.,5100 BELT LINE RD STE 1012,75254,liquor_store,48113013624,3.0,150,0.263691,0.3399824983049027,0.002072419089477154,0.002752336970254131,4432,4422,False,,complete
7Eleven Convenience Store 3815,8235 Esters Blvd,75063,liquor_store,48113014124,2.0,90,0.345867,0.30315790666339876,0.0020702458565257644,0.0014555654852147482,4433,4496,False,,complete
PEARL'S,11047 ABLES LN,75229,barbershop_beauty,48113009900,2.0,63,0.433542,0.5594792586308812,0.0020666570037768746,0.0019730948485306987,4434,4463,False,,complete
lakeside Liquor,7392 Lake Ridge Pkwy STE 300,75054,liquor_store,48113016416,2.0,73,0.386112,0.48674601222761926,0.002007630923615697,0.0019725448198689623,4435,4464,False,,complete
Peninsula Point,7392 Lake Ridge Pkwy STE 300,75054,liquor_store,48113016416,2.0,73,0.386112,0.48674601222761926,0.002007630923615697,0.0019725448198689623,4436,4465,False,,complete
QuikTrip,3230 West Mockingbird Lane,75235,gas_station,48113000409,3.0,130,0.278076,0.1541251686118325,0.0020051528343752933,0.0009576596527110111,4437,4535,False,,complete
Toca Football,1850 Legends Tr,75006,liquor_store,48113014002,2.0,70,0.393454,0.2650546357063465,0.001982579830386383,0.0009745000607215817,4438,4534,False,,complete
Central Library,1515 Young St.,75201,library,48113003103,3.0,117,0.290069,0.3147079848912394,0.0019615017065942814,0.0019720868762918746,4439,4466,False,,complete
JMS WHOLESALE/VAPOR A DAY,11429 HARRY HINES BLVD Ste:190,75229,convenience_corner_store,48113009900,2.0,58,0.433542,0.5594792586308812,0.0019026366066517257,0.0018165000192822303,4440,4469,False,,complete
HEAVEN N SKY INC,11410 HARRY HINES BLVD Ste:4,75229,convenience_corner_store,48113009900,2.0,58,0.433542,0.5594792586308812,0.0019026366066517257,0.0018165000192822303,4441,4470,False,,complete
TOP PRICE WHOLESALE,11402 HARRY HINES BLVD Ste:400,75229,convenience_corner_store,48113009900,2.0,58,0.433542,0.5594792586308812,0.0019026366066517257,0.0018165000192822303,4442,4471,False,,complete
SHIN CHON MARKET,11422 HARRY HINES BLVD Ste:210,75229,grocery_food_mart,48113009900,2.0,58,0.433542,0.5594792586308812,0.0019026366066517257,0.0018165000192822303,4443,4472,False,,complete
7-ELEVEN CONVENIENCE STORE #22889B,10998 HARRY HINES BLVD,75220,convenience_corner_store,48113009900,2.0,58,0.433542,0.5594792586308812,0.0019026366066517257,0.0018165000192822303,4444,4473,False,,complete
DAIQUIRIS TO GO,543 S RIVERFRONT BLVD,75207,liquor_store,48113010002,2.0,60,0.422863,1.0,0.0018966152757243745,0.0034409588805413777,4445,4373,False,,partial_1of4
Twin Liquors #93,506 S RIVERFRONT BLVD,75207,liquor_store,48113010002,2.0,60,0.422863,1.0,0.0018966152757243745,0.0034409588805413777,4446,4374,False,,partial_1of4
Sigel's,506 South Riverfront Boulevard,75207,liquor_store,48113010002,2.0,60,0.422863,1.0,0.0018966152757243745,0.0034409588805413777,4447,4375,False,,partial_1of4
4 SEASONS,2555 WALNUT HILL LN Ste:400,75229,barbershop_beauty,48113009900,2.0,56,0.433542,0.5594792586308812,0.0018370284478016663,0.0017538620875828432,4448,4475,False,,complete
EL PAISA COCINA MEXICANA,2574 WALNUT HILL LN,75220,liquor_store,48113009900,2.0,56,0.433542,0.5594792586308812,0.0018370284478016663,0.0017538620875828432,4449,4476,False,,complete
BUCKEYE LIQUOR,2580 WALNUT HILL LN,75229,liquor_store,48113009900,2.0,56,0.433542,0.5594792586308812,0.0018370284478016663,0.0017538620875828432,4450,4477,False,,complete
SPEARMINT RHINO GENTLEMEN'S CLUB,10920 PETAL ST,75238,other_storefront,48113018506,1.0,54,0.443293,0.4344138256545896,0.001830284718143251,0.0012921582023445277,4451,4506,False,,complete
Assembly House Wine Co,129n Collins Rd Ste 2103,75182,liquor_store,48113018159,3.0,92,0.31741,0.29351376596807616,0.001823575420364931,0.00143548317957755,4452,4499,False,,complete
CASEY'S #4499,224 S Collins Rd,75182,liquor_store,48113018159,3.0,92,0.31741,0.29351376596807616,0.001823575420364931,0.00143548317957755,4453,4500,False,,complete
THAI SQUARE SUSHI & BAR,200 S COLLINS RD,75182,liquor_store,48113018159,3.0,92,0.31741,0.29351376596807616,0.001823575420364931,0.00143548317957755,4454,4501,False,,complete
RaceTrac #2626,7750 Bonnie View Rd,75241,liquor_store,48113016709,1.0,47,0.473239,0.6626121783490235,0.001750368324445031,0.0017584149938927492,4455,4474,False,,complete
QUIKTRIP #936,3230 W MOCKINGBIRD LN,75235,liquor_store,48113000409,3.0,107,0.278076,0.1541251686118325,0.0016503950252165877,0.0007882275603082938,4456,4543,False,,complete
OVME,3888 OAK LAWN AVE Ste:108,75219,barbershop_beauty,48113000606,3.0,253,0.197032,0.07299932587688984,0.0016101416979666721,0.0006509413413349571,4457,4555,False,,complete
CHOCOLATE SECRETS & WINE GARDENS LLC,3926 OAK LAWN AVE,75219,liquor_store,48113000606,3.0,253,0.197032,0.07299932587688984,0.0016101416979666721,0.0006509413413349571,4458,4556,False,,complete
YELLOW GREEN,10969 SHADY TRL Ste:101,75220,barbershop_beauty,48113009900,2.0,49,0.433542,0.5594792586308812,0.001607399891826458,0.0015346293266349877,4459,4487,False,,complete
PREMIER 360,10954 SHADY TRL Ste:105,75220,other_storefront,48113009900,2.0,49,0.433542,0.5594792586308812,0.001607399891826458,0.0015346293266349877,4460,4488,False,,complete
BELLAGIO DALLAS,2636 WALNUT HILL LN Ste:207,75229,other_storefront,48113009900,2.0,49,0.433542,0.5594792586308812,0.001607399891826458,0.0015346293266349877,4461,4489,False,,complete
HARRYHINES SHELL,11237 HARRY HINES BLVD,75229,liquor_store,48113009900,2.0,49,0.433542,0.5594792586308812,0.001607399891826458,0.0015346293266349877,4462,4490,False,,complete
G & K One Stop,2630 Walnut Hill Ln,75229,liquor_store,48113009900,2.0,49,0.433542,0.5594792586308812,0.001607399891826458,0.0015346293266349877,4463,4491,False,,complete
TEQUILA RESTAURANTE Y BAR,2620 WALNUT HILL LN,75229,liquor_store,48113009900,2.0,49,0.433542,0.5594792586308812,0.001607399891826458,0.0015346293266349877,4464,4492,False,,complete
RUSH 24/7 #3,303 E LEDBETTER DR,75216,liquor_store,48113005902,2.0,63,0.362468,0.6174068431954747,0.0015660910262263864,0.002188739949315675,4465,4454,False,,complete
Expressway Foodstore,704 Gross Road,75149,convenience_corner_store,48113017703,2.0,48,0.431018,0.5545588948962277,0.0015610520100080819,0.0014893546463951933,4466,4495,False,,complete
Family Dollar #30932,801 GROSS ROAD,75149,liquor_store,48113017704,2.0,48,0.430684,0.45403545391335276,0.0015592597635740964,0.0012042382388444905,4467,4515,False,,complete
CHICK-FIL-A,3040 W MOCKINGBIRD LN,,convenience_corner_store,48113000409,3.0,101,0.278076,0.1541251686118325,0.0015578495097838818,0.000744027884029324,4468,4544,False,,complete
FLOWER STORY FLORIST,11500 N STEMMONS FWY Ste:145,75229,convenience_corner_store,48113009900,2.0,46,0.433542,0.5594792586308812,0.0015089876535513685,0.0014406724290859068,4469,4498,False,,complete
Little Heron Cafe,1540 Munger Ave Suite R180,75202,liquor_store,48113002100,3.0,2964,0.144522,0.19488371923680417,0.0014642398480309998,0.028973199158511487,4470,3714,False,,complete
RESTORE HYPER WELLNESS,2970 CITYPLACE WEST BLVD Ste:170,75204,barbershop_beauty,48113000704,3.0,339,0.178403,0.04125722965025921,0.0014514714336906777,0.00023636835364595265,4471,4608,False,,complete
PK'S FINE WINE & SPIRITS,2474 MANANA DR Ste:123,75220,liquor_store,48113009900,2.0,44,0.433542,0.5594792586308812,0.001443379494701309,0.0013780344973865195,4472,4503,False,,complete
TownePlace Suites By Marriott,4800 Plaza Dr,75063,liquor_store,48113014159,3.0,71,0.321883,0.32604969731134753,0.0014428276902852565,0.0012443193475389293,4473,4512,False,,complete
STEWARTS DRIVE IN,3700 IRVING BLVD,75247,convenience_corner_store,48113010003,3.0,67,0.328285,0.284070516662347,0.0014094929350978687,0.001008020152590205,4474,4532,False,,complete
FAMILY NUTRITION,515 HARTSDALE DR,75211,barbershop_beauty,48113004500,1.0,41,0.442264,0.5314095168877079,0.0013849442343008358,0.0012160733741178019,4475,4513,False,,complete
Dairy Way,,,convenience_corner_store,48113004500,1.0,41,0.442264,0.5314095168877079,0.0013849442343008358,0.0012160733741178019,4476,4514,False,,complete
WE SUB'N,11461 HARRY HINES BLVD Ste:103,75229,convenience_corner_store,48113009900,2.0,42,0.433542,0.5594792586308812,0.0013777713358512497,0.0013153965656871325,4477,4504,False,,complete
MK VAPE WHOLESALE,11633 HARRY HINES BLVD Ste:104,75229,grocery_food_mart,48113009900,2.0,42,0.433542,0.5594792586308812,0.0013777713358512497,0.0013153965656871325,4478,4505,False,,complete
Mi Cocina on the Park ,2000 Woodall Rodgers Fwy Ste 200,75219,liquor_store,48113002100,3.0,2766,0.144522,0.19488371923680417,0.0013664262549439087,0.02703774253456234,4479,3776,False,,complete
SLOANE'S ANNEX,1800 N FIELD ST Ste:100,75202,convenience_corner_store,48113002100,3.0,2743,0.144522,0.19488371923680417,0.0013550640698883375,0.0268129167651137,4480,3786,False,,complete
7-Eleven Convenience Store #35027A,1985 W Northwest Hwy,75220,liquor_store,48113009900,2.0,41,0.433542,0.5594792586308812,0.0013449672564262197,0.0012840775998374386,4481,4507,False,,complete
ADONAY'S CLEANERS CORPORATION,4411 LEMMON AVE Ste:107,75219,laundromat,48113000608,3.0,160,0.215165,0.07555472248269288,0.0013426107966843304,0.00043582222980781334,4482,4581,False,,complete
ELITE NAIL BAR & SPA,4420 LEMMON AVE,75219,barbershop_beauty,48113000608,3.0,160,0.215165,0.07555472248269288,0.0013426107966843304,0.00043582222980781334,4483,4582,False,,complete
7-ELEVEN CONVENIENCE STORE #12202B,4438 LEMMON AVE,75219,liquor_store,48113000608,3.0,160,0.215165,0.07555472248269288,0.0013426107966843304,0.00043582222980781334,4484,4583,False,,complete
FUEL CITY NO. 2,801 S RIVERFRONT BOULEVARD,75207,liquor_store,48113010002,2.0,42,0.422863,1.0,0.0013276306930070621,0.0024086712163789645,4485,4441,False,,partial_1of4
FOUNTAIN PLACE SUNDRY SHOP,1445 ROSS AVE Ste:B101,75202,convenience_corner_store,48113002100,3.0,2666,0.144522,0.19488371923680417,0.0013170254503544687,0.026060239189133475,4486,3805,False,,complete
DALLAS CABARET,2438 WALNUT RIDGE ST,75229,other_storefront,48113009900,2.0,40,0.433542,0.5594792586308812,0.00131216317700119,0.0012527586339877452,4487,4511,False,,complete
TRAINING MATE,3858 OAK LAWN AVE Ste:430,75219,barbershop_beauty,48113000606,3.0,204,0.197032,0.07299932587688984,0.0012982960726687792,0.000524869698151507,4488,4569,False,,complete
WORLD MARKET,3888 OAK LAWN AVE STE 111,75219,liquor_store,48113000606,3.0,204,0.197032,0.07299932587688984,0.0012982960726687792,0.000524869698151507,4489,4570,False,,complete
QUIKTRIP #922,3900 N HOUSTON SCHOOL RD,75134,liquor_store,48113016709,1.0,34,0.473239,0.6626121783490235,0.001266223894279384,0.00127204488919901,4490,4510,False,,complete
LASH DREAM ACADEMY,2001 N LAMAR ST Ste:150,75202,barbershop_beauty,48113002100,3.0,2560,0.144522,0.19488371923680417,0.0012646605974896625,0.025024085642978883,4491,3830,False,,complete
ODD Muse Brewing Comapany,4488 Spring Valley Rd,75244,liquor_store,48113013806,3.0,61,0.322473,0.43178307820718564,0.001243635910186796,0.0014501776966053441,4492,4497,False,,complete
ONE COM TRADING INC,11500 HARRY HINES BLVD Ste:119,75229,grocery_food_mart,48113009900,2.0,37,0.433542,0.5594792586308812,0.0012137509387261007,0.001158801736438664,4493,4517,False,,complete
Tom Thumb 3569,3878 Oak Lawn Ave Suite 180,75219,liquor_store,48113000606,3.0,190,0.197032,0.07299932587688984,0.0012091973225836668,0.0004888492286705211,4494,4574,False,,complete
LADY MAGNOLIA TATTOO LLC,1801 LAWS ST Ste:100,75202,barbershop_beauty,48113002100,3.0,2447,0.144522,0.19488371923680417,0.0012088376883035953,0.023919506862644265,4495,3863,False,,complete
SpringHill Suites Dallas Downtown,1907 N Lamar St,75202,liquor_store,48113002100,3.0,2447,0.144522,0.19488371923680417,0.0012088376883035953,0.023919506862644265,4496,3864,False,,complete
CRICKET WIRELESS,1001 ROSS AVE Ste:128,75202,convenience_corner_store,48113002100,3.0,2435,0.144522,0.19488371923680417,0.0012029095917528625,0.023802206461192806,4497,3868,False,,complete
7-Eleven Convenience Store #34997J,1010 Ross Ave,75202,liquor_store,48113002100,3.0,2435,0.144522,0.19488371923680417,0.0012029095917528625,0.023802206461192806,4498,3869,False,,complete
Berkeley’s Market,2001 Ross Avenue,,convenience_corner_store,48113002100,3.0,2421,0.144522,0.19488371923680417,0.0011959934791103408,0.023665355992832763,4499,3873,False,,complete
Mister O1 - Extraordinary Pizza,3838 Oak Lawn Ave Ste 175,75219,liquor_store,48113000606,3.0,185,0.197032,0.07299932587688984,0.0011773763404104123,0.0004759847752844548,4500,4579,False,,complete
Sushi Kozy,2000 Ross Ave  STE 150,75201,liquor_store,48113002100,3.0,2363,0.144522,0.19488371923680417,0.0011673410124484658,0.023098404052484024,4501,3881,False,,complete
MENDOCINO FARMS,2000 ROSS AVENUE SUITE 160,75201,liquor_store,48113002100,3.0,2363,0.144522,0.19488371923680417,0.0011673410124484658,0.023098404052484024,4502,3882,False,,complete
SALT INTERTNATIONAL BUSINESS GROUP LLC,9720 SKILLMAN ST,,barbershop_beauty,48113018506,1.0,34,0.443293,0.4344138256545896,0.0011524014892013061,0.000813581090365073,4503,4541,False,,complete
CBD STORE AMERICAN SHAMAN,11635 HARRY HINES BLVD Ste:100,75229,convenience_corner_store,48113009900,2.0,35,0.433542,0.5594792586308812,0.0011481427798760413,0.001096163804739277,4504,4520,False,,complete
HEADQUARTERS,2443 WALNUT HILL LN,75229,other_storefront,48113009900,2.0,35,0.433542,0.5594792586308812,0.0011481427798760413,0.001096163804739277,4505,4521,False,,complete
MONARKAS BALLROOM,11456 HARRY HINES BLVD Ste:114,75229,other_storefront,48113009900,2.0,35,0.433542,0.5594792586308812,0.0011481427798760413,0.001096163804739277,4506,4522,False,,complete
7-ELEVEN CONVENIENCE STORE #34530,511 N AKARD STREET SUITE 101,75201,liquor_store,48113002100,3.0,2248,0.144522,0.19488371923680417,0.00111053008717061,0.021974275205240833,4507,3914,False,,complete
MAGALY'S BEAUTY SALON,3600 W DAVIS ST Ste:101,75211,barbershop_beauty,48113006702,2.0,45,0.358808,0.45660437903107043,0.0011002243347997401,0.0011358042435350656,4508,4518,False,,complete
KRAMER SMOKE & CONVENIENCE STORE LLC,3600 W Davis St suite 103,75211,liquor_store,48113006702,2.0,45,0.358808,0.45660437903107043,0.0011002243347997401,0.0011358042435350656,4509,4519,False,,complete
AFC SUSHI @ROSS TOWER CAFE,500 N AKARD ST,75201,convenience_corner_store,48113002100,3.0,2204,0.144522,0.19488371923680417,0.0010887937331512563,0.021544173733252132,4510,3917,False,,complete
THE GAS PIPE,2053 W NORTHWEST HWY Ste:87,75220,other_storefront,48113009900,2.0,33,0.433542,0.5594792586308812,0.001082534621025982,0.0010335258730398897,4511,4524,False,,complete
TOP STAR LLC,2018 W NORTHWEST HWY Ste:110,75220,barbershop_beauty,48113009900,2.0,33,0.433542,0.5594792586308812,0.001082534621025982,0.0010335258730398897,4512,4525,False,,complete
A&D FOOD STORE,2040 W NORTHWEST HWY Ste:150,75220,convenience_corner_store,48113009900,2.0,33,0.433542,0.5594792586308812,0.001082534621025982,0.0010335258730398897,4513,4526,False,,complete
EXERCISE FOOT MASSAGE SPA,2051 W NORTHWEST HWY Ste:53,75220,barbershop_beauty,48113009900,2.0,33,0.433542,0.5594792586308812,0.001082534621025982,0.0010335258730398897,4514,4527,False,,complete
DANNY'S LIQUOR BEER & WINE,2001 W NORTHWEST HWY STE 120,75220,liquor_store,48113009900,2.0,33,0.433542,0.5594792586308812,0.001082534621025982,0.0010335258730398897,4515,4528,False,,complete
Hello Cuba,2053 W Northwest Hwy Ste 90,75220,liquor_store,48113009900,2.0,33,0.433542,0.5594792586308812,0.001082534621025982,0.0010335258730398897,4516,4529,False,,complete
JIMMY'S LIQUOR,2051 W NORTHWEST HWY SUITE 60,75220,liquor_store,48113009900,2.0,33,0.433542,0.5594792586308812,0.001082534621025982,0.0010335258730398897,4517,4530,False,,complete
Habana Blue 2,2040 W Northwest Hwy STE 150,75220,liquor_store,48113009900,2.0,33,0.433542,0.5594792586308812,0.001082534621025982,0.0010335258730398897,4518,4531,False,,complete
HENDERSON CHICKEN,337 E LEDBETTER DR Ste:C,75216,convenience_corner_store,48113011202,3.0,63,0.293484,0.24430282220732116,0.0010802446774160926,0.0007997979657335051,4519,4542,False,,complete
LA MICHOACANA MEAT MARKET,2420 N FITZHUGH AVE,75204,liquor_store,48113000901,3.0,112,0.226352,0.06715994115673789,0.001079896445901505,0.0002495182729566576,4520,4605,False,,complete
COLETTE,10821 COMPOSITE DR Ste:300,75220,other_storefront,48113009900,2.0,32,0.433542,0.5594792586308812,0.0010497305416009523,0.001002206907190196,4521,4533,False,,complete
NOVEL TURTLE CREEK APARTMENTS,4251 IRVING AVE,75219,convenience_corner_store,48113000606,3.0,161,0.197032,0.07299932587688984,0.0010246356259787915,0.00041423539903133634,4522,4585,False,,complete
KOKOPELLI,1718 N MARKET ST,75202,convenience_corner_store,48113002100,3.0,2055,0.144522,0.19488371923680417,0.0010151865343129907,0.020087693748563125,4523,3946,False,,complete
DALLAS MUSEUM OF ILLUSIONS,701 ROSS AVE,75202,other_storefront,48113002100,3.0,2055,0.144522,0.19488371923680417,0.0010151865343129907,0.020087693748563125,4524,3947,False,,complete
METRO BY T-MOBILE,460 N LAMAR ST Ste:100,75202,convenience_corner_store,48113002100,3.0,2055,0.144522,0.19488371923680417,0.0010151865343129907,0.020087693748563125,4525,3948,False,,complete
DONUT PALACE,912 PACIFIC AVE,75202,convenience_corner_store,48113002100,3.0,2055,0.144522,0.19488371923680417,0.0010151865343129907,0.020087693748563125,4526,3949,False,,complete
NINETY DEGREES BARBER CO,407 N LAMAR ST Ste:180C,75202,barbershop_beauty,48113002100,3.0,2055,0.144522,0.19488371923680417,0.0010151865343129907,0.020087693748563125,4527,3950,False,,complete
STAR LIQUOR BEER & WINE,460 N LAMAR ST STE 300,75202,liquor_store,48113002100,3.0,2055,0.144522,0.19488371923680417,0.0010151865343129907,0.020087693748563125,4528,3951,False,,complete
Ninety Degrees Barbershop,407 North Lamar Street,75202,barbershop_beauty,48113002100,3.0,2055,0.144522,0.19488371923680417,0.0010151865343129907,0.020087693748563125,4529,3952,False,,complete
RANDY'S,1600 STOREY LN Ste:100,75220,other_storefront,48113010003,3.0,46,0.328285,0.284070516662347,0.0009677115673806262,0.0006920735375992454,4530,4548,False,,complete
D XPRESS,1632 STOREY LN,75220,grocery_food_mart,48113010003,3.0,46,0.328285,0.284070516662347,0.0009677115673806262,0.0006920735375992454,4531,4549,False,,complete
EXPRESS WAY,3925 BROADWAY BLVD,75043,liquor_store,48113018111,2.0,30,0.428503,0.5448142888740325,0.000967222813550201,0.0009135724053560834,4532,4536,False,,complete
VAPOR 6,2001 W NORTHWEST HWY Ste:125,75220,other_storefront,48113009900,2.0,29,0.433542,0.5594792586308812,0.0009513183033258628,0.0009082500096411151,4533,4537,False,,complete
BARRY'S BOOTCAMP,3600 MCKINNEY AVE Ste:150,75204,barbershop_beauty,48113000704,3.0,218,0.178403,0.04125722965025921,0.0009333946092760111,0.0001520008881853029,4534,4620,False,,complete
POWDER HEART,3636 MCKINNEY AVE Ste:130,75204,barbershop_beauty,48113000704,3.0,218,0.178403,0.04125722965025921,0.0009333946092760111,0.0001520008881853029,4535,4621,False,,complete
CVS / PHARMACY #10351,3133 E LEMMON AVENUE,75204,grocery_food_mart,48113000704,3.0,218,0.178403,0.04125722965025921,0.0009333946092760111,0.0001520008881853029,4536,4622,False,,complete
JONATHAN ADLER,3700 MCKINNEY AVE Ste:120,75204,grocery_food_mart,48113000704,3.0,218,0.178403,0.04125722965025921,0.0009333946092760111,0.0001520008881853029,4537,4623,False,,complete
GORJANA,3699 MCKINNEY AVE Ste:317E,75204,convenience_corner_store,48113000704,3.0,218,0.178403,0.04125722965025921,0.0009333946092760111,0.0001520008881853029,4538,4624,False,,complete
Mendocino Farms,3700 McKinney Ave Suite 110,75204,liquor_store,48113000704,3.0,218,0.178403,0.04125722965025921,0.0009333946092760111,0.0001520008881853029,4539,4625,False,,complete
QuikTrip #1903,3181 Lemmon Ave E,75204,liquor_store,48113000704,3.0,218,0.178403,0.04125722965025921,0.0009333946092760111,0.0001520008881853029,4540,4626,False,,complete
QuikTrip,3512 Cole Avenue,75204,convenience_corner_store,48113000704,3.0,218,0.178403,0.04125722965025921,0.0009333946092760111,0.0001520008881853029,4541,4627,False,,complete
GRAB N GO,427 N TOWN EAST BOULEVARD SUITE 101,75150,liquor_store,48113018159,3.0,45,0.31741,0.29351376596807616,0.0008919662382219772,0.0007021385117498886,4542,4547,False,,complete
Shear Diva Artistry,411 North Akard Street,75201,barbershop_beauty,48113002100,3.0,1755,0.144522,0.19488371923680417,0.0008669841205446709,0.017155183712276537,4543,4015,False,,complete
Homewood Suites Irving,7800 Dulles Dr,75063,liquor_store,48113014159,3.0,42,0.321883,0.32604969731134753,0.0008535037041124053,0.000736076233755423,4544,4545,False,,complete
Red Coleman's Red-E-Mart,5329 Ross Avenue,,convenience_corner_store,48113001002,3.0,82,0.231113,0.13923671857022477,0.0008342822188417373,0.0005319221047816009,4545,4564,False,,complete
THE SHOP CLUB DALLAS,9100 JOHN W CARPENTER FWY,75247,other_storefront,48113010003,3.0,39,0.328285,0.284070516662347,0.0008204511114748788,0.0005867579992689255,4546,4560,False,,complete
QUICK STOP,1055 REGAL ROW,75247,convenience_corner_store,48113010003,3.0,39,0.328285,0.284070516662347,0.0008204511114748788,0.0005867579992689255,4547,4561,False,,complete
QUIKTRIP #1935,9235 JOHN W CARPENTER FWY,75247,liquor_store,48113010003,3.0,39,0.328285,0.284070516662347,0.0008204511114748788,0.0005867579992689255,4548,4562,False,,complete
DR DELPHINIUM DESIGN & EVENTS-GOODIES FROM GOODMAN,9200 John W Carpenter Fwy,75247,liquor_store,48113010003,3.0,39,0.328285,0.284070516662347,0.0008204511114748788,0.0005867579992689255,4549,4563,False,,complete
BERKLEY'S MARKET,2001 ROSS AVE Ste:150,75201,convenience_corner_store,48113002100,3.0,1603,0.144522,0.19488371923680417,0.0007918948975687222,0.015669378627224666,4550,4039,False,,complete
M & J MICROBLADING SKINCARE LLC,10705 PLANO RD Ste:100,75238,barbershop_beauty,48113018506,1.0,22,0.443293,0.4344138256545896,0.0007456715518361393,0.0005264348231774003,4551,4565,False,,complete
RACETRAC #613,10707 MILLER ROAD,75238,liquor_store,48113018506,1.0,22,0.443293,0.4344138256545896,0.0007456715518361393,0.0005264348231774003,4552,4566,False,,complete
Cupcake Polish,,,barbershop_beauty,48113018506,1.0,22,0.443293,0.4344138256545896,0.0007456715518361393,0.0005264348231774003,4553,4567,False,,complete
elite Salon Services,,,barbershop_beauty,48113018506,1.0,22,0.443293,0.4344138256545896,0.0007456715518361393,0.0005264348231774003,4554,4568,False,,complete
DAIRY WAY GROCERY,2854 W DAVIS ST,75211,liquor_store,48113004500,1.0,22,0.442264,0.5314095168877079,0.0007431408086492291,0.0006525271763558937,4555,4554,False,,complete
EXTRA MILES C-STORE,2439 WALNUT HILL LN,75229,liquor_store,48113009900,2.0,22,0.433542,0.5594792586308812,0.0007216897473506545,0.0006890172486932598,4556,4550,False,,complete
Sonny's Liquor,2450 Walnut Hill Ln,75229,liquor_store,48113009900,2.0,22,0.433542,0.5594792586308812,0.0007216897473506545,0.0006890172486932598,4557,4551,False,,complete
BISHOP CIDER COMPANY LLC,2777 IRVING BLVD Ste:200,75207,other_storefront,48113010003,3.0,32,0.328285,0.284070516662347,0.0006731906555691314,0.0004814424609386055,4558,4575,False,,complete
ON THE LEVEE EVENT CENTER,1108 QUAKER ST Ste:110,75207,other_storefront,48113010003,3.0,32,0.328285,0.284070516662347,0.0006731906555691314,0.0004814424609386055,4559,4576,False,,complete
BLACK SHEEP PERFORMANCE,4715 IBERIA AVE Ste:200,75207,barbershop_beauty,48113010003,3.0,32,0.328285,0.284070516662347,0.0006731906555691314,0.0004814424609386055,4560,4577,False,,complete
4 INFINITE LIFE,1033 QUAKER ST,75207,barbershop_beauty,48113010003,3.0,32,0.328285,0.284070516662347,0.0006731906555691314,0.0004814424609386055,4561,4578,False,,complete
TIGER MART 31,3799 N HOUSTON SCHOOL RD,75134,liquor_store,48113016709,1.0,18,0.473239,0.6626121783490235,0.0006703538263832032,0.0006734355295759465,4562,4553,False,,complete
Liquor Dreams,5374 S 2nd Ave,75210,liquor_store,48113011500,1.0,13,0.597364,0.7943336626101164,0.0006645345032718585,0.000587554512590155,4563,4558,False,,complete
TX Speedway,5314 S 2nd Ave Ste 1,75210,liquor_store,48113011500,1.0,13,0.597364,0.7943336626101164,0.0006645345032718585,0.000587554512590155,4564,4559,False,,complete
MR LUXX DALLAS CABARET,9009 SOVEREIGN ROW Ste:B,75247,other_storefront,48113010003,3.0,31,0.328285,0.284070516662347,0.000652153447582596,0.00046639738403427407,4565,4580,False,,complete
MURPHY USA,1545 N COCKRELL HILL RD,75211,convenience_corner_store,48113010701,1.0,15,0.50842,0.7172541620692421,0.000617622408145578,0.0006096281563905242,4566,4557,False,,complete
MARRIOTT DFW AIRPORT,8440 FREEPORT PARKWAY,75063,liquor_store,48113014124,2.0,26,0.345867,0.30315790666339876,0.0005980710252185543,0.0004204966957287051,4567,4584,False,,complete
HIGUMA,4135 BELT LINE RD STE 100,75001,liquor_store,48113013727,3.0,32,0.305136,0.2947079336540092,0.0005903788537720955,0.0005015565231488862,4568,4572,False,,complete
BEST THAI RESTAURANT,4135 BELT LINE RD STE 112,75001,liquor_store,48113013727,3.0,32,0.305136,0.2947079336540092,0.0005903788537720955,0.0005015565231488862,4569,4573,False,,complete
THE EVENT CENTER,3100 S LANCASTER RD,75216,other_storefront,48113008802,2.0,25,0.342381,0.5812496998953245,0.0005653256364982302,0.0008151345036893058,4570,4538,False,,complete
Family Dollar #21476,3200 South Lancaster Rd STE 750,75216,liquor_store,48113008802,2.0,25,0.342381,0.5812496998953245,0.0005653256364982302,0.0008151345036893058,4571,4539,False,,complete
JKAA INC.,3200 S LANCASTER RD STE 528,75216,liquor_store,48113008802,2.0,25,0.342381,0.5812496998953245,0.0005653256364982302,0.0008151345036893058,4572,4540,False,,complete
Mattison Avenue Salon Suites & Spa,5100 Belt Line Road,75254,barbershop_beauty,48113013624,3.0,39,0.263691,0.3399824983049027,0.00053882896326406,0.000715607612266074,4573,4546,False,,complete
ANDY'S FOOD MART,2403 N FITZHUGH AVE,75204,convenience_corner_store,48113000901,3.0,55,0.226352,0.06715994115673789,0.0005303062903980604,0.0001225312947555015,4574,4628,False,,complete
S & S FOOD,2402 North Fitzhugh Avenue,75204,liquor_store,48113000901,3.0,55,0.226352,0.06715994115673789,0.0005303062903980604,0.0001225312947555015,4575,4629,False,,complete
OSO CLIMBING TRAINING FACILITY,1330 CONANT ST Ste:101,75207,barbershop_beauty,48113010003,3.0,25,0.328285,0.284070516662347,0.0005259301996633839,0.0003761269226082855,4576,4593,False,,complete
7-ELEVEN CONVENIENCE STORE #34103,2607 N STEMMONS FWY,75207,liquor_store,48113010003,3.0,25,0.328285,0.284070516662347,0.0005259301996633839,0.0003761269226082855,4577,4594,False,,complete
Jerry's Liquor,2292 Vantage St Suite 110,75207,liquor_store,48113010003,3.0,25,0.328285,0.284070516662347,0.0005259301996633839,0.0003761269226082855,4578,4595,False,,complete
7-Eleven,2607 North Stemmons Freeway,,gas_station,48113010003,3.0,25,0.328285,0.284070516662347,0.0005259301996633839,0.0003761269226082855,4579,4596,False,,complete
D JUNGLE GYM,4726 GRETNA ST,75207,barbershop_beauty,48113010003,3.0,24,0.328285,0.284070516662347,0.0005048929916768486,0.0003610818457039541,4580,4597,False,,complete
URBAN VALUE CORNER STORE,300 N AKARD ST Ste:300,75201,convenience_corner_store,48113002100,3.0,995,0.144522,0.19488371923680417,0.0004915380056649273,0.009726158287017183,4581,4172,False,,complete
Sovereign Barber Shop,,,barbershop_beauty,48113002100,3.0,995,0.144522,0.19488371923680417,0.0004915380056649273,0.009726158287017183,4582,4173,False,,complete
KROGER # 448,950 E SANDY LAKE,75019,liquor_store,48113020000,2.0,16,0.407718,0.32465565956773157,0.0004786746800707112,0.0002790920158701144,4583,4602,False,,complete
OLD TOWN STORE,509 W AVE D,75040,liquor_store,48113018802,3.0,24,0.309055,0.39902850596898676,0.00045329883160869226,0.0005241105314009798,4584,4571,False,,complete
LONGHORN ICEHOUSE,1901 W NORTHWEST HWY,75220,other_storefront,48113009900,2.0,13,0.433542,0.5594792586308812,0.0004264530325253868,0.00040714655604601717,4585,4586,False,,complete
RACEWAY #6978,1930 W NORTHWEST HWY,75220,convenience_corner_store,48113009900,2.0,13,0.433542,0.5594792586308812,0.0004264530325253868,0.00040714655604601717,4586,4587,False,,complete
SPEC'S LIQUORS & WINES SPEC'S WINE SPIRITS & FINER FOODS SPEC'S,1613 W NORTHWEST HWY,75220,liquor_store,48113009900,2.0,13,0.433542,0.5594792586308812,0.0004264530325253868,0.00040714655604601717,4587,4588,False,,complete
DANIEL S. BOSCHERT INC.,2606 N STEMMONS FWY,75207,liquor_store,48113010001,2.0,14,0.403338,0.5129065632930548,0.00041198527075224454,0.00039993782618949415,4588,4589,False,,complete
FSK FOOD MART,10969 N STEMMONS FWY,75220,grocery_food_mart,48113009900,2.0,11,0.433542,0.5594792586308812,0.00036084487367532726,0.0003445086243466299,4589,4598,False,,complete
Legacy Liquor,10967 N Stemmons Fwy,75220,liquor_store,48113009900,2.0,11,0.433542,0.5594792586308812,0.00036084487367532726,0.0003445086243466299,4590,4599,False,,complete
MILLER CORNER STORE,1935 S JUPITER ROAD,75042,liquor_store,48113018506,1.0,10,0.443293,0.4344138256545896,0.0003389416144709724,0.00023928855598972736,4591,4606,False,,complete
Rick's Smokehouse BBQ,1417 S Jupiter Rd,75042,liquor_store,48113018506,1.0,10,0.443293,0.4344138256545896,0.0003389416144709724,0.00023928855598972736,4592,4607,False,,complete
Heim BBQ,3130 W Mockingbird Lane,75235,liquor_store,48113000409,3.0,21,0.278076,0.1541251686118325,0.0003239093040144705,0.00015469886697639412,4593,4619,False,,complete
SAMUEL LYNNE GALLERY,205 N AKARD ST Ste:240,75202,convenience_corner_store,48113002100,3.0,621,0.144522,0.19488371923680417,0.000306778996500422,0.0060702957751132365,4594,4280,False,,complete
7-Eleven Convenience Store #35378J,8375 N Belt Line Rd,75063,liquor_store,48113014124,2.0,13,0.345867,0.30315790666339876,0.00029903551260927714,0.00021024834786435254,4595,4616,False,,complete
Residence Inn by Marriott Dallas DFW Airport North,8600 Esters Blvd,75063,liquor_store,48113014124,2.0,13,0.345867,0.30315790666339876,0.00029903551260927714,0.00021024834786435254,4596,4617,False,,complete
RACETRAC #174,8400 N BELTLINE ROAD,75063,liquor_store,48113014124,2.0,13,0.345867,0.30315790666339876,0.00029903551260927714,0.00021024834786435254,4597,4618,False,,complete
CAVENDER'S,2475 N STEMMONS FWY,75207,grocery_food_mart,48113010003,3.0,14,0.328285,0.284070516662347,0.00029452091181149495,0.0002106310766606399,4598,4614,False,,complete
MANUEL PADILLA GALLERY,2629 N STEMMONS FWY Ste:104,75207,convenience_corner_store,48113010003,3.0,14,0.328285,0.284070516662347,0.00029452091181149495,0.0002106310766606399,4599,4615,False,,complete
VANITY LIFE STUDIO,1505 FEDERAL ST Ste:400,75201,other_storefront,48113002100,3.0,582,0.144522,0.19488371923680417,0.00028751268271054047,0.005689069470395981,4600,4285,False,,complete
DIANA MARIA MEDSPA,400 N ST PAUL ST Ste:200,75201,barbershop_beauty,48113002100,3.0,563,0.144522,0.19488371923680417,0.00027812652983854686,0.005503343834764496,4601,4289,False,,complete
Tom Thumb #4788,3400 N Belt Line Rd,75182,liquor_store,48113018159,3.0,14,0.31741,0.29351376596807616,0.0002775006074468374,0.00021844309254440982,4602,4613,False,,complete
APPLEJACKS LIQUOR,8704 CYPRESS WATERS BLVD STE 100,75063,liquor_store,48113014150,3.0,13,0.327374,0.35911310567392424,0.0002721597533186172,0.00025323141712117606,4603,4603,False,,complete
Politano's Pizza and Pasta,8704 Cypress Waters Blvd Suite 120,75063,liquor_store,48113014150,3.0,13,0.327374,0.35911310567392424,0.0002721597533186172,0.00025323141712117606,4604,4604,False,,complete
AVIVA DALLAS WHOLESALE LLC,11818 HARRY HINES BLVD Ste:210,,convenience_corner_store,48113014001,3.0,15,0.295452,0.4597416397696887,0.0002605012081522367,0.00038138212324053956,4605,4590,False,,complete
SMOKE STUDIO,11834 HARRY HINES BLVD Ste:123,75234,convenience_corner_store,48113014001,3.0,15,0.295452,0.4597416397696887,0.0002605012081522367,0.00038138212324053956,4606,4591,False,,complete
PUNTO ZERO BAR,11818 HARRY HINES BLVD Ste:220,75234,other_storefront,48113014001,3.0,15,0.295452,0.4597416397696887,0.0002605012081522367,0.00038138212324053956,4607,4592,False,,complete
7-ELEVEN,1935 MEDICAL DISTRICT DR Ste:B1201,75235,convenience_corner_store,48113010001,2.0,8,0.403338,0.5129065632930548,0.0002354201547155683,0.00022853590067971094,4608,4610,False,,complete
HOSPITALITY INTERNATIONAL INC,2222 STEMMONS FRWY,75207,liquor_store,48113010001,2.0,8,0.403338,0.5129065632930548,0.0002354201547155683,0.00022853590067971094,4609,4611,False,,complete
Thakurs Truck Stop,1910 S Jupiter Rd,75042,liquor_store,48113018501,3.0,10,0.302177,0.4200167819247556,0.00018118547189474715,0.00023078134996837275,4610,4609,False,,complete
CK FOOD MART,506 N 1ST ST,75040,liquor_store,48113018801,2.0,7,0.370119,0.5819486432492953,0.0001799973484478665,0.00022852676473059428,4611,4612,False,,complete
ROOTS AND WATER LLC,2200 VANTAGE ST Ste:100,75207,other_storefront,48113010003,3.0,8,0.328285,0.284070516662347,0.00016829766389228284,0.00012036061523465137,4612,4630,False,,complete
BIG C FOOD MART,2240 IRVING BOULEVARD,75207,convenience_corner_store,48113010003,3.0,8,0.328285,0.284070516662347,0.00016829766389228284,0.00012036061523465137,4613,4631,False,,complete
PEAKS DALLAS,1231 WYCLIFF AVE Ste:100,75207,other_storefront,48113010003,3.0,8,0.328285,0.284070516662347,0.00016829766389228284,0.00012036061523465137,4614,4632,False,,complete
SLOW BONE,2234 IRVING BLVD,75207,liquor_store,48113010003,3.0,8,0.328285,0.284070516662347,0.00016829766389228284,0.00012036061523465137,4615,4633,False,,complete
VALKYRIE TATOO GALLERY,4733 MEMPHIS ST,75207,barbershop_beauty,48113010003,3.0,7,0.328285,0.284070516662347,0.00014726045590574748,0.00010531553833031995,4616,4636,False,,complete
QUIK TRIP - STORE #976,1449 INWOOD RD,75247,grocery_food_mart,48113010003,3.0,7,0.328285,0.284070516662347,0.00014726045590574748,0.00010531553833031995,4617,4637,False,,complete
WYSONG LEGACY ATHLETICS LLC,1100 CONVEYOR LN,75247,barbershop_beauty,48113010003,3.0,7,0.328285,0.284070516662347,0.00014726045590574748,0.00010531553833031995,4618,4638,False,,complete
EAR HUSTLAZ,4735 MEMPHIS ST,75207,barbershop_beauty,48113010003,3.0,7,0.328285,0.284070516662347,0.00014726045590574748,0.00010531553833031995,4619,4639,False,,complete
FUEL TOWN,1525 INWOOD RD,75247,grocery_food_mart,48113010003,3.0,7,0.328285,0.284070516662347,0.00014726045590574748,0.00010531553833031995,4620,4640,False,,complete
PEACOCK  ALLEY OUTLER,1333 INWOOD RD Ste:110,75247,convenience_corner_store,48113010003,3.0,7,0.328285,0.284070516662347,0.00014726045590574748,0.00010531553833031995,4621,4641,False,,complete
FUEL TOWN #2,1525 INWOOD,75247,liquor_store,48113010003,3.0,7,0.328285,0.284070516662347,0.00014726045590574748,0.00010531553833031995,4622,4642,False,,complete
QUIKTRIP #976,1449 INWOOD RD,75247,liquor_store,48113010003,3.0,7,0.328285,0.284070516662347,0.00014726045590574748,0.00010531553833031995,4623,4643,False,,complete
Scott LeMaster Salon and Spa,,,barbershop_beauty,48113014205,3.0,8,0.288356,0.2509177234936721,0.00013258777972931848,0.00010468863996184846,4624,4644,False,,complete
COMERICA COFFEE KIOSK,1717 MAIN ST Ste:120,75201,convenience_corner_store,48113003103,3.0,7,0.290069,0.3147079848912394,0.00011735480295863223,0.00011798810370977027,4625,4634,False,,complete
AC Hotel - Residence Inn Dallas Downtown,1712 Commerce St,75201,liquor_store,48113003103,3.0,7,0.290069,0.3147079848912394,0.00011735480295863223,0.00011798810370977027,4626,4635,False,,complete
BENNY JACK ANTIQUES,1026 N RIVERFRONT BLVD Ste:00SAS,75207,grocery_food_mart,48113010003,3.0,5,0.328285,0.284070516662347,0.00010518603993267677,7.522538452165711e-05,4627,4645,False,,complete
DAINESE DALLAS,1118 N RIVERFRONT BLVD,75207,convenience_corner_store,48113010003,3.0,5,0.328285,0.284070516662347,0.00010518603993267677,7.522538452165711e-05,4628,4646,False,,complete
PAYLESS CONVINIENCE,1000 N RIVERFRONT BLVD,75207,convenience_corner_store,48113010003,3.0,5,0.328285,0.284070516662347,0.00010518603993267677,7.522538452165711e-05,4629,4647,False,,complete
SILVER NICKEL DISTILLERY LLC,8202 CHANCELLOR ROW,75247,other_storefront,48113010003,3.0,3,0.328285,0.284070516662347,6.311162395960607e-05,4.513523071299426e-05,4630,4650,False,,complete
J&B Food Mart And Taqueria,2418 S Jupiter Rd,75041,liquor_store,48113018501,3.0,3,0.302177,0.4200167819247556,5.435564156842415e-05,6.923440499051182e-05,4631,4648,False,,complete
7-Eleven Convenience Store #41933A,2646 S Jupiter Rd,75041,liquor_store,48113018501,3.0,3,0.302177,0.4200167819247556,5.435564156842415e-05,6.923440499051182e-05,4632,4649,False,,complete
LIDO,7035 JOHN W CARPENTER FWY,75247,other_storefront,48113010003,3.0,2,0.328285,0.284070516662347,4.207441597307071e-05,3.0090153808662843e-05,4633,4651,False,,complete
STAR STUDIO SPA,7203 JOHN W CARPENTER FWY Ste:100,75247,barbershop_beauty,48113010003,3.0,2,0.328285,0.284070516662347,4.207441597307071e-05,3.0090153808662843e-05,4634,4652,False,,complete
UNCLE DAN OUTLET,1057 W MOCKINGBIRD LN,75247,other_storefront,48113010003,3.0,2,0.328285,0.284070516662347,4.207441597307071e-05,3.0090153808662843e-05,4635,4653,False,,complete
RACTRAC,1015 W MOCKINGBIRD LN,75247,grocery_food_mart,48113010003,3.0,2,0.328285,0.284070516662347,4.207441597307071e-05,3.0090153808662843e-05,4636,4654,False,,complete
RACETRAC #2499,1015 W MOCKINGBIRD LN,75247,liquor_store,48113010003,3.0,2,0.328285,0.284070516662347,4.207441597307071e-05,3.0090153808662843e-05,4637,4655,False,,complete
7-ELEVEN CONVENIENCE STORE #34567J,711 ELM ST Ste:102,75202,convenience_corner_store,48113003102,3.0,921,0.140103,0.17838933196244203,0.0,0.008105150832670957,4638,4217,False,,complete
WESTEND TOBACCO & FOOD MART,909 ELM ST,75202,liquor_store,48113003102,3.0,921,0.140103,0.17838933196244203,0.0,0.008105150832670957,4639,4218,False,,complete
901 FIT,901 MAIN ST Ste:C118,75202,barbershop_beauty,48113003102,3.0,916,0.140103,0.17838933196244203,0.0,0.008061148928041908,4640,4221,False,,complete
Homewood Suites Dallas,1025 Elm St,75202,liquor_store,48113003102,3.0,916,0.140103,0.17838933196244203,0.0,0.008061148928041908,4641,4222,False,,complete
WING BUCKET,1200 MAIN ST STE 100,75202,liquor_store,48113003102,3.0,916,0.140103,0.17838933196244203,0.0,0.008061148928041908,4642,4223,False,,complete
RENAISSANCE CONVENIENCE CENTER,1201 ELM ST Ste:LL17,75202,convenience_corner_store,48113003102,3.0,707,0.140103,0.17838933196244203,0.0,0.006221869314547629,4643,4267,False,,complete
NEW YORK NAILS AND SPA,111 South Field Street,75202,barbershop_beauty,48113003102,3.0,707,0.140103,0.17838933196244203,0.0,0.006221869314547629,4644,4268,False,,complete
SMOOTH OPERATORS HAIR SALON,1201 MAIN ST Ste:P340,75202,barbershop_beauty,48113003102,3.0,707,0.140103,0.17838933196244203,0.0,0.006221869314547629,4645,4269,False,,complete
DEREK'S BARBER,1401 ELM ST Ste:275,75202,barbershop_beauty,48113003102,3.0,707,0.140103,0.17838933196244203,0.0,0.006221869314547629,4646,4270,False,,complete
ROKWOOD,600 JACKSON ST,75202,other_storefront,48113003102,3.0,707,0.140103,0.17838933196244203,0.0,0.006221869314547629,4647,4271,False,,complete
400 RECORD,400 S RECORD ST Ste:100,75202,convenience_corner_store,48113003102,3.0,707,0.140103,0.17838933196244203,0.0,0.006221869314547629,4648,4272,False,,complete
COMMISSARY,1217 MAIN ST,75202,liquor_store,48113003102,3.0,707,0.140103,0.17838933196244203,0.0,0.006221869314547629,4649,4273,False,,complete
7-Eleven Convenience Store #34120B,1295 Commerce St,75202,liquor_store,48113003102,3.0,707,0.140103,0.17838933196244203,0.0,0.006221869314547629,4650,4274,False,,complete
Sushiya,1306 Elm St,75202,liquor_store,48113003102,3.0,707,0.140103,0.17838933196244203,0.0,0.006221869314547629,4651,4275,False,,complete
7-Eleven,1295 Commerce Street,75202,convenience_corner_store,48113003102,3.0,707,0.140103,0.17838933196244203,0.0,0.006221869314547629,4652,4276,False,,complete
CVS/PHARMACY #5314,1411 MAIN ST,75202,liquor_store,48113003102,3.0,687,0.140103,0.17838933196244203,0.0,0.00604586169603143,4653,4281,False,,complete
ACCENT EYECARE,1415 MAIN ST Ste:100,75202,grocery_food_mart,48113003102,3.0,330,0.140103,0.17838933196244203,0.0,0.002904125705517281,4654,4412,False,,complete
LP MANAGEMENT & CONSULTANTS,411 N AKARD ST Ste:150,75202,barbershop_beauty,48113003102,3.0,274,0.140103,0.17838933196244203,0.0,0.0024113043736719245,4655,4440,False,,complete
BOOST,3225 FORT WORTH AVE Ste:160,75211,convenience_corner_store,48113006900,2.0,0,0.367692,0.43461847944108845,0.0,0.0,4656,4656,False,,complete
YOU SALON,4828 COLUMBIA AVE Ste:220,75226,barbershop_beauty,48113001502,2.0,0,0.388917,0.4009421551675779,0.0,0.0,4657,4657,False,,complete
HUB CITY PRODUCTIONS,830 EXPOSITION AVE Ste:214,75226,barbershop_beauty,48113020300,1.0,0,0.45436,0.35706723948222857,0.0,0.0,4658,4658,False,,complete
HAIRSTORY,1906 N HENDERSON AVE Ste:A,75206,barbershop_beauty,48113000902,3.0,0,0.254292,0.273254112010104,0.0,0.0,4659,4659,False,,complete
MAMA DONUTS,1219 E RED BIRD LN,75241,convenience_corner_store,48113011300,2.0,0,0.414546,0.48279790386364785,0.0,0.0,4660,4660,False,,complete
CIAO BY CIVELLO'S,1318 N PEAK ST,75204,convenience_corner_store,48113001503,3.0,0,0.334228,0.33364482588453415,0.0,0.0,4661,4661,False,,complete
JOSIE ICE CREAM & FRUIT,500 S FITZHUGH AVE,75223,convenience_corner_store,48113002400,1.0,0,0.442004,0.39983622351643733,0.0,0.0,4662,4662,False,,complete
RASIKMANI GROUP,325 N ST PAUL ST Ste:C3,75201,convenience_corner_store,48113002100,3.0,0,0.144522,0.19488371923680417,0.0,0.0,4663,4663,False,,complete
U BREAK I FIX,3406 OAK LAWN AVE,75219,barbershop_beauty,48113000605,3.0,0,0.160018,0.10717735616982002,0.0,0.0,4664,4664,False,,complete
UPTOWN RX PHARMACY & NUTRITION,3408 OAK LAWN AVE,75219,convenience_corner_store,48113000605,3.0,0,0.160018,0.10717735616982002,0.0,0.0,4665,4665,False,,complete
Y DONUTS,1904 RECORD CROSSING RD,75235,convenience_corner_store,48113010001,2.0,0,0.403338,0.5129065632930548,0.0,0.0,4666,4666,False,,complete
TEXAS ICE VENDING,3021 N BUCKNER BLVD,75228,convenience_corner_store,48113012210,2.0,0,0.397784,0.48651909514032615,0.0,0.0,4667,4667,False,,complete
NICE BRAIDS AND BEAUTY SUPPLY,9243 SKILLMAN ST Ste:104,75243,convenience_corner_store,48113018505,2.0,0,0.372273,0.5075540916932534,0.0,0.0,4668,4668,False,,complete
CYCLE GEAR,1310 N RIVERFRONT BLVD,75207,grocery_food_mart,48113010003,3.0,0,0.328285,0.284070516662347,0.0,0.0,4669,4669,False,,complete
THE BLACK IVY,3002 COMMERCE ST,75226,barbershop_beauty,48113020401,2.0,0,0.361399,0.3976045237540431,0.0,0.0,4670,4670,False,,complete
DTC BARBER & BEUTY SALON,1116 E RED BIRD LN,75241,barbershop_beauty,48113011202,3.0,0,0.293484,0.24430282220732116,0.0,0.0,4671,4671,False,,complete
MASTERS LAVANDERIAS,1346 N MASTERS DR Ste:300,,laundromat,48113011902,2.0,0,0.367095,0.3260989419215336,0.0,0.0,4672,4672,False,,complete
FAMILY DOLLAR STORE,2618 S LANCASTER RD,75216,grocery_food_mart,48113008801,2.0,0,0.367073,0.43724022893225184,0.0,0.0,4673,4673,False,,complete
THIS & THAT,3152 E LEDBETTER DR,75216,convenience_corner_store,48113008701,1.0,0,0.495748,0.6414205227414708,0.0,0.0,4674,4674,False,,complete
THE GAS PIPE,9515 SKILLMAN ST,75243,other_storefront,48113018505,2.0,0,0.372273,0.5075540916932534,0.0,0.0,4675,4675,False,,complete
THE GAS PIPE,4420 MAPLE AVE,75219,other_storefront,48113000405,3.0,0,0.315783,0.29996701306771223,0.0,0.0,4676,4676,False,,complete
FLEA STYLE,3009 COMMERCE ST,75226,grocery_food_mart,48113020401,2.0,0,0.361399,0.3976045237540431,0.0,0.0,4677,4677,False,,complete
7-ELEVEN CONVENIENCE STORE #35400A,10208 LAKE JUNE RD,75217,grocery_food_mart,48113011801,2.0,0,0.352383,0.32507057078192036,0.0,0.0,4678,4678,False,,complete
DEES WAY GROCERY,112 N COLLETT AVE Ste:132,75214,convenience_corner_store,48113001302,1.0,0,0.496917,0.4629363773168693,0.0,0.0,4679,4679,False,,complete
BLADE CRAFT BARBER ACADEMY,2719 MAIN ST,75226,barbershop_beauty,48113020401,2.0,0,0.361399,0.3976045237540431,0.0,0.0,4680,4680,False,,complete
JOY WASH N DRY #1,2605 FORT WORTH AVE Ste:500,75211,laundromat,48113006800,3.0,0,0.330295,0.41510178563288136,0.0,0.0,4681,4681,False,,complete
7-ELEVEN CONVENIENCE STORE #35409B,1607 INWOOD RD,75247,grocery_food_mart,48113010001,2.0,0,0.403338,0.5129065632930548,0.0,0.0,4682,4682,False,,complete
BOOST MOBILE,3402 N BUCKNER BLVD Ste:307,75228,convenience_corner_store,48113012302,1.0,0,0.447456,0.5185087228996509,0.0,0.0,4683,4683,False,,complete
SAM'S CHEVRON,3100 W MOCKINGBIRD LN,75235,convenience_corner_store,48113000409,3.0,0,0.278076,0.1541251686118325,0.0,0.0,4684,4684,False,,complete
THE TRAINING ROOM DALLAS,128 N PEAK ST,75226,barbershop_beauty,48113001502,2.0,0,0.388917,0.4009421551675779,0.0,0.0,4685,4685,False,,complete
DUNHILL PARTNERS,1250 SLOCUM ST Ste:750C,75207,convenience_corner_store,48113010003,3.0,0,0.328285,0.284070516662347,0.0,0.0,4686,4686,False,,complete
HICKORY STREET ANNEX,501 2ND AVE Ste:B100,75226,other_storefront,48113020401,2.0,0,0.361399,0.3976045237540431,0.0,0.0,4687,4687,False,,complete
AL 100,4814 S LAMAR ST,75215,other_storefront,48113020900,1.0,0,0.552848,0.5925259506393883,0.0,0.0,4688,4688,False,,complete
CHILL 360 DOH,2646 ELM ST Ste:170,75226,convenience_corner_store,48113020401,2.0,0,0.361399,0.3976045237540431,0.0,0.0,4689,4689,False,,complete
ELOISA'S STORE,130 N PEAK ST,75226,convenience_corner_store,48113001502,2.0,0,0.388917,0.4009421551675779,0.0,0.0,4690,4690,False,,complete
RICHARD BROOKS FABRICS,1645 N STEMMONS FWY Ste:C2,75207,convenience_corner_store,48113010003,3.0,0,0.328285,0.284070516662347,0.0,0.0,4691,4691,False,,complete
ROBS CHOP SHOP,3613 PARRY AVE Ste:A,75226,barbershop_beauty,48113020300,1.0,0,0.45436,0.35706723948222857,0.0,0.0,4692,4692,False,,complete
GATEWAY NEWSTANDS,1950 N STEMMONS FWY,75207,convenience_corner_store,48113010001,2.0,0,0.403338,0.5129065632930548,0.0,0.0,4693,4693,False,,complete
BERKLEY'S MARKET,1800 MAIN ST Ste:124,75201,grocery_food_mart,48113003103,3.0,0,0.290069,0.3147079848912394,0.0,0.0,4694,4694,False,,complete
TIGER MART 90,4880 MOUNTAIN CREEK PKWY Ste:100,75236,grocery_food_mart,48113016521,1.0,0,0.456897,0.5611643386138419,0.0,0.0,4695,4695,False,,complete
RUBENS GROCERY,1207 E RED BIRD LN,75241,convenience_corner_store,48113011300,2.0,0,0.414546,0.48279790386364785,0.0,0.0,4696,4696,False,,complete
7-ELEVEN CONVIENCE STORE #38255A,2691 JOHN WEST RD,75228,convenience_corner_store,48113012302,1.0,0,0.447456,0.5185087228996509,0.0,0.0,4697,4697,False,,complete
PICKLETOPIA,4812 BRYAN ST Ste:102,,convenience_corner_store,48113001503,3.0,0,0.334228,0.33364482588453415,0.0,0.0,4698,4698,False,,complete
BOTTLED BLONDE DALLAS - THE BOTTLED BLONDE,505 N GOOD LATIMER EXPY,75204,other_storefront,48113002200,3.0,0,0.220929,0.23170454673452814,0.0,0.0,4699,4699,False,,complete
SNAPO MART INC.,2613 S LANCASTER RD,75216,convenience_corner_store,48113008801,2.0,0,0.367073,0.43724022893225184,0.0,0.0,4700,4700,False,,complete
ACID CANDY PRODUCTIONS LLC,3609 PARRY AVE,75226,convenience_corner_store,48113020300,1.0,0,0.45436,0.35706723948222857,0.0,0.0,4701,4701,False,,complete
BOWLOUNGE,167 TURTLE CREEK BLVD Ste:103,,other_storefront,48113010003,3.0,0,0.328285,0.284070516662347,0.0,0.0,4702,4702,False,,complete
GIUSEPPE'S ITALIAN KITCHEN,4900 BRYAN ST Ste:A,75206,convenience_corner_store,48113001503,3.0,0,0.334228,0.33364482588453415,0.0,0.0,4703,4703,False,,complete
GOLD STAR FOOD,2837 E LEDBETTER DR,75216,convenience_corner_store,48113008705,1.0,0,0.441993,0.5633496129219306,0.0,0.0,4704,4704,False,,complete
GINAZ DREAM HAIR,2606 MARTIN LUTHER KING JR BLVD Ste:216,75215,barbershop_beauty,48113020300,1.0,0,0.45436,0.35706723948222857,0.0,0.0,4705,4705,False,,complete
TOM THUMB #5803 FUEL CENTER,2720 LIVE OAK ST,75204,grocery_food_mart,48113002200,3.0,0,0.220929,0.23170454673452814,0.0,0.0,4706,4706,False,,complete
PIZZA HUT #034543,3439 OAK LAWN AVE Ste:B,75219,convenience_corner_store,48113000605,3.0,0,0.160018,0.10717735616982002,0.0,0.0,4707,4707,False,,complete
PHONE-FIX.COM LLC,4321 LEMMON AVE,75219,convenience_corner_store,48113000608,3.0,0,0.215165,0.07555472248269288,0.0,0.0,4708,4708,False,,complete
ALDI FOOD STORE #42,4120 GASTON AVE,75246,grocery_food_mart,48113001502,2.0,0,0.388917,0.4009421551675779,0.0,0.0,4709,4709,False,,complete
TRINITY CIDER,2656 MAIN ST Ste:120,75226,other_storefront,48113020401,2.0,0,0.361399,0.3976045237540431,0.0,0.0,4710,4710,False,,complete
T & K CORNER STORE,116 N BARRY AVE,75214,convenience_corner_store,48113001302,1.0,0,0.496917,0.4629363773168693,0.0,0.0,4711,4711,False,,complete
CELESTIAL BEERWORKS,2530 BUTLER ST,75235,liquor_store,48113000407,3.0,0,0.332259,0.30833327883084505,0.0,0.0,4712,4712,False,,complete
STAINLESS TATTOO STUDIOS,101 S MUNGER BLVD,75214,barbershop_beauty,48113002400,1.0,0,0.442004,0.39983622351643733,0.0,0.0,4713,4713,False,,complete
BELLA'S GLAM BEAUTY SALON,9620 LAKE JUNE RD Ste:1,75217,barbershop_beauty,48113011802,1.0,0,0.44872,0.43891077540186985,0.0,0.0,4714,4714,False,,complete
PIZZA AZTECA,2914 W DAVIS ST,75211,convenience_corner_store,48113004500,1.0,0,0.442264,0.5314095168877079,0.0,0.0,4715,4715,False,,complete
QUICK CHANGE ARTIST,820 S CARROLL AVE,75223,barbershop_beauty,48113002500,1.0,0,0.540924,0.5882942073267108,0.0,0.0,4716,4716,False,,complete
GRAPHIC END,1910 PACIFIC AVE Ste:2030,75201,convenience_corner_store,48113002100,3.0,0,0.144522,0.19488371923680417,0.0,0.0,4717,4717,False,,complete
PRETTY DOLLS BEAUTY BAR,2823 Live Oak Street,75204,barbershop_beauty,48113002200,3.0,0,0.220929,0.23170454673452814,0.0,0.0,4718,4718,False,,complete
DEEP ELLUM DENIM,3107 COMMERCE ST,75226,convenience_corner_store,48113020401,2.0,0,0.361399,0.3976045237540431,0.0,0.0,4719,4719,False,,complete
BOOST MOBILE,9784 FOREST LN,75243,convenience_corner_store,48113018507,2.0,0,0.375721,0.43509859311469223,0.0,0.0,4720,4720,False,,complete
SMART SET BOUTIQUE,1145 E RED BIRD LN,75241,barbershop_beauty,48113011202,3.0,0,0.293484,0.24430282220732116,0.0,0.0,4721,4721,False,,complete
THE HILLS BOUTIQUE,2819 LIVE OAK ST,75204,convenience_corner_store,48113002200,3.0,0,0.220929,0.23170454673452814,0.0,0.0,4722,4722,False,,complete
DEP LASHES,4123 CEDAR SPRINGS RD Ste:107,75219,barbershop_beauty,48113000501,3.0,0,0.147326,0.029457392721704174,0.0,0.0,4723,4723,False,,complete
YOUNGER NAILS & SPA,2713 S LANCASTER RD,75216,barbershop_beauty,48113008801,2.0,0,0.367073,0.43724022893225184,0.0,0.0,4724,4724,False,,complete
HOLIDAYS BY J. P.,600 N PEARL ST Ste:G201,75201,convenience_corner_store,48113001705,3.0,0,0.209183,0.25402872373856994,0.0,0.0,4725,4725,False,,complete
SALO BY M & R,1618 MARKET CENTER BLVD,75207,barbershop_beauty,48113010003,3.0,0,0.328285,0.284070516662347,0.0,0.0,4726,4726,False,,complete
NOGOOD'S BARBER LOUNGE,3727 DILIDO RD Ste:120,75228,barbershop_beauty,48113012211,2.0,0,0.39211,0.45518267375400256,0.0,0.0,4727,4727,False,,complete
THE POINT SKATE SHOP,2820 MAIN ST,75226,other_storefront,48113020401,2.0,0,0.361399,0.3976045237540431,0.0,0.0,4728,4728,False,,complete
"DOOT'S CAFE 'NEW ORLEANS STYLE""",2729 ELSIE FAYE HEGGINS ST Ste:B,75215,convenience_corner_store,48113020800,2.0,0,0.400722,0.4197010839077546,0.0,0.0,4729,4729,False,,complete
WESTLAKE BREWING COMPANY,2814 COMMERCE ST,75226,other_storefront,48113020401,2.0,0,0.361399,0.3976045237540431,0.0,0.0,4730,4730,False,,complete
TWICE THE ICE,9231 SKILLMAN ST,75243,convenience_corner_store,48113018506,1.0,0,0.443293,0.4344138256545896,0.0,0.0,4731,4731,False,,complete
LIVE OAK SMOKE SHOP,4102 LIVE OAK ST,75204,convenience_corner_store,48113001504,3.0,0,0.312596,0.3073363703237808,0.0,0.0,4732,4732,False,,complete
DALLAS PETAL PUSHER,3819 FAIRMOUNT ST,75219,convenience_corner_store,48113000502,3.0,0,0.210272,0.08947926450038002,0.0,0.0,4733,4733,False,,complete
UPTOWN BARBER SHOP,3424 OAK LAWN AVE,75219,barbershop_beauty,48113000605,3.0,0,0.160018,0.10717735616982002,0.0,0.0,4734,4734,False,,complete
QUICKWAY FOOD MART,1402 N CARROLL AVE,75204,convenience_corner_store,48113001503,3.0,0,0.334228,0.33364482588453415,0.0,0.0,4735,4735,False,,complete
LASHING OUT,2512 OAK LAWN AVE,75219,barbershop_beauty,48113000502,3.0,0,0.210272,0.08947926450038002,0.0,0.0,4736,4736,False,,complete
"TALL COTTON PROPERTIES, LTD",3309 ELM ST,75226,barbershop_beauty,48113020401,2.0,0,0.361399,0.3976045237540431,0.0,0.0,4737,4737,False,,complete
"TINT WORLD, LLC",4238 MAPLE AVE,75219,grocery_food_mart,48113000401,3.0,0,0.330846,0.3544974583393461,0.0,0.0,4738,4738,False,,complete
OAK LAWN PHARMACY,4003 LEMMON AVE,75219,convenience_corner_store,48113000605,3.0,0,0.160018,0.10717735616982002,0.0,0.0,4739,4739,False,,complete
NOMAD'S LOOM INC,1525 SLOCUM ST,75207,grocery_food_mart,48113010003,3.0,0,0.328285,0.284070516662347,0.0,0.0,4740,4740,False,,complete
HOT OFF THE PRESS DALLAS,1920 MAIN ST,75201,convenience_corner_store,48113003103,3.0,0,0.290069,0.3147079848912394,0.0,0.0,4741,4741,False,,complete
DOMINO'S,4880 SUNNYVALE ST,75216,convenience_corner_store,48113008704,1.0,0,0.469207,0.5847013934057242,0.0,0.0,4742,4742,False,,complete
BLANC EVENT CENTER,1440 REGAL ROW Ste:250,75247,other_storefront,48113010003,3.0,0,0.328285,0.284070516662347,0.0,0.0,4743,4743,False,,complete
BEAUTY BAR,2805 MAIN ST,75226,other_storefront,48113020401,2.0,0,0.361399,0.3976045237540431,0.0,0.0,4744,4744,False,,complete
VOGUE HAIR STUDIO,3014 COMMERCE ST,75226,other_storefront,48113020401,2.0,0,0.361399,0.3976045237540431,0.0,0.0,4745,4745,False,,complete
FRUTERIA CANO,110 S CARROLL AVE,75226,convenience_corner_store,48113001502,2.0,0,0.388917,0.4009421551675779,0.0,0.0,4746,4746,False,,complete
E-Z TRIP # 18,3130 N BUCKNER BLVD,75228,convenience_corner_store,48113012302,1.0,0,0.447456,0.5185087228996509,0.0,0.0,4747,4747,False,,complete
QUEEN CITY BARBER SHOP,2731 WARREN AVE,75215,barbershop_beauty,48113003700,1.0,0,0.53429,0.4274216098397171,0.0,0.0,4748,4748,False,,complete
BEST COIN LAUNDRY,9210 SKILLMAN ST,75243,laundromat,48113018506,1.0,0,0.443293,0.4344138256545896,0.0,0.0,4749,4749,False,,complete
STAR LIQUOR,4340 HARRY HINES BLVD Ste:B,75219,liquor_store,48113000401,3.0,0,0.330846,0.3544974583393461,0.0,0.0,4750,4750,False,,complete
ZERO DOJO-OAKCLIFF,3007 W DAVIS ST,75211,barbershop_beauty,48113004500,1.0,0,0.442264,0.5314095168877079,0.0,0.0,4751,4751,False,,complete
NOBLE HAIR SALON,11414 AUDELIA RD,75243,barbershop_beauty,48113018505,2.0,0,0.372273,0.5075540916932534,0.0,0.0,4752,4752,False,,complete
DOMINO'S PIZZA,4414 GASTON AVE,75246,convenience_corner_store,48113001502,2.0,0,0.388917,0.4009421551675779,0.0,0.0,4753,4753,False,,complete
S6 BOUTIQUE,1128 E RED BIRD LN,75241,convenience_corner_store,48113011202,3.0,0,0.293484,0.24430282220732116,0.0,0.0,4754,4754,False,,complete
LVL 101 HAIR STUDIO,2928 MAIN ST Ste:101,75226,barbershop_beauty,48113020401,2.0,0,0.361399,0.3976045237540431,0.0,0.0,4755,4755,False,,complete
MUSEUM OF MEMORY'S,4428 MAIN ST Ste:200,75226,other_storefront,48113001502,2.0,0,0.388917,0.4009421551675779,0.0,0.0,4756,4756,False,,complete
REY CASTILLA SALON,10121 LAKE JUNE RD Ste:101,75217,barbershop_beauty,48113011802,1.0,0,0.44872,0.43891077540186985,0.0,0.0,4757,4757,False,,complete
SMOKE & VAPES,2842 W DAVIS ST,75211,convenience_corner_store,48113004500,1.0,0,0.442264,0.5314095168877079,0.0,0.0,4758,4758,False,,complete
THE ROOM ON DRAGON,1500 DRAGON ST Ste:C,75207,other_storefront,48113010003,3.0,0,0.328285,0.284070516662347,0.0,0.0,4759,4759,False,,complete
PLANET FITNESS,4800 COLUMBIA AVE Ste:100,75226,barbershop_beauty,48113001502,2.0,0,0.388917,0.4009421551675779,0.0,0.0,4760,4760,False,,complete
RUBY ROOM STUDIO,833 EXPOSITION AVE,75226,barbershop_beauty,48113020300,1.0,0,0.45436,0.35706723948222857,0.0,0.0,4761,4761,False,,complete
Q COIN LAUNDRY,9245 SKILLMAN ST Ste:101,75243,laundromat,48113018505,2.0,0,0.372273,0.5075540916932534,0.0,0.0,4762,4762,False,,complete
THE LUXURY CONSIGNMENT,2926 OAK LAWN AVE,75219,convenience_corner_store,48113000501,3.0,0,0.147326,0.029457392721704174,0.0,0.0,4763,4763,False,,complete
"CROZIER HALL, LLC.",2218 BRYAN ST Ste:100,75201,other_storefront,48113001705,3.0,0,0.209183,0.25402872373856994,0.0,0.0,4764,4764,False,,complete
"ALVLA COLECTIVE, LLC",4325 ELM ST Ste:110,75226,barbershop_beauty,48113001502,2.0,0,0.388917,0.4009421551675779,0.0,0.0,4765,4765,False,,complete
SNEAKER POLITICS,2822 MAIN ST,75226,convenience_corner_store,48113020401,2.0,0,0.361399,0.3976045237540431,0.0,0.0,4766,4766,False,,complete
BEAUTY SNOBS,4106 LIVE OAK ST,75204,barbershop_beauty,48113001504,3.0,0,0.312596,0.3073363703237808,0.0,0.0,4767,4767,False,,complete
PUNCH BOWL SOCIAL DALLAS,2600 MAIN ST,75226,other_storefront,48113020401,2.0,0,0.361399,0.3976045237540431,0.0,0.0,4768,4768,False,,complete
LINARES GUANAJUATO TACOS,1101 S HASKELL AVE Ste:A,75223,convenience_corner_store,48113002500,1.0,0,0.540924,0.5882942073267108,0.0,0.0,4769,4769,False,,complete
DALLAS STRENGTH AND CONDITIONING,1625 W MOCKINGBIRD LN,75235,barbershop_beauty,48113010001,2.0,0,0.403338,0.5129065632930548,0.0,0.0,4770,4770,False,,complete
PIZZA PIE,2500 SWISS AVE,75204,convenience_corner_store,48113002200,3.0,0,0.220929,0.23170454673452814,0.0,0.0,4771,4771,False,,complete
LA ONDA DALLAS,4234 HARRY HINES BLVD Ste:B,75219,other_storefront,48113000401,3.0,0,0.330846,0.3544974583393461,0.0,0.0,4772,4772,False,,complete
"LEONARD SLOAN & ASSOC., INC.",4200 HARRY HINES BLVD,75219,grocery_food_mart,48113000401,3.0,0,0.330846,0.3544974583393461,0.0,0.0,4773,4773,False,,complete
"DRAGONSTONE, INC",4430 MAPLE AVE Ste:100,75219,barbershop_beauty,48113000401,3.0,0,0.330846,0.3544974583393461,0.0,0.0,4774,4774,False,,complete
RIVERA WESTERN WEAR INC,635 N WESTMORELAND RD,75211,grocery_food_mart,48113006800,3.0,0,0.330295,0.41510178563288136,0.0,0.0,4775,4775,False,,complete
DON MORPHY LLC,1500 HI LINE DR Ste:A,75207,convenience_corner_store,48113010003,3.0,0,0.328285,0.284070516662347,0.0,0.0,4776,4776,False,,complete
7-ELEVEN CONVENIENCE STORE #12301B,2911 E LEDBETTER DR,75216,convenience_corner_store,48113008701,1.0,0,0.495748,0.6414205227414708,0.0,0.0,4777,4777,False,,complete
THE SPACE ON OAK LAWN,171 OAK LAWN AVE,75207,other_storefront,48113010003,3.0,0,0.328285,0.284070516662347,0.0,0.0,4778,4778,False,,complete
POPOKE HAWAIIAN STREET FOOD,650 N PEARL ST Ste:FC1,75201,convenience_corner_store,48113001705,3.0,0,0.209183,0.25402872373856994,0.0,0.0,4779,4779,False,,complete
LA POPULAR TOMALE HOUSE,4823 BRYAN ST Ste:100,75204,convenience_corner_store,48113001504,3.0,0,0.312596,0.3073363703237808,0.0,0.0,4780,4780,False,,complete
HOOKAH CITY,4820 GASTON AVE,75246,other_storefront,48113001504,3.0,0,0.312596,0.3073363703237808,0.0,0.0,4781,4781,False,,complete
CARROLL NIGHT CLUB,821 S CARROLL AVE,75223,other_storefront,48113002500,1.0,0,0.540924,0.5882942073267108,0.0,0.0,4782,4782,False,,complete
"ROYAL JELLY, LLC",1403 SLOCUM ST Ste:107,75207,barbershop_beauty,48113010003,3.0,0,0.328285,0.284070516662347,0.0,0.0,4783,4783,False,,complete
RED BIRD TELEMART,3220 W DAVIS ST,75211,convenience_corner_store,48113004500,1.0,0,0.442264,0.5314095168877079,0.0,0.0,4784,4784,False,,complete
STUDIO 1141 BARBER SHOP,1141 E RED BIRD LN,75241,barbershop_beauty,48113011202,3.0,0,0.293484,0.24430282220732116,0.0,0.0,4785,4785,False,,complete
V. M. G.,2801 REED LN,75215,barbershop_beauty,48113020800,2.0,0,0.400722,0.4197010839077546,0.0,0.0,4786,4786,False,,complete
ASPCARES,4309 LEMMON AVE,75219,convenience_corner_store,48113000608,3.0,0,0.215165,0.07555472248269288,0.0,0.0,4787,4787,False,,complete
HUF,2646 MAIN ST Ste:110,75226,convenience_corner_store,48113020401,2.0,0,0.361399,0.3976045237540431,0.0,0.0,4788,4788,False,,complete
BAR CHARLES,1624 MARKET CENTER BLVD,75207,other_storefront,48113010003,3.0,0,0.328285,0.284070516662347,0.0,0.0,4789,4789,False,,complete
LACED BY LONICE,2504 KIMSEY DR,75235,barbershop_beauty,48113000409,3.0,0,0.278076,0.1541251686118325,0.0,0.0,4790,4790,False,,complete
HILL PARK CLEANERS,2920 OAK LAWN AVE,75219,barbershop_beauty,48113000501,3.0,0,0.147326,0.029457392721704174,0.0,0.0,4791,4791,False,,complete
THE ACE BARBERSHOP,629 N WESTMORELAND RD,75211,barbershop_beauty,48113006800,3.0,0,0.330295,0.41510178563288136,0.0,0.0,4792,4792,False,,complete
PREMIRE RENTAL &  SALES,9130 PREMIER ROW,75247,other_storefront,48113010003,3.0,0,0.328285,0.284070516662347,0.0,0.0,4793,4793,False,,complete
MR. MISSTER,3900 CEDAR SPRINGS RD,75219,other_storefront,48113000501,3.0,0,0.147326,0.029457392721704174,0.0,0.0,4794,4794,False,,complete
GOLF LOUNGE,3131 TURTLE CREEK BLVD Ste:250,75219,other_storefront,48113000605,3.0,0,0.160018,0.10717735616982002,0.0,0.0,4795,4795,False,,complete
MAPLEWOOD CLUB,2615 INWOOD RD,75235,other_storefront,48113000409,3.0,0,0.278076,0.1541251686118325,0.0,0.0,4796,4796,False,,complete
"UPSTAIRS CIRCUS DFW, LLC",2810 MAIN ST,75226,barbershop_beauty,48113020401,2.0,0,0.361399,0.3976045237540431,0.0,0.0,4797,4797,False,,complete
1UP INK TATTOO STUDIOS,111 N BARRY AVE Ste:A,75214,barbershop_beauty,48113001302,1.0,0,0.496917,0.4629363773168693,0.0,0.0,4798,4798,False,,complete
IT'LL DO CLUB,4322 ELM ST,75226,other_storefront,48113001502,2.0,0,0.388917,0.4009421551675779,0.0,0.0,4799,4799,False,,complete
FITBREWS,700 N PEARL ST Ste:H206,75201,convenience_corner_store,48113001705,3.0,0,0.209183,0.25402872373856994,0.0,0.0,4800,4800,False,,complete
POP-UP DFW,3409 MAIN ST Ste:B,75226,convenience_corner_store,48113020401,2.0,0,0.361399,0.3976045237540431,0.0,0.0,4801,4801,False,,complete
METRO BY T-MOBILE,4818 GASTON AVE,75246,convenience_corner_store,48113001504,3.0,0,0.312596,0.3073363703237808,0.0,0.0,4802,4802,False,,complete
HOBSON MINI MART,900 E HOBSON AVE,75216,convenience_corner_store,48113005600,2.0,0,0.404975,0.5273490500803241,0.0,0.0,4803,4803,False,,complete
UGG,2050 N STEMMONS FWY Ste:13002,75207,grocery_food_mart,48113010001,2.0,0,0.403338,0.5129065632930548,0.0,0.0,4804,4804,False,,complete
BRUCE WOOD DANCE,103 HOWELL ST,75207,barbershop_beauty,48113010003,3.0,0,0.328285,0.284070516662347,0.0,0.0,4805,4805,False,,complete
METRO BY T-MOBILE DBA KPM COMMUNICATION INC,4807 MAPLE AVE Ste:200,75219,convenience_corner_store,48113000408,3.0,0,0.272539,0.13635043107135988,0.0,0.0,4806,4806,False,,complete
WARBUCKS HEADQUARTERS,1120 E RED BIRD LN,75241,convenience_corner_store,48113011202,3.0,0,0.293484,0.24430282220732116,0.0,0.0,4807,4807,False,,complete
NEW THRIFT STORE,3322 N BUCKNER BLVD Ste:120,75228,grocery_food_mart,48113012302,1.0,0,0.447456,0.5185087228996509,0.0,0.0,4808,4808,False,,complete
JAN WIRELESS PLUS 2,3230 MARTIN LUTHER KING JR BLVD Ste:E,75210,other_storefront,48113020300,1.0,0,0.45436,0.35706723948222857,0.0,0.0,4809,4809,False,,complete
LA POLAR,1412 N CARROLL AVE,75204,convenience_corner_store,48113001503,3.0,0,0.334228,0.33364482588453415,0.0,0.0,4810,4810,False,,complete
DALLAS CROSSFIT CENTRAL,1213 N WASHINGTON AVE,75204,barbershop_beauty,48113002200,3.0,0,0.220929,0.23170454673452814,0.0,0.0,4811,4811,False,,complete
7-ELEVEN CONVENIENCE STORE #38519A,3435 COMMERCE ST,75226,convenience_corner_store,48113020401,2.0,0,0.361399,0.3976045237540431,0.0,0.0,4812,4812,False,,complete
FLUEVOG SHOES,2633 MAIN ST Ste:130,75226,convenience_corner_store,48113020401,2.0,0,0.361399,0.3976045237540431,0.0,0.0,4813,4813,False,,complete
ROSS AT PEAK THRIFT SHOP,4114 LIVE OAK ST,75204,convenience_corner_store,48113001504,3.0,0,0.312596,0.3073363703237808,0.0,0.0,4814,4814,False,,complete
M. D. TAVERN,5320 MAPLE AVE,75235,other_storefront,48113000401,3.0,0,0.330846,0.3544974583393461,0.0,0.0,4815,4815,False,,complete
WHISKEYS,835 EXPOSITION AVE,75226,other_storefront,48113020300,1.0,0,0.45436,0.35706723948222857,0.0,0.0,4816,4816,False,,complete
TAMALERIA Y FRUTERIA PURO GUANAJUATO,2900 W DAVIS ST,75211,convenience_corner_store,48113004500,1.0,0,0.442264,0.5314095168877079,0.0,0.0,4817,4817,False,,complete
SOCIETY EVENTS,4101 BRYAN ST Ste:109,75204,other_storefront,48113001503,3.0,0,0.334228,0.33364482588453415,0.0,0.0,4818,4818,False,,complete
PATAGONIA,2626 MAIN ST,75226,grocery_food_mart,48113020401,2.0,0,0.361399,0.3976045237540431,0.0,0.0,4819,4819,False,,complete
IL CANE ROSSO,2612 COMMERCE ST Ste:102,,other_storefront,48113020401,2.0,0,0.361399,0.3976045237540431,0.0,0.0,4820,4820,False,,complete
THRIVER 24,4305 MAPLE AVE Ste:B,75219,convenience_corner_store,48113000405,3.0,0,0.315783,0.29996701306771223,0.0,0.0,4821,4821,False,,complete
B & J PRODUCTS,2130 LAMONT AVE,75216,barbershop_beauty,48113005500,2.0,0,0.425723,0.4937169993128214,0.0,0.0,4822,4822,False,,complete
IFIXHUB,1820 W MOCKINGBIRD LN Ste:36,75235,other_storefront,48113010001,2.0,0,0.403338,0.5129065632930548,0.0,0.0,4823,4823,False,,complete
FLAMINGO LIQUORS,4125 FAIRMOUNT ST,75219,liquor_store,48113000503,3.0,0,0.201046,0.06401980188597056,0.0,0.0,4824,4824,False,,complete
TALK N FIX,9792 FOREST LN,75243,convenience_corner_store,48113018507,2.0,0,0.375721,0.43509859311469223,0.0,0.0,4825,4825,False,,complete
BUTTONS FORTUNE'S,9220 SKILLMAN ST Ste:202A,75243,other_storefront,48113018506,1.0,0,0.443293,0.4344138256545896,0.0,0.0,4826,4826,False,,complete
SALUTE PHARMACY,3825 ROSS AVE Ste:110,75204,convenience_corner_store,48113001602,3.0,0,0.242428,0.07022418033358485,0.0,0.0,4827,4827,False,,complete
FINESS KUTZ LLC,2832 N BUCKNER BLVD,75228,barbershop_beauty,48113012301,2.0,0,0.390365,0.3555686299804548,0.0,0.0,4828,4828,False,,complete
LUXE NAILS ON LEMMON,4402 LEMMON AVE,75219,barbershop_beauty,48113000608,3.0,0,0.215165,0.07555472248269288,0.0,0.0,4829,4829,False,,complete
SERENITE SALON,2422 MARTIN LUTHER KING JR BLVD,75215,barbershop_beauty,48113020300,1.0,0,0.45436,0.35706723948222857,0.0,0.0,4830,4830,False,,complete
NANNY'S,3121 GREAT TRINITY FOREST WAY Ste:104,75216,convenience_corner_store,48113008701,1.0,0,0.495748,0.6414205227414708,0.0,0.0,4831,4831,False,,complete
HER VIBES BOUTIQUE,5210 BEXAR ST Ste:104,75215,convenience_corner_store,48113020800,2.0,0,0.400722,0.4197010839077546,0.0,0.0,4832,4832,False,,complete
METRO BY T-MOBILE,9247 SKILLMAN ST Ste:103,75243,convenience_corner_store,48113018505,2.0,0,0.372273,0.5075540916932534,0.0,0.0,4833,4833,False,,complete
SOCORRO SALON,4909 ROSS AVE,75206,barbershop_beauty,48113001503,3.0,0,0.334228,0.33364482588453415,0.0,0.0,4834,4834,False,,complete
DOMINO'S,2615 OAK LAWN AVE Ste:110,75219,convenience_corner_store,48113000502,3.0,0,0.210272,0.08947926450038002,0.0,0.0,4835,4835,False,,complete
POWER BAR WOMENS FITNESS LLC,3408 MAIN ST,75226,barbershop_beauty,48113020401,2.0,0,0.361399,0.3976045237540431,0.0,0.0,4836,4836,False,,complete
STUDIO 9,7610 N STEMMONS FWY Ste:425,75247,barbershop_beauty,48113010001,2.0,0,0.403338,0.5129065632930548,0.0,0.0,4837,4837,False,,complete
FLOOR & DECOR OUTLETS OF AMERICA,1301 OAK LAWN AVE,75207,grocery_food_mart,48113010003,3.0,0,0.328285,0.284070516662347,0.0,0.0,4838,4838,False,,complete
TOTAL WINE,3810 CONGRESS AVE,75219,liquor_store,48113000501,3.0,0,0.147326,0.029457392721704174,0.0,0.0,4839,4839,False,,complete
,,75207,grocery_food_mart,48113010003,3.0,0,0.328285,0.284070516662347,0.0,0.0,4840,4840,False,,complete
GRAB - A -SNACK,3022 AL LIPSCOMB WAY,75215,convenience_corner_store,48113020300,1.0,0,0.45436,0.35706723948222857,0.0,0.0,4841,4841,False,,complete
SALLYS BRAIDS,1227 E RED BIRD LN,75241,barbershop_beauty,48113011300,2.0,0,0.414546,0.48279790386364785,0.0,0.0,4842,4842,False,,complete
ROCKET FIZZ SODA POP & CANDY SHOP,2701 MAIN ST Ste:160,75226,convenience_corner_store,48113020401,2.0,0,0.361399,0.3976045237540431,0.0,0.0,4843,4843,False,,complete
GROWTH MICRO GREENS CENTER,2720 OAK LAWN AVE,75219,convenience_corner_store,48113000502,3.0,0,0.210272,0.08947926450038002,0.0,0.0,4844,4844,False,,complete
ANGEL CALIFORNIA NAIL INC,9241 SKILLMAN ST Ste:100,75243,barbershop_beauty,48113018506,1.0,0,0.443293,0.4344138256545896,0.0,0.0,4845,4845,False,,complete
"DESIGNS BY CAKE DADDY, LLC",3155 S LANCASTER RD Ste:130,75216,convenience_corner_store,48113005700,2.0,0,0.419155,0.5755256574076163,0.0,0.0,4846,4846,False,,complete
WHISKEY HATCHET BAR,2801 VIRGIL ST,75226,other_storefront,48113020401,2.0,0,0.361399,0.3976045237540431,0.0,0.0,4847,4847,False,,complete
HAIR SOLUTIONS,9780 FOREST LN,75243,barbershop_beauty,48113018507,2.0,0,0.375721,0.43509859311469223,0.0,0.0,4848,4848,False,,complete
CORAZON LATINO,4607 MAPLE AVE,75219,other_storefront,48113000405,3.0,0,0.315783,0.29996701306771223,0.0,0.0,4849,4849,False,,complete
GLAM A GLOW,4108 LIVE OAK ST,75204,barbershop_beauty,48113001504,3.0,0,0.312596,0.3073363703237808,0.0,0.0,4850,4850,False,,complete
7-ELEVEN CONVENIENCE STORE #38627A,3712 LIVE OAK ST,75204,convenience_corner_store,48113002200,3.0,0,0.220929,0.23170454673452814,0.0,0.0,4851,4851,False,,complete
FARRAH LASH BOUTIQUE,3116 AL LIPSCOMB WAY,75215,other_storefront,48113020300,1.0,0,0.45436,0.35706723948222857,0.0,0.0,4852,4852,False,,complete
ESCAPE DEEP ELLUM,2715 MAIN ST,75226,other_storefront,48113020401,2.0,0,0.361399,0.3976045237540431,0.0,0.0,4853,4853,False,,complete
"AP DEEP ELLUM, LLC",2602 MAIN ST,75226,convenience_corner_store,48113020401,2.0,0,0.361399,0.3976045237540431,0.0,0.0,4854,4854,False,,complete
"A P DEEP ELLUM, LLC",2708 MAIN ST,75226,convenience_corner_store,48113020401,2.0,0,0.361399,0.3976045237540431,0.0,0.0,4855,4855,False,,complete
THE CORNER DONUTS,2825 LIVE OAK ST,75204,convenience_corner_store,48113002200,3.0,0,0.220929,0.23170454673452814,0.0,0.0,4856,4856,False,,complete
9 ROUND KICK BOXING,2525 INWOOD RD Ste:129,75235,barbershop_beauty,48113000409,3.0,0,0.278076,0.1541251686118325,0.0,0.0,4857,4857,False,,complete
"THE SOCIETY, LLC",126 OAK LAWN AVE,75207,barbershop_beauty,48113010003,3.0,0,0.328285,0.284070516662347,0.0,0.0,4858,4858,False,,complete
EZ STOP 6A,1155 E RED BIRD LN,75241,convenience_corner_store,48113011202,3.0,0,0.293484,0.24430282220732116,0.0,0.0,4859,4859,False,,complete
AMOR Y QUESO LLC,2932 MAIN ST Ste:102,75226,convenience_corner_store,48113020401,2.0,0,0.361399,0.3976045237540431,0.0,0.0,4860,4860,False,,complete
AREA 111,111 OAK LAWN AVE,75207,other_storefront,48113010003,3.0,0,0.328285,0.284070516662347,0.0,0.0,4861,4861,False,,complete
FRANKLINS TATTOO AND SUPPLY LLC,4910 COLUMBIA AVE,75214,barbershop_beauty,48113002400,1.0,0,0.442004,0.39983622351643733,0.0,0.0,4862,4862,False,,complete
CITY SALON SUITES AND SPA,2515 INWOOD RD Ste:201,75235,barbershop_beauty,48113000407,3.0,0,0.332259,0.30833327883084505,0.0,0.0,4863,4863,False,,complete
WING-STOP,418 S ERVAY ST,75204,convenience_corner_store,48113003103,3.0,0,0.290069,0.3147079848912394,0.0,0.0,4864,4864,False,,complete
CEDAR SPRINGS CIGARETTES & TOBACCO STOR,4030 CEDAR SPRINGS RD,75219,convenience_corner_store,48113000501,3.0,0,0.147326,0.029457392721704174,0.0,0.0,4865,4865,False,,complete
KOLORFUL KREATIONS LLC,1215 E RED BIRD LN,75241,barbershop_beauty,48113011300,2.0,0,0.414546,0.48279790386364785,0.0,0.0,4866,4866,False,,complete
"QUADRANT INVESTMENT PROPERTIES, LLC",141 MANUFACTURING ST,75207,grocery_food_mart,48113010003,3.0,0,0.328285,0.284070516662347,0.0,0.0,4867,4867,False,,complete
ZEE INTERNATIONAL MARKEL,11418 AUDELIA RD,75243,convenience_corner_store,48113018505,2.0,0,0.372273,0.5075540916932534,0.0,0.0,4868,4868,False,,complete
XECUTIVE CUTZ,919 N HASKELL AVE,75204,barbershop_beauty,48113001504,3.0,0,0.312596,0.3073363703237808,0.0,0.0,4869,4869,False,,complete
"LURE LASH AND BROW BEAUTIQUE, LLC",917 N PEAK ST,75204,barbershop_beauty,48113001504,3.0,0,0.312596,0.3073363703237808,0.0,0.0,4870,4870,False,,complete
EXQUISITE GLAM,1130 E RED BIRD LN,75241,barbershop_beauty,48113011202,3.0,0,0.293484,0.24430282220732116,0.0,0.0,4871,4871,False,,complete
THA SPOT,4420 ELM ST,75226,convenience_corner_store,48113001502,2.0,0,0.388917,0.4009421551675779,0.0,0.0,4872,4872,False,,complete
5 STAR CHEVRON,3301 FORT WORTH AVE,75211,convenience_corner_store,48113006800,3.0,0,0.330295,0.41510178563288136,0.0,0.0,4873,4873,False,,complete
TIDE CLEANERS,2610 OAK LAWN AVE,75219,laundromat,48113000502,3.0,0,0.210272,0.08947926450038002,0.0,0.0,4874,4874,False,,complete
MAMEES STUFFED LEGS,1211 E RED BIRD LN,75241,other_storefront,48113011300,2.0,0,0.414546,0.48279790386364785,0.0,0.0,4875,4875,False,,complete
COMPENDI FITNESS,3821 ROSS AVE,75204,barbershop_beauty,48113001602,3.0,0,0.242428,0.07022418033358485,0.0,0.0,4876,4876,False,,complete
CITIZEN DALLAS,2511 SWISS AVE Ste:150,75204,other_storefront,48113002200,3.0,0,0.220929,0.23170454673452814,0.0,0.0,4877,4877,False,,complete
ONE AFRICAN GROCERY AND KITCHEN,9790 FOREST LN,75243,convenience_corner_store,48113018507,2.0,0,0.375721,0.43509859311469223,0.0,0.0,4878,4878,False,,complete
MOONLIGHT EVENT CENTER,9205 SKILLMAN ST Ste:104,75243,other_storefront,48113018506,1.0,0,0.443293,0.4344138256545896,0.0,0.0,4879,4879,False,,complete
THRIVING BEAUTY LLC,4323 MAPLE AVE,75219,convenience_corner_store,48113000401,3.0,0,0.330846,0.3544974583393461,0.0,0.0,4880,4880,False,,complete
HARDEMAN'S BAR B QUE,1346 N MASTERS DR Ste:150,75217,convenience_corner_store,48113011902,2.0,0,0.367095,0.3260989419215336,0.0,0.0,4881,4881,False,,complete
WORLD OF SMOKE AND VAPE,2916 OAK LAWN AVE,75219,convenience_corner_store,48113000501,3.0,0,0.147326,0.029457392721704174,0.0,0.0,4882,4882,False,,complete
AMICOS EXOTIC PIZZA,4032 CEDAR SPRINGS RD,75219,convenience_corner_store,48113000501,3.0,0,0.147326,0.029457392721704174,0.0,0.0,4883,4883,False,,complete
ROSELES FOOD STORE,5002 COLUMBIA AVE Ste:2,75214,convenience_corner_store,48113002400,1.0,0,0.442004,0.39983622351643733,0.0,0.0,4884,4884,False,,complete
ROYAL LIQUOR BEER & WINE,4034 CEDAR SPRINGS RD,75219,liquor_store,48113000501,3.0,0,0.147326,0.029457392721704174,0.0,0.0,4885,4885,False,,complete
THE BAR BABES POLE DANCE SHOP,3406 MAIN ST,75226,convenience_corner_store,48113020401,2.0,0,0.361399,0.3976045237540431,0.0,0.0,4886,4886,False,,complete
HEAVEN ON EARTH,821 EXPOSITION AVE,75226,convenience_corner_store,48113020300,1.0,0,0.45436,0.35706723948222857,0.0,0.0,4887,4887,False,,complete
MINUTEMAN PRESS,325 N ST PAUL ST Ste:G8,,convenience_corner_store,48113002100,3.0,0,0.144522,0.19488371923680417,0.0,0.0,4888,4888,False,,complete
WINK AND BLINK RESALE SHOP,4861 SUNNYVALE ST,75216,convenience_corner_store,48113008704,1.0,0,0.469207,0.5847013934057242,0.0,0.0,4889,4889,False,,complete
RICH DOLLS BOUTIQUE,4863 SUNNYVALE ST Ste:B,75216,convenience_corner_store,48113008704,1.0,0,0.469207,0.5847013934057242,0.0,0.0,4890,4890,False,,complete
BLOOM LABS LLC,2542 ELM ST,75226,convenience_corner_store,48113020401,2.0,0,0.361399,0.3976045237540431,0.0,0.0,4891,4891,False,,complete
ALTA FOOD MART,2824 N BUCKNER BLVD,75228,convenience_corner_store,48113012301,2.0,0,0.390365,0.3555686299804548,0.0,0.0,4892,4892,False,,complete
CHARLIE'S STAR LOUNGE,4319 MAIN ST,75226,other_storefront,48113001502,2.0,0,0.388917,0.4009421551675779,0.0,0.0,4893,4893,False,,complete
SCENE HAIR,2025 IRVING BLVD Ste:111,75207,barbershop_beauty,48113010003,3.0,0,0.328285,0.284070516662347,0.0,0.0,4894,4894,False,,complete
THE FAD KRAZE BEAUTY HAIR LOUNGE,3600 COMMERCE ST,75226,barbershop_beauty,48113020401,2.0,0,0.361399,0.3976045237540431,0.0,0.0,4895,4895,False,,complete
PACIFIC PLAYGROUND DBA VIVO,1930 PACIFIC AVE,75201,other_storefront,48113003103,3.0,0,0.290069,0.3147079848912394,0.0,0.0,4896,4896,False,,complete
ARIES SMOKE BOX,1499 REGAL ROW Ste:302,75247,other_storefront,48113010003,3.0,0,0.328285,0.284070516662347,0.0,0.0,4897,4897,False,,complete
THE CASE LOUNGE,3131 MAIN ST Ste:105,75226,other_storefront,48113020401,2.0,0,0.361399,0.3976045237540431,0.0,0.0,4898,4898,False,,complete
ASH LN QUICK STOP,3525 ASH LN,75226,convenience_corner_store,48113020300,1.0,0,0.45436,0.35706723948222857,0.0,0.0,4899,4899,False,,complete
D FOR DAPPER,3101 COMMERCE ST Ste:101,75226,convenience_corner_store,48113020401,2.0,0,0.361399,0.3976045237540431,0.0,0.0,4900,4900,False,,complete
DATED FADED WARN VINTAGE STORE,2924 MAIN ST Ste:103,75226,grocery_food_mart,48113020401,2.0,0,0.361399,0.3976045237540431,0.0,0.0,4901,4901,False,,complete
SOUL CUTS SPORTS,415 S CARROLL AVE Ste:101,75223,convenience_corner_store,48113002400,1.0,0,0.442004,0.39983622351643733,0.0,0.0,4902,4902,False,,complete
STARBUCKS,2727 LIVE OAK ST Ste:100,75204,convenience_corner_store,48113002200,3.0,0,0.220929,0.23170454673452814,0.0,0.0,4903,4903,False,,complete
A FLOWER MATTERS,9911 LAKE JUNE RD Ste:F,75217,convenience_corner_store,48113011802,1.0,0,0.44872,0.43891077540186985,0.0,0.0,4904,4904,False,,complete
"SELF-MADE TRAINING FACILITY DALLAS, LLC",1925 LEVEE ST,75207,barbershop_beauty,48113010003,3.0,0,0.328285,0.284070516662347,0.0,0.0,4905,4905,False,,complete
BROOKE BERMAN GALLERY,170 LESLIE ST Ste:A,75207,barbershop_beauty,48113010003,3.0,0,0.328285,0.284070516662347,0.0,0.0,4906,4906,False,,complete
DESIGN DISTRICT BAR,1404 N RIVERFRONT BLVD,75207,other_storefront,48113010003,3.0,0,0.328285,0.284070516662347,0.0,0.0,4907,4907,False,,complete
DEAN AND DESIGNER DBA HERFEM-CHE,11410 AUDELIA RD,75243,convenience_corner_store,48113018505,2.0,0,0.372273,0.5075540916932534,0.0,0.0,4908,4908,False,,complete
MAIN STREET MARKET & EATERY,3102 MAIN ST,75226,convenience_corner_store,48113020401,2.0,0,0.361399,0.3976045237540431,0.0,0.0,4909,4909,False,,complete
IN-CITY WHEELS,4314 ELM ST,75226,barbershop_beauty,48113001502,2.0,0,0.388917,0.4009421551675779,0.0,0.0,4910,4910,False,,complete
CREATORS DON'T DIE,2429 S MALCOLM X BLVD,75215,other_storefront,48113020300,1.0,0,0.45436,0.35706723948222857,0.0,0.0,4911,4911,False,,complete
IMPACT MUSEUM,507 S HARWOOD ST,75201,other_storefront,48113020402,2.0,0,0.356845,0.3807055903558601,0.0,0.0,4912,4912,False,,complete
"BODY MOUNTAIN , LLC",120 EXPRESS ST,75207,barbershop_beauty,48113010003,3.0,0,0.328285,0.284070516662347,0.0,0.0,4913,4913,False,,complete
KRAV MAGA DFW,131 EXPRESS ST Ste:100,75207,barbershop_beauty,48113010003,3.0,0,0.328285,0.284070516662347,0.0,0.0,4914,4914,False,,complete
L'AMOUR NAIL & SPA,4424 MAPLE AVE,75219,barbershop_beauty,48113000401,3.0,0,0.330846,0.3544974583393461,0.0,0.0,4915,4915,False,,complete
THE HAMILTON RESIDENT LOUNGE,2525 ELM ST Ste:700,75226,other_storefront,48113020401,2.0,0,0.361399,0.3976045237540431,0.0,0.0,4916,4916,False,,complete
FEDEX OFFICE,8303 N STEMMONS FWY Ste:120,75247,convenience_corner_store,48113010003,3.0,0,0.328285,0.284070516662347,0.0,0.0,4917,4917,False,,complete
THE PEGASUS BARBER SHOP,222 S ST PAUL ST Ste:110,75201,barbershop_beauty,48113003103,3.0,0,0.290069,0.3147079848912394,0.0,0.0,4918,4918,False,,complete
MATT REYNOLDS,2137 BUTLER ST,75235,grocery_food_mart,48113000401,3.0,0,0.330846,0.3544974583393461,0.0,0.0,4919,4919,False,,complete
DE KONING GANS LLC,150 MANUFACTURING ST Ste:201,75207,convenience_corner_store,48113010003,3.0,0,0.328285,0.284070516662347,0.0,0.0,4920,4920,False,,complete
BELCHERS CLEANERS,1050 N WESTMORELAND RD Ste:118A,75211,barbershop_beauty,48113006900,2.0,0,0.367692,0.43461847944108845,0.0,0.0,4921,4921,False,,complete
NAIL HAUS & BOUTIQUE,3410 MAIN ST,75226,barbershop_beauty,48113020401,2.0,0,0.361399,0.3976045237540431,0.0,0.0,4922,4922,False,,complete
IV,5203 BEXAR ST Ste:2,75215,convenience_corner_store,48113020800,2.0,0,0.400722,0.4197010839077546,0.0,0.0,4923,4923,False,,complete
NOTHING BUT PLEASURE,2805 REED LN,75215,other_storefront,48113020800,2.0,0,0.400722,0.4197010839077546,0.0,0.0,4924,4924,False,,complete
TONY AND GIRL BEAUTY SALON AND BARBER SHOP,2904 W DAVIS ST,75211,barbershop_beauty,48113004500,1.0,0,0.442264,0.5314095168877079,0.0,0.0,4925,4925,False,,complete
DEEP ELLUM LIVE LTD,2713 CANTON ST,75226,other_storefront,48113020401,2.0,0,0.361399,0.3976045237540431,0.0,0.0,4926,4926,False,,complete
"CANTON LIVE, LLC",2727 CANTON ST,75226,other_storefront,48113020401,2.0,0,0.361399,0.3976045237540431,0.0,0.0,4927,4927,False,,complete
BODIED BY CHAN PALACE,8300 LA PRADA DR Ste:170,75228,convenience_corner_store,48113012302,1.0,0,0.447456,0.5185087228996509,0.0,0.0,4928,4928,False,,complete
7-ELEVEN CONVENIENCE STORE #38559A,4840 HARRY HINES BLVD,75235,convenience_corner_store,48113000401,3.0,0,0.330846,0.3544974583393461,0.0,0.0,4929,4929,False,,complete
OKLAHOMA QUICKTRIP BEVERAGE CORPORATION,1500 N WESTMORELAND RD,75211,grocery_food_mart,48113006900,2.0,0,0.367692,0.43461847944108845,0.0,0.0,4930,4930,False,,complete
MARTY'S LIVE,4207 MAPLE AVE,75219,other_storefront,48113000401,3.0,0,0.330846,0.3544974583393461,0.0,0.0,4931,4931,False,,complete
POSH B BAR,2714 ROMINE AVE,75215,barbershop_beauty,48113003700,1.0,0,0.53429,0.4274216098397171,0.0,0.0,4932,4932,False,,complete
GENESIS,3421 KNIGHT ST,75219,convenience_corner_store,48113000605,3.0,0,0.160018,0.10717735616982002,0.0,0.0,4933,4933,False,,complete
TREASURE ED,4034 SWISS AVE,75204,convenience_corner_store,48113002200,3.0,0,0.220929,0.23170454673452814,0.0,0.0,4934,4934,False,,complete
HOPE COFFEE INC.,1200 APPLE ST,75204,convenience_corner_store,48113002200,3.0,0,0.220929,0.23170454673452814,0.0,0.0,4935,4935,False,,complete
ZEN NAILS,3416 OAK LAWN AVE,75219,barbershop_beauty,48113000605,3.0,0,0.160018,0.10717735616982002,0.0,0.0,4936,4936,False,,complete
SOULE DESIGN STUDIO & NOTARY SERVICE,2550 BECKLEYMEADE AVE Ste:235,75237,barbershop_beauty,48113016634,1.0,0,0.447746,0.6057556262709036,0.0,0.0,4937,4937,False,,complete
RAGGS BY RICHII BOUTIQUE,1719 N FITZHUGH AVE Ste:B,75204,convenience_corner_store,48113000902,3.0,0,0.254292,0.273254112010104,0.0,0.0,4938,4938,False,,complete
SINGING UNISEX BARBER/BEAUTY SHOP,5250 SINGING HILLS DR Ste:C,75241,barbershop_beauty,48113011300,2.0,0,0.414546,0.48279790386364785,0.0,0.0,4939,4939,False,,complete
JUMPSHOTCLASSICS,3601 MAIN ST Ste:150,75226,convenience_corner_store,48113020401,2.0,0,0.361399,0.3976045237540431,0.0,0.0,4940,4940,False,,complete
SOUL QUEEN,2737 ELSIE FAYE HEGGINS ST Ste:100,75215,convenience_corner_store,48113020800,2.0,0,0.400722,0.4197010839077546,0.0,0.0,4941,4941,False,,complete
INFINITE MONKEY DALLAS,2816 MAIN ST,75226,other_storefront,48113020401,2.0,0,0.361399,0.3976045237540431,0.0,0.0,4942,4942,False,,complete
A & S DAQS & SNAQ'S,1235 E RED BIRD LN,75241,convenience_corner_store,48113011300,2.0,0,0.414546,0.48279790386364785,0.0,0.0,4943,4943,False,,complete
GOORIN BROS,2639 MAIN ST Ste:110,75226,convenience_corner_store,48113020401,2.0,0,0.361399,0.3976045237540431,0.0,0.0,4944,4944,False,,complete
DALLAS COMEDY CLUB,3036 ELM ST Ste:110,75226,barbershop_beauty,48113020401,2.0,0,0.361399,0.3976045237540431,0.0,0.0,4945,4945,False,,complete
VILLA JOIN THE MOVEMENT,1441 ROBERT B CULLUM BLVD Ste:130,,convenience_corner_store,48113020300,1.0,0,0.45436,0.35706723948222857,0.0,0.0,4946,4946,False,,complete
HARMONY YOGA AND HEALTH,1444 OAK LAWN AVE Ste:319,75207,barbershop_beauty,48113010003,3.0,0,0.328285,0.284070516662347,0.0,0.0,4947,4947,False,,complete
PROPER WAX,2649 MAIN ST Ste:150,75226,convenience_corner_store,48113020401,2.0,0,0.361399,0.3976045237540431,0.0,0.0,4948,4948,False,,complete
CODD'S FURNITURE AND HOME DECORE INC,506 S FITZHUGH AVE Ste:110,75223,convenience_corner_store,48113002400,1.0,0,0.442004,0.39983622351643733,0.0,0.0,4949,4949,False,,complete
MASSAGE 8,4018 CEDAR SPRINGS RD,75219,barbershop_beauty,48113000501,3.0,0,0.147326,0.029457392721704174,0.0,0.0,4950,4950,False,,complete
ILLUSION CHEER AND DANCE COMPANY,1237 E RED BIRD LN,75241,barbershop_beauty,48113011300,2.0,0,0.414546,0.48279790386364785,0.0,0.0,4951,4951,False,,complete
RINCON DE ARTESANIA MEXICANA,4619 E R L THORNTON FWY Ste:207,75223,convenience_corner_store,48113002400,1.0,0,0.442004,0.39983622351643733,0.0,0.0,4952,4952,False,,complete
DA BARBERSHOP,3312 N BUCKNER BLVD Ste:208,75228,barbershop_beauty,48113012302,1.0,0,0.447456,0.5185087228996509,0.0,0.0,4953,4953,False,,complete
ALL IN ONE FOOD MART,4849 SUNNYVALE ST,75216,convenience_corner_store,48113008704,1.0,0,0.469207,0.5847013934057242,0.0,0.0,4954,4954,False,,complete
DALLAS YOGA CENTER INC,4140 LEMMON AVE Ste:280,75219,barbershop_beauty,48113000605,3.0,0,0.160018,0.10717735616982002,0.0,0.0,4955,4955,False,,complete
7-ELEVEN CONVENIENCE STORE #20769J,10340 FOREST LN,75243,convenience_corner_store,48113018505,2.0,0,0.372273,0.5075540916932534,0.0,0.0,4956,4956,False,,complete
THE GLASS HOUSETX#5,2525 WYCLIFF AVE Ste:129,75219,other_storefront,48113000405,3.0,0,0.315783,0.29996701306771223,0.0,0.0,4957,4957,False,,complete
VILLAGE BAKING COMPANY,3218 OAK LAWN AVE,75219,convenience_corner_store,48113000605,3.0,0,0.160018,0.10717735616982002,0.0,0.0,4958,4958,False,,complete
NIKKI SMITH,1011 S PEARL EXPY Ste:170,75201,convenience_corner_store,48113020402,2.0,0,0.356845,0.3807055903558601,0.0,0.0,4959,4959,False,,complete
ELECTRIC SHUFFLE,2615 ELM ST,75226,other_storefront,48113020401,2.0,0,0.361399,0.3976045237540431,0.0,0.0,4960,4960,False,,complete
HOLLYWOOD FEED LLC,3425 KNIGHT ST,75219,convenience_corner_store,48113000605,3.0,0,0.160018,0.10717735616982002,0.0,0.0,4961,4961,False,,complete
LAVA LOUNGE,3908 CEDAR SPRINGS RD,75219,other_storefront,48113000501,3.0,0,0.147326,0.029457392721704174,0.0,0.0,4962,4962,False,,complete
AUTOZONE #1643,3120 FORT WORTH AVE Ste:150,75211,grocery_food_mart,48113006800,3.0,0,0.330295,0.41510178563288136,0.0,0.0,4963,4963,False,,complete
"MISTR ADVANCE CARE TEXAS, LLC",3818 CEDAR SPRINGS RD Ste:104,75219,convenience_corner_store,48113000501,3.0,0,0.147326,0.029457392721704174,0.0,0.0,4964,4964,False,,complete
LA MICHOCANA ICE CREAM,4408 ASH LN,75223,convenience_corner_store,48113002500,1.0,0,0.540924,0.5882942073267108,0.0,0.0,4965,4965,False,,complete
EYE CANDY WAXING & THREADING BROW SALON,5334 ROSS AVE Ste:100,75206,barbershop_beauty,48113001002,3.0,0,0.231113,0.13923671857022477,0.0,0.0,4966,4966,False,,complete
AIDE BEAUTY SALON,3317 W DAVIS ST Ste:A,75211,barbershop_beauty,48113006702,2.0,0,0.358808,0.45660437903107043,0.0,0.0,4967,4967,False,,complete
DBA CIRCUS NORTH C STORE,9203 SKILLMAN ST Ste:106,75243,convenience_corner_store,48113018506,1.0,0,0.443293,0.4344138256545896,0.0,0.0,4968,4968,False,,complete
THE WEED SPOT,2819 COMMERCE ST Ste:100,75226,convenience_corner_store,48113020401,2.0,0,0.361399,0.3976045237540431,0.0,0.0,4969,4969,False,,complete
ALPHAGRAPHICS,2201 MAIN ST Ste:101,75201,convenience_corner_store,48113003103,3.0,0,0.290069,0.3147079848912394,0.0,0.0,4970,4970,False,,complete
THE NAIL SPA,4020 CEDAR SPRINGS RD,75219,barbershop_beauty,48113000501,3.0,0,0.147326,0.029457392721704174,0.0,0.0,4971,4971,False,,complete
LA CALLE TAQUERIA,4711 MAPLE AVE Ste:150,75219,other_storefront,48113000401,3.0,0,0.330846,0.3544974583393461,0.0,0.0,4972,4972,False,,complete
DALLAS FADES BARBERSHOP,124 N PEAK ST,75226,barbershop_beauty,48113001502,2.0,0,0.388917,0.4009421551675779,0.0,0.0,4973,4973,False,,complete
FADED IMAGE,2841 W DAVIS ST,75211,barbershop_beauty,48113004500,1.0,0,0.442264,0.5314095168877079,0.0,0.0,4974,4974,False,,complete
CLUTCH VINTAGE STREETWEAR SNEAKERS,4540 ROSS AVE Ste:150,75204,convenience_corner_store,48113001503,3.0,0,0.334228,0.33364482588453415,0.0,0.0,4975,4975,False,,complete
XCLUSIVE 2WISE STUDIOS,2707 MARTIN LUTHER KING JR BLVD Ste:100,75215,barbershop_beauty,48113020300,1.0,0,0.45436,0.35706723948222857,0.0,0.0,4976,4976,False,,complete
CBD LIFE & KAZATOM,5626 MAPLE AVE Ste:150,75235,convenience_corner_store,48113000401,3.0,0,0.330846,0.3544974583393461,0.0,0.0,4977,4977,False,,complete
CBD KING,2821 LIVE OAK ST,75204,convenience_corner_store,48113002200,3.0,0,0.220929,0.23170454673452814,0.0,0.0,4978,4978,False,,complete
BODY AT WORK NUTRITION,4904 COLUMBIA AVE,75214,convenience_corner_store,48113002400,1.0,0,0.442004,0.39983622351643733,0.0,0.0,4979,4979,False,,complete
ELEVATE SPORTS RECOVERY,3521 OAK LAWN AVE,75219,barbershop_beauty,48113000606,3.0,0,0.197032,0.07299932587688984,0.0,0.0,4980,4980,False,,complete
JACOB &N JOHN,2817 LIVE OAK ST,75204,convenience_corner_store,48113002200,3.0,0,0.220929,0.23170454673452814,0.0,0.0,4981,4981,False,,complete
FRUTERIA Y REFRESQURIA BARIADITOS LLC,735 N WESTMORELAND RD Ste:X102,75211,convenience_corner_store,48113006800,3.0,0,0.330295,0.41510178563288136,0.0,0.0,4982,4982,False,,complete
FEDERALES DEEP ELLUM,2820 COMMERCE ST,75226,other_storefront,48113020401,2.0,0,0.361399,0.3976045237540431,0.0,0.0,4983,4983,False,,complete
MOONTAXI,2814 MAIN ST Ste:101,75226,convenience_corner_store,48113020401,2.0,0,0.361399,0.3976045237540431,0.0,0.0,4984,4984,False,,complete
BOWLGAMES,139 TURTLE CREEK BLVD Ste:120,75207,other_storefront,48113010003,3.0,0,0.328285,0.284070516662347,0.0,0.0,4985,4985,False,,complete
USA DONUTS CROIASSANT,3001 N BUCKNER BLVD,75228,convenience_corner_store,48113012210,2.0,0,0.397784,0.48651909514032615,0.0,0.0,4986,4986,False,,complete
GREENWAY C-STORE SMOKE & TOBACCO,4825 ROSS AVE,75204,convenience_corner_store,48113001503,3.0,0,0.334228,0.33364482588453415,0.0,0.0,4987,4987,False,,complete
BAGS AFRICAN AND CARIBBEAN FOOD MARKET,4636 MAPLE AVE Ste:100,75219,convenience_corner_store,48113000401,3.0,0,0.330846,0.3544974583393461,0.0,0.0,4988,4988,False,,complete
WIZARDS CBD AND WELLNESS,3410 OAK LAWN AVE,75219,convenience_corner_store,48113000605,3.0,0,0.160018,0.10717735616982002,0.0,0.0,4989,4989,False,,complete
QUIK MART #4,2809 S LANCASTER RD,75216,grocery_food_mart,48113005700,2.0,0,0.419155,0.5755256574076163,0.0,0.0,4990,4990,False,,complete
SKINMED STUDIO,3500 OAK LAWN AVE Ste:230,75219,barbershop_beauty,48113000606,3.0,0,0.197032,0.07299932587688984,0.0,0.0,4991,4991,False,,complete
THE SPOT DTX,4316 ELM ST,75226,other_storefront,48113001502,2.0,0,0.388917,0.4009421551675779,0.0,0.0,4992,4992,False,,complete
REGAL ROW CHEVRON,1607 REGAL ROW,75247,convenience_corner_store,48113010001,2.0,0,0.403338,0.5129065632930548,0.0,0.0,4993,4993,False,,complete
RITUAL HAIR CO,3111 CANTON ST Ste:120,75226,barbershop_beauty,48113020401,2.0,0,0.361399,0.3976045237540431,0.0,0.0,4994,4994,False,,complete
DOLL STATION - DOLLS R US,823 EXPOSITION AVE,75226,convenience_corner_store,48113020300,1.0,0,0.45436,0.35706723948222857,0.0,0.0,4995,4995,False,,complete
THE ZONE,2716 ROMINE AVE,75215,other_storefront,48113003700,1.0,0,0.53429,0.4274216098397171,0.0,0.0,4996,4996,False,,complete
PETAL PARTY & CO.,1212 OAK LAWN AVE Ste:111,75207,grocery_food_mart,48113010003,3.0,0,0.328285,0.284070516662347,0.0,0.0,4997,4997,False,,complete
AGORA TILE STUDIO,1632 IRVING BLVD,75207,convenience_corner_store,48113010003,3.0,0,0.328285,0.284070516662347,0.0,0.0,4998,4998,False,,complete
SELAM BEAUTY SALON,10190 FOREST LN Ste:110,75243,barbershop_beauty,48113018505,2.0,0,0.372273,0.5075540916932534,0.0,0.0,4999,4999,False,,complete
CONE CREAMERY,920 S HARWOOD ST Ste:121,75201,convenience_corner_store,48113020402,2.0,0,0.356845,0.3807055903558601,0.0,0.0,5000,5000,False,,complete
5 STAR BEAUTY SUPPLY,9147 SKILLMAN ST Ste:200,75243,grocery_food_mart,48113018506,1.0,0,0.443293,0.4344138256545896,0.0,0.0,5001,5001,False,,complete
GRAM'S DONUTS,2555 INWOOD RD Ste:137,75235,convenience_corner_store,48113000409,3.0,0,0.278076,0.1541251686118325,0.0,0.0,5002,5002,False,,complete
LAY'S NAIL & SPA,4865 SUNNYVALE ST Ste:B,75216,barbershop_beauty,48113008704,1.0,0,0.469207,0.5847013934057242,0.0,0.0,5003,5003,False,,complete
MY SALON SUITE,2900 CANTON ST Ste:115,75226,barbershop_beauty,48113020401,2.0,0,0.361399,0.3976045237540431,0.0,0.0,5004,5004,False,,complete
JAMAICA CABANA,5225 UNIVERSITY HILLS BLVD,75241,convenience_corner_store,48113011300,2.0,0,0.414546,0.48279790386364785,0.0,0.0,5005,5005,False,,complete
EL KILOKO,9794 FOREST LN,75243,convenience_corner_store,48113018507,2.0,0,0.375721,0.43509859311469223,0.0,0.0,5006,5006,False,,complete
PUBLIC MARKET BAR OPS MF14 LLC,1011 S HARWOOD ST Ste:100,75201,convenience_corner_store,48113020402,2.0,0,0.356845,0.3807055903558601,0.0,0.0,5007,5007,False,,complete
"SWET BAR, DESSERT, & BITE",2650 ELM ST,75226,other_storefront,48113020401,2.0,0,0.361399,0.3976045237540431,0.0,0.0,5008,5008,False,,complete
MARYS TWISTED KITCHEN,1223 E RED BIRD LN,75241,convenience_corner_store,48113011300,2.0,0,0.414546,0.48279790386364785,0.0,0.0,5009,5009,False,,complete
SOCIAL KITCHENS,1700 PACIFIC AVE Ste:C112,75201,convenience_corner_store,48113003103,3.0,0,0.290069,0.3147079848912394,0.0,0.0,5010,5010,False,,complete
EL JEFE CIGARS CO LLC,115 N CARROLL AVE,75226,other_storefront,48113001502,2.0,0,0.388917,0.4009421551675779,0.0,0.0,5011,5011,False,,complete
MELROSE NAIL BAR,2506 OAK LAWN AVE,75219,barbershop_beauty,48113000502,3.0,0,0.210272,0.08947926450038002,0.0,0.0,5012,5012,False,,complete
TEXAS MOBILE PCS LLC,3206 W DAVIS ST Ste:102,75211,convenience_corner_store,48113004500,1.0,0,0.442264,0.5314095168877079,0.0,0.0,5013,5013,False,,complete
FIVE 5 SMOKINOS,10325 LAKE JUNE RD Ste:580,75217,convenience_corner_store,48113011801,2.0,0,0.352383,0.32507057078192036,0.0,0.0,5014,5014,False,,complete
313 GROUP INC,2524 S LANCASTER RD,75216,convenience_corner_store,48113005500,2.0,0,0.425723,0.4937169993128214,0.0,0.0,5015,5015,False,,complete
HUNGER IN THE WILD,1350 MANUFACTURING ST Ste:204,75207,barbershop_beauty,48113010003,3.0,0,0.328285,0.284070516662347,0.0,0.0,5016,5016,False,,complete
SIETE GOTAS,3650 N BUCKNER BLVD Ste:100,75228,other_storefront,48113012302,1.0,0,0.447456,0.5185087228996509,0.0,0.0,5017,5017,False,,complete
OLD EAST DALLAS BARBERSHOP,515 N CARROLL AVE Ste:D,75246,barbershop_beauty,48113001502,2.0,0,0.388917,0.4009421551675779,0.0,0.0,5018,5018,False,,complete
PEAVY PALACE,2834 N BUCKNER BLVD,75228,other_storefront,48113012301,2.0,0,0.390365,0.3555686299804548,0.0,0.0,5019,5019,False,,complete
THE LEATHER APRON BAR,315 S CESAR CHAVEZ BLVD Ste:200,75201,other_storefront,48113003103,3.0,0,0.290069,0.3147079848912394,0.0,0.0,5020,5020,False,,complete
3311 NAIL BAR LLC,3323 OAK LAWN AVE,75219,barbershop_beauty,48113000605,3.0,0,0.160018,0.10717735616982002,0.0,0.0,5021,5021,False,,complete
SHINE HOT PILATES,3105 REAGAN ST,75219,barbershop_beauty,48113000605,3.0,0,0.160018,0.10717735616982002,0.0,0.0,5022,5022,False,,complete
UNIFORM WORLD,3801 GASTON AVE Ste:101,75204,convenience_corner_store,48113002200,3.0,0,0.220929,0.23170454673452814,0.0,0.0,5023,5023,False,,complete
ICONIC BRIDE,1400 HI LINE DR Ste:124,,convenience_corner_store,48113010003,3.0,0,0.328285,0.284070516662347,0.0,0.0,5024,5024,False,,complete
QUICK TRIP #929,1220 W MOCKINGBIRD LN,75247,gas_station,48113010001,2.0,0,0.403338,0.5129065632930548,0.0,0.0,5025,5025,False,,complete
NAIL SUPPLY,9560 SKILLMAN ST Ste:116,75243,convenience_corner_store,48113018506,1.0,0,0.443293,0.4344138256545896,0.0,0.0,5026,5026,False,,complete
SHERWIN WILLIAMS,4233 ROSS AVE,75204,grocery_food_mart,48113001503,3.0,0,0.334228,0.33364482588453415,0.0,0.0,5027,5027,False,,complete
LOCO FOOD MART,2910 FORT WORTH AVE Ste:101,75211,convenience_corner_store,48113006800,3.0,0,0.330295,0.41510178563288136,0.0,0.0,5028,5028,False,,complete
EAST VINTAGE ACCESSORIES,1327 N PEAK ST,75204,convenience_corner_store,48113001503,3.0,0,0.334228,0.33364482588453415,0.0,0.0,5029,5029,False,,complete
TIGER'S DEN CROSSFIT,119 PITTSBURG ST Ste:105,75207,barbershop_beauty,48113010003,3.0,0,0.328285,0.284070516662347,0.0,0.0,5030,5030,False,,complete
BARE AESTHETICS LIMITED COMPANY LLC,3300 OAK LAWN AVE Ste:106,75219,barbershop_beauty,48113000605,3.0,0,0.160018,0.10717735616982002,0.0,0.0,5031,5031,False,,complete
ROSS AVE NAIL SPA,4101 ROSS AVE Ste:100,75204,barbershop_beauty,48113000801,3.0,0,0.325731,0.34400897783154616,0.0,0.0,5032,5032,False,,complete
JW GROCERY,4600 S MALCOLM X BLVD,75215,grocery_food_mart,48113020800,2.0,0,0.400722,0.4197010839077546,0.0,0.0,5033,5033,False,,complete
DULCERIA CADYMEX,3030 W DAVIS ST,75211,convenience_corner_store,48113006800,3.0,0,0.330295,0.41510178563288136,0.0,0.0,5034,5034,False,,complete
YELLOW STAR,1203 E RED BIRD LN,75241,convenience_corner_store,48113011300,2.0,0,0.414546,0.48279790386364785,0.0,0.0,5035,5035,False,,complete
MOVEMENT CLIMBING AND FITNESS DALLAS,141 GLASS ST,75207,barbershop_beauty,48113010003,3.0,0,0.328285,0.284070516662347,0.0,0.0,5036,5036,False,,complete
EXPRESSIVE ARTS INC.,507 EXPOSITION AVE,75226,barbershop_beauty,48113020401,2.0,0,0.361399,0.3976045237540431,0.0,0.0,5037,5037,False,,complete
FREE PEOPLE MOVEMENT,2620 MAIN ST,75226,convenience_corner_store,48113020401,2.0,0,0.361399,0.3976045237540431,0.0,0.0,5038,5038,False,,complete
COWBOYS FIT MULTI-PURPOSE HEALTH CLUB FACILITY,411 N WASHINGTON AVE Ste:1900,75246,barbershop_beauty,48113002200,3.0,0,0.220929,0.23170454673452814,0.0,0.0,5039,5039,False,,complete
SLIKK MUZIK LLC,9550 SKILLMAN ST,75243,barbershop_beauty,48113018506,1.0,0,0.443293,0.4344138256545896,0.0,0.0,5040,5040,False,,complete
H15 NAIL BAR,2929 OAK LAWN AVE,75219,barbershop_beauty,48113000501,3.0,0,0.147326,0.029457392721704174,0.0,0.0,5041,5041,False,,complete
Renaissance Hotel Saint Elm Dallas Downtown Market Pantry,1907 ELM ST,75201,liquor_store,48113003103,3.0,0,0.290069,0.3147079848912394,0.0,0.0,5042,5042,False,,complete
7-ELEVEN CONVENIENCE STORE #17718B,4104 GASTON AVENUE,75246,liquor_store,48113001502,2.0,0,0.388917,0.4009421551675779,0.0,0.0,5043,5043,False,,complete
LIVE OAKE CORNER STORE,2827 LIVE OAK ST,75204,liquor_store,48113002200,3.0,0,0.220929,0.23170454673452814,0.0,0.0,5044,5044,False,,complete
The Local Shoppe # 709,4191 Belt Line Rd,75001,liquor_store,48113013727,3.0,0,0.305136,0.2947079336540092,0.0,0.0,5045,5045,False,,complete
Oasis Mart Mesquite,4751 N Belt Line Rd,75150,liquor_store,48113017808,3.0,0,0.282067,0.35442508707611,0.0,0.0,5046,5046,False,,complete
HAMPTON FOOD MART,5707 MARVIN D LOVE FREEWAY,75232,liquor_store,48113011004,2.0,0,0.417564,0.4555493343527255,0.0,0.0,5047,5047,False,,complete
7-ELEVEN CONVENIENCE STORE #38519A,3435 COMMERCE STREET,75226,liquor_store,48113020401,2.0,0,0.361399,0.3976045237540431,0.0,0.0,5048,5048,False,,complete
7-Eleven Convenience Store #39444K,501 E Interstate 30,75043,liquor_store,48113018129,3.0,0,0.324546,0.5550200335124621,0.0,0.0,5049,5049,False,,complete
7-ELEVEN CONVENIENCE STORE #37026A,1634 MARKET CENTER BLVD,75207,liquor_store,48113010003,3.0,0,0.328285,0.284070516662347,0.0,0.0,5050,5050,False,,complete
7-ELEVEN CONVENIENCE STORE #36104A,1919 BRYAN ST SUITE 102,75201,liquor_store,48113002100,3.0,0,0.144522,0.19488371923680417,0.0,0.0,5051,5051,False,,complete
7-ELEVEN CONVENIENCE STORE #34490A,9230 SKILLMAN ST,75243,liquor_store,48113018506,1.0,0,0.443293,0.4344138256545896,0.0,0.0,5052,5052,False,,complete
7-ELEVEN CONVENIENCE STORE #35405,3716 MAPLE AVE,75219,liquor_store,48113000502,3.0,0,0.210272,0.08947926450038002,0.0,0.0,5053,5053,False,,complete
7-ELEVEN CONVENIENCE STORE #33505A,4024 ROSS AVE,75204,liquor_store,48113001602,3.0,0,0.242428,0.07022418033358485,0.0,0.0,5054,5054,False,,complete
7-ELEVEN CONVENIENCE STORE #24625A,3230 W DAVIS ST,75211,liquor_store,48113004500,1.0,0,0.442264,0.5314095168877079,0.0,0.0,5055,5055,False,,complete
7-ELEVEN CONVENIENCE STORE #35419C,4239 LEMMON AVE,75219,liquor_store,48113000608,3.0,0,0.215165,0.07555472248269288,0.0,0.0,5056,5056,False,,complete
7-ELEVEN CONVENIENCE STORE #37692A,1885 JOHN WEST RD,75228,liquor_store,48113012210,2.0,0,0.397784,0.48651909514032615,0.0,0.0,5057,5057,False,,complete
7-ELEVEN CONVENIENCE STORE #12200A,2529 OAK LAWN AVE,75219,liquor_store,48113000502,3.0,0,0.210272,0.08947926450038002,0.0,0.0,5058,5058,False,,complete
7-ELEVEN CONVENIENCE STORE #36349A,5003 N O CONNOR RD,75062,liquor_store,48113014313,3.0,0,0.277185,0.18164630050665237,0.0,0.0,5059,5059,False,,complete
7-ELEVEN CONVENIENCE STORE #18765A,111 N CARROLL AVENUE,75226,liquor_store,48113001502,2.0,0,0.388917,0.4009421551675779,0.0,0.0,5060,5060,False,,complete
7-ELEVEN CONVENIENCE STORE #37535A,5000 ROSS AVE,75206,liquor_store,48113001503,3.0,0,0.334228,0.33364482588453415,0.0,0.0,5061,5061,False,,complete
7-ELEVEN CONVENIENCE STORE #38255A,2691 JOHN WEST RD,75228,liquor_store,48113012302,1.0,0,0.447456,0.5185087228996509,0.0,0.0,5062,5062,False,,complete
7-ELEVEN CONVENIENCE STORE #34676B,4900 BELT LINE RD STE 125,75001,liquor_store,48113013628,3.0,0,0.322714,0.3148723528120475,0.0,0.0,5063,5063,False,,complete
7-ELEVEN CONVENIENCE STORE #37329A,4301 ROSS AVE,75204,liquor_store,48113000801,3.0,0,0.325731,0.34400897783154616,0.0,0.0,5064,5064,False,,complete
MURPHY USA #7622,525 W INTERSTATE 30,75043,liquor_store,48113018129,3.0,0,0.324546,0.5550200335124621,0.0,0.0,5065,5065,False,,complete
A1 Beer Wine,10190 Forest Ln Suite 175,75243,liquor_store,48113018505,2.0,0,0.372273,0.5075540916932534,0.0,0.0,5066,5066,False,,complete
BROADWAY FOOD PLAZA,4646 BROADWAY BLVD,75043,liquor_store,48113018148,2.0,0,0.347521,0.36870337888595406,0.0,0.0,5067,5067,False,,complete
FAMILIA FOOD MARKET,4523 MAPLE AVE,75219,liquor_store,48113000401,3.0,0,0.330846,0.3544974583393461,0.0,0.0,5068,5068,False,,complete
DUB'S LIQUOR STORE,3217 S MALCOLM X BLVD,75215,liquor_store,48113020300,1.0,0,0.45436,0.35706723948222857,0.0,0.0,5069,5069,False,,complete
Prada Kwik Mart,8300 La Prada Dr Ste 130,75228,liquor_store,48113017900,2.0,0,0.365547,0.4660296132492251,0.0,0.0,5070,5070,False,,complete
AMERICAN SPIRITS BEVERAGE CO,14821 INWOOD ROAD,75001,liquor_store,48113013806,3.0,0,0.322473,0.43178307820718564,0.0,0.0,5071,5071,False,,complete
Macarthur Beer-Wine & Gas,705 N MacArthur Blvd,75061,liquor_store,48113014502,2.0,0,0.359039,0.421669197119373,0.0,0.0,5072,5072,False,,complete
Reddys Liquor,700 N MacArthur Blvd,75061,liquor_store,48113014502,2.0,0,0.359039,0.421669197119373,0.0,0.0,5073,5073,False,,complete
LA AZTECA MEAT MARKET #11,4611 COLUMBIA AVENUE SUITE 103,75234,liquor_store,48113001502,2.0,0,0.388917,0.4009421551675779,0.0,0.0,5074,5074,False,,complete
ALDI TEXAS L.L.C. # 42,4120 GASTON AVE,75246,liquor_store,48113001502,2.0,0,0.388917,0.4009421551675779,0.0,0.0,5075,5075,False,,complete
BETA C-STORE,2860 E LEDBETTER DRIVE,75216,liquor_store,48113008705,1.0,0,0.441993,0.5633496129219306,0.0,0.0,5076,5076,False,,complete
Beyond The Butchers,920 South Harwood St STE 168,75201,liquor_store,48113020402,2.0,0,0.356845,0.3807055903558601,0.0,0.0,5077,5077,False,,complete
EL NUEVO AMANECER,4340 MAPLE AVE,75219,liquor_store,48113000405,3.0,0,0.315783,0.29996701306771223,0.0,0.0,5078,5078,False,,complete
Springhill Suites By Marriott Dallas Addison,15255 Quorum Dr,75001,liquor_store,48113013628,3.0,0,0.322714,0.3148723528120475,0.0,0.0,5079,5079,False,,complete
THE LOCAL SHOPPE #701,5012 BELT LINE RD,75254,liquor_store,48113013628,3.0,0,0.322714,0.3148723528120475,0.0,0.0,5080,5080,False,,complete
KWIK STOP,4219 GASTON AVENUE,75246,liquor_store,48113001504,3.0,0,0.312596,0.3073363703237808,0.0,0.0,5081,5081,False,,complete
Eagle Liquor,4703 Maple Ave,75219,liquor_store,48113000401,3.0,0,0.330846,0.3544974583393461,0.0,0.0,5082,5082,False,,complete
7-ELEVEN CONVENIENCE STORE #26151A,1410 E ILLINOIS AVE,75216,liquor_store,48113005500,2.0,0,0.425723,0.4937169993128214,0.0,0.0,5083,5083,False,,complete
B-Z SHOP FOOD STORE #1,3020 BIG TOWN BLVD,75150,liquor_store,48113017900,2.0,0,0.365547,0.4660296132492251,0.0,0.0,5084,5084,False,,complete
BANGKOK CITY RESTAURANT,4301 BRYAN ST STE 101,75204,liquor_store,48113001503,3.0,0,0.334228,0.33364482588453415,0.0,0.0,5085,5085,False,,complete
Turkey Legs by Dickel,1229 Admiral Nimitz Circle Embarcadero Bldg 29 Plat 39 Park Centennial,75210,liquor_store,48113020300,1.0,0,0.45436,0.35706723948222857,0.0,0.0,5086,5086,False,,complete
BEER & WINE C-STORE,9220 SKILLMAN ST STE 105,75243,liquor_store,48113018506,1.0,0,0.443293,0.4344138256545896,0.0,0.0,5087,5087,False,,complete
MIS CASUELAS RESTAURANT,4202 MAIN ST,75226,liquor_store,48113001502,2.0,0,0.388917,0.4009421551675779,0.0,0.0,5088,5088,False,,complete
BERT'S,1229 ADMIRAL NIMITZ CIR EMBARCADERO BLDG 29 MAP PLAT NO. 11,75210,liquor_store,48113020300,1.0,0,0.45436,0.35706723948222857,0.0,0.0,5089,5089,False,,complete
PALMS LIQUOR,1710 W Mockingbird Ln B,75235,liquor_store,48113010001,2.0,0,0.403338,0.5129065632930548,0.0,0.0,5090,5090,False,,complete
CIRCLE K #2741192,3511 W DAVIS STREET,75211,liquor_store,48113006800,3.0,0,0.330295,0.41510178563288136,0.0,0.0,5091,5091,False,,complete
BROOKLYN DUMPLING SHOP,2548 Elm St,75226,liquor_store,48113020401,2.0,0,0.361399,0.3976045237540431,0.0,0.0,5092,5092,False,,complete
Buckhorn Discount Liquor,14825 Inwood Rd 200,75001,liquor_store,48113013806,3.0,0,0.322473,0.43178307820718564,0.0,0.0,5093,5093,False,,complete
BLUES PALACE II,3100 AL LIPSCOMB WAY,75215,liquor_store,48113020300,1.0,0,0.45436,0.35706723948222857,0.0,0.0,5094,5094,False,,complete
The Hills Grocery,1207 E Red Bird Ln,75241,liquor_store,48113011300,2.0,0,0.414546,0.48279790386364785,0.0,0.0,5095,5095,False,,complete
BUSHI BUSHI,4930 BELT LINE RD STE 100,75254,liquor_store,48113013628,3.0,0,0.322714,0.3148723528120475,0.0,0.0,5096,5096,False,,complete
E Z TRIP FOOD STORE #2,2944 N BUCKNER,75228,liquor_store,48113012301,2.0,0,0.390365,0.3555686299804548,0.0,0.0,5097,5097,False,,complete
Celestial Beerworks,2137 Butler St,75235,liquor_store,48113000401,3.0,0,0.330846,0.3544974583393461,0.0,0.0,5098,5098,False,,complete
Tru by Hilton Dallas Market Center,1949 N Stemmons Fwy,75207,liquor_store,48113010003,3.0,0,0.328285,0.284070516662347,0.0,0.0,5099,5099,False,,complete
OSAKA SUSHI & GRILL,4350 BELT LINE RD,75001,liquor_store,48113013806,3.0,0,0.322473,0.43178307820718564,0.0,0.0,5100,5100,False,,complete
Chef Crafted Kitchens,6211 Owens St Suite 100,75235,liquor_store,48113000409,3.0,0,0.278076,0.1541251686118325,0.0,0.0,5101,5101,False,,complete
Chipotle Mexican Grill #5303,3921 Gaston Ave,75246,liquor_store,48113002200,3.0,0,0.220929,0.23170454673452814,0.0,0.0,5102,5102,False,,complete
Chipotle Mexican Grill #5564,550 W Interstate 30,75043,liquor_store,48113017808,3.0,0,0.282067,0.35442508707611,0.0,0.0,5103,5103,False,,complete
BRYAN CONVENIENCE STORE,4900 Bryan St,75206,liquor_store,48113001504,3.0,0,0.312596,0.3073363703237808,0.0,0.0,5104,5104,False,,complete
CITY FUTSAL,1224 S CESAR CHAVEZ BLVD,75201,liquor_store,48113020402,2.0,0,0.356845,0.3807055903558601,0.0,0.0,5105,5105,False,,complete
C-KWIK STOP,106 S FITZHUGH AVE,75226,liquor_store,48113002400,1.0,0,0.442004,0.39983622351643733,0.0,0.0,5106,5106,False,,complete
GUS'S WORLD FAMOUS FRIED CHICKEN,2904 Commerce St,75226,liquor_store,48113020401,2.0,0,0.361399,0.3976045237540431,0.0,0.0,5107,5107,False,,complete
CONCESSION STAFFING SERVICES LLC,1229 ADMIRAL NIMITZ CIRCLE EMBARCADERO BUILDING 29 MAP PLAT NO. 21,75210,liquor_store,48113020300,1.0,0,0.45436,0.35706723948222857,0.0,0.0,5108,5108,False,,complete
TRU BY HILTON COPPELL DFW AIRPORT NORTH,1560 POINT BLVD W,75019,liquor_store,48113014126,1.0,0,0.440204,0.3454570844891704,0.0,0.0,5109,5109,False,,complete
Coppell Springhill Market,150 Hackberry Rd,75019,liquor_store,48113014157,2.0,0,0.376892,0.34078936911077906,0.0,0.0,5110,5110,False,,complete
Craft & Growler,3601 PARRY AVE,75226,liquor_store,48113020300,1.0,0,0.45436,0.35706723948222857,0.0,0.0,5111,5111,False,,complete
Daily-Dash Mart LLC,9780 Lyndon B Johnson Fwy #100 C,75243,liquor_store,48113007834,3.0,0,0.306214,0.2863410646789972,0.0,0.0,5112,5112,False,,complete
Daiquiri Paradise,735 N Westmoreland Rd Ste X-112,75211,liquor_store,48113006702,2.0,0,0.358808,0.45660437903107043,0.0,0.0,5113,5113,False,,complete
Homewood Suites by Hilton Coppell DFW Airport North,1540 Point W Blvd,75019,liquor_store,48113014126,1.0,0,0.440204,0.3454570844891704,0.0,0.0,5114,5114,False,,complete
DS MINI MART,1946 N INTERSTATE 35,75006,liquor_store,48113014001,3.0,0,0.295452,0.4597416397696887,0.0,0.0,5115,5115,False,,complete
DOLLAR GENERAL STORE #3277,6551 DUCK CREEK DR,75043,liquor_store,48113018128,3.0,0,0.294959,0.32380349185144475,0.0,0.0,5116,5116,False,,complete
DOUG HAWORTH CONCESSIONS,1229 ADMIRAL NIMITZ CIRCLE EMBARCADERO BUILDING 29 MAP PLAT NO. 14,75210,liquor_store,48113020300,1.0,0,0.45436,0.35706723948222857,0.0,0.0,5117,5117,False,,complete
My Angel,8010 N Stemmons Fwy Ste 101,75247,liquor_store,48113010001,2.0,0,0.403338,0.5129065632930548,0.0,0.0,5118,5118,False,,complete
SCARDELLO,3511 OAK LAWN AVENUE,75229,liquor_store,48113000606,3.0,0,0.197032,0.07299932587688984,0.0,0.0,5119,5119,False,,complete
SCARDELLO,920 S HARWOOD SUITE 131,75201,liquor_store,48113020402,2.0,0,0.356845,0.3807055903558601,0.0,0.0,5120,5120,False,,complete
Enjoy Foods,1229 Admiral Nimitz Cir Embarcadero Building No 29 Space 63,75223,liquor_store,48113020300,1.0,0,0.45436,0.35706723948222857,0.0,0.0,5121,5121,False,,complete
Bellatrino,920 S Harwood St Ste 120,75201,liquor_store,48113020402,2.0,0,0.356845,0.3807055903558601,0.0,0.0,5122,5122,False,,complete
EAT CRISPIES LLC,1229 ADMIRAL NIMITZ CIRCLE EMBARCADERO BUILDING 29 MAP PLAT NO. 7,75210,liquor_store,48113020300,1.0,0,0.45436,0.35706723948222857,0.0,0.0,5123,5123,False,,complete
EATZI'S MARKET & BAKERY,3403 OAK LAWN AVE,75219,liquor_store,48113000605,3.0,0,0.160018,0.10717735616982002,0.0,0.0,5124,5124,False,,complete
Daiquiri Island To Go #21,9230 Skillman St Ste 100,75243,liquor_store,48113018506,1.0,0,0.443293,0.4344138256545896,0.0,0.0,5125,5125,False,,complete
EL PATRON TACOS Y TORTAS,5219 BROADWAY BLVD STE 100,75043,liquor_store,48113018128,3.0,0,0.294959,0.32380349185144475,0.0,0.0,5126,5126,False,,complete
PIZZA & NACHOS,1229 ADMIRAL NIMITZ CIR EMBARCADERO BUILDING 29 MAP PLAT NO. 78,75210,liquor_store,48113020300,1.0,0,0.45436,0.35706723948222857,0.0,0.0,5127,5127,False,,complete
CVS/PHARMACY #10634,2350 N FITZHUGH AVENUE,75206,liquor_store,48113000902,3.0,0,0.254292,0.273254112010104,0.0,0.0,5128,5128,False,,complete
CVS/PHARMACY #10670,4930 MAPLE AVENUE,75235,liquor_store,48113000408,3.0,0,0.272539,0.13635043107135988,0.0,0.0,5129,5129,False,,complete
CVS/PHARMACY #11389,8700 N BELT LINE RD,75063,liquor_store,48113014150,3.0,0,0.327374,0.35911310567392424,0.0,0.0,5130,5130,False,,complete
CVS/PHARMACY #4272,4202 ROSS AVENUE,75204,liquor_store,48113001503,3.0,0,0.334228,0.33364482588453415,0.0,0.0,5131,5131,False,,complete
CVS/PHARMACY #6777,4207 LEMMON AVENUE,75219,liquor_store,48113000608,3.0,0,0.215165,0.07555472248269288,0.0,0.0,5132,5132,False,,complete
CVS/PHARMACY #7679,934 E IRVING BLVD,75060,liquor_store,48113014903,2.0,0,0.39536,0.55189166847014,0.0,0.0,5133,5133,False,,complete
Ari's Pantry,1800 Main St Ste 124,75201,liquor_store,48113003103,3.0,0,0.290069,0.3147079848912394,0.0,0.0,5134,5134,False,,complete
BENAVIDES FOODS,1229 ADMIRAL NIMITZ CIRCLE EMBARCADERO BUILDING 29 MAP PLAT NO. TB-12F,75210,liquor_store,48113020300,1.0,0,0.45436,0.35706723948222857,0.0,0.0,5135,5135,False,,complete
CHEVRON FOOD MART,3306 AL LIPSCOMB WAY,75210,liquor_store,48113020300,1.0,0,0.45436,0.35706723948222857,0.0,0.0,5136,5136,False,,complete
ICE HOUSE ON THE MIDWAY,1229 ADMIRAL NIMITZ CIRCLE EMBARCADERO BUIDLING 29 MAP PLAT NO 25,75210,liquor_store,48113020300,1.0,0,0.45436,0.35706723948222857,0.0,0.0,5137,5137,False,,complete
Family Dollar #22872,1300 Greenville Ave,75206,liquor_store,48113001504,3.0,0,0.312596,0.3073363703237808,0.0,0.0,5138,5138,False,,complete
Family Dollar #25190,9243 SKILLMAN STREET SUITE 103,75243,liquor_store,48113018505,2.0,0,0.372273,0.5075540916932534,0.0,0.0,5139,5139,False,,complete
Family Dollar #25556,3108 FORT WORTH AVENUE,75001,liquor_store,48113006800,3.0,0,0.330295,0.41510178563288136,0.0,0.0,5140,5140,False,,complete
Family Dollar #26984,4311 LIVE OAK STREET,75204,liquor_store,48113001503,3.0,0,0.334228,0.33364482588453415,0.0,0.0,5141,5141,False,,complete
Family Dollar #27060,4800 COLUMBIA AVE STE 200,75226,liquor_store,48113001502,2.0,0,0.388917,0.4009421551675779,0.0,0.0,5142,5142,False,,complete
Family Dollar #27620,4807 MAPLE AVENUE,75219,liquor_store,48113000401,3.0,0,0.330846,0.3544974583393461,0.0,0.0,5143,5143,False,,complete
EL MERO MERO TAMALERO,920 S HARWOOD ST STE 110,75201,liquor_store,48113020402,2.0,0,0.356845,0.3807055903558601,0.0,0.0,5144,5144,False,,complete
FIESTA ENTERPRISES INC,"1229 Admiral Nimitz Cir EMBARCADERO BLDG #29, MAP PLAT #60",75210,liquor_store,48113020300,1.0,0,0.45436,0.35706723948222857,0.0,0.0,5145,5145,False,,complete
FIESTA MART #210,10121 LAKE JUNE RD STE 200,75217,liquor_store,48113011901,2.0,0,0.361195,0.400560963610142,0.0,0.0,5146,5146,False,,complete
FIESTA MART #212,3230 MARTIN LUTHER KING JR BLVD,75210,liquor_store,48113020300,1.0,0,0.45436,0.35706723948222857,0.0,0.0,5147,5147,False,,complete
FIESTA MART #34,3030 S LANCASTER RD,75216,liquor_store,48113008801,2.0,0,0.367073,0.43724022893225184,0.0,0.0,5148,5148,False,,complete
FIESTA MART #40,5334 ROSS AVE,75206,liquor_store,48113001002,3.0,0,0.231113,0.13923671857022477,0.0,0.0,5149,5149,False,,complete
TOTAL WINE SPIRITS BEER AND MORE,3810 CONGRESS AVENUE,75219,liquor_store,48113000501,3.0,0,0.147326,0.029457392721704174,0.0,0.0,5150,5150,False,,complete
FLAMENCO SERVICES MINI MARKET GAS STATION,4707 S Central Expy,75215,liquor_store,48113020900,1.0,0,0.552848,0.5925259506393883,0.0,0.0,5151,5151,False,,complete
Flamingo Market Center,4340 Harry Hines Blvd Ste B,75219,liquor_store,48113000401,3.0,0,0.330846,0.3544974583393461,0.0,0.0,5152,5152,False,,complete
FLETCHER'S ORIGINAL STATE FAIR CORNY DOGS,3828 MARTIN LUTHER KING JR BLVD,75210,liquor_store,48113020300,1.0,0,0.45436,0.35706723948222857,0.0,0.0,5153,5153,False,,complete
FOOD PLUS,1346 N MASTERS DRIVE SUITE 100,75217,liquor_store,48113011902,2.0,0,0.367095,0.3260989419215336,0.0,0.0,5154,5154,False,,complete
EZ TRIP FOOD STORE 9,9798 FOREST LANE,75243,liquor_store,48113018507,2.0,0,0.375721,0.43509859311469223,0.0,0.0,5155,5155,False,,complete
Fruteria Cano,1229 Admiral Nimitz Cir Map Plat No 36 Embarcadero Bldg No 29,75210,liquor_store,48113020300,1.0,0,0.45436,0.35706723948222857,0.0,0.0,5156,5156,False,,complete
TEXAS STEAK OUT,1229 ADMIRAL NIMITZ CIR EMBARCADERO BLDG 29 MAP PLAT NO 37,75210,liquor_store,48113020300,1.0,0,0.45436,0.35706723948222857,0.0,0.0,5157,5157,False,,complete
Pioneer Kettle Corn,1229 Admiral Nimitz Cir Embarcadero Bldg 29 Map Plat No 15,75210,liquor_store,48113020300,1.0,0,0.45436,0.35706723948222857,0.0,0.0,5158,5158,False,,complete
TORNADO TATERS,1229 Admiral Nimitz Cir Space No 49 Embarcadero BLDG No 29,75210,liquor_store,48113020300,1.0,0,0.45436,0.35706723948222857,0.0,0.0,5159,5159,False,,complete
OK MINI MART,3022 S SHILOH ROAD SUITE A,75041,liquor_store,48113018501,3.0,0,0.302177,0.4200167819247556,0.0,0.0,5160,5160,False,,complete
GARDEN CAFE,5310 JUNIUS ST,75214,liquor_store,48113001302,1.0,0,0.496917,0.4629363773168693,0.0,0.0,5161,5161,False,,complete
Kingsley One Stop Foodmart,2518 W Kingsley Rd STE 101,75041,liquor_store,48113018501,3.0,0,0.302177,0.4200167819247556,0.0,0.0,5162,5162,False,,complete
Maple Food Mart,4421 Maple Ave,75219,liquor_store,48113000401,3.0,0,0.330846,0.3544974583393461,0.0,0.0,5163,5163,False,,complete
Good Spirits LLC #4265,5710 Broadway Blvd,75043,liquor_store,48113018138,2.0,0,0.363186,0.48218289430670636,0.0,0.0,5164,5164,False,,complete
Killer Joe,108 N Fitzhugh Ave Suite 100,75214,liquor_store,48113001302,1.0,0,0.496917,0.4629363773168693,0.0,0.0,5165,5165,False,,complete
GOODY GOODY LIQUOR STORE,14851 INWOOD RD,75001,liquor_store,48113013806,3.0,0,0.322473,0.43178307820718564,0.0,0.0,5166,5166,False,,complete
GOODY GOODY LIQUOR STORE,3316 OAK LAWN AVE,75219,liquor_store,48113000605,3.0,0,0.160018,0.10717735616982002,0.0,0.0,5167,5167,False,,complete
GRAND CITY GROCERIES,3026 GRAND AVENUE,75215,liquor_store,48113020300,1.0,0,0.45436,0.35706723948222857,0.0,0.0,5168,5168,False,,complete
LA ESTRELLA SPORTS BAR #2,1634 W MOCKINGBIRD LN,75235,liquor_store,48113010001,2.0,0,0.403338,0.5129065632930548,0.0,0.0,5169,5169,False,,complete
KWIK STOP BEER & WINE 'C',205 S CARROLL AVENUE,75226,liquor_store,48113001502,2.0,0,0.388917,0.4009421551675779,0.0,0.0,5170,5170,False,,complete
PAYLESS CONVENIENCE STORE,205 N CARROLL AVE,75246,liquor_store,48113001502,2.0,0,0.388917,0.4009421551675779,0.0,0.0,5171,5171,False,,complete
COST PLUS,4438 MAPLE AVE,75019,liquor_store,48113000405,3.0,0,0.315783,0.29996701306771223,0.0,0.0,5172,5172,False,,complete
7Eleven Convenience Store #385,4840 Harry Hines Boulevard,75235,liquor_store,48113000401,3.0,0,0.330846,0.3544974583393461,0.0,0.0,5173,5173,False,,complete
TEXAS HOLY CATERING AND CONCESSIONS,1229 ADMIRAL NIMITZ CIRCLE EMBARCAD BUILDING 29 MAP PLAT NO 64,75210,liquor_store,48113020300,1.0,0,0.45436,0.35706723948222857,0.0,0.0,5174,5174,False,,complete
FOREST LANE MART,9791 FOREST LANE,75243,liquor_store,48113019035,2.0,0,0.417304,0.5366279046367447,0.0,0.0,5175,5175,False,,complete
KROGER #528,4142 CEDAR SPRINGS ROAD,75219,liquor_store,48113000605,3.0,0,0.160018,0.10717735616982002,0.0,0.0,5176,5176,False,,complete
7-ELEVEN CONVENIENCE STORE #32914B,6122 BROADWAY BOULEVARD,75043,liquor_store,48113018132,2.0,0,0.348707,0.38032296326646886,0.0,0.0,5177,5177,False,,complete
Residence Inn Addison,14975 Quorum Dr,75254,liquor_store,48113013628,3.0,0,0.322714,0.3148723528120475,0.0,0.0,5178,5178,False,,complete
THAI ORCHID RESTAURANT,4930 BELT LINE RD STE 190,75254,liquor_store,48113013628,3.0,0,0.322714,0.3148723528120475,0.0,0.0,5179,5179,False,,complete
ARCADIA LIQUOR,2214 INWOOD ROAD,75235,liquor_store,48113000401,3.0,0,0.330846,0.3544974583393461,0.0,0.0,5180,5180,False,,complete
JACK'S FRENCH FRYS,1229 ADMIRAL NIMITZ CIRCLE EMBARCADERO BUILDING 29 MAP PLAT NO. 32,75210,liquor_store,48113020300,1.0,0,0.45436,0.35706723948222857,0.0,0.0,5181,5181,False,,complete
BARRERA'S,1229 ADMIRAL NIMITZ CIRCLE EMBARCADERO BUILDING 29 MAP PLAT NO. 24,75210,liquor_store,48113020300,1.0,0,0.45436,0.35706723948222857,0.0,0.0,5182,5182,False,,complete
Eagle Express,8661 S Hampton Rd,75232,liquor_store,48113016634,1.0,0,0.447746,0.6057556262709036,0.0,0.0,5183,5183,False,,complete
JAMUNA TRADING,1959 N STEMMONS FREEWAY,75207,liquor_store,48113010003,3.0,0,0.328285,0.284070516662347,0.0,0.0,5184,5184,False,,complete
Java & Hopps Cafe ,4970 Addison Cir,75001,liquor_store,48113013628,3.0,0,0.322714,0.3148723528120475,0.0,0.0,5185,5185,False,,complete
STOP N GO,609 DAIRY RD STE 100,75040,liquor_store,48113018204,2.0,0,0.345239,0.3940408914840644,0.0,0.0,5186,5186,False,,complete
JIMMY'S FOOD STORE,4901 BRYAN ST,75206,liquor_store,48113001503,3.0,0,0.334228,0.33364482588453415,0.0,0.0,5187,5187,False,,complete
Sunny Food Mart #12,8390 N Stemmons Fwy Ste B,75247,liquor_store,48113010001,2.0,0,0.403338,0.5129065632930548,0.0,0.0,5188,5188,False,,complete
JOE'S SEAFOOD,4224 ASH LANE,75223,liquor_store,48113002500,1.0,0,0.540924,0.5882942073267108,0.0,0.0,5189,5189,False,,complete
Ranchero Fajitas,"1229 Admiral Nimitz Cir Building 29, MapPlat 59",75219,liquor_store,48113020300,1.0,0,0.45436,0.35706723948222857,0.0,0.0,5190,5190,False,,complete
Juicy's LLC,1229 Admiral Nimitz Circle Embarcadero Building 29 Map Plat No 17,75210,liquor_store,48113020300,1.0,0,0.45436,0.35706723948222857,0.0,0.0,5191,5191,False,,complete
JUPITER MART,3080 S JUPITER ROAD,75041,liquor_store,48113018501,3.0,0,0.302177,0.4200167819247556,0.0,0.0,5192,5192,False,,complete
KINGS ZONE,1294 E LEDBETTER DRIVE,75216,liquor_store,48113011300,2.0,0,0.414546,0.48279790386364785,0.0,0.0,5193,5193,False,,complete
OPEN SESAME LEBANESE GRILL,2615 OAK LAWN AVE STE 104,75219,liquor_store,48113000502,3.0,0,0.210272,0.08947926450038002,0.0,0.0,5194,5194,False,,complete
QUICK MART 108,5329 Ross Ave,75206,liquor_store,48113001002,3.0,0,0.231113,0.13923671857022477,0.0,0.0,5195,5195,False,,complete
Gas Trip,700 S Peak St,75223,liquor_store,48113002500,1.0,0,0.540924,0.5882942073267108,0.0,0.0,5196,5196,False,,complete
Hatcher Convenience Store,2702 Elsie Faye Heggins St,75215,liquor_store,48113020800,2.0,0,0.400722,0.4197010839077546,0.0,0.0,5197,5197,False,,complete
MR K CONVENIENCE STORE,4302 MALCOLM X BLVD,75215,liquor_store,48113020800,2.0,0,0.400722,0.4197010839077546,0.0,0.0,5198,5198,False,,complete
KATIE'S CAFE,3921 MARTIN LUTHER KING BOULEVARD 'FW29F',75210,liquor_store,48113020300,1.0,0,0.45436,0.35706723948222857,0.0,0.0,5199,5199,False,,complete
Sini Coffee Lounge,9560 Skillman St Ste 100,75243,liquor_store,48113018506,1.0,0,0.443293,0.4344138256545896,0.0,0.0,5200,5200,False,,complete
SWIFT STORE,801 W Kearney St Ste 100,75149,liquor_store,48113017704,2.0,0,0.430684,0.45403545391335276,0.0,0.0,5201,5201,False,,complete
KROGER #509,4901 MAPLE AVENUE,75235,liquor_store,48113000401,3.0,0,0.330846,0.3544974583393461,0.0,0.0,5202,5202,False,,complete
GET N GO,11424 AUDELIA ROAD,75243,liquor_store,48113018505,2.0,0,0.372273,0.5075540916932534,0.0,0.0,5203,5203,False,,complete
EZ Stop,2809 S Lancaster Rd,75216,liquor_store,48113005700,2.0,0,0.419155,0.5755256574076163,0.0,0.0,5204,5204,False,,complete
Clarion Pointe,14975 Landmark Blvd,75254,liquor_store,48113013628,3.0,0,0.322714,0.3148723528120475,0.0,0.0,5205,5205,False,,complete
"LaVui Banh Mi, LLC",5321 Maple Ave,75235,liquor_store,48113000401,3.0,0,0.330846,0.3544974583393461,0.0,0.0,5206,5206,False,,complete
TIGER MART 90,4880 MOUNTAIN CREEK PKWY # 100,75236,liquor_store,48113016521,1.0,0,0.456897,0.5611643386138419,0.0,0.0,5207,5207,False,,complete
BZ Mart,2911 E Ledbetter Dr,75216,liquor_store,48113008704,1.0,0,0.469207,0.5847013934057242,0.0,0.0,5208,5208,False,,complete
LIVE OAK GAS & MORE,4423 LIVE OAK STREET,75204,liquor_store,48113001503,3.0,0,0.334228,0.33364482588453415,0.0,0.0,5209,5209,False,,complete
J.C.'S AMUSEMENT,4320 S MALCOLM X BOULEVARD,75215,liquor_store,48113020800,2.0,0,0.400722,0.4197010839077546,0.0,0.0,5210,5210,False,,complete
LA MICHOACANA MEAT MARKET,6535 DUCK CREEK DR,75043,liquor_store,48113018128,3.0,0,0.294959,0.32380349185144475,0.0,0.0,5211,5211,False,,complete
LOCAL,2936 ELM ST STE A AND B,75226,liquor_store,48113020401,2.0,0,0.361399,0.3976045237540431,0.0,0.0,5212,5212,False,,complete
LUCKY'S BEER AND WINE,6505 DUCK CREEK DRIVE,75043,liquor_store,48113018128,3.0,0,0.294959,0.32380349185144475,0.0,0.0,5213,5213,False,,complete
PIONEER FOOD MART,1413 W PIONEER DR,75061,liquor_store,48113014502,2.0,0,0.359039,0.421669197119373,0.0,0.0,5214,5214,False,,complete
Wingfield's,1229 Admiral Nimitz Cir Embarcadero Bldg 29 Map Plat No 8,75223,liquor_store,48113020300,1.0,0,0.45436,0.35706723948222857,0.0,0.0,5215,5215,False,,complete
J & J,1203 E Red Bird Ln,75241,liquor_store,48113011300,2.0,0,0.414546,0.48279790386364785,0.0,0.0,5216,5216,False,,complete
GRAND LIQUOR,3032 Al Lipscomb Way,75215,liquor_store,48113020300,1.0,0,0.45436,0.35706723948222857,0.0,0.0,5217,5217,False,,complete
El Rio Grande Latin Market #10,3035 N Buckner Blvd,75228,liquor_store,48113012210,2.0,0,0.397784,0.48651909514032615,0.0,0.0,5218,5218,False,,complete
EL RIO GRANDE SUPERMERCADO,5308 MAPLE AVE,75235,liquor_store,48113000407,3.0,0,0.332259,0.30833327883084505,0.0,0.0,5219,5219,False,,complete
EL RIO GRANDE SUPERMERCADO #7,10325 LAKE JUNE ROAD #400,75217,liquor_store,48113011902,2.0,0,0.367095,0.3260989419215336,0.0,0.0,5220,5220,False,,complete
GARLAND HOMEBOYS,450 E I 30,75043,liquor_store,48113018132,2.0,0,0.348707,0.38032296326646886,0.0,0.0,5221,5221,False,,complete
SAM'S SHELL,3100 W MOCKINGBIRD LANE,75235,liquor_store,48113000409,3.0,0,0.278076,0.1541251686118325,0.0,0.0,5222,5222,False,,complete
EL CALENTANO TORTILLERIA Y TAQUERIA,2742 S EWING AVE STE 100,75216,liquor_store,48113005500,2.0,0,0.425723,0.4937169993128214,0.0,0.0,5223,5223,False,,complete
MIKE'S CHICKEN,4234 Maple Ave,75219,liquor_store,48113000405,3.0,0,0.315783,0.29996701306771223,0.0,0.0,5224,5224,False,,complete
HIGHLAND FOOD STORE,1406 GREENVILLE AVE,75206,liquor_store,48113001504,3.0,0,0.312596,0.3073363703237808,0.0,0.0,5225,5225,False,,complete
HOME2 SUITES ADDISON,4875 BELTLINE RD,75001,liquor_store,48113013628,3.0,0,0.322714,0.3148723528120475,0.0,0.0,5226,5226,False,,complete
GOL SUPER MARKET,717 S 5TH ST,75040,liquor_store,48113018700,1.0,0,0.443674,0.4826340451581904,0.0,0.0,5227,5227,False,,complete
MR CAJUN'S POBOYS,2929 N Galloway Ave Ste 116,75150,liquor_store,48113017817,1.0,0,0.47018,0.4198125976296784,0.0,0.0,5228,5228,False,,complete
Myrtle Management Group LLC,3945 Myrtle St,75215,liquor_store,48113003700,1.0,0,0.53429,0.4274216098397171,0.0,0.0,5229,5229,False,,complete
BELGIAN WAFFLES,1229 ADMIRAL NIMITZ CIRCLE EMBARCADERO BUILDING 29 MAP PLAT NO. 18,75210,liquor_store,48113020300,1.0,0,0.45436,0.35706723948222857,0.0,0.0,5230,5230,False,,complete
DAILY STOP,2605 FORT WORTH AVE STE 100,75211,liquor_store,48113006900,2.0,0,0.367692,0.43461847944108845,0.0,0.0,5231,5231,False,,complete
EMPIRE CENTRAL EXXON,8405 N STEMMONS FWY,75247,liquor_store,48113010003,3.0,0,0.328285,0.284070516662347,0.0,0.0,5232,5232,False,,complete
NEVINS CONCESSIONS,1229 ADMIRAL NIMITZ CIRCLE CATTLE BARN MAP PLAT NO. CBIF,75210,liquor_store,48113020300,1.0,0,0.45436,0.35706723948222857,0.0,0.0,5233,5233,False,,complete
Charly Taqueria # 3,9911 Lake June Rd. Ste. D,75217,liquor_store,48113011901,2.0,0,0.361195,0.400560963610142,0.0,0.0,5234,5234,False,,complete
C STORE #12,4040 CEDAR SPRINGS RD,75219,liquor_store,48113000605,3.0,0,0.160018,0.10717735616982002,0.0,0.0,5235,5235,False,,complete
QUIKTRIP #909,5825 BROADWAY BOULEVARD,75043,liquor_store,48113018129,3.0,0,0.324546,0.5550200335124621,0.0,0.0,5236,5236,False,,complete
QUIKTRIP #929,1220 W MOCKINGBIRD LN,75247,liquor_store,48113010001,2.0,0,0.403338,0.5129065632930548,0.0,0.0,5237,5237,False,,complete
QuikTrip #938,131 LAVON DRIVE,75040,liquor_store,48113018802,3.0,0,0.309055,0.39902850596898676,0.0,0.0,5238,5238,False,,complete
QUIKTRIP #977,1500 N WESTMORELAND,75211,liquor_store,48113006900,2.0,0,0.367692,0.43461847944108845,0.0,0.0,5239,5239,False,,complete
QUIKTRIP #985,1610 W SCYENE RD,75149,liquor_store,48113017500,2.0,0,0.354341,0.30361054615182664,0.0,0.0,5240,5240,False,,complete
Daquiries to Go,4410 Maple Ave,75235,liquor_store,48113000405,3.0,0,0.315783,0.29996701306771223,0.0,0.0,5241,5241,False,,complete
PACKING HOUSE MARKET INC.,3117 S MALCOLM X BLVD,75215,liquor_store,48113020300,1.0,0,0.45436,0.35706723948222857,0.0,0.0,5242,5242,False,,complete
Palmer's Hot Chicken,1229 Admiral Nimitz Cir Map Plat No 31,75210,liquor_store,48113020300,1.0,0,0.45436,0.35706723948222857,0.0,0.0,5243,5243,False,,complete
J'S FOOD MART,1621 N GARRETT AVE,75206,liquor_store,48113001503,3.0,0,0.334228,0.33364482588453415,0.0,0.0,5244,5244,False,,complete
24 Seven Mart #15,11405 Lyndon B Johnson Fwy,75041,liquor_store,48113018501,3.0,0,0.302177,0.4200167819247556,0.0,0.0,5245,5245,False,,complete
PECAN LODGE,2702 MAIN ST,75226,liquor_store,48113020401,2.0,0,0.361399,0.3976045237540431,0.0,0.0,5246,5246,False,,complete
HOME2 SUITES,3301 GASTON AVE,75246,liquor_store,48113002200,3.0,0,0.220929,0.23170454673452814,0.0,0.0,5247,5247,False,,complete
PINEAPPLE MAN,1229 Admiral Nimitz Cir EMBARCADERO BLDG NO 29 MAP PLAT NO 3,75210,liquor_store,48113020300,1.0,0,0.45436,0.35706723948222857,0.0,0.0,5248,5248,False,,complete
PO-GO'S,2034 IRVING BLVD,75207,liquor_store,48113010003,3.0,0,0.328285,0.284070516662347,0.0,0.0,5249,5249,False,,complete
Pound Cake Experts LLC,1229 Admiral Nimitz Cir Embarcadero Bldg 29 Map Plat 27,75210,liquor_store,48113020300,1.0,0,0.45436,0.35706723948222857,0.0,0.0,5250,5250,False,,complete
HOLIDAY INN EXPRESS & SUITES DALLAS NORTH - ADDISON ,14960 Landmark Blvd,75254,liquor_store,48113013628,3.0,0,0.322714,0.3148723528120475,0.0,0.0,5251,5251,False,,complete
Prime Now LLC,1217 Slocum St,75207,liquor_store,48113010003,3.0,0,0.328285,0.284070516662347,0.0,0.0,5252,5252,False,,complete
QUALITY LICENSING CORP. (STORE #2975),3959 BROADWAY BLVD,75043,liquor_store,48113018111,2.0,0,0.428503,0.5448142888740325,0.0,0.0,5253,5253,False,,complete
QUALITY LICENSING CORP. (STORE #2976),915 N TOWN EAST BLVD,75150,liquor_store,48113017811,2.0,0,0.432755,0.27428305492973193,0.0,0.0,5254,5254,False,,complete
QUALITY LICENSING CORP. (STORE #3224),555 W INTERSTATE 30,75043,liquor_store,48113018129,3.0,0,0.324546,0.5550200335124621,0.0,0.0,5255,5255,False,,complete
RACETRAC #173,6421 BROADWAY BLVD,75043,liquor_store,48113017808,3.0,0,0.282067,0.35442508707611,0.0,0.0,5256,5256,False,,complete
RACETRAC #498,2506 INWOOD ROAD,75235,liquor_store,48113000407,3.0,0,0.332259,0.30833327883084505,0.0,0.0,5257,5257,False,,complete
Dallas Fine Wine & Spirit Shop,3518 Oak Lawn Ave,75219,liquor_store,48113000606,3.0,0,0.197032,0.07299932587688984,0.0,0.0,5258,5258,False,,complete
Dallas Fine Wine & Spirits,4125 Fairmount St,75219,liquor_store,48113000503,3.0,0,0.201046,0.06401980188597056,0.0,0.0,5259,5259,False,,complete
Tom Thumb #3311,2727 Live Oak St,75204,liquor_store,48113002200,3.0,0,0.220929,0.23170454673452814,0.0,0.0,5260,5260,False,,complete
TOM THUMB #5803 FUEL CENTER,2720 LIVE OAK STREET,75204,liquor_store,48113002200,3.0,0,0.220929,0.23170454673452814,0.0,0.0,5261,5261,False,,complete
THE MANHATTAN CLUB,2715 MEADOW,75215,liquor_store,48113020300,1.0,0,0.45436,0.35706723948222857,0.0,0.0,5262,5262,False,,complete
MR. J. FOOD STORE,906 HIGHWAY 66,75040,liquor_store,48113018203,2.0,0,0.382424,0.4325394973425565,0.0,0.0,5263,5263,False,,complete
R & T ENTERPRIZE,4403 S MALCOLM X BOULEVARD,75215,liquor_store,48113020800,2.0,0,0.400722,0.4197010839077546,0.0,0.0,5264,5264,False,,complete
JOHNNY'S LIQUOR #3,4928 COLUMBIA AVENUE,75214,liquor_store,48113002400,1.0,0,0.442004,0.39983622351643733,0.0,0.0,5265,5265,False,,complete
QUICK SHOP,1630 VALWOOD PKWY STE 114,75006,liquor_store,48113014002,2.0,0,0.393454,0.2650546357063465,0.0,0.0,5266,5266,False,,complete
7 Day Grocery,2232 S Corinth St Rd,75203,liquor_store,48113005500,2.0,0,0.425723,0.4937169993128214,0.0,0.0,5267,5267,False,,complete
Ruby Restaurant #2 LLC,9811 Forest Ln,75243,liquor_store,48113019019,2.0,0,0.391859,0.45116081705434846,0.0,0.0,5268,5268,False,,complete
RESTAURANT BAR COCO-LOCO,1875 JOHN WEST ROAD,75228,liquor_store,48113012210,2.0,0,0.397784,0.48651909514032615,0.0,0.0,5269,5269,False,,complete
GATEWAY #17,1000 S ROYAL LANE,75019,liquor_store,48113014124,2.0,0,0.345867,0.30315790666339876,0.0,0.0,5270,5270,False,,complete
TIGER MART 81,2050 N WESTMORELAND RD STE 100,75212,liquor_store,48113020500,2.0,0,0.357309,0.6585194926353583,0.0,0.0,5271,5271,False,,complete
Broadway Tobacco Beer & Wine,5335 Broadway Blvd STE 210,75043,liquor_store,48113018128,3.0,0,0.294959,0.32380349185144475,0.0,0.0,5272,5272,False,,complete
Neo's C-Store,429 E Interstate 30,75043,liquor_store,48113018138,2.0,0,0.363186,0.48218289430670636,0.0,0.0,5273,5273,False,,complete
MEEZ FOOD MART,2315 GUTHRIE RD,75043,liquor_store,48113018132,2.0,0,0.348707,0.38032296326646886,0.0,0.0,5274,5274,False,,complete
ONE STOP FOOD STORE,5520 S HAMPTON ROAD,75232,liquor_store,48113011004,2.0,0,0.417564,0.4555493343527255,0.0,0.0,5275,5275,False,,complete
EL RANCHO #25,4121 Gaston Ave,75246,liquor_store,48113001504,3.0,0,0.312596,0.3073363703237808,0.0,0.0,5276,5276,False,,complete
T C GROCERY,5050 CROZIER ST,75216,liquor_store,48113020800,2.0,0,0.400722,0.4197010839077546,0.0,0.0,5277,5277,False,,complete
SCOTTIE'S GROCERY,1919 RECORD CROSSING RD,75235,liquor_store,48113010001,2.0,0,0.403338,0.5129065632930548,0.0,0.0,5278,5278,False,,complete
Sebastian Soccer League LLC,2809 Post Oak Rd,75141,liquor_store,48113016903,1.0,0,0.653104,0.7355022472773421,0.0,0.0,5279,5279,False,,complete
Sakhuu Thai Cuisine,4801 Bryan Street Suite 100,75204,liquor_store,48113001503,3.0,0,0.334228,0.33364482588453415,0.0,0.0,5280,5280,False,,complete
SPROUTS FARMERS MARKET,1220 N TOWN EAST BLVD STE 650,75150,liquor_store,48113017817,1.0,0,0.47018,0.4198125976296784,0.0,0.0,5281,5281,False,,complete
BIG JIM DISCOUNT LIQUOR,117 S Carroll Ave,75226,liquor_store,48113001502,2.0,0,0.388917,0.4009421551675779,0.0,0.0,5282,5282,False,,complete
Ash LN Quick Stop,3116 Al Lipscomb Way,75215,liquor_store,48113020300,1.0,0,0.45436,0.35706723948222857,0.0,0.0,5283,5283,False,,complete
SHELL AT FARMERS BRANCH,13115 N STEMMONS FWY,75234,liquor_store,48113014002,2.0,0,0.393454,0.2650546357063465,0.0,0.0,5284,5284,False,,complete
Star Mart,4340 Harry Hines Blvd Ste A,75219,liquor_store,48113000401,3.0,0,0.330846,0.3544974583393461,0.0,0.0,5285,5285,False,,complete
GATEWAY 30,3305 GRAND AVE,75210,liquor_store,48113020300,1.0,0,0.45436,0.35706723948222857,0.0,0.0,5286,5286,False,,complete
D & M FOOD MART,4814 GASTON AVE,75246,liquor_store,48113001502,2.0,0,0.388917,0.4009421551675779,0.0,0.0,5287,5287,False,,complete
Fossil Creek Liquor,222 S Hall Street,75226,liquor_store,48113020401,2.0,0,0.361399,0.3976045237540431,0.0,0.0,5288,5288,False,,complete
ALLEN'S GROCERY,2500 LAWRENCE ST,75215,liquor_store,48113020800,2.0,0,0.400722,0.4197010839077546,0.0,0.0,5289,5289,False,,complete
STOP N SHOP FOOD MART,3195 GREAT TRINITY FOREST WAY SUITE A1,75216,liquor_store,48113008701,1.0,0,0.495748,0.6414205227414708,0.0,0.0,5290,5290,False,,complete
CIRCLE S FOOD STOP #1,1400 W ROCK ISLAND ROAD,75060,liquor_store,48113015205,1.0,0,0.444185,0.48030483444827254,0.0,0.0,5291,5291,False,,complete
SOBAT CONCESSIONS LLC,1229 ADMIRAL NIMITZ CIR EMBARCADERO BLDG 29 MAP PLAT NO 4,75210,liquor_store,48113020300,1.0,0,0.45436,0.35706723948222857,0.0,0.0,5292,5292,False,,complete
SouthSide Steaks and Cakes ,3125 Al Lipscomb Way,75215,liquor_store,48113020300,1.0,0,0.45436,0.35706723948222857,0.0,0.0,5293,5293,False,,complete
SPEC'S WINES & SPIRITS SPEC'S WINES SPIRITS & BEERS SPEC'S LIQUO,15055 INWOOD RD,75001,liquor_store,48113013806,3.0,0,0.322473,0.43178307820718564,0.0,0.0,5294,5294,False,,complete
ORIGINAL MARKET DINER,4434 HARRY HINES BOULEVARD,75219,liquor_store,48113000401,3.0,0,0.330846,0.3544974583393461,0.0,0.0,5295,5295,False,,complete
SHOP N GO,4950 COLUMBIA AVE,75214,liquor_store,48113002400,1.0,0,0.442004,0.39983622351643733,0.0,0.0,5296,5296,False,,complete
GARLAND FOOD MART,4715 BROADWAY  BLVD,75043,liquor_store,48113018128,3.0,0,0.294959,0.32380349185144475,0.0,0.0,5297,5297,False,,complete
Kwik Fuel & Food,3021 Big Town Blvd Ste 200,75150,liquor_store,48113012302,1.0,0,0.447456,0.5185087228996509,0.0,0.0,5298,5298,False,,complete
Starwood Cafe,12990 Bee St Suite 140,75234,liquor_store,48113014001,3.0,0,0.295452,0.4597416397696887,0.0,0.0,5299,5299,False,,complete
Texapolitan Pizza,1229 Admiral Nimitz Circle Map Plat No 51 Embarcadero BLDG No 29,75210,liquor_store,48113020300,1.0,0,0.45436,0.35706723948222857,0.0,0.0,5300,5300,False,,complete
STIFFLER CONCESSIONS LLC,1229 ADMIRAL NIMITZ CIRCLE EMBARCADERO BUILDING 29 MAP PLAT NO. 65,75210,liquor_store,48113020300,1.0,0,0.45436,0.35706723948222857,0.0,0.0,5301,5301,False,,complete
SPROUTS FARMERS MARKET,1800 N HENDERSON AVE,75206,liquor_store,48113001002,3.0,0,0.231113,0.13923671857022477,0.0,0.0,5302,5302,False,,complete
KWIK STOP BEER & WINE 'B',132 S CARROLL AVENUE,75226,liquor_store,48113001502,2.0,0,0.388917,0.4009421551675779,0.0,0.0,5303,5303,False,,complete
NEIGHBORHOOD STORE,3415 MALCOLM X BLVD,75215,liquor_store,48113003700,1.0,0,0.53429,0.4274216098397171,0.0,0.0,5304,5304,False,,complete
TARGET STORE T-2572,1629 N TOWN EAST BLVD,75150,liquor_store,48113017812,2.0,0,0.421193,0.3193942426149757,0.0,0.0,5305,5305,False,,complete
Ferris Wheelers BBQ,"1229 Admiral Nimitz Cir Embarcadero Bldg 29, Map Plat No. 47",75210,liquor_store,48113020300,1.0,0,0.45436,0.35706723948222857,0.0,0.0,5306,5306,False,,complete
FAMILY FUN FOODS,1229 ADMIRAL NIMITZ CIR EMBARCADERO BLDG 29 MAP PLAT NO. 6,75210,liquor_store,48113020300,1.0,0,0.45436,0.35706723948222857,0.0,0.0,5307,5307,False,,complete
YUMMY THAI,140 W LYNDON B JOHNNSON FWY STE 100,75019,liquor_store,48113014126,1.0,0,0.440204,0.3454570844891704,0.0,0.0,5308,5308,False,,complete
Taqueria El Arquito,3400 Commerce St,75226,liquor_store,48113020401,2.0,0,0.361399,0.3976045237540431,0.0,0.0,5309,5309,False,,complete
TASTE OF CUBA,1229 ADMIRAL NIMITZ CIRCLE EMBARCADERO BUILDING 29 MAP PLAT NO. 42,75210,liquor_store,48113020300,1.0,0,0.45436,0.35706723948222857,0.0,0.0,5310,5310,False,,complete
DON'S FOOD STORE,825 S CARROLL,75223,liquor_store,48113002500,1.0,0,0.540924,0.5882942073267108,0.0,0.0,5311,5311,False,,complete
ARRM CONOCO MART #1,3308 FORT WORTH AVE,75211,liquor_store,48113006800,3.0,0,0.330295,0.41510178563288136,0.0,0.0,5312,5312,False,,complete
TEXAS LIQUORS #9,4911 S CENTRAL EXPRESSWAY,75215,liquor_store,48113020900,1.0,0,0.552848,0.5925259506393883,0.0,0.0,5313,5313,False,,complete
THE 2ND TAP,920 S HARWOOD ST STE 125,75201,liquor_store,48113020402,2.0,0,0.356845,0.3807055903558601,0.0,0.0,5314,5314,False,,complete
Milagro Taco Cantina,1229 Admiral Nimitz Cir Embarcadero Bldg No 29 Map Plat No 16,75210,liquor_store,48113020300,1.0,0,0.45436,0.35706723948222857,0.0,0.0,5315,5315,False,,complete
PUFF N STUFF,4815 COLUMBIA AVENUE SUITE A,75226,liquor_store,48113001502,2.0,0,0.388917,0.4009421551675779,0.0,0.0,5316,5316,False,,complete
7-ELEVEN CONVENIENCE STORE #33441A,2608 ELM ST,75226,liquor_store,48113020401,2.0,0,0.361399,0.3976045237540431,0.0,0.0,5317,5317,False,,complete
TONY'S NEIGHBORHOOD FOOD STORE,820 N FITZHUGH,75246,liquor_store,48113001302,1.0,0,0.496917,0.4629363773168693,0.0,0.0,5318,5318,False,,complete
Locals Craft Beer and Fine Wine,13050 Bee St Ste 100,75234,liquor_store,48113014001,3.0,0,0.295452,0.4597416397696887,0.0,0.0,5319,5319,False,,complete
PIZZA BY THE GIANT SLICE,1229 Admiral Nimitz Cir MAP PLAT 9 EMBARCADERO BLDG NO 9,75210,liquor_store,48113020300,1.0,0,0.45436,0.35706723948222857,0.0,0.0,5320,5320,False,,complete
MY LIQUOR STOP,10940 LAKE JUNE Rd,75180,liquor_store,48113011801,2.0,0,0.352383,0.32507057078192036,0.0,0.0,5321,5321,False,,complete
VELASQUEZ CATERING & CONCESSIONS INC.,1229 ADMIRAL NIMITZ CIRCLE EMBARCADERO BUILDING 29 MAP PLAT NO. 26,75210,liquor_store,48113020300,1.0,0,0.45436,0.35706723948222857,0.0,0.0,5322,5322,False,,complete
VICE CITY,9147 Skillman St STE 330,75243,liquor_store,48113018508,3.0,0,0.314522,0.41463143055643714,0.0,0.0,5323,5323,False,,complete
WALGREENS #04624,1461 ROBERT B CULLUM BOULEVARD,75210,liquor_store,48113020300,1.0,0,0.45436,0.35706723948222857,0.0,0.0,5324,5324,False,,complete
WALGREENS #07334,5001 ROSS AVENUE,75206,liquor_store,48113000902,3.0,0,0.254292,0.273254112010104,0.0,0.0,5325,5325,False,,complete
WALGREENS #07586,5950 BROADWAY BOULEVARD,75043,liquor_store,48113018132,2.0,0,0.348707,0.38032296326646886,0.0,0.0,5326,5326,False,,complete
WALGREENS #07839,3802 CEDAR SPRINGS ROAD,75219,liquor_store,48113000605,3.0,0,0.160018,0.10717735616982002,0.0,0.0,5327,5327,False,,complete
WALGREENS #09126,2602 FORT WORTH AVE,75211,liquor_store,48113006800,3.0,0,0.330295,0.41510178563288136,0.0,0.0,5328,5328,False,,complete
Wayward Coffee Co,2025 Irving Blvd Unit 102,75207,liquor_store,48113010003,3.0,0,0.328285,0.284070516662347,0.0,0.0,5329,5329,False,,complete
WING BUCKET,2642 ELM ST,75226,liquor_store,48113020401,2.0,0,0.361399,0.3976045237540431,0.0,0.0,5330,5330,False,,complete
SONNY BRYAN'S,2202 INWOOD RD,75235,liquor_store,48113000401,3.0,0,0.330846,0.3544974583393461,0.0,0.0,5331,5331,False,,complete
Benny's Mart,5249 Broadway Blvd,75043,liquor_store,48113018128,3.0,0,0.294959,0.32380349185144475,0.0,0.0,5332,5332,False,,complete
WINE TASTIC!,4140 LEMMON AVE STE 130,75219,liquor_store,48113000606,3.0,0,0.197032,0.07299932587688984,0.0,0.0,5333,5333,False,,complete
THE DOCK,1229 ADMIRAL NIMITZ CIR EMBARCADERO BLDG 29 MAP PLAT #1,75210,liquor_store,48113020300,1.0,0,0.45436,0.35706723948222857,0.0,0.0,5334,5334,False,,complete
COOL ZONE GARLAND,1012 S 1ST ST,75040,liquor_store,48113018204,2.0,0,0.345239,0.3940408914840644,0.0,0.0,5335,5335,False,,complete
YOAKUM PACKING CO.,1229 ADMIRAL NIMITZ CIRCLE EMBARCADERO BUILDING 29 MAP PLAT NO. 30,75210,liquor_store,48113020300,1.0,0,0.45436,0.35706723948222857,0.0,0.0,5336,5336,False,,complete
QUICK WAY FOOD MART,1402 N CARROLL AVE,75204,liquor_store,48113001503,3.0,0,0.334228,0.33364482588453415,0.0,0.0,5337,5337,False,,complete
EZ TRIP FOOD STORE 18,3130 N BUCKNER BLVD,75228,liquor_store,48113012210,2.0,0,0.397784,0.48651909514032615,0.0,0.0,5338,5338,False,,complete
7-Eleven,4024 Ross Avenue,75204,convenience_corner_store,48113001602,3.0,0,0.242428,0.07022418033358485,0.0,0.0,5339,5339,False,,complete
7-Eleven,4900 Belt Line Road,75254,convenience_corner_store,48113013628,3.0,0,0.322714,0.3148723528120475,0.0,0.0,5340,5340,False,,complete
Steven Keith - Oak Lawn Barber & Stylist,3012 Oak Lawn Avenue,75219,barbershop_beauty,48113000605,3.0,0,0.160018,0.10717735616982002,0.0,0.0,5341,5341,False,,complete
Hollywood Nails & Spa,,,barbershop_beauty,48113014205,3.0,0,0.288356,0.2509177234936721,0.0,0.0,5342,5342,False,,complete
Speed Wash & Dry Lavenderia,,,laundromat,48113001502,2.0,0,0.388917,0.4009421551675779,0.0,0.0,5343,5343,False,,complete
Nails & Spa,,,barbershop_beauty,48113001502,2.0,0,0.388917,0.4009421551675779,0.0,0.0,5344,5344,False,,complete
Braum's,,,convenience_corner_store,48113011801,2.0,0,0.352383,0.32507057078192036,0.0,0.0,5345,5345,False,,complete
Melrose Nail Spa,,,barbershop_beauty,48113000502,3.0,0,0.210272,0.08947926450038002,0.0,0.0,5346,5346,False,,complete
George's Hair & Nails,2021 North Hampton Road,75115,barbershop_beauty,48113016634,1.0,0,0.447746,0.6057556262709036,0.0,0.0,5347,5347,False,,complete
Iconic Salon Suites,1340 North Town East Boulevard,75150,barbershop_beauty,48113017817,1.0,0,0.47018,0.4198125976296784,0.0,0.0,5348,5348,False,,complete
SOI Brow Threading Salon,1344 North Town East Boulevard,75150,barbershop_beauty,48113017817,1.0,0,0.47018,0.4198125976296784,0.0,0.0,5349,5349,False,,complete
Red Salon,1300 North Town East Boulevard,75150,barbershop_beauty,48113017817,1.0,0,0.47018,0.4198125976296784,0.0,0.0,5350,5350,False,,complete
Meez Food Mart,2315 Guthrie Road,75043,convenience_corner_store,48113018132,2.0,0,0.348707,0.38032296326646886,0.0,0.0,5351,5351,False,,complete
Five Star Fades,2309 Guthrie Road,75043,barbershop_beauty,48113018132,2.0,0,0.348707,0.38032296326646886,0.0,0.0,5352,5352,False,,complete
Vince's Salon,5966 Broadway Boulevard,75043,barbershop_beauty,48113018138,2.0,0,0.363186,0.48218289430670636,0.0,0.0,5353,5353,False,,complete
Mobil,3230 West Davis Street,75211,gas_station,48113004500,1.0,0,0.442264,0.5314095168877079,0.0,0.0,5354,5354,False,,complete
Corner Market,2827 Live Oak Street,75204,convenience_corner_store,48113002200,3.0,0,0.220929,0.23170454673452814,0.0,0.0,5355,5355,False,,complete
7-Eleven,1919 Bryan Street,75201,convenience_corner_store,48113002100,3.0,0,0.144522,0.19488371923680417,0.0,0.0,5356,5356,False,,complete
Vogue Hair,3014 Commerce Street,75226,barbershop_beauty,48113020401,2.0,0,0.361399,0.3976045237540431,0.0,0.0,5357,5357,False,,complete
Level 101 Hair Studio,2928 Main Street,75226,barbershop_beauty,48113020401,2.0,0,0.361399,0.3976045237540431,0.0,0.0,5358,5358,False,,complete
Te'zers Salon,3023 Commerce Street,75226,barbershop_beauty,48113020401,2.0,0,0.361399,0.3976045237540431,0.0,0.0,5359,5359,False,,complete
Hair Lounge Salon,,,barbershop_beauty,48113002200,3.0,0,0.220929,0.23170454673452814,0.0,0.0,5360,5360,False,,complete
Lux Spa & Nail Salon,,,barbershop_beauty,48113014150,3.0,0,0.327374,0.35911310567392424,0.0,0.0,5361,5361,False,,complete
Sinclair,,,gas_station,48113020500,2.0,0,0.357309,0.6585194926353583,0.0,0.0,5362,5362,False,,complete
Tiger Mart,,,convenience_corner_store,48113020500,2.0,0,0.357309,0.6585194926353583,0.0,0.0,5363,5363,False,,complete
Floyd's 99 Barbershop,4532 Belt Line Road,75001,barbershop_beauty,48113013806,3.0,0,0.322473,0.43178307820718564,0.0,0.0,5364,5364,False,,complete
The Boardroom Salon For Men,5100 Belt Line Road,75254,barbershop_beauty,48113013624,3.0,0,0.263691,0.3399824983049027,0.0,0.0,5365,5365,False,,complete
Blow Dry Bar,5000 Belt Line Road,75254,barbershop_beauty,48113013628,3.0,0,0.322714,0.3148723528120475,0.0,0.0,5366,5366,False,,complete
Nail Lounge,5000 Belt Line Road,75254,barbershop_beauty,48113013628,3.0,0,0.322714,0.3148723528120475,0.0,0.0,5367,5367,False,,complete
Amazing Lash Studio,5000 Belt Line Road,75254,barbershop_beauty,48113013628,3.0,0,0.322714,0.3148723528120475,0.0,0.0,5368,5368,False,,complete
European Wax Center,5000 Belt Line Road,75254,barbershop_beauty,48113013628,3.0,0,0.322714,0.3148723528120475,0.0,0.0,5369,5369,False,,complete
Nail Bloom,4900 Belt Line Road,75254,barbershop_beauty,48113013628,3.0,0,0.322714,0.3148723528120475,0.0,0.0,5370,5370,False,,complete
Addison Salon Suites & Spa,4930 Belt Line Road,75254,barbershop_beauty,48113013628,3.0,0,0.322714,0.3148723528120475,0.0,0.0,5371,5371,False,,complete
Zoya Salon,4950 Belt Line Road,75254,barbershop_beauty,48113013628,3.0,0,0.322714,0.3148723528120475,0.0,0.0,5372,5372,False,,complete
Adrins Sports Barbershop,4950 Belt Line Road,75254,barbershop_beauty,48113013628,3.0,0,0.322714,0.3148723528120475,0.0,0.0,5373,5373,False,,complete
Salon Jean-Claude,15400 Addison Road,75001,barbershop_beauty,48113013628,3.0,0,0.322714,0.3148723528120475,0.0,0.0,5374,5374,False,,complete
Salon Kindle,,,barbershop_beauty,48113013628,3.0,0,0.322714,0.3148723528120475,0.0,0.0,5375,5375,False,,complete
Addison Park Place Salons,15058 Beltway Drive,75001,barbershop_beauty,48113013806,3.0,0,0.322473,0.43178307820718564,0.0,0.0,5376,5376,False,,complete
Buy-Rite Salon & Spa Equipment,15026 Beltway Drive,75001,barbershop_beauty,48113013806,3.0,0,0.322473,0.43178307820718564,0.0,0.0,5377,5377,False,,complete
Bomb Hair Studio,4289 Belt Line Road,75001,barbershop_beauty,48113013727,3.0,0,0.305136,0.2947079336540092,0.0,0.0,5378,5378,False,,complete
Addison Nail Salon,4285 Belt Line Road,75001,barbershop_beauty,48113013727,3.0,0,0.305136,0.2947079336540092,0.0,0.0,5379,5379,False,,complete
Exclusive Styles,4281 Belt Line Road,75001,barbershop_beauty,48113013727,3.0,0,0.305136,0.2947079336540092,0.0,0.0,5380,5380,False,,complete
Cool Heads,4150 Belt Line Road,,barbershop_beauty,48113013727,3.0,0,0.305136,0.2947079336540092,0.0,0.0,5381,5381,False,,complete
Urban Nail Bar,4150 Belt Line Road,75001,barbershop_beauty,48113013727,3.0,0,0.305136,0.2947079336540092,0.0,0.0,5382,5382,False,,complete
Ego Tripp Hair Lounge,4151 Belt Line Road,75001,barbershop_beauty,48113013727,3.0,0,0.305136,0.2947079336540092,0.0,0.0,5383,5383,False,,complete
SBL Salon Suites and Spa,4151 Belt Line Road,75001,barbershop_beauty,48113013727,3.0,0,0.305136,0.2947079336540092,0.0,0.0,5384,5384,False,,complete
Buckhorn's Discount Liquors,14825 Inwood Road,75001,liquor_store,48113013806,3.0,0,0.322473,0.43178307820718564,0.0,0.0,5385,5385,False,,complete
Goody Goody Liquor,14851 Inwood Road,75001,liquor_store,48113013806,3.0,0,0.322473,0.43178307820718564,0.0,0.0,5386,5386,False,,complete
American Spirits,14821 Inwood Road,75001,liquor_store,48113013806,3.0,0,0.322473,0.43178307820718564,0.0,0.0,5387,5387,False,,complete
Famous,14811 Inwood Road,75001,barbershop_beauty,48113013806,3.0,0,0.322473,0.43178307820718564,0.0,0.0,5388,5388,False,,complete
Sona Salon,,,barbershop_beauty,48113013727,3.0,0,0.305136,0.2947079336540092,0.0,0.0,5389,5389,False,,complete
Luxury Nails & Day Spa,,,barbershop_beauty,48113013727,3.0,0,0.305136,0.2947079336540092,0.0,0.0,5390,5390,False,,complete
Beauty Supply,,,barbershop_beauty,48113013727,3.0,0,0.305136,0.2947079336540092,0.0,0.0,5391,5391,False,,complete
Wash & Dry Lavanderia,4824 Gaston Avenue,,laundromat,48113001502,2.0,0,0.388917,0.4009421551675779,0.0,0.0,5392,5392,False,,complete
D&M Food Mart,4814 Gaston Avenue,,convenience_corner_store,48113001502,2.0,0,0.388917,0.4009421551675779,0.0,0.0,5393,5393,False,,complete
Johnny's Liquor,4928 Columbia Avenue,,liquor_store,48113002400,1.0,0,0.442004,0.39983622351643733,0.0,0.0,5394,5394,False,,complete
Hair + Industry,1630 Irving Boulevard,75207,barbershop_beauty,48113010003,3.0,0,0.328285,0.284070516662347,0.0,0.0,5395,5395,False,,complete
Salon Shima,,,barbershop_beauty,48113013806,3.0,0,0.322473,0.43178307820718564,0.0,0.0,5396,5396,False,,complete
BeLYFE Hair Studio,15502 Quorum Drive,75001,barbershop_beauty,48113013628,3.0,0,0.322714,0.3148723528120475,0.0,0.0,5397,5397,False,,complete
Chevron,3100 West Mockingbird Lane,75235,gas_station,48113000409,3.0,0,0.278076,0.1541251686118325,0.0,0.0,5398,5398,False,,complete
JR Coin Laundry,,,laundromat,48113000405,3.0,0,0.315783,0.29996701306771223,0.0,0.0,5399,5399,False,,complete
Essence of Locks,4222 Rosehill Road,75043,barbershop_beauty,48113018148,2.0,0,0.347521,0.36870337888595406,0.0,0.0,5400,5400,False,,complete
Main Street Market,3102 Main Street,75226,convenience_corner_store,48113020401,2.0,0,0.361399,0.3976045237540431,0.0,0.0,5401,5401,False,,complete
Salon Gossip,2917 Elm Street,,barbershop_beauty,48113020401,2.0,0,0.361399,0.3976045237540431,0.0,0.0,5402,5402,False,,complete
Coffney M Salon,,,barbershop_beauty,48113020401,2.0,0,0.361399,0.3976045237540431,0.0,0.0,5403,5403,False,,complete
Topoff Kutz,,,barbershop_beauty,48113020401,2.0,0,0.361399,0.3976045237540431,0.0,0.0,5404,5404,False,,complete
The Orange Salon,2932 Main Street,,barbershop_beauty,48113020401,2.0,0,0.361399,0.3976045237540431,0.0,0.0,5405,5405,False,,complete
Tonya Beauty,1400 Hi Line Drive,75207,barbershop_beauty,48113010003,3.0,0,0.328285,0.284070516662347,0.0,0.0,5406,5406,False,,complete
Jill at Scarlet,2021 North Hampton Road,75115,barbershop_beauty,48113016634,1.0,0,0.447746,0.6057556262709036,0.0,0.0,5407,5407,False,,complete
JMajorCutz,4100 Commerce Street,75226,barbershop_beauty,48113020300,1.0,0,0.45436,0.35706723948222857,0.0,0.0,5408,5408,False,,complete
Alex's Hair Stylists Barber and Beauty Salon,1050 North Westmoreland Road,75211,barbershop_beauty,48113006900,2.0,0,0.367692,0.43461847944108845,0.0,0.0,5409,5409,False,,complete
Yessica's Beauty Salon,1050 North Westmoreland Road,75211,barbershop_beauty,48113006900,2.0,0,0.367692,0.43461847944108845,0.0,0.0,5410,5410,False,,complete
Kecho's Barber Shop,1050 North Westmoreland Road,75211,barbershop_beauty,48113006900,2.0,0,0.367692,0.43461847944108845,0.0,0.0,5411,5411,False,,complete
Carroll Barber Shop,515 North Carroll Avenue,,barbershop_beauty,48113001502,2.0,0,0.388917,0.4009421551675779,0.0,0.0,5412,5412,False,,complete
(unnamed barbershop_beauty),4108 Live Oak Street,,barbershop_beauty,48113001504,3.0,0,0.312596,0.3073363703237808,0.0,0.0,5413,5413,False,,complete
Suave Elite Barbershop,4540 Ross Avenue,,barbershop_beauty,48113001503,3.0,0,0.334228,0.33364482588453415,0.0,0.0,5414,5414,False,,complete
Chosen Hands Studio,4906 Ross Avenue,,barbershop_beauty,48113001503,3.0,0,0.334228,0.33364482588453415,0.0,0.0,5415,5415,False,,complete
Feather Laundry,4819 Ross Avenue,,laundromat,48113000801,3.0,0,0.325731,0.34400897783154616,0.0,0.0,5416,5416,False,,complete
Estetica Unisex Genesis,4815 Ross Avenue,,barbershop_beauty,48113000801,3.0,0,0.325731,0.34400897783154616,0.0,0.0,5417,5417,False,,complete
Mane Collective,1920 North Haskell Avenue,,barbershop_beauty,48113000801,3.0,0,0.325731,0.34400897783154616,0.0,0.0,5418,5418,False,,complete
Blowouts & Company,3600 Commerce Street,,barbershop_beauty,48113020401,2.0,0,0.361399,0.3976045237540431,0.0,0.0,5419,5419,False,,complete
Bourne Blonde,4528 Cabell Drive,75204,barbershop_beauty,48113000801,3.0,0,0.325731,0.34400897783154616,0.0,0.0,5420,5420,False,,complete
Supreme Beer & Wine,2932 North Buckner Boulevard,,convenience_corner_store,48113012301,2.0,0,0.390365,0.3555686299804548,0.0,0.0,5421,5421,False,,complete
Diamond Braids,3302 North Buckner Boulevard,,barbershop_beauty,48113012302,1.0,0,0.447456,0.5185087228996509,0.0,0.0,5422,5422,False,,complete
Gel Nails,3302 North Buckner Boulevard,,barbershop_beauty,48113012302,1.0,0,0.447456,0.5185087228996509,0.0,0.0,5423,5423,False,,complete
Buckner Wash n Dry,3312 North Buckner Boulevard,,laundromat,48113012302,1.0,0,0.447456,0.5185087228996509,0.0,0.0,5424,5424,False,,complete
(unnamed barbershop_beauty),3312 North Buckner Boulevard,,barbershop_beauty,48113012302,1.0,0,0.447456,0.5185087228996509,0.0,0.0,5425,5425,False,,complete
Payless Convenience,205 North Carroll Avenue,75246,convenience_corner_store,48113001502,2.0,0,0.388917,0.4009421551675779,0.0,0.0,5426,5426,False,,complete
Martin Luther King,2922 Martin Luther King Jr. Blvd.,75215,library,48113020300,1.0,0,0.45436,0.35706723948222857,0.0,0.0,5427,5427,False,,complete
Oak Lawn,4100 Cedar Springs Road,75219,library,48113000501,3.0,0,0.147326,0.029457392721704174,0.0,0.0,5428,5428,False,,complete
