{
  "type": "FeatureCollection",
  "crs": {
    "type": "name",
    "properties": {
      "name": "urn:ogc:def:crs:OGC:1.3:CRS84"
    }
  },
  "features": [
    {
      "type": "Feature",
      "properties": {
        "geoid": "48113000100",
        "n_candidates": 19,
        "n_top100": 0,
        "n_top50_both": 0,
        "best_rank_composite": 1088,
        "best_rank_grounded": 2517,
        "best_site_reach": 4625,
        "best_greedy_pick_order": null,
        "need_composite": 0.397824,
        "need_grounded": 0.301093,
        "tier": 2,
        "tier_label": "Tier 2 (moderate vulnerability)",
        "composite_score": 0.397824,
        "totpop": 3994
      },
      "geometry": {
        "type": "Point",
        "coordinates": [
          -96.738223,
          32.816674
        ]
      }
    },
    {
      "type": "Feature",
      "properties": {
        "geoid": "48113000201",
        "n_candidates": 6,
        "n_top100": 0,
        "n_top50_both": 0,
        "best_rank_composite": 2822,
        "best_rank_grounded": 2719,
        "best_site_reach": 4475,
        "best_greedy_pick_order": null,
        "need_composite": 0.268622,
        "need_grounded": 0.275729,
        "tier": 3,
        "tier_label": "Tier 3 (lower vulnerability)",
        "composite_score": 0.268622,
        "totpop": 2872
      },
      "geometry": {
        "type": "Point",
        "coordinates": [
          -96.757215,
          32.832691
        ]
      }
    },
    {
      "type": "Feature",
      "properties": {
        "geoid": "48113000202",
        "n_candidates": 18,
        "n_top100": 0,
        "n_top50_both": 0,
        "best_rank_composite": 2014,
        "best_rank_grounded": 2064,
        "best_site_reach": 5738,
        "best_greedy_pick_order": null,
        "need_composite": 0.286646,
        "need_grounded": 0.31389,
        "tier": 3,
        "tier_label": "Tier 3 (lower vulnerability)",
        "composite_score": 0.286646,
        "totpop": 3817
      },
      "geometry": {
        "type": "Point",
        "coordinates": [
          -96.765837,
          32.832334
        ]
      }
    },
    {
      "type": "Feature",
      "properties": {
        "geoid": "48113000300",
        "n_candidates": 13,
        "n_top100": 0,
        "n_top50_both": 0,
        "best_rank_composite": 1576,
        "best_rank_grounded": 1696,
        "best_site_reach": 6276,
        "best_greedy_pick_order": 48,
        "need_composite": 0.300036,
        "need_grounded": 0.339671,
        "tier": 3,
        "tier_label": "Tier 3 (lower vulnerability)",
        "composite_score": 0.300036,
        "totpop": 4325
      },
      "geometry": {
        "type": "Point",
        "coordinates": [
          -96.775821,
          32.830627
        ]
      }
    },
    {
      "type": "Feature",
      "properties": {
        "geoid": "48113000401",
        "n_candidates": 27,
        "n_top100": 0,
        "n_top50_both": 0,
        "best_rank_composite": 4738,
        "best_rank_grounded": 4738,
        "best_site_reach": 0,
        "best_greedy_pick_order": null,
        "need_composite": 0.330846,
        "need_grounded": 0.354497,
        "tier": 3,
        "tier_label": "Tier 3 (lower vulnerability)",
        "composite_score": 0.330846,
        "totpop": 4649
      },
      "geometry": {
        "type": "Point",
        "coordinates": [
          -96.827976,
          32.810088
        ]
      }
    },
    {
      "type": "Feature",
      "properties": {
        "geoid": "48113000405",
        "n_candidates": 9,
        "n_top100": 0,
        "n_top50_both": 0,
        "best_rank_composite": 4676,
        "best_rank_grounded": 4676,
        "best_site_reach": 0,
        "best_greedy_pick_order": null,
        "need_composite": 0.315783,
        "need_grounded": 0.299967,
        "tier": 3,
        "tier_label": "Tier 3 (lower vulnerability)",
        "composite_score": 0.315783,
        "totpop": 1971
      },
      "geometry": {
        "type": "Point",
        "coordinates": [
          -96.821194,
          32.813
        ]
      }
    },
    {
      "type": "Feature",
      "properties": {
        "geoid": "48113000407",
        "n_candidates": 4,
        "n_top100": 0,
        "n_top50_both": 0,
        "best_rank_composite": 4712,
        "best_rank_grounded": 4712,
        "best_site_reach": 0,
        "best_greedy_pick_order": null,
        "need_composite": 0.332259,
        "need_grounded": 0.308333,
        "tier": 3,
        "tier_label": "Tier 3 (lower vulnerability)",
        "composite_score": 0.332259,
        "totpop": 2187
      },
      "geometry": {
        "type": "Point",
        "coordinates": [
          -96.831517,
          32.820628
        ]
      }
    },
    {
      "type": "Feature",
      "properties": {
        "geoid": "48113000408",
        "n_candidates": 3,
        "n_top100": 0,
        "n_top50_both": 0,
        "best_rank_composite": 4405,
        "best_rank_grounded": 4516,
        "best_site_reach": 187,
        "best_greedy_pick_order": null,
        "need_composite": 0.272539,
        "need_grounded": 0.13635,
        "tier": 3,
        "tier_label": "Tier 3 (lower vulnerability)",
        "composite_score": 0.272539,
        "totpop": 2301
      },
      "geometry": {
        "type": "Point",
        "coordinates": [
          -96.824663,
          32.818244
        ]
      }
    },
    {
      "type": "Feature",
      "properties": {
        "geoid": "48113000409",
        "n_candidates": 23,
        "n_top100": 0,
        "n_top50_both": 0,
        "best_rank_composite": 3324,
        "best_rank_grounded": 3900,
        "best_site_reach": 3053,
        "best_greedy_pick_order": null,
        "need_composite": 0.278076,
        "need_grounded": 0.154125,
        "tier": 3,
        "tier_label": "Tier 3 (lower vulnerability)",
        "composite_score": 0.278076,
        "totpop": 4157
      },
      "geometry": {
        "type": "Point",
        "coordinates": [
          -96.842644,
          32.826244
        ]
      }
    },
    {
      "type": "Feature",
      "properties": {
        "geoid": "48113000410",
        "n_candidates": 13,
        "n_top100": 0,
        "n_top50_both": 0,
        "best_rank_composite": 172,
        "best_rank_grounded": 822,
        "best_site_reach": 6268,
        "best_greedy_pick_order": null,
        "need_composite": 0.505161,
        "need_grounded": 0.468193,
        "tier": 1,
        "tier_label": "Tier 1 (highest vulnerability)",
        "composite_score": 0.505161,
        "totpop": 4416
      },
      "geometry": {
        "type": "Point",
        "coordinates": [
          -96.868251,
          32.843659
        ]
      }
    },
    {
      "type": "Feature",
      "properties": {
        "geoid": "48113000501",
        "n_candidates": 16,
        "n_top100": 0,
        "n_top50_both": 0,
        "best_rank_composite": 4723,
        "best_rank_grounded": 4723,
        "best_site_reach": 0,
        "best_greedy_pick_order": null,
        "need_composite": 0.147326,
        "need_grounded": 0.029457,
        "tier": 3,
        "tier_label": "Tier 3 (lower vulnerability)",
        "composite_score": 0.147326,
        "totpop": 1945
      },
      "geometry": {
        "type": "Point",
        "coordinates": [
          -96.814575,
          32.811625
        ]
      }
    },
    {
      "type": "Feature",
      "properties": {
        "geoid": "48113000502",
        "n_candidates": 10,
        "n_top100": 0,
        "n_top50_both": 0,
        "best_rank_composite": 4733,
        "best_rank_grounded": 4733,
        "best_site_reach": 0,
        "best_greedy_pick_order": null,
        "need_composite": 0.210272,
        "need_grounded": 0.089479,
        "tier": 3,
        "tier_label": "Tier 3 (lower vulnerability)",
        "composite_score": 0.210272,
        "totpop": 2188
      },
      "geometry": {
        "type": "Point",
        "coordinates": [
          -96.810474,
          32.803213
        ]
      }
    },
    {
      "type": "Feature",
      "properties": {
        "geoid": "48113000503",
        "n_candidates": 2,
        "n_top100": 0,
        "n_top50_both": 0,
        "best_rank_composite": 4824,
        "best_rank_grounded": 4824,
        "best_site_reach": 0,
        "best_greedy_pick_order": null,
        "need_composite": 0.201046,
        "need_grounded": 0.06402,
        "tier": 3,
        "tier_label": "Tier 3 (lower vulnerability)",
        "composite_score": 0.201046,
        "totpop": 2059
      },
      "geometry": {
        "type": "Point",
        "coordinates": [
          -96.815186,
          32.808215
        ]
      }
    },
    {
      "type": "Feature",
      "properties": {
        "geoid": "48113000605",
        "n_candidates": 21,
        "n_top100": 0,
        "n_top50_both": 0,
        "best_rank_composite": 4664,
        "best_rank_grounded": 4664,
        "best_site_reach": 0,
        "best_greedy_pick_order": null,
        "need_composite": 0.160018,
        "need_grounded": 0.107177,
        "tier": 3,
        "tier_label": "Tier 3 (lower vulnerability)",
        "composite_score": 0.160018,
        "totpop": 2304
      },
      "geometry": {
        "type": "Point",
        "coordinates": [
          -96.806822,
          32.810179
        ]
      }
    },
    {
      "type": "Feature",
      "properties": {
        "geoid": "48113000606",
        "n_candidates": 14,
        "n_top100": 0,
        "n_top50_both": 0,
        "best_rank_composite": 4327,
        "best_rank_grounded": 4478,
        "best_site_reach": 659,
        "best_greedy_pick_order": null,
        "need_composite": 0.197032,
        "need_grounded": 0.072999,
        "tier": 3,
        "tier_label": "Tier 3 (lower vulnerability)",
        "composite_score": 0.197032,
        "totpop": 3095
      },
      "geometry": {
        "type": "Point",
        "coordinates": [
          -96.802861,
          32.816164
        ]
      }
    },
    {
      "type": "Feature",
      "properties": {
        "geoid": "48113000607",
        "n_candidates": 3,
        "n_top100": 0,
        "n_top50_both": 0,
        "best_rank_composite": 4254,
        "best_rank_grounded": 4480,
        "best_site_reach": 504,
        "best_greedy_pick_order": null,
        "need_composite": 0.257674,
        "need_grounded": 0.082799,
        "tier": 3,
        "tier_label": "Tier 3 (lower vulnerability)",
        "composite_score": 0.257674,
        "totpop": 1877
      },
      "geometry": {
        "type": "Point",
        "coordinates": [
          -96.806172,
          32.820452
        ]
      }
    },
    {
      "type": "Feature",
      "properties": {
        "geoid": "48113000608",
        "n_candidates": 10,
        "n_top100": 0,
        "n_top50_both": 0,
        "best_rank_composite": 4381,
        "best_rank_grounded": 4523,
        "best_site_reach": 394,
        "best_greedy_pick_order": null,
        "need_composite": 0.215165,
        "need_grounded": 0.075555,
        "tier": 3,
        "tier_label": "Tier 3 (lower vulnerability)",
        "composite_score": 0.215165,
        "totpop": 2427
      },
      "geometry": {
        "type": "Point",
        "coordinates": [
          -96.813162,
          32.818057
        ]
      }
    },
    {
      "type": "Feature",
      "properties": {
        "geoid": "48113000609",
        "n_candidates": 4,
        "n_top100": 0,
        "n_top50_both": 0,
        "best_rank_composite": 1780,
        "best_rank_grounded": 1779,
        "best_site_reach": 4891,
        "best_greedy_pick_order": null,
        "need_composite": 0.330624,
        "need_grounded": 0.41534,
        "tier": 3,
        "tier_label": "Tier 3 (lower vulnerability)",
        "composite_score": 0.330624,
        "totpop": 1606
      },
      "geometry": {
        "type": "Point",
        "coordinates": [
          -96.822645,
          32.82973
        ]
      }
    },
    {
      "type": "Feature",
      "properties": {
        "geoid": "48113000610",
        "n_candidates": 6,
        "n_top100": 0,
        "n_top50_both": 0,
        "best_rank_composite": 1329,
        "best_rank_grounded": 668,
        "best_site_reach": 5079,
        "best_greedy_pick_order": null,
        "need_composite": 0.355225,
        "need_grounded": 0.608106,
        "tier": 2,
        "tier_label": "Tier 2 (moderate vulnerability)",
        "composite_score": 0.355225,
        "totpop": 2401
      },
      "geometry": {
        "type": "Point",
        "coordinates": [
          -96.826337,
          32.826073
        ]
      }
    },
    {
      "type": "Feature",
      "properties": {
        "geoid": "48113000611",
        "n_candidates": 7,
        "n_top100": 0,
        "n_top50_both": 0,
        "best_rank_composite": 2260,
        "best_rank_grounded": 2318,
        "best_site_reach": 5164,
        "best_greedy_pick_order": null,
        "need_composite": 0.289765,
        "need_grounded": 0.307804,
        "tier": 3,
        "tier_label": "Tier 3 (lower vulnerability)",
        "composite_score": 0.289765,
        "totpop": 2042
      },
      "geometry": {
        "type": "Point",
        "coordinates": [
          -96.819972,
          32.820978
        ]
      }
    },
    {
      "type": "Feature",
      "properties": {
        "geoid": "48113000703",
        "n_candidates": 9,
        "n_top100": 0,
        "n_top50_both": 0,
        "best_rank_composite": 3769,
        "best_rank_grounded": 4213,
        "best_site_reach": 3278,
        "best_greedy_pick_order": null,
        "need_composite": 0.228473,
        "need_grounded": 0.071491,
        "tier": 3,
        "tier_label": "Tier 3 (lower vulnerability)",
        "composite_score": 0.228473,
        "totpop": 2940
      },
      "geometry": {
        "type": "Point",
        "coordinates": [
          -96.794863,
          32.812415
        ]
      }
    },
    {
      "type": "Feature",
      "properties": {
        "geoid": "48113000704",
        "n_candidates": 11,
        "n_top100": 0,
        "n_top50_both": 0,
        "best_rank_composite": 4427,
        "best_rank_grounded": 4600,
        "best_site_reach": 494,
        "best_greedy_pick_order": null,
        "need_composite": 0.178403,
        "need_grounded": 0.041257,
        "tier": 3,
        "tier_label": "Tier 3 (lower vulnerability)",
        "composite_score": 0.178403,
        "totpop": 3406
      },
      "geometry": {
        "type": "Point",
        "coordinates": [
          -96.797217,
          32.807572
        ]
      }
    },
    {
      "type": "Feature",
      "properties": {
        "geoid": "48113000705",
        "n_candidates": 24,
        "n_top100": 0,
        "n_top50_both": 0,
        "best_rank_composite": 1663,
        "best_rank_grounded": 1874,
        "best_site_reach": 6465,
        "best_greedy_pick_order": null,
        "need_composite": 0.290215,
        "need_grounded": 0.307457,
        "tier": 3,
        "tier_label": "Tier 3 (lower vulnerability)",
        "composite_score": 0.290215,
        "totpop": 2204
      },
      "geometry": {
        "type": "Point",
        "coordinates": [
          -96.790733,
          32.819861
        ]
      }
    },
    {
      "type": "Feature",
      "properties": {
        "geoid": "48113000706",
        "n_candidates": 19,
        "n_top100": 0,
        "n_top50_both": 0,
        "best_rank_composite": 1584,
        "best_rank_grounded": 1451,
        "best_site_reach": 6915,
        "best_greedy_pick_order": 34,
        "need_composite": 0.284792,
        "need_grounded": 0.341175,
        "tier": 3,
        "tier_label": "Tier 3 (lower vulnerability)",
        "composite_score": 0.284792,
        "totpop": 2023
      },
      "geometry": {
        "type": "Point",
        "coordinates": [
          -96.785103,
          32.827725
        ]
      }
    },
    {
      "type": "Feature",
      "properties": {
        "geoid": "48113000801",
        "n_candidates": 8,
        "n_top100": 0,
        "n_top50_both": 0,
        "best_rank_composite": 4244,
        "best_rank_grounded": 4264,
        "best_site_reach": 339,
        "best_greedy_pick_order": null,
        "need_composite": 0.325731,
        "need_grounded": 0.344009,
        "tier": 3,
        "tier_label": "Tier 3 (lower vulnerability)",
        "composite_score": 0.325731,
        "totpop": 3874
      },
      "geometry": {
        "type": "Point",
        "coordinates": [
          -96.782958,
          32.805675
        ]
      }
    },
    {
      "type": "Feature",
      "properties": {
        "geoid": "48113000802",
        "n_candidates": 15,
        "n_top100": 0,
        "n_top50_both": 0,
        "best_rank_composite": 3346,
        "best_rank_grounded": 3547,
        "best_site_reach": 2807,
        "best_greedy_pick_order": null,
        "need_composite": 0.287798,
        "need_grounded": 0.241445,
        "tier": 3,
        "tier_label": "Tier 3 (lower vulnerability)",
        "composite_score": 0.287798,
        "totpop": 3224
      },
      "geometry": {
        "type": "Point",
        "coordinates": [
          -96.787693,
          32.810428
        ]
      }
    },
    {
      "type": "Feature",
      "properties": {
        "geoid": "48113000901",
        "n_candidates": 22,
        "n_top100": 0,
        "n_top50_both": 0,
        "best_rank_composite": 3005,
        "best_rank_grounded": 4069,
        "best_site_reach": 5967,
        "best_greedy_pick_order": null,
        "need_composite": 0.226352,
        "need_grounded": 0.06716,
        "tier": 3,
        "tier_label": "Tier 3 (lower vulnerability)",
        "composite_score": 0.226352,
        "totpop": 2426
      },
      "geometry": {
        "type": "Point",
        "coordinates": [
          -96.784796,
          32.816588
        ]
      }
    },
    {
      "type": "Feature",
      "properties": {
        "geoid": "48113000902",
        "n_candidates": 7,
        "n_top100": 0,
        "n_top50_both": 0,
        "best_rank_composite": 4117,
        "best_rank_grounded": 4010,
        "best_site_reach": 1217,
        "best_greedy_pick_order": null,
        "need_composite": 0.254292,
        "need_grounded": 0.273254,
        "tier": 3,
        "tier_label": "Tier 3 (lower vulnerability)",
        "composite_score": 0.254292,
        "totpop": 2575
      },
      "geometry": {
        "type": "Point",
        "coordinates": [
          -96.777373,
          32.810488
        ]
      }
    },
    {
      "type": "Feature",
      "properties": {
        "geoid": "48113001001",
        "n_candidates": 2,
        "n_top100": 0,
        "n_top50_both": 0,
        "best_rank_composite": 2081,
        "best_rank_grounded": 2049,
        "best_site_reach": 5895,
        "best_greedy_pick_order": null,
        "need_composite": 0.279548,
        "need_grounded": 0.308196,
        "tier": 3,
        "tier_label": "Tier 3 (lower vulnerability)",
        "composite_score": 0.279548,
        "totpop": 1454
      },
      "geometry": {
        "type": "Point",
        "coordinates": [
          -96.777446,
          32.820323
        ]
      }
    },
    {
      "type": "Feature",
      "properties": {
        "geoid": "48113001002",
        "n_candidates": 23,
        "n_top100": 0,
        "n_top50_both": 0,
        "best_rank_composite": 3942,
        "best_rank_grounded": 4032,
        "best_site_reach": 2496,
        "best_greedy_pick_order": null,
        "need_composite": 0.231113,
        "need_grounded": 0.139237,
        "tier": 3,
        "tier_label": "Tier 3 (lower vulnerability)",
        "composite_score": 0.231113,
        "totpop": 2106
      },
      "geometry": {
        "type": "Point",
        "coordinates": [
          -96.77399,
          32.814233
        ]
      }
    },
    {
      "type": "Feature",
      "properties": {
        "geoid": "48113001101",
        "n_candidates": 17,
        "n_top100": 0,
        "n_top50_both": 0,
        "best_rank_composite": 3341,
        "best_rank_grounded": 3618,
        "best_site_reach": 3374,
        "best_greedy_pick_order": null,
        "need_composite": 0.263308,
        "need_grounded": 0.190306,
        "tier": 3,
        "tier_label": "Tier 3 (lower vulnerability)",
        "composite_score": 0.263308,
        "totpop": 3597
      },
      "geometry": {
        "type": "Point",
        "coordinates": [
          -96.765856,
          32.815614
        ]
      }
    },
    {
      "type": "Feature",
      "properties": {
        "geoid": "48113001102",
        "n_candidates": 8,
        "n_top100": 0,
        "n_top50_both": 0,
        "best_rank_composite": 2824,
        "best_rank_grounded": 2595,
        "best_site_reach": 4647,
        "best_greedy_pick_order": null,
        "need_composite": 0.263865,
        "need_grounded": 0.285464,
        "tier": 3,
        "tier_label": "Tier 3 (lower vulnerability)",
        "composite_score": 0.263865,
        "totpop": 2615
      },
      "geometry": {
        "type": "Point",
        "coordinates": [
          -96.757229,
          32.816674
        ]
      }
    },
    {
      "type": "Feature",
      "properties": {
        "geoid": "48113001202",
        "n_candidates": 39,
        "n_top100": 0,
        "n_top50_both": 0,
        "best_rank_composite": 1487,
        "best_rank_grounded": 2198,
        "best_site_reach": 3836,
        "best_greedy_pick_order": null,
        "need_composite": 0.40997,
        "need_grounded": 0.429587,
        "tier": 2,
        "tier_label": "Tier 2 (moderate vulnerability)",
        "composite_score": 0.40997,
        "totpop": 3744
      },
      "geometry": {
        "type": "Point",
        "coordinates": [
          -96.73215,
          32.802212
        ]
      }
    },
    {
      "type": "Feature",
      "properties": {
        "geoid": "48113001204",
        "n_candidates": 5,
        "n_top100": 0,
        "n_top50_both": 0,
        "best_rank_composite": 2773,
        "best_rank_grounded": 3240,
        "best_site_reach": 2129,
        "best_greedy_pick_order": null,
        "need_composite": 0.421485,
        "need_grounded": 0.397541,
        "tier": 2,
        "tier_label": "Tier 2 (moderate vulnerability)",
        "composite_score": 0.421485,
        "totpop": 2095
      },
      "geometry": {
        "type": "Point",
        "coordinates": [
          -96.748434,
          32.798736
        ]
      }
    },
    {
      "type": "Feature",
      "properties": {
        "geoid": "48113001301",
        "n_candidates": 1,
        "n_top100": 0,
        "n_top50_both": 0,
        "best_rank_composite": 2730,
        "best_rank_grounded": 3033,
        "best_site_reach": 3081,
        "best_greedy_pick_order": null,
        "need_composite": 0.342221,
        "need_grounded": 0.325601,
        "tier": 2,
        "tier_label": "Tier 2 (moderate vulnerability)",
        "composite_score": 0.342221,
        "totpop": 2626
      },
      "geometry": {
        "type": "Point",
        "coordinates": [
          -96.753254,
          32.806023
        ]
      }
    },
    {
      "type": "Feature",
      "properties": {
        "geoid": "48113001302",
        "n_candidates": 7,
        "n_top100": 0,
        "n_top50_both": 0,
        "best_rank_composite": 4279,
        "best_rank_grounded": 4341,
        "best_site_reach": 152,
        "best_greedy_pick_order": null,
        "need_composite": 0.496917,
        "need_grounded": 0.462936,
        "tier": 1,
        "tier_label": "Tier 1 (highest vulnerability)",
        "composite_score": 0.496917,
        "totpop": 2790
      },
      "geometry": {
        "type": "Point",
        "coordinates": [
          -96.763429,
          32.800095
        ]
      }
    },
    {
      "type": "Feature",
      "properties": {
        "geoid": "48113001400",
        "n_candidates": 9,
        "n_top100": 0,
        "n_top50_both": 0,
        "best_rank_composite": 850,
        "best_rank_grounded": 2159,
        "best_site_reach": 4291,
        "best_greedy_pick_order": null,
        "need_composite": 0.439433,
        "need_grounded": 0.394036,
        "tier": 1,
        "tier_label": "Tier 1 (highest vulnerability)",
        "composite_score": 0.439433,
        "totpop": 3161
      },
      "geometry": {
        "type": "Point",
        "coordinates": [
          -96.762464,
          32.807191
        ]
      }
    },
    {
      "type": "Feature",
      "properties": {
        "geoid": "48113001502",
        "n_candidates": 35,
        "n_top100": 0,
        "n_top50_both": 0,
        "best_rank_composite": 4657,
        "best_rank_grounded": 4657,
        "best_site_reach": 0,
        "best_greedy_pick_order": null,
        "need_composite": 0.388917,
        "need_grounded": 0.400942,
        "tier": 2,
        "tier_label": "Tier 2 (moderate vulnerability)",
        "composite_score": 0.388917,
        "totpop": 2668
      },
      "geometry": {
        "type": "Point",
        "coordinates": [
          -96.76892,
          32.793368
        ]
      }
    },
    {
      "type": "Feature",
      "properties": {
        "geoid": "48113001503",
        "n_candidates": 22,
        "n_top100": 0,
        "n_top50_both": 0,
        "best_rank_composite": 4661,
        "best_rank_grounded": 4661,
        "best_site_reach": 0,
        "best_greedy_pick_order": null,
        "need_composite": 0.334228,
        "need_grounded": 0.333645,
        "tier": 3,
        "tier_label": "Tier 3 (lower vulnerability)",
        "composite_score": 0.334228,
        "totpop": 1545
      },
      "geometry": {
        "type": "Point",
        "coordinates": [
          -96.777327,
          32.802962
        ]
      }
    },
    {
      "type": "Feature",
      "properties": {
        "geoid": "48113001504",
        "n_candidates": 15,
        "n_top100": 0,
        "n_top50_both": 0,
        "best_rank_composite": 4732,
        "best_rank_grounded": 4732,
        "best_site_reach": 0,
        "best_greedy_pick_order": null,
        "need_composite": 0.312596,
        "need_grounded": 0.307336,
        "tier": 3,
        "tier_label": "Tier 3 (lower vulnerability)",
        "composite_score": 0.312596,
        "totpop": 2713
      },
      "geometry": {
        "type": "Point",
        "coordinates": [
          -96.773616,
          32.800908
        ]
      }
    },
    {
      "type": "Feature",
      "properties": {
        "geoid": "48113001601",
        "n_candidates": 6,
        "n_top100": 0,
        "n_top50_both": 0,
        "best_rank_composite": 3115,
        "best_rank_grounded": 3021,
        "best_site_reach": 2659,
        "best_greedy_pick_order": null,
        "need_composite": 0.320538,
        "need_grounded": 0.376007,
        "tier": 3,
        "tier_label": "Tier 3 (lower vulnerability)",
        "composite_score": 0.320538,
        "totpop": 2440
      },
      "geometry": {
        "type": "Point",
        "coordinates": [
          -96.789467,
          32.801561
        ]
      }
    },
    {
      "type": "Feature",
      "properties": {
        "geoid": "48113001602",
        "n_candidates": 7,
        "n_top100": 0,
        "n_top50_both": 0,
        "best_rank_composite": 4198,
        "best_rank_grounded": 4456,
        "best_site_reach": 885,
        "best_greedy_pick_order": null,
        "need_composite": 0.242428,
        "need_grounded": 0.070224,
        "tier": 3,
        "tier_label": "Tier 3 (lower vulnerability)",
        "composite_score": 0.242428,
        "totpop": 2639
      },
      "geometry": {
        "type": "Point",
        "coordinates": [
          -96.789063,
          32.79412
        ]
      }
    },
    {
      "type": "Feature",
      "properties": {
        "geoid": "48113001703",
        "n_candidates": 17,
        "n_top100": 0,
        "n_top50_both": 0,
        "best_rank_composite": 3492,
        "best_rank_grounded": 3643,
        "best_site_reach": 4323,
        "best_greedy_pick_order": null,
        "need_composite": 0.224214,
        "need_grounded": 0.150957,
        "tier": 3,
        "tier_label": "Tier 3 (lower vulnerability)",
        "composite_score": 0.224214,
        "totpop": 3129
      },
      "geometry": {
        "type": "Point",
        "coordinates": [
          -96.796778,
          32.799069
        ]
      }
    },
    {
      "type": "Feature",
      "properties": {
        "geoid": "48113001705",
        "n_candidates": 23,
        "n_top100": 0,
        "n_top50_both": 0,
        "best_rank_composite": 3610,
        "best_rank_grounded": 2761,
        "best_site_reach": 4796,
        "best_greedy_pick_order": null,
        "need_composite": 0.209183,
        "need_grounded": 0.254029,
        "tier": 3,
        "tier_label": "Tier 3 (lower vulnerability)",
        "composite_score": 0.209183,
        "totpop": 2823
      },
      "geometry": {
        "type": "Point",
        "coordinates": [
          -96.798028,
          32.791163
        ]
      }
    },
    {
      "type": "Feature",
      "properties": {
        "geoid": "48113001801",
        "n_candidates": 11,
        "n_top100": 0,
        "n_top50_both": 0,
        "best_rank_composite": 3477,
        "best_rank_grounded": 3697,
        "best_site_reach": 4097,
        "best_greedy_pick_order": null,
        "need_composite": 0.229919,
        "need_grounded": 0.150376,
        "tier": 3,
        "tier_label": "Tier 3 (lower vulnerability)",
        "composite_score": 0.229919,
        "totpop": 2460
      },
      "geometry": {
        "type": "Point",
        "coordinates": [
          -96.801311,
          32.803654
        ]
      }
    },
    {
      "type": "Feature",
      "properties": {
        "geoid": "48113001802",
        "n_candidates": 21,
        "n_top100": 0,
        "n_top50_both": 0,
        "best_rank_composite": 3882,
        "best_rank_grounded": 4081,
        "best_site_reach": 4717,
        "best_greedy_pick_order": null,
        "need_composite": 0.193604,
        "need_grounded": 0.076298,
        "tier": 3,
        "tier_label": "Tier 3 (lower vulnerability)",
        "composite_score": 0.193604,
        "totpop": 3051
      },
      "geometry": {
        "type": "Point",
        "coordinates": [
          -96.804744,
          32.798869
        ]
      }
    },
    {
      "type": "Feature",
      "properties": {
        "geoid": "48113001901",
        "n_candidates": 10,
        "n_top100": 0,
        "n_top50_both": 0,
        "best_rank_composite": 3612,
        "best_rank_grounded": 3848,
        "best_site_reach": 3554,
        "best_greedy_pick_order": null,
        "need_composite": 0.233153,
        "need_grounded": 0.146808,
        "tier": 3,
        "tier_label": "Tier 3 (lower vulnerability)",
        "composite_score": 0.233153,
        "totpop": 3848
      },
      "geometry": {
        "type": "Point",
        "coordinates": [
          -96.807052,
          32.793503
        ]
      }
    },
    {
      "type": "Feature",
      "properties": {
        "geoid": "48113001902",
        "n_candidates": 23,
        "n_top100": 0,
        "n_top50_both": 0,
        "best_rank_composite": 3623,
        "best_rank_grounded": 4076,
        "best_site_reach": 2962,
        "best_greedy_pick_order": null,
        "need_composite": 0.250446,
        "need_grounded": 0.104436,
        "tier": 3,
        "tier_label": "Tier 3 (lower vulnerability)",
        "composite_score": 0.250446,
        "totpop": 4667
      },
      "geometry": {
        "type": "Point",
        "coordinates": [
          -96.810198,
          32.790489
        ]
      }
    },
    {
      "type": "Feature",
      "properties": {
        "geoid": "48113002001",
        "n_candidates": 5,
        "n_top100": 0,
        "n_top50_both": 0,
        "best_rank_composite": 936,
        "best_rank_grounded": 709,
        "best_site_reach": 5935,
        "best_greedy_pick_order": 46,
        "need_composite": 0.351191,
        "need_grounded": 0.517663,
        "tier": 2,
        "tier_label": "Tier 2 (moderate vulnerability)",
        "composite_score": 0.351191,
        "totpop": 2492
      },
      "geometry": {
        "type": "Point",
        "coordinates": [
          -96.815121,
          32.761941
        ]
      }
    },
    {
      "type": "Feature",
      "properties": {
        "geoid": "48113002002",
        "n_candidates": 1,
        "n_top100": 0,
        "n_top50_both": 0,
        "best_rank_composite": 509,
        "best_rank_grounded": 325,
        "best_site_reach": 5263,
        "best_greedy_pick_order": null,
        "need_composite": 0.424059,
        "need_grounded": 0.745657,
        "tier": 2,
        "tier_label": "Tier 2 (moderate vulnerability)",
        "composite_score": 0.424059,
        "totpop": 2966
      },
      "geometry": {
        "type": "Point",
        "coordinates": [
          -96.813217,
          32.754209
        ]
      }
    },
    {
      "type": "Feature",
      "properties": {
        "geoid": "48113002100",
        "n_candidates": 33,
        "n_top100": 0,
        "n_top50_both": 0,
        "best_rank_composite": 4470,
        "best_rank_grounded": 3714,
        "best_site_reach": 2964,
        "best_greedy_pick_order": null,
        "need_composite": 0.144522,
        "need_grounded": 0.194884,
        "tier": 3,
        "tier_label": "Tier 3 (lower vulnerability)",
        "composite_score": 0.144522,
        "totpop": 2922
      },
      "geometry": {
        "type": "Point",
        "coordinates": [
          -96.8012,
          32.78407
        ]
      }
    },
    {
      "type": "Feature",
      "properties": {
        "geoid": "48113002200",
        "n_candidates": 23,
        "n_top100": 0,
        "n_top50_both": 0,
        "best_rank_composite": 4699,
        "best_rank_grounded": 4699,
        "best_site_reach": 0,
        "best_greedy_pick_order": null,
        "need_composite": 0.220929,
        "need_grounded": 0.231705,
        "tier": 3,
        "tier_label": "Tier 3 (lower vulnerability)",
        "composite_score": 0.220929,
        "totpop": 2507
      },
      "geometry": {
        "type": "Point",
        "coordinates": [
          -96.781244,
          32.790941
        ]
      }
    },
    {
      "type": "Feature",
      "properties": {
        "geoid": "48113002400",
        "n_candidates": 19,
        "n_top100": 0,
        "n_top50_both": 0,
        "best_rank_composite": 3052,
        "best_rank_grounded": 3517,
        "best_site_reach": 1651,
        "best_greedy_pick_order": null,
        "need_composite": 0.442004,
        "need_grounded": 0.399836,
        "tier": 1,
        "tier_label": "Tier 1 (highest vulnerability)",
        "composite_score": 0.442004,
        "totpop": 2890
      },
      "geometry": {
        "type": "Point",
        "coordinates": [
          -96.754986,
          32.792977
        ]
      }
    },
    {
      "type": "Feature",
      "properties": {
        "geoid": "48113002500",
        "n_candidates": 31,
        "n_top100": 0,
        "n_top50_both": 0,
        "best_rank_composite": 1516,
        "best_rank_grounded": 2332,
        "best_site_reach": 2554,
        "best_greedy_pick_order": null,
        "need_composite": 0.540924,
        "need_grounded": 0.588294,
        "tier": 1,
        "tier_label": "Tier 1 (highest vulnerability)",
        "composite_score": 0.540924,
        "totpop": 5602
      },
      "geometry": {
        "type": "Point",
        "coordinates": [
          -96.748815,
          32.78493
        ]
      }
    },
    {
      "type": "Feature",
      "properties": {
        "geoid": "48113002703",
        "n_candidates": 16,
        "n_top100": 0,
        "n_top50_both": 0,
        "best_rank_composite": 557,
        "best_rank_grounded": 1257,
        "best_site_reach": 4310,
        "best_greedy_pick_order": null,
        "need_composite": 0.478027,
        "need_grounded": 0.574928,
        "tier": 1,
        "tier_label": "Tier 1 (highest vulnerability)",
        "composite_score": 0.478027,
        "totpop": 5828
      },
      "geometry": {
        "type": "Point",
        "coordinates": [
          -96.742625,
          32.773199
        ]
      }
    },
    {
      "type": "Feature",
      "properties": {
        "geoid": "48113003102",
        "n_candidates": 18,
        "n_top100": 0,
        "n_top50_both": 0,
        "best_rank_composite": 4638,
        "best_rank_grounded": 4217,
        "best_site_reach": 921,
        "best_greedy_pick_order": null,
        "need_composite": 0.140103,
        "need_grounded": 0.178389,
        "tier": 3,
        "tier_label": "Tier 3 (lower vulnerability)",
        "composite_score": 0.140103,
        "totpop": 1482
      },
      "geometry": {
        "type": "Point",
        "coordinates": [
          -96.804193,
          32.778404
        ]
      }
    },
    {
      "type": "Feature",
      "properties": {
        "geoid": "48113003103",
        "n_candidates": 30,
        "n_top100": 0,
        "n_top50_both": 0,
        "best_rank_composite": 4291,
        "best_rank_grounded": 4298,
        "best_site_reach": 317,
        "best_greedy_pick_order": null,
        "need_composite": 0.290069,
        "need_grounded": 0.314708,
        "tier": 3,
        "tier_label": "Tier 3 (lower vulnerability)",
        "composite_score": 0.290069,
        "totpop": 2781
      },
      "geometry": {
        "type": "Point",
        "coordinates": [
          -96.794287,
          32.780693
        ]
      }
    },
    {
      "type": "Feature",
      "properties": {
        "geoid": "48113003700",
        "n_candidates": 5,
        "n_top100": 0,
        "n_top50_both": 0,
        "best_rank_composite": 4748,
        "best_rank_grounded": 4748,
        "best_site_reach": 0,
        "best_greedy_pick_order": null,
        "need_composite": 0.53429,
        "need_grounded": 0.427422,
        "tier": 1,
        "tier_label": "Tier 1 (highest vulnerability)",
        "composite_score": 0.53429,
        "totpop": 3295
      },
      "geometry": {
        "type": "Point",
        "coordinates": [
          -96.76163,
          32.762626
        ]
      }
    },
    {
      "type": "Feature",
      "properties": {
        "geoid": "48113004201",
        "n_candidates": 21,
        "n_top100": 0,
        "n_top50_both": 0,
        "best_rank_composite": 912,
        "best_rank_grounded": 796,
        "best_site_reach": 5814,
        "best_greedy_pick_order": null,
        "need_composite": 0.356878,
        "need_grounded": 0.506104,
        "tier": 2,
        "tier_label": "Tier 2 (moderate vulnerability)",
        "composite_score": 0.356878,
        "totpop": 4056
      },
      "geometry": {
        "type": "Point",
        "coordinates": [
          -96.829249,
          32.759322
        ]
      }
    },
    {
      "type": "Feature",
      "properties": {
        "geoid": "48113004202",
        "n_candidates": 14,
        "n_top100": 0,
        "n_top50_both": 0,
        "best_rank_composite": 1038,
        "best_rank_grounded": 969,
        "best_site_reach": 5449,
        "best_greedy_pick_order": null,
        "need_composite": 0.361931,
        "need_grounded": 0.508973,
        "tier": 2,
        "tier_label": "Tier 2 (moderate vulnerability)",
        "composite_score": 0.361931,
        "totpop": 1825
      },
      "geometry": {
        "type": "Point",
        "coordinates": [
          -96.851542,
          32.754995
        ]
      }
    },
    {
      "type": "Feature",
      "properties": {
        "geoid": "48113004300",
        "n_candidates": 26,
        "n_top100": 0,
        "n_top50_both": 0,
        "best_rank_composite": 2910,
        "best_rank_grounded": 1660,
        "best_site_reach": 4672,
        "best_greedy_pick_order": null,
        "need_composite": 0.256532,
        "need_grounded": 0.452787,
        "tier": 3,
        "tier_label": "Tier 3 (lower vulnerability)",
        "composite_score": 0.256532,
        "totpop": 5119
      },
      "geometry": {
        "type": "Point",
        "coordinates": [
          -96.837584,
          32.772032
        ]
      }
    },
    {
      "type": "Feature",
      "properties": {
        "geoid": "48113004400",
        "n_candidates": 3,
        "n_top100": 0,
        "n_top50_both": 0,
        "best_rank_composite": 4037,
        "best_rank_grounded": 3905,
        "best_site_reach": 1273,
        "best_greedy_pick_order": null,
        "need_composite": 0.283344,
        "need_grounded": 0.326964,
        "tier": 3,
        "tier_label": "Tier 3 (lower vulnerability)",
        "composite_score": 0.283344,
        "totpop": 3736
      },
      "geometry": {
        "type": "Point",
        "coordinates": [
          -96.846199,
          32.760219
        ]
      }
    },
    {
      "type": "Feature",
      "properties": {
        "geoid": "48113004500",
        "n_candidates": 25,
        "n_top100": 0,
        "n_top50_both": 0,
        "best_rank_composite": 673,
        "best_rank_grounded": 1331,
        "best_site_reach": 4566,
        "best_greedy_pick_order": null,
        "need_composite": 0.442264,
        "need_grounded": 0.53141,
        "tier": 1,
        "tier_label": "Tier 1 (highest vulnerability)",
        "composite_score": 0.442264,
        "totpop": 5734
      },
      "geometry": {
        "type": "Point",
        "coordinates": [
          -96.865469,
          32.741752
        ]
      }
    },
    {
      "type": "Feature",
      "properties": {
        "geoid": "48113004600",
        "n_candidates": 23,
        "n_top100": 0,
        "n_top50_both": 0,
        "best_rank_composite": 1754,
        "best_rank_grounded": 1164,
        "best_site_reach": 6094,
        "best_greedy_pick_order": 42,
        "need_composite": 0.294375,
        "need_grounded": 0.427711,
        "tier": 3,
        "tier_label": "Tier 3 (lower vulnerability)",
        "composite_score": 0.294375,
        "totpop": 1821
      },
      "geometry": {
        "type": "Point",
        "coordinates": [
          -96.844027,
          32.74635
        ]
      }
    },
    {
      "type": "Feature",
      "properties": {
        "geoid": "48113004700",
        "n_candidates": 49,
        "n_top100": 0,
        "n_top50_both": 0,
        "best_rank_composite": 1970,
        "best_rank_grounded": 431,
        "best_site_reach": 5888,
        "best_greedy_pick_order": null,
        "need_composite": 0.285742,
        "need_grounded": 0.608131,
        "tier": 3,
        "tier_label": "Tier 3 (lower vulnerability)",
        "composite_score": 0.285742,
        "totpop": 2727
      },
      "geometry": {
        "type": "Point",
        "coordinates": [
          -96.830208,
          32.74604
        ]
      }
    },
    {
      "type": "Feature",
      "properties": {
        "geoid": "48113004800",
        "n_candidates": 13,
        "n_top100": 0,
        "n_top50_both": 0,
        "best_rank_composite": 1247,
        "best_rank_grounded": 659,
        "best_site_reach": 4222,
        "best_greedy_pick_order": null,
        "need_composite": 0.408939,
        "need_grounded": 0.727183,
        "tier": 2,
        "tier_label": "Tier 2 (moderate vulnerability)",
        "composite_score": 0.408939,
        "totpop": 2561
      },
      "geometry": {
        "type": "Point",
        "coordinates": [
          -96.817762,
          32.741896
        ]
      }
    },
    {
      "type": "Feature",
      "properties": {
        "geoid": "48113005000",
        "n_candidates": 30,
        "n_top100": 0,
        "n_top50_both": 0,
        "best_rank_composite": 720,
        "best_rank_grounded": 322,
        "best_site_reach": 5888,
        "best_greedy_pick_order": null,
        "need_composite": 0.36994,
        "need_grounded": 0.672511,
        "tier": 2,
        "tier_label": "Tier 2 (moderate vulnerability)",
        "composite_score": 0.36994,
        "totpop": 3372
      },
      "geometry": {
        "type": "Point",
        "coordinates": [
          -96.830607,
          32.738132
        ]
      }
    },
    {
      "type": "Feature",
      "properties": {
        "geoid": "48113005100",
        "n_candidates": 6,
        "n_top100": 0,
        "n_top50_both": 0,
        "best_rank_composite": 441,
        "best_rank_grounded": 344,
        "best_site_reach": 5926,
        "best_greedy_pick_order": null,
        "need_composite": 0.407802,
        "need_grounded": 0.649497,
        "tier": 2,
        "tier_label": "Tier 2 (moderate vulnerability)",
        "composite_score": 0.407802,
        "totpop": 2595
      },
      "geometry": {
        "type": "Point",
        "coordinates": [
          -96.840892,
          32.736519
        ]
      }
    },
    {
      "type": "Feature",
      "properties": {
        "geoid": "48113005200",
        "n_candidates": 19,
        "n_top100": 0,
        "n_top50_both": 0,
        "best_rank_composite": 783,
        "best_rank_grounded": 664,
        "best_site_reach": 6294,
        "best_greedy_pick_order": null,
        "need_composite": 0.34866,
        "need_grounded": 0.496778,
        "tier": 2,
        "tier_label": "Tier 2 (moderate vulnerability)",
        "composite_score": 0.34866,
        "totpop": 4561
      },
      "geometry": {
        "type": "Point",
        "coordinates": [
          -96.850515,
          32.741176
        ]
      }
    },
    {
      "type": "Feature",
      "properties": {
        "geoid": "48113005300",
        "n_candidates": 12,
        "n_top100": 0,
        "n_top50_both": 0,
        "best_rank_composite": 339,
        "best_rank_grounded": 215,
        "best_site_reach": 7292,
        "best_greedy_pick_order": 32,
        "need_composite": 0.379538,
        "need_grounded": 0.623868,
        "tier": 2,
        "tier_label": "Tier 2 (moderate vulnerability)",
        "composite_score": 0.379538,
        "totpop": 6606
      },
      "geometry": {
        "type": "Point",
        "coordinates": [
          -96.859038,
          32.733422
        ]
      }
    },
    {
      "type": "Feature",
      "properties": {
        "geoid": "48113005400",
        "n_candidates": 11,
        "n_top100": 0,
        "n_top50_both": 0,
        "best_rank_composite": 1468,
        "best_rank_grounded": 1494,
        "best_site_reach": 3770,
        "best_greedy_pick_order": null,
        "need_composite": 0.416827,
        "need_grounded": 0.590008,
        "tier": 2,
        "tier_label": "Tier 2 (moderate vulnerability)",
        "composite_score": 0.416827,
        "totpop": 5336
      },
      "geometry": {
        "type": "Point",
        "coordinates": [
          -96.818392,
          32.728135
        ]
      }
    },
    {
      "type": "Feature",
      "properties": {
        "geoid": "48113005500",
        "n_candidates": 17,
        "n_top100": 0,
        "n_top50_both": 0,
        "best_rank_composite": 2461,
        "best_rank_grounded": 2615,
        "best_site_reach": 2526,
        "best_greedy_pick_order": null,
        "need_composite": 0.425723,
        "need_grounded": 0.493717,
        "tier": 2,
        "tier_label": "Tier 2 (moderate vulnerability)",
        "composite_score": 0.425723,
        "totpop": 4182
      },
      "geometry": {
        "type": "Point",
        "coordinates": [
          -96.801267,
          32.726385
        ]
      }
    },
    {
      "type": "Feature",
      "properties": {
        "geoid": "48113005600",
        "n_candidates": 18,
        "n_top100": 0,
        "n_top50_both": 0,
        "best_rank_composite": 746,
        "best_rank_grounded": 1082,
        "best_site_reach": 5040,
        "best_greedy_pick_order": null,
        "need_composite": 0.404975,
        "need_grounded": 0.527349,
        "tier": 2,
        "tier_label": "Tier 2 (moderate vulnerability)",
        "composite_score": 0.404975,
        "totpop": 7850
      },
      "geometry": {
        "type": "Point",
        "coordinates": [
          -96.819982,
          32.71092
        ]
      }
    },
    {
      "type": "Feature",
      "properties": {
        "geoid": "48113005700",
        "n_candidates": 23,
        "n_top100": 0,
        "n_top50_both": 0,
        "best_rank_composite": 2508,
        "best_rank_grounded": 2372,
        "best_site_reach": 2552,
        "best_greedy_pick_order": null,
        "need_composite": 0.419155,
        "need_grounded": 0.575526,
        "tier": 2,
        "tier_label": "Tier 2 (moderate vulnerability)",
        "composite_score": 0.419155,
        "totpop": 5299
      },
      "geometry": {
        "type": "Point",
        "coordinates": [
          -96.800241,
          32.699001
        ]
      }
    },
    {
      "type": "Feature",
      "properties": {
        "geoid": "48113005901",
        "n_candidates": 9,
        "n_top100": 0,
        "n_top50_both": 0,
        "best_rank_composite": 3634,
        "best_rank_grounded": 3528,
        "best_site_reach": 1331,
        "best_greedy_pick_order": null,
        "need_composite": 0.384476,
        "need_grounded": 0.48463,
        "tier": 2,
        "tier_label": "Tier 2 (moderate vulnerability)",
        "composite_score": 0.384476,
        "totpop": 5291
      },
      "geometry": {
        "type": "Point",
        "coordinates": [
          -96.809144,
          32.694919
        ]
      }
    },
    {
      "type": "Feature",
      "properties": {
        "geoid": "48113005902",
        "n_candidates": 3,
        "n_top100": 0,
        "n_top50_both": 0,
        "best_rank_composite": 1965,
        "best_rank_grounded": 1343,
        "best_site_reach": 3874,
        "best_greedy_pick_order": null,
        "need_composite": 0.362468,
        "need_grounded": 0.617407,
        "tier": 2,
        "tier_label": "Tier 2 (moderate vulnerability)",
        "composite_score": 0.362468,
        "totpop": 4786
      },
      "geometry": {
        "type": "Point",
        "coordinates": [
          -96.81887,
          32.695407
        ]
      }
    },
    {
      "type": "Feature",
      "properties": {
        "geoid": "48113006001",
        "n_candidates": 6,
        "n_top100": 0,
        "n_top50_both": 0,
        "best_rank_composite": 182,
        "best_rank_grounded": 186,
        "best_site_reach": 7486,
        "best_greedy_pick_order": 19,
        "need_composite": 0.437383,
        "need_grounded": 0.658907,
        "tier": 1,
        "tier_label": "Tier 1 (highest vulnerability)",
        "composite_score": 0.437383,
        "totpop": 3680
      },
      "geometry": {
        "type": "Point",
        "coordinates": [
          -96.835786,
          32.705665
        ]
      }
    },
    {
      "type": "Feature",
      "properties": {
        "geoid": "48113006002",
        "n_candidates": 10,
        "n_top100": 0,
        "n_top50_both": 0,
        "best_rank_composite": 303,
        "best_rank_grounded": 287,
        "best_site_reach": 6205,
        "best_greedy_pick_order": null,
        "need_composite": 0.436995,
        "need_grounded": 0.662824,
        "tier": 1,
        "tier_label": "Tier 1 (highest vulnerability)",
        "composite_score": 0.436995,
        "totpop": 6148
      },
      "geometry": {
        "type": "Point",
        "coordinates": [
          -96.831067,
          32.699132
        ]
      }
    },
    {
      "type": "Feature",
      "properties": {
        "geoid": "48113006100",
        "n_candidates": 8,
        "n_top100": 0,
        "n_top50_both": 0,
        "best_rank_composite": 241,
        "best_rank_grounded": 235,
        "best_site_reach": 6451,
        "best_greedy_pick_order": null,
        "need_composite": 0.446816,
        "need_grounded": 0.67862,
        "tier": 1,
        "tier_label": "Tier 1 (highest vulnerability)",
        "composite_score": 0.446816,
        "totpop": 4850
      },
      "geometry": {
        "type": "Point",
        "coordinates": [
          -96.848626,
          32.698645
        ]
      }
    },
    {
      "type": "Feature",
      "properties": {
        "geoid": "48113006200",
        "n_candidates": 8,
        "n_top100": 0,
        "n_top50_both": 0,
        "best_rank_composite": 988,
        "best_rank_grounded": 400,
        "best_site_reach": 5812,
        "best_greedy_pick_order": null,
        "need_composite": 0.351452,
        "need_grounded": 0.629941,
        "tier": 2,
        "tier_label": "Tier 2 (moderate vulnerability)",
        "composite_score": 0.351452,
        "totpop": 6315
      },
      "geometry": {
        "type": "Point",
        "coordinates": [
          -96.833246,
          32.723779
        ]
      }
    },
    {
      "type": "Feature",
      "properties": {
        "geoid": "48113006301",
        "n_candidates": 3,
        "n_top100": 0,
        "n_top50_both": 0,
        "best_rank_composite": 771,
        "best_rank_grounded": 1053,
        "best_site_reach": 4909,
        "best_greedy_pick_order": null,
        "need_composite": 0.408513,
        "need_grounded": 0.544849,
        "tier": 2,
        "tier_label": "Tier 2 (moderate vulnerability)",
        "composite_score": 0.408513,
        "totpop": 6208
      },
      "geometry": {
        "type": "Point",
        "coordinates": [
          -96.848625,
          32.712947
        ]
      }
    },
    {
      "type": "Feature",
      "properties": {
        "geoid": "48113006302",
        "n_candidates": 21,
        "n_top100": 0,
        "n_top50_both": 0,
        "best_rank_composite": 732,
        "best_rank_grounded": 981,
        "best_site_reach": 5992,
        "best_greedy_pick_order": 45,
        "need_composite": 0.364317,
        "need_grounded": 0.463196,
        "tier": 2,
        "tier_label": "Tier 2 (moderate vulnerability)",
        "composite_score": 0.364317,
        "totpop": 4079
      },
      "geometry": {
        "type": "Point",
        "coordinates": [
          -96.847437,
          32.726657
        ]
      }
    },
    {
      "type": "Feature",
      "properties": {
        "geoid": "48113006402",
        "n_candidates": 12,
        "n_top100": 0,
        "n_top50_both": 0,
        "best_rank_composite": 331,
        "best_rank_grounded": 222,
        "best_site_reach": 7701,
        "best_greedy_pick_order": 16,
        "need_composite": 0.368137,
        "need_grounded": 0.584028,
        "tier": 2,
        "tier_label": "Tier 2 (moderate vulnerability)",
        "composite_score": 0.368137,
        "totpop": 4995
      },
      "geometry": {
        "type": "Point",
        "coordinates": [
          -96.873247,
          32.727699
        ]
      }
    },
    {
      "type": "Feature",
      "properties": {
        "geoid": "48113006501",
        "n_candidates": 1,
        "n_top100": 0,
        "n_top50_both": 0,
        "best_rank_composite": 586,
        "best_rank_grounded": 379,
        "best_site_reach": 6589,
        "best_greedy_pick_order": null,
        "need_composite": 0.359501,
        "need_grounded": 0.566834,
        "tier": 2,
        "tier_label": "Tier 2 (moderate vulnerability)",
        "composite_score": 0.359501,
        "totpop": 5658
      },
      "geometry": {
        "type": "Point",
        "coordinates": [
          -96.894676,
          32.728021
        ]
      }
    },
    {
      "type": "Feature",
      "properties": {
        "geoid": "48113006502",
        "n_candidates": 11,
        "n_top100": 0,
        "n_top50_both": 0,
        "best_rank_composite": 507,
        "best_rank_grounded": 418,
        "best_site_reach": 6480,
        "best_greedy_pick_order": null,
        "need_composite": 0.370886,
        "need_grounded": 0.560431,
        "tier": 2,
        "tier_label": "Tier 2 (moderate vulnerability)",
        "composite_score": 0.370886,
        "totpop": 4162
      },
      "geometry": {
        "type": "Point",
        "coordinates": [
          -96.884846,
          32.721934
        ]
      }
    },
    {
      "type": "Feature",
      "properties": {
        "geoid": "48113006701",
        "n_candidates": 3,
        "n_top100": 0,
        "n_top50_both": 0,
        "best_rank_composite": 2767,
        "best_rank_grounded": 2414,
        "best_site_reach": 2168,
        "best_greedy_pick_order": null,
        "need_composite": 0.417881,
        "need_grounded": 0.653206,
        "tier": 2,
        "tier_label": "Tier 2 (moderate vulnerability)",
        "composite_score": 0.417881,
        "totpop": 4800
      },
      "geometry": {
        "type": "Point",
        "coordinates": [
          -96.895975,
          32.742267
        ]
      }
    },
    {
      "type": "Feature",
      "properties": {
        "geoid": "48113006702",
        "n_candidates": 9,
        "n_top100": 0,
        "n_top50_both": 0,
        "best_rank_composite": 1194,
        "best_rank_grounded": 1369,
        "best_site_reach": 5281,
        "best_greedy_pick_order": null,
        "need_composite": 0.358808,
        "need_grounded": 0.456604,
        "tier": 2,
        "tier_label": "Tier 2 (moderate vulnerability)",
        "composite_score": 0.358808,
        "totpop": 2425
      },
      "geometry": {
        "type": "Point",
        "coordinates": [
          -96.87753,
          32.741724
        ]
      }
    },
    {
      "type": "Feature",
      "properties": {
        "geoid": "48113006800",
        "n_candidates": 20,
        "n_top100": 0,
        "n_top50_both": 0,
        "best_rank_composite": 3094,
        "best_rank_grounded": 2919,
        "best_site_reach": 2554,
        "best_greedy_pick_order": null,
        "need_composite": 0.330295,
        "need_grounded": 0.415102,
        "tier": 3,
        "tier_label": "Tier 3 (lower vulnerability)",
        "composite_score": 0.330295,
        "totpop": 5078
      },
      "geometry": {
        "type": "Point",
        "coordinates": [
          -96.863187,
          32.755851
        ]
      }
    },
    {
      "type": "Feature",
      "properties": {
        "geoid": "48113006900",
        "n_candidates": 8,
        "n_top100": 0,
        "n_top50_both": 0,
        "best_rank_composite": 4656,
        "best_rank_grounded": 4656,
        "best_site_reach": 0,
        "best_greedy_pick_order": null,
        "need_composite": 0.367692,
        "need_grounded": 0.434618,
        "tier": 2,
        "tier_label": "Tier 2 (moderate vulnerability)",
        "composite_score": 0.367692,
        "totpop": 3837
      },
      "geometry": {
        "type": "Point",
        "coordinates": [
          -96.865998,
          32.76089
        ]
      }
    },
    {
      "type": "Feature",
      "properties": {
        "geoid": "48113007101",
        "n_candidates": 19,
        "n_top100": 0,
        "n_top50_both": 0,
        "best_rank_composite": 1842,
        "best_rank_grounded": 1810,
        "best_site_reach": 5115,
        "best_greedy_pick_order": null,
        "need_composite": 0.318471,
        "need_grounded": 0.391976,
        "tier": 3,
        "tier_label": "Tier 3 (lower vulnerability)",
        "composite_score": 0.318471,
        "totpop": 2136
      },
      "geometry": {
        "type": "Point",
        "coordinates": [
          -96.81775,
          32.843879
        ]
      }
    },
    {
      "type": "Feature",
      "properties": {
        "geoid": "48113007102",
        "n_candidates": 13,
        "n_top100": 0,
        "n_top50_both": 0,
        "best_rank_composite": 1001,
        "best_rank_grounded": 2090,
        "best_site_reach": 3776,
        "best_greedy_pick_order": null,
        "need_composite": 0.464441,
        "need_grounded": 0.455858,
        "tier": 1,
        "tier_label": "Tier 1 (highest vulnerability)",
        "composite_score": 0.464441,
        "totpop": 4800
      },
      "geometry": {
        "type": "Point",
        "coordinates": [
          -96.828054,
          32.840694
        ]
      }
    },
    {
      "type": "Feature",
      "properties": {
        "geoid": "48113007203",
        "n_candidates": 3,
        "n_top100": 3,
        "n_top50_both": 0,
        "best_rank_composite": 70,
        "best_rank_grounded": 90,
        "best_site_reach": 9573,
        "best_greedy_pick_order": null,
        "need_composite": 0.520906,
        "need_grounded": 0.769357,
        "tier": 1,
        "tier_label": "Tier 1 (highest vulnerability)",
        "composite_score": 0.520906,
        "totpop": 3512
      },
      "geometry": {
        "type": "Point",
        "coordinates": [
          -96.876529,
          32.853736
        ]
      }
    },
    {
      "type": "Feature",
      "properties": {
        "geoid": "48113007204",
        "n_candidates": 23,
        "n_top100": 17,
        "n_top50_both": 3,
        "best_rank_composite": 27,
        "best_rank_grounded": 42,
        "best_site_reach": 12363,
        "best_greedy_pick_order": 33,
        "need_composite": 0.510326,
        "need_grounded": 0.769976,
        "tier": 1,
        "tier_label": "Tier 1 (highest vulnerability)",
        "composite_score": 0.510326,
        "totpop": 4326
      },
      "geometry": {
        "type": "Point",
        "coordinates": [
          -96.873941,
          32.86067
        ]
      }
    },
    {
      "type": "Feature",
      "properties": {
        "geoid": "48113007205",
        "n_candidates": 5,
        "n_top100": 5,
        "n_top50_both": 5,
        "best_rank_composite": 1,
        "best_rank_grounded": 5,
        "best_site_reach": 14289,
        "best_greedy_pick_order": 3,
        "need_composite": 0.566645,
        "need_grounded": 0.839577,
        "tier": 1,
        "tier_label": "Tier 1 (highest vulnerability)",
        "composite_score": 0.566645,
        "totpop": 4947
      },
      "geometry": {
        "type": "Point",
        "coordinates": [
          -96.868543,
          32.862722
        ]
      }
    },
    {
      "type": "Feature",
      "properties": {
        "geoid": "48113007206",
        "n_candidates": 13,
        "n_top100": 10,
        "n_top50_both": 8,
        "best_rank_composite": 4,
        "best_rank_grounded": 12,
        "best_site_reach": 12256,
        "best_greedy_pick_order": null,
        "need_composite": 0.605465,
        "need_grounded": 0.904741,
        "tier": 1,
        "tier_label": "Tier 1 (highest vulnerability)",
        "composite_score": 0.605465,
        "totpop": 3244
      },
      "geometry": {
        "type": "Point",
        "coordinates": [
          -96.86189,
          32.86113
        ]
      }
    },
    {
      "type": "Feature",
      "properties": {
        "geoid": "48113007301",
        "n_candidates": 41,
        "n_top100": 0,
        "n_top50_both": 0,
        "best_rank_composite": 2002,
        "best_rank_grounded": 2574,
        "best_site_reach": 4860,
        "best_greedy_pick_order": null,
        "need_composite": 0.314476,
        "need_grounded": 0.277436,
        "tier": 3,
        "tier_label": "Tier 3 (lower vulnerability)",
        "composite_score": 0.314476,
        "totpop": 1783
      },
      "geometry": {
        "type": "Point",
        "coordinates": [
          -96.814905,
          32.85861
        ]
      }
    },
    {
      "type": "Feature",
      "properties": {
        "geoid": "48113007302",
        "n_candidates": 19,
        "n_top100": 0,
        "n_top50_both": 0,
        "best_rank_composite": 1346,
        "best_rank_grounded": 2728,
        "best_site_reach": 3846,
        "best_greedy_pick_order": null,
        "need_composite": 0.422574,
        "need_grounded": 0.314246,
        "tier": 2,
        "tier_label": "Tier 2 (moderate vulnerability)",
        "composite_score": 0.422574,
        "totpop": 3973
      },
      "geometry": {
        "type": "Point",
        "coordinates": [
          -96.835801,
          32.858686
        ]
      }
    },
    {
      "type": "Feature",
      "properties": {
        "geoid": "48113007601",
        "n_candidates": 1,
        "n_top100": 0,
        "n_top50_both": 0,
        "best_rank_composite": 3032,
        "best_rank_grounded": 3485,
        "best_site_reach": 2396,
        "best_greedy_pick_order": null,
        "need_composite": 0.352392,
        "need_grounded": 0.296858,
        "tier": 2,
        "tier_label": "Tier 2 (moderate vulnerability)",
        "composite_score": 0.352392,
        "totpop": 1745
      },
      "geometry": {
        "type": "Point",
        "coordinates": [
          -96.829749,
          32.887605
        ]
      }
    },
    {
      "type": "Feature",
      "properties": {
        "geoid": "48113007604",
        "n_candidates": 4,
        "n_top100": 0,
        "n_top50_both": 0,
        "best_rank_composite": 3255,
        "best_rank_grounded": 3653,
        "best_site_reach": 2184,
        "best_greedy_pick_order": null,
        "need_composite": 0.342274,
        "need_grounded": 0.267213,
        "tier": 2,
        "tier_label": "Tier 2 (moderate vulnerability)",
        "composite_score": 0.342274,
        "totpop": 2846
      },
      "geometry": {
        "type": "Point",
        "coordinates": [
          -96.795359,
          32.887479
        ]
      }
    },
    {
      "type": "Feature",
      "properties": {
        "geoid": "48113007605",
        "n_candidates": 5,
        "n_top100": 0,
        "n_top50_both": 0,
        "best_rank_composite": 3292,
        "best_rank_grounded": 3666,
        "best_site_reach": 1984,
        "best_greedy_pick_order": null,
        "need_composite": 0.35739,
        "need_grounded": 0.287122,
        "tier": 2,
        "tier_label": "Tier 2 (moderate vulnerability)",
        "composite_score": 0.35739,
        "totpop": 1605
      },
      "geometry": {
        "type": "Point",
        "coordinates": [
          -96.812455,
          32.887473
        ]
      }
    },
    {
      "type": "Feature",
      "properties": {
        "geoid": "48113007701",
        "n_candidates": 4,
        "n_top100": 0,
        "n_top50_both": 0,
        "best_rank_composite": 1960,
        "best_rank_grounded": 2167,
        "best_site_reach": 5095,
        "best_greedy_pick_order": null,
        "need_composite": 0.309786,
        "need_grounded": 0.335013,
        "tier": 3,
        "tier_label": "Tier 3 (lower vulnerability)",
        "composite_score": 0.309786,
        "totpop": 1971
      },
      "geometry": {
        "type": "Point",
        "coordinates": [
          -96.791061,
          32.869463
        ]
      }
    },
    {
      "type": "Feature",
      "properties": {
        "geoid": "48113007702",
        "n_candidates": 2,
        "n_top100": 0,
        "n_top50_both": 0,
        "best_rank_composite": 2076,
        "best_rank_grounded": 2703,
        "best_site_reach": 4177,
        "best_greedy_pick_order": null,
        "need_composite": 0.337098,
        "need_grounded": 0.295018,
        "tier": 3,
        "tier_label": "Tier 3 (lower vulnerability)",
        "composite_score": 0.337098,
        "totpop": 3252
      },
      "geometry": {
        "type": "Point",
        "coordinates": [
          -96.799763,
          32.872988
        ]
      }
    },
    {
      "type": "Feature",
      "properties": {
        "geoid": "48113007801",
        "n_candidates": 7,
        "n_top100": 0,
        "n_top50_both": 0,
        "best_rank_composite": 2414,
        "best_rank_grounded": 2611,
        "best_site_reach": 3608,
        "best_greedy_pick_order": null,
        "need_composite": 0.343253,
        "need_grounded": 0.355062,
        "tier": 2,
        "tier_label": "Tier 2 (moderate vulnerability)",
        "composite_score": 0.343253,
        "totpop": 2315
      },
      "geometry": {
        "type": "Point",
        "coordinates": [
          -96.778545,
          32.872962
        ]
      }
    },
    {
      "type": "Feature",
      "properties": {
        "geoid": "48113007805",
        "n_candidates": 14,
        "n_top100": 0,
        "n_top50_both": 0,
        "best_rank_composite": 543,
        "best_rank_grounded": 391,
        "best_site_reach": 6708,
        "best_greedy_pick_order": 27,
        "need_composite": 0.359446,
        "need_grounded": 0.553929,
        "tier": 2,
        "tier_label": "Tier 2 (moderate vulnerability)",
        "composite_score": 0.359446,
        "totpop": 2509
      },
      "geometry": {
        "type": "Point",
        "coordinates": [
          -96.757389,
          32.899307
        ]
      }
    },
    {
      "type": "Feature",
      "properties": {
        "geoid": "48113007809",
        "n_candidates": 25,
        "n_top100": 0,
        "n_top50_both": 0,
        "best_rank_composite": 161,
        "best_rank_grounded": 176,
        "best_site_reach": 10332,
        "best_greedy_pick_order": null,
        "need_composite": 0.368929,
        "need_grounded": 0.496318,
        "tier": 2,
        "tier_label": "Tier 2 (moderate vulnerability)",
        "composite_score": 0.368929,
        "totpop": 3138
      },
      "geometry": {
        "type": "Point",
        "coordinates": [
          -96.741044,
          32.860934
        ]
      }
    },
    {
      "type": "Feature",
      "properties": {
        "geoid": "48113007810",
        "n_candidates": 12,
        "n_top100": 0,
        "n_top50_both": 0,
        "best_rank_composite": 1977,
        "best_rank_grounded": 1188,
        "best_site_reach": 6306,
        "best_greedy_pick_order": null,
        "need_composite": 0.275834,
        "need_grounded": 0.411379,
        "tier": 3,
        "tier_label": "Tier 3 (lower vulnerability)",
        "composite_score": 0.275834,
        "totpop": 4219
      },
      "geometry": {
        "type": "Point",
        "coordinates": [
          -96.738949,
          32.908298
        ]
      }
    },
    {
      "type": "Feature",
      "properties": {
        "geoid": "48113007812",
        "n_candidates": 2,
        "n_top100": 0,
        "n_top50_both": 0,
        "best_rank_composite": 3497,
        "best_rank_grounded": 3587,
        "best_site_reach": 2414,
        "best_greedy_pick_order": null,
        "need_composite": 0.290342,
        "need_grounded": 0.266874,
        "tier": 3,
        "tier_label": "Tier 3 (lower vulnerability)",
        "composite_score": 0.290342,
        "totpop": 2780
      },
      "geometry": {
        "type": "Point",
        "coordinates": [
          -96.747064,
          32.887388
        ]
      }
    },
    {
      "type": "Feature",
      "properties": {
        "geoid": "48113007815",
        "n_candidates": 23,
        "n_top100": 14,
        "n_top50_both": 9,
        "best_rank_composite": 7,
        "best_rank_grounded": 3,
        "best_site_reach": 17437,
        "best_greedy_pick_order": 1,
        "need_composite": 0.453707,
        "need_grounded": 0.729625,
        "tier": 1,
        "tier_label": "Tier 1 (highest vulnerability)",
        "composite_score": 0.453707,
        "totpop": 5044
      },
      "geometry": {
        "type": "Point",
        "coordinates": [
          -96.755401,
          32.88064
        ]
      }
    },
    {
      "type": "Feature",
      "properties": {
        "geoid": "48113007819",
        "n_candidates": 11,
        "n_top100": 0,
        "n_top50_both": 0,
        "best_rank_composite": 121,
        "best_rank_grounded": 62,
        "best_site_reach": 13768,
        "best_greedy_pick_order": 20,
        "need_composite": 0.33729,
        "need_grounded": 0.606287,
        "tier": 3,
        "tier_label": "Tier 3 (lower vulnerability)",
        "composite_score": 0.33729,
        "totpop": 2311
      },
      "geometry": {
        "type": "Point",
        "coordinates": [
          -96.762395,
          32.865674
        ]
      }
    },
    {
      "type": "Feature",
      "properties": {
        "geoid": "48113007821",
        "n_candidates": 12,
        "n_top100": 7,
        "n_top50_both": 7,
        "best_rank_composite": 31,
        "best_rank_grounded": 16,
        "best_site_reach": 16489,
        "best_greedy_pick_order": null,
        "need_composite": 0.408663,
        "need_grounded": 0.66523,
        "tier": 2,
        "tier_label": "Tier 2 (moderate vulnerability)",
        "composite_score": 0.408663,
        "totpop": 3637
      },
      "geometry": {
        "type": "Point",
        "coordinates": [
          -96.750238,
          32.872717
        ]
      }
    },
    {
      "type": "Feature",
      "properties": {
        "geoid": "48113007822",
        "n_candidates": 49,
        "n_top100": 0,
        "n_top50_both": 0,
        "best_rank_composite": 148,
        "best_rank_grounded": 148,
        "best_site_reach": 13001,
        "best_greedy_pick_order": null,
        "need_composite": 0.326831,
        "need_grounded": 0.42988,
        "tier": 3,
        "tier_label": "Tier 3 (lower vulnerability)",
        "composite_score": 0.326831,
        "totpop": 1932
      },
      "geometry": {
        "type": "Point",
        "coordinates": [
          -96.766016,
          32.876346
        ]
      }
    },
    {
      "type": "Feature",
      "properties": {
        "geoid": "48113007823",
        "n_candidates": 7,
        "n_top100": 0,
        "n_top50_both": 0,
        "best_rank_composite": 1268,
        "best_rank_grounded": 1015,
        "best_site_reach": 5506,
        "best_greedy_pick_order": null,
        "need_composite": 0.344607,
        "need_grounded": 0.495411,
        "tier": 2,
        "tier_label": "Tier 2 (moderate vulnerability)",
        "composite_score": 0.344607,
        "totpop": 2695
      },
      "geometry": {
        "type": "Point",
        "coordinates": [
          -96.764869,
          32.894064
        ]
      }
    },
    {
      "type": "Feature",
      "properties": {
        "geoid": "48113007824",
        "n_candidates": 5,
        "n_top100": 0,
        "n_top50_both": 0,
        "best_rank_composite": 1894,
        "best_rank_grounded": 2239,
        "best_site_reach": 5417,
        "best_greedy_pick_order": null,
        "need_composite": 0.305136,
        "need_grounded": 0.308,
        "tier": 3,
        "tier_label": "Tier 3 (lower vulnerability)",
        "composite_score": 0.305136,
        "totpop": 1852
      },
      "geometry": {
        "type": "Point",
        "coordinates": [
          -96.738305,
          32.876838
        ]
      }
    },
    {
      "type": "Feature",
      "properties": {
        "geoid": "48113007825",
        "n_candidates": 12,
        "n_top100": 0,
        "n_top50_both": 0,
        "best_rank_composite": 2227,
        "best_rank_grounded": 1913,
        "best_site_reach": 4503,
        "best_greedy_pick_order": null,
        "need_composite": 0.313375,
        "need_grounded": 0.42095,
        "tier": 3,
        "tier_label": "Tier 3 (lower vulnerability)",
        "composite_score": 0.313375,
        "totpop": 4917
      },
      "geometry": {
        "type": "Point",
        "coordinates": [
          -96.73307,
          32.893679
        ]
      }
    },
    {
      "type": "Feature",
      "properties": {
        "geoid": "48113007826",
        "n_candidates": 7,
        "n_top100": 0,
        "n_top50_both": 0,
        "best_rank_composite": 991,
        "best_rank_grounded": 1707,
        "best_site_reach": 6122,
        "best_greedy_pick_order": 41,
        "need_composite": 0.340611,
        "need_grounded": 0.34669,
        "tier": 2,
        "tier_label": "Tier 2 (moderate vulnerability)",
        "composite_score": 0.340611,
        "totpop": 1340
      },
      "geometry": {
        "type": "Point",
        "coordinates": [
          -96.73377,
          32.870786
        ]
      }
    },
    {
      "type": "Feature",
      "properties": {
        "geoid": "48113007827",
        "n_candidates": 1,
        "n_top100": 0,
        "n_top50_both": 0,
        "best_rank_composite": 1002,
        "best_rank_grounded": 631,
        "best_site_reach": 4922,
        "best_greedy_pick_order": null,
        "need_composite": 0.388886,
        "need_grounded": 0.637737,
        "tier": 2,
        "tier_label": "Tier 2 (moderate vulnerability)",
        "composite_score": 0.388886,
        "totpop": 2905
      },
      "geometry": {
        "type": "Point",
        "coordinates": [
          -96.732218,
          32.886524
        ]
      }
    },
    {
      "type": "Feature",
      "properties": {
        "geoid": "48113007828",
        "n_candidates": 2,
        "n_top100": 0,
        "n_top50_both": 0,
        "best_rank_composite": 552,
        "best_rank_grounded": 444,
        "best_site_reach": 6427,
        "best_greedy_pick_order": null,
        "need_composite": 0.367232,
        "need_grounded": 0.553964,
        "tier": 2,
        "tier_label": "Tier 2 (moderate vulnerability)",
        "composite_score": 0.367232,
        "totpop": 4912
      },
      "geometry": {
        "type": "Point",
        "coordinates": [
          -96.750018,
          32.914898
        ]
      }
    },
    {
      "type": "Feature",
      "properties": {
        "geoid": "48113007829",
        "n_candidates": 1,
        "n_top100": 0,
        "n_top50_both": 0,
        "best_rank_composite": 1014,
        "best_rank_grounded": 1256,
        "best_site_reach": 4034,
        "best_greedy_pick_order": null,
        "need_composite": 0.442205,
        "need_grounded": 0.612289,
        "tier": 1,
        "tier_label": "Tier 1 (highest vulnerability)",
        "composite_score": 0.442205,
        "totpop": 2507
      },
      "geometry": {
        "type": "Point",
        "coordinates": [
          -96.760472,
          32.916668
        ]
      }
    },
    {
      "type": "Feature",
      "properties": {
        "geoid": "48113007830",
        "n_candidates": 3,
        "n_top100": 3,
        "n_top50_both": 1,
        "best_rank_composite": 46,
        "best_rank_grounded": 10,
        "best_site_reach": 16072,
        "best_greedy_pick_order": null,
        "need_composite": 0.400152,
        "need_grounded": 0.725338,
        "tier": 2,
        "tier_label": "Tier 2 (moderate vulnerability)",
        "composite_score": 0.400152,
        "totpop": 3026
      },
      "geometry": {
        "type": "Point",
        "coordinates": [
          -96.759387,
          32.868856
        ]
      }
    },
    {
      "type": "Feature",
      "properties": {
        "geoid": "48113007832",
        "n_candidates": 2,
        "n_top100": 2,
        "n_top50_both": 2,
        "best_rank_composite": 37,
        "best_rank_grounded": 1,
        "best_site_reach": 16828,
        "best_greedy_pick_order": null,
        "need_composite": 0.403051,
        "need_grounded": 0.758697,
        "tier": 2,
        "tier_label": "Tier 2 (moderate vulnerability)",
        "composite_score": 0.403051,
        "totpop": 2551
      },
      "geometry": {
        "type": "Point",
        "coordinates": [
          -96.754162,
          32.868631
        ]
      }
    },
    {
      "type": "Feature",
      "properties": {
        "geoid": "48113007833",
        "n_candidates": 5,
        "n_top100": 0,
        "n_top50_both": 0,
        "best_rank_composite": 220,
        "best_rank_grounded": 193,
        "best_site_reach": 5668,
        "best_greedy_pick_order": null,
        "need_composite": 0.510953,
        "need_grounded": 0.848861,
        "tier": 1,
        "tier_label": "Tier 1 (highest vulnerability)",
        "composite_score": 0.510953,
        "totpop": 2887
      },
      "geometry": {
        "type": "Point",
        "coordinates": [
          -96.746791,
          32.866776
        ]
      }
    },
    {
      "type": "Feature",
      "properties": {
        "geoid": "48113007834",
        "n_candidates": 1,
        "n_top100": 0,
        "n_top50_both": 0,
        "best_rank_composite": 5112,
        "best_rank_grounded": 5112,
        "best_site_reach": 0,
        "best_greedy_pick_order": null,
        "need_composite": 0.306214,
        "need_grounded": 0.286341,
        "tier": 3,
        "tier_label": "Tier 3 (lower vulnerability)",
        "composite_score": 0.306214,
        "totpop": 2416
      },
      "geometry": {
        "type": "Point",
        "coordinates": [
          -96.72244,
          32.901091
        ]
      }
    },
    {
      "type": "Feature",
      "properties": {
        "geoid": "48113007835",
        "n_candidates": 10,
        "n_top100": 0,
        "n_top50_both": 0,
        "best_rank_composite": 1792,
        "best_rank_grounded": 2298,
        "best_site_reach": 4093,
        "best_greedy_pick_order": null,
        "need_composite": 0.367034,
        "need_grounded": 0.38696,
        "tier": 2,
        "tier_label": "Tier 2 (moderate vulnerability)",
        "composite_score": 0.367034,
        "totpop": 2661
      },
      "geometry": {
        "type": "Point",
        "coordinates": [
          -96.723771,
          32.897917
        ]
      }
    },
    {
      "type": "Feature",
      "properties": {
        "geoid": "48113007902",
        "n_candidates": 21,
        "n_top100": 0,
        "n_top50_both": 0,
        "best_rank_composite": 1122,
        "best_rank_grounded": 1899,
        "best_site_reach": 5332,
        "best_greedy_pick_order": null,
        "need_composite": 0.361126,
        "need_grounded": 0.363184,
        "tier": 2,
        "tier_label": "Tier 2 (moderate vulnerability)",
        "composite_score": 0.361126,
        "totpop": 5077
      },
      "geometry": {
        "type": "Point",
        "coordinates": [
          -96.744817,
          32.846332
        ]
      }
    },
    {
      "type": "Feature",
      "properties": {
        "geoid": "48113007903",
        "n_candidates": 4,
        "n_top100": 0,
        "n_top50_both": 0,
        "best_rank_composite": 1388,
        "best_rank_grounded": 1975,
        "best_site_reach": 6863,
        "best_greedy_pick_order": null,
        "need_composite": 0.296199,
        "need_grounded": 0.278605,
        "tier": 3,
        "tier_label": "Tier 3 (lower vulnerability)",
        "composite_score": 0.296199,
        "totpop": 1958
      },
      "geometry": {
        "type": "Point",
        "coordinates": [
          -96.756834,
          32.850444
        ]
      }
    },
    {
      "type": "Feature",
      "properties": {
        "geoid": "48113007906",
        "n_candidates": 3,
        "n_top100": 0,
        "n_top50_both": 0,
        "best_rank_composite": 2898,
        "best_rank_grounded": 3110,
        "best_site_reach": 2684,
        "best_greedy_pick_order": null,
        "need_composite": 0.34399,
        "need_grounded": 0.356633,
        "tier": 2,
        "tier_label": "Tier 2 (moderate vulnerability)",
        "composite_score": 0.34399,
        "totpop": 2155
      },
      "geometry": {
        "type": "Point",
        "coordinates": [
          -96.775361,
          32.858313
        ]
      }
    },
    {
      "type": "Feature",
      "properties": {
        "geoid": "48113007909",
        "n_candidates": 15,
        "n_top100": 0,
        "n_top50_both": 0,
        "best_rank_composite": 513,
        "best_rank_grounded": 340,
        "best_site_reach": 9683,
        "best_greedy_pick_order": 7,
        "need_composite": 0.294224,
        "need_grounded": 0.409633,
        "tier": 3,
        "tier_label": "Tier 3 (lower vulnerability)",
        "composite_score": 0.294224,
        "totpop": 2205
      },
      "geometry": {
        "type": "Point",
        "coordinates": [
          -96.767705,
          32.854216
        ]
      }
    },
    {
      "type": "Feature",
      "properties": {
        "geoid": "48113007910",
        "n_candidates": 1,
        "n_top100": 0,
        "n_top50_both": 0,
        "best_rank_composite": 187,
        "best_rank_grounded": 209,
        "best_site_reach": 11307,
        "best_greedy_pick_order": null,
        "need_composite": 0.335886,
        "need_grounded": 0.419865,
        "tier": 3,
        "tier_label": "Tier 3 (lower vulnerability)",
        "composite_score": 0.335886,
        "totpop": 2940
      },
      "geometry": {
        "type": "Point",
        "coordinates": [
          -96.761301,
          32.85723
        ]
      }
    },
    {
      "type": "Feature",
      "properties": {
        "geoid": "48113007912",
        "n_candidates": 10,
        "n_top100": 0,
        "n_top50_both": 0,
        "best_rank_composite": 343,
        "best_rank_grounded": 638,
        "best_site_reach": 8994,
        "best_greedy_pick_order": null,
        "need_composite": 0.333344,
        "need_grounded": 0.361241,
        "tier": 3,
        "tier_label": "Tier 3 (lower vulnerability)",
        "composite_score": 0.333344,
        "totpop": 2188
      },
      "geometry": {
        "type": "Point",
        "coordinates": [
          -96.767166,
          32.861337
        ]
      }
    },
    {
      "type": "Feature",
      "properties": {
        "geoid": "48113007913",
        "n_candidates": 7,
        "n_top100": 0,
        "n_top50_both": 0,
        "best_rank_composite": 737,
        "best_rank_grounded": 468,
        "best_site_reach": 9295,
        "best_greedy_pick_order": null,
        "need_composite": 0.284121,
        "need_grounded": 0.382549,
        "tier": 3,
        "tier_label": "Tier 3 (lower vulnerability)",
        "composite_score": 0.284121,
        "totpop": 2669
      },
      "geometry": {
        "type": "Point",
        "coordinates": [
          -96.766908,
          32.848369
        ]
      }
    },
    {
      "type": "Feature",
      "properties": {
        "geoid": "48113007914",
        "n_candidates": 15,
        "n_top100": 0,
        "n_top50_both": 0,
        "best_rank_composite": 1160,
        "best_rank_grounded": 401,
        "best_site_reach": 7409,
        "best_greedy_pick_order": null,
        "need_composite": 0.297566,
        "need_grounded": 0.500195,
        "tier": 3,
        "tier_label": "Tier 3 (lower vulnerability)",
        "composite_score": 0.297566,
        "totpop": 3876
      },
      "geometry": {
        "type": "Point",
        "coordinates": [
          -96.769245,
          32.841541
        ]
      }
    },
    {
      "type": "Feature",
      "properties": {
        "geoid": "48113007915",
        "n_candidates": 5,
        "n_top100": 0,
        "n_top50_both": 0,
        "best_rank_composite": 291,
        "best_rank_grounded": 404,
        "best_site_reach": 11996,
        "best_greedy_pick_order": null,
        "need_composite": 0.295142,
        "need_grounded": 0.31978,
        "tier": 3,
        "tier_label": "Tier 3 (lower vulnerability)",
        "composite_score": 0.295142,
        "totpop": 1596
      },
      "geometry": {
        "type": "Point",
        "coordinates": [
          -96.761458,
          32.862509
        ]
      }
    },
    {
      "type": "Feature",
      "properties": {
        "geoid": "48113007916",
        "n_candidates": 1,
        "n_top100": 0,
        "n_top50_both": 0,
        "best_rank_composite": 1583,
        "best_rank_grounded": 1760,
        "best_site_reach": 7595,
        "best_greedy_pick_order": null,
        "need_composite": 0.271952,
        "need_grounded": 0.280518,
        "tier": 3,
        "tier_label": "Tier 3 (lower vulnerability)",
        "composite_score": 0.271952,
        "totpop": 1359
      },
      "geometry": {
        "type": "Point",
        "coordinates": [
          -96.757374,
          32.860603
        ]
      }
    },
    {
      "type": "Feature",
      "properties": {
        "geoid": "48113008000",
        "n_candidates": 9,
        "n_top100": 0,
        "n_top50_both": 0,
        "best_rank_composite": 2720,
        "best_rank_grounded": 3132,
        "best_site_reach": 3774,
        "best_greedy_pick_order": null,
        "need_composite": 0.306026,
        "need_grounded": 0.256713,
        "tier": 3,
        "tier_label": "Tier 3 (lower vulnerability)",
        "composite_score": 0.306026,
        "totpop": 7316
      },
      "geometry": {
        "type": "Point",
        "coordinates": [
          -96.732927,
          32.838959
        ]
      }
    },
    {
      "type": "Feature",
      "properties": {
        "geoid": "48113008101",
        "n_candidates": 10,
        "n_top100": 0,
        "n_top50_both": 0,
        "best_rank_composite": 2443,
        "best_rank_grounded": 2407,
        "best_site_reach": 3199,
        "best_greedy_pick_order": null,
        "need_composite": 0.366982,
        "need_grounded": 0.456376,
        "tier": 2,
        "tier_label": "Tier 2 (moderate vulnerability)",
        "composite_score": 0.366982,
        "totpop": 1626
      },
      "geometry": {
        "type": "Point",
        "coordinates": [
          -96.716323,
          32.826441
        ]
      }
    },
    {
      "type": "Feature",
      "properties": {
        "geoid": "48113008102",
        "n_candidates": 17,
        "n_top100": 0,
        "n_top50_both": 0,
        "best_rank_composite": 2786,
        "best_rank_grounded": 3037,
        "best_site_reach": 3330,
        "best_greedy_pick_order": null,
        "need_composite": 0.318482,
        "need_grounded": 0.302639,
        "tier": 3,
        "tier_label": "Tier 3 (lower vulnerability)",
        "composite_score": 0.318482,
        "totpop": 4068
      },
      "geometry": {
        "type": "Point",
        "coordinates": [
          -96.709097,
          32.818835
        ]
      }
    },
    {
      "type": "Feature",
      "properties": {
        "geoid": "48113008200",
        "n_candidates": 28,
        "n_top100": 0,
        "n_top50_both": 0,
        "best_rank_composite": 1891,
        "best_rank_grounded": 2106,
        "best_site_reach": 4207,
        "best_greedy_pick_order": null,
        "need_composite": 0.353026,
        "need_grounded": 0.409269,
        "tier": 2,
        "tier_label": "Tier 2 (moderate vulnerability)",
        "composite_score": 0.353026,
        "totpop": 3777
      },
      "geometry": {
        "type": "Point",
        "coordinates": [
          -96.696912,
          32.837777
        ]
      }
    },
    {
      "type": "Feature",
      "properties": {
        "geoid": "48113008401",
        "n_candidates": 6,
        "n_top100": 0,
        "n_top50_both": 0,
        "best_rank_composite": 2346,
        "best_rank_grounded": 1826,
        "best_site_reach": 3540,
        "best_greedy_pick_order": null,
        "need_composite": 0.352079,
        "need_grounded": 0.548378,
        "tier": 2,
        "tier_label": "Tier 2 (moderate vulnerability)",
        "composite_score": 0.352079,
        "totpop": 5200
      },
      "geometry": {
        "type": "Point",
        "coordinates": [
          -96.709422,
          32.769719
        ]
      }
    },
    {
      "type": "Feature",
      "properties": {
        "geoid": "48113008402",
        "n_candidates": 6,
        "n_top100": 0,
        "n_top50_both": 0,
        "best_rank_composite": 2208,
        "best_rank_grounded": 1778,
        "best_site_reach": 3358,
        "best_greedy_pick_order": null,
        "need_composite": 0.373746,
        "need_grounded": 0.591568,
        "tier": 2,
        "tier_label": "Tier 2 (moderate vulnerability)",
        "composite_score": 0.373746,
        "totpop": 3678
      },
      "geometry": {
        "type": "Point",
        "coordinates": [
          -96.721211,
          32.780397
        ]
      }
    },
    {
      "type": "Feature",
      "properties": {
        "geoid": "48113008500",
        "n_candidates": 19,
        "n_top100": 0,
        "n_top50_both": 0,
        "best_rank_composite": 856,
        "best_rank_grounded": 646,
        "best_site_reach": 4875,
        "best_greedy_pick_order": null,
        "need_composite": 0.403254,
        "need_grounded": 0.6378,
        "tier": 2,
        "tier_label": "Tier 2 (moderate vulnerability)",
        "composite_score": 0.403254,
        "totpop": 4086
      },
      "geometry": {
        "type": "Point",
        "coordinates": [
          -96.691382,
          32.770725
        ]
      }
    },
    {
      "type": "Feature",
      "properties": {
        "geoid": "48113008604",
        "n_candidates": 6,
        "n_top100": 0,
        "n_top50_both": 0,
        "best_rank_composite": 431,
        "best_rank_grounded": 415,
        "best_site_reach": 4864,
        "best_greedy_pick_order": null,
        "need_composite": 0.468056,
        "need_grounded": 0.740428,
        "tier": 1,
        "tier_label": "Tier 1 (highest vulnerability)",
        "composite_score": 0.468056,
        "totpop": 2590
      },
      "geometry": {
        "type": "Point",
        "coordinates": [
          -96.769505,
          32.717
        ]
      }
    },
    {
      "type": "Feature",
      "properties": {
        "geoid": "48113008701",
        "n_candidates": 8,
        "n_top100": 0,
        "n_top50_both": 0,
        "best_rank_composite": 853,
        "best_rank_grounded": 1408,
        "best_site_reach": 3610,
        "best_greedy_pick_order": null,
        "need_composite": 0.495748,
        "need_grounded": 0.641421,
        "tier": 1,
        "tier_label": "Tier 1 (highest vulnerability)",
        "composite_score": 0.495748,
        "totpop": 5337
      },
      "geometry": {
        "type": "Point",
        "coordinates": [
          -96.761727,
          32.698349
        ]
      }
    },
    {
      "type": "Feature",
      "properties": {
        "geoid": "48113008703",
        "n_candidates": 2,
        "n_top100": 0,
        "n_top50_both": 0,
        "best_rank_composite": 2608,
        "best_rank_grounded": 2125,
        "best_site_reach": 2504,
        "best_greedy_pick_order": null,
        "need_composite": 0.411662,
        "need_grounded": 0.662002,
        "tier": 2,
        "tier_label": "Tier 2 (moderate vulnerability)",
        "composite_score": 0.411662,
        "totpop": 3855
      },
      "geometry": {
        "type": "Point",
        "coordinates": [
          -96.78089,
          32.703617
        ]
      }
    },
    {
      "type": "Feature",
      "properties": {
        "geoid": "48113008704",
        "n_candidates": 14,
        "n_top100": 0,
        "n_top50_both": 0,
        "best_rank_composite": 2074,
        "best_rank_grounded": 2377,
        "best_site_reach": 2504,
        "best_greedy_pick_order": null,
        "need_composite": 0.469207,
        "need_grounded": 0.584701,
        "tier": 1,
        "tier_label": "Tier 1 (highest vulnerability)",
        "composite_score": 0.469207,
        "totpop": 4301
      },
      "geometry": {
        "type": "Point",
        "coordinates": [
          -96.782141,
          32.695358
        ]
      }
    },
    {
      "type": "Feature",
      "properties": {
        "geoid": "48113008705",
        "n_candidates": 7,
        "n_top100": 0,
        "n_top50_both": 0,
        "best_rank_composite": 3359,
        "best_rank_grounded": 3346,
        "best_site_reach": 1359,
        "best_greedy_pick_order": null,
        "need_composite": 0.441993,
        "need_grounded": 0.56335,
        "tier": 1,
        "tier_label": "Tier 1 (highest vulnerability)",
        "composite_score": 0.441993,
        "totpop": 1653
      },
      "geometry": {
        "type": "Point",
        "coordinates": [
          -96.778414,
          32.687427
        ]
      }
    },
    {
      "type": "Feature",
      "properties": {
        "geoid": "48113008801",
        "n_candidates": 6,
        "n_top100": 0,
        "n_top50_both": 0,
        "best_rank_composite": 2402,
        "best_rank_grounded": 2443,
        "best_site_reach": 3241,
        "best_greedy_pick_order": null,
        "need_composite": 0.367073,
        "need_grounded": 0.43724,
        "tier": 2,
        "tier_label": "Tier 2 (moderate vulnerability)",
        "composite_score": 0.367073,
        "totpop": 2703
      },
      "geometry": {
        "type": "Point",
        "coordinates": [
          -96.787277,
          32.719043
        ]
      }
    },
    {
      "type": "Feature",
      "properties": {
        "geoid": "48113008802",
        "n_candidates": 16,
        "n_top100": 0,
        "n_top50_both": 0,
        "best_rank_composite": 2193,
        "best_rank_grounded": 1456,
        "best_site_reach": 3894,
        "best_greedy_pick_order": null,
        "need_composite": 0.342381,
        "need_grounded": 0.58125,
        "tier": 2,
        "tier_label": "Tier 2 (moderate vulnerability)",
        "composite_score": 0.342381,
        "totpop": 5337
      },
      "geometry": {
        "type": "Point",
        "coordinates": [
          -96.788554,
          32.709509
        ]
      }
    },
    {
      "type": "Feature",
      "properties": {
        "geoid": "48113009001",
        "n_candidates": 22,
        "n_top100": 0,
        "n_top50_both": 0,
        "best_rank_composite": 1266,
        "best_rank_grounded": 589,
        "best_site_reach": 5181,
        "best_greedy_pick_order": null,
        "need_composite": 0.357509,
        "need_grounded": 0.62084,
        "tier": 2,
        "tier_label": "Tier 2 (moderate vulnerability)",
        "composite_score": 0.357509,
        "totpop": 5791
      },
      "geometry": {
        "type": "Point",
        "coordinates": [
          -96.675863,
          32.766411
        ]
      }
    },
    {
      "type": "Feature",
      "properties": {
        "geoid": "48113009002",
        "n_candidates": 4,
        "n_top100": 0,
        "n_top50_both": 0,
        "best_rank_composite": 476,
        "best_rank_grounded": 442,
        "best_site_reach": 5124,
        "best_greedy_pick_order": null,
        "need_composite": 0.43926,
        "need_grounded": 0.688311,
        "tier": 1,
        "tier_label": "Tier 1 (highest vulnerability)",
        "composite_score": 0.43926,
        "totpop": 4556
      },
      "geometry": {
        "type": "Point",
        "coordinates": [
          -96.670434,
          32.756069
        ]
      }
    },
    {
      "type": "Feature",
      "properties": {
        "geoid": "48113009101",
        "n_candidates": 15,
        "n_top100": 0,
        "n_top50_both": 0,
        "best_rank_composite": 510,
        "best_rank_grounded": 554,
        "best_site_reach": 5319,
        "best_greedy_pick_order": null,
        "need_composite": 0.420912,
        "need_grounded": 0.615253,
        "tier": 2,
        "tier_label": "Tier 2 (moderate vulnerability)",
        "composite_score": 0.420912,
        "totpop": 5572
      },
      "geometry": {
        "type": "Point",
        "coordinates": [
          -96.693394,
          32.757264
        ]
      }
    },
    {
      "type": "Feature",
      "properties": {
        "geoid": "48113009103",
        "n_candidates": 5,
        "n_top100": 0,
        "n_top50_both": 0,
        "best_rank_composite": 307,
        "best_rank_grounded": 334,
        "best_site_reach": 5846,
        "best_greedy_pick_order": null,
        "need_composite": 0.454672,
        "need_grounded": 0.667662,
        "tier": 1,
        "tier_label": "Tier 1 (highest vulnerability)",
        "composite_score": 0.454672,
        "totpop": 3538
      },
      "geometry": {
        "type": "Point",
        "coordinates": [
          -96.704203,
          32.74211
        ]
      }
    },
    {
      "type": "Feature",
      "properties": {
        "geoid": "48113009104",
        "n_candidates": 9,
        "n_top100": 0,
        "n_top50_both": 0,
        "best_rank_composite": 244,
        "best_rank_grounded": 457,
        "best_site_reach": 5102,
        "best_greedy_pick_order": null,
        "need_composite": 0.526897,
        "need_grounded": 0.681314,
        "tier": 1,
        "tier_label": "Tier 1 (highest vulnerability)",
        "composite_score": 0.526897,
        "totpop": 3653
      },
      "geometry": {
        "type": "Point",
        "coordinates": [
          -96.691421,
          32.745458
        ]
      }
    },
    {
      "type": "Feature",
      "properties": {
        "geoid": "48113009105",
        "n_candidates": 24,
        "n_top100": 0,
        "n_top50_both": 0,
        "best_rank_composite": 309,
        "best_rank_grounded": 375,
        "best_site_reach": 5888,
        "best_greedy_pick_order": null,
        "need_composite": 0.450777,
        "need_grounded": 0.631435,
        "tier": 1,
        "tier_label": "Tier 1 (highest vulnerability)",
        "composite_score": 0.450777,
        "totpop": 3715
      },
      "geometry": {
        "type": "Point",
        "coordinates": [
          -96.691457,
          32.738528
        ]
      }
    },
    {
      "type": "Feature",
      "properties": {
        "geoid": "48113009202",
        "n_candidates": 20,
        "n_top100": 0,
        "n_top50_both": 0,
        "best_rank_composite": 280,
        "best_rank_grounded": 323,
        "best_site_reach": 5410,
        "best_greedy_pick_order": null,
        "need_composite": 0.4879,
        "need_grounded": 0.729271,
        "tier": 1,
        "tier_label": "Tier 1 (highest vulnerability)",
        "composite_score": 0.4879,
        "totpop": 5889
      },
      "geometry": {
        "type": "Point",
        "coordinates": [
          -96.673297,
          32.726988
        ]
      }
    },
    {
      "type": "Feature",
      "properties": {
        "geoid": "48113009203",
        "n_candidates": 5,
        "n_top100": 0,
        "n_top50_both": 0,
        "best_rank_composite": 647,
        "best_rank_grounded": 606,
        "best_site_reach": 4981,
        "best_greedy_pick_order": null,
        "need_composite": 0.421646,
        "need_grounded": 0.637889,
        "tier": 2,
        "tier_label": "Tier 2 (moderate vulnerability)",
        "composite_score": 0.421646,
        "totpop": 4409
      },
      "geometry": {
        "type": "Point",
        "coordinates": [
          -96.674181,
          32.738979
        ]
      }
    },
    {
      "type": "Feature",
      "properties": {
        "geoid": "48113009204",
        "n_candidates": 3,
        "n_top100": 0,
        "n_top50_both": 0,
        "best_rank_composite": 1057,
        "best_rank_grounded": 1035,
        "best_site_reach": 4558,
        "best_greedy_pick_order": null,
        "need_composite": 0.403403,
        "need_grounded": 0.587939,
        "tier": 2,
        "tier_label": "Tier 2 (moderate vulnerability)",
        "composite_score": 0.403403,
        "totpop": 2545
      },
      "geometry": {
        "type": "Point",
        "coordinates": [
          -96.678276,
          32.742973
        ]
      }
    },
    {
      "type": "Feature",
      "properties": {
        "geoid": "48113009301",
        "n_candidates": 21,
        "n_top100": 0,
        "n_top50_both": 0,
        "best_rank_composite": 190,
        "best_rank_grounded": 284,
        "best_site_reach": 6315,
        "best_greedy_pick_order": 39,
        "need_composite": 0.486844,
        "need_grounded": 0.655333,
        "tier": 1,
        "tier_label": "Tier 1 (highest vulnerability)",
        "composite_score": 0.486844,
        "totpop": 5491
      },
      "geometry": {
        "type": "Point",
        "coordinates": [
          -96.690687,
          32.72594
        ]
      }
    },
    {
      "type": "Feature",
      "properties": {
        "geoid": "48113009303",
        "n_candidates": 4,
        "n_top100": 0,
        "n_top50_both": 0,
        "best_rank_composite": 1281,
        "best_rank_grounded": 1442,
        "best_site_reach": 4125,
        "best_greedy_pick_order": null,
        "need_composite": 0.411488,
        "need_grounded": 0.554943,
        "tier": 2,
        "tier_label": "Tier 2 (moderate vulnerability)",
        "composite_score": 0.411488,
        "totpop": 4164
      },
      "geometry": {
        "type": "Point",
        "coordinates": [
          -96.716578,
          32.72271
        ]
      }
    },
    {
      "type": "Feature",
      "properties": {
        "geoid": "48113009304",
        "n_candidates": 19,
        "n_top100": 0,
        "n_top50_both": 0,
        "best_rank_composite": 179,
        "best_rank_grounded": 206,
        "best_site_reach": 5780,
        "best_greedy_pick_order": 50,
        "need_composite": 0.52734,
        "need_grounded": 0.795672,
        "tier": 1,
        "tier_label": "Tier 1 (highest vulnerability)",
        "composite_score": 0.52734,
        "totpop": 8451
      },
      "geometry": {
        "type": "Point",
        "coordinates": [
          -96.70207,
          32.719424
        ]
      }
    },
    {
      "type": "Feature",
      "properties": {
        "geoid": "48113009401",
        "n_candidates": 5,
        "n_top100": 0,
        "n_top50_both": 0,
        "best_rank_composite": 349,
        "best_rank_grounded": 1500,
        "best_site_reach": 4457,
        "best_greedy_pick_order": null,
        "need_composite": 0.528651,
        "need_grounded": 0.50295,
        "tier": 1,
        "tier_label": "Tier 1 (highest vulnerability)",
        "composite_score": 0.528651,
        "totpop": 3312
      },
      "geometry": {
        "type": "Point",
        "coordinates": [
          -96.852541,
          32.870754
        ]
      }
    },
    {
      "type": "Feature",
      "properties": {
        "geoid": "48113009402",
        "n_candidates": 2,
        "n_top100": 0,
        "n_top50_both": 0,
        "best_rank_composite": 2121,
        "best_rank_grounded": 3420,
        "best_site_reach": 2701,
        "best_greedy_pick_order": null,
        "need_composite": 0.440153,
        "need_grounded": 0.281476,
        "tier": 1,
        "tier_label": "Tier 1 (highest vulnerability)",
        "composite_score": 0.440153,
        "totpop": 2374
      },
      "geometry": {
        "type": "Point",
        "coordinates": [
          -96.84362,
          32.871364
        ]
      }
    },
    {
      "type": "Feature",
      "properties": {
        "geoid": "48113009500",
        "n_candidates": 2,
        "n_top100": 0,
        "n_top50_both": 0,
        "best_rank_composite": 2049,
        "best_rank_grounded": 2777,
        "best_site_reach": 3640,
        "best_greedy_pick_order": null,
        "need_composite": 0.368617,
        "need_grounded": 0.323812,
        "tier": 2,
        "tier_label": "Tier 2 (moderate vulnerability)",
        "composite_score": 0.368617,
        "totpop": 2097
      },
      "geometry": {
        "type": "Point",
        "coordinates": [
          -96.847345,
          32.887752
        ]
      }
    },
    {
      "type": "Feature",
      "properties": {
        "geoid": "48113009603",
        "n_candidates": 8,
        "n_top100": 0,
        "n_top50_both": 0,
        "best_rank_composite": 2804,
        "best_rank_grounded": 2706,
        "best_site_reach": 2870,
        "best_greedy_pick_order": null,
        "need_composite": 0.343452,
        "need_grounded": 0.415198,
        "tier": 2,
        "tier_label": "Tier 2 (moderate vulnerability)",
        "composite_score": 0.343452,
        "totpop": 4997
      },
      "geometry": {
        "type": "Point",
        "coordinates": [
          -96.827879,
          32.917614
        ]
      }
    },
    {
      "type": "Feature",
      "properties": {
        "geoid": "48113009604",
        "n_candidates": 23,
        "n_top100": 0,
        "n_top50_both": 0,
        "best_rank_composite": 1066,
        "best_rank_grounded": 830,
        "best_site_reach": 5842,
        "best_greedy_pick_order": null,
        "need_composite": 0.345158,
        "need_grounded": 0.49874,
        "tier": 2,
        "tier_label": "Tier 2 (moderate vulnerability)",
        "composite_score": 0.345158,
        "totpop": 4489
      },
      "geometry": {
        "type": "Point",
        "coordinates": [
          -96.810521,
          32.917781
        ]
      }
    },
    {
      "type": "Feature",
      "properties": {
        "geoid": "48113009605",
        "n_candidates": 3,
        "n_top100": 0,
        "n_top50_both": 0,
        "best_rank_composite": 1196,
        "best_rank_grounded": 879,
        "best_site_reach": 4816,
        "best_greedy_pick_order": null,
        "need_composite": 0.379718,
        "need_grounded": 0.588469,
        "tier": 2,
        "tier_label": "Tier 2 (moderate vulnerability)",
        "composite_score": 0.379718,
        "totpop": 3506
      },
      "geometry": {
        "type": "Point",
        "coordinates": [
          -96.864938,
          32.912968
        ]
      }
    },
    {
      "type": "Feature",
      "properties": {
        "geoid": "48113009607",
        "n_candidates": 2,
        "n_top100": 0,
        "n_top50_both": 0,
        "best_rank_composite": 1984,
        "best_rank_grounded": 2023,
        "best_site_reach": 3982,
        "best_greedy_pick_order": null,
        "need_composite": 0.354574,
        "need_grounded": 0.448164,
        "tier": 2,
        "tier_label": "Tier 2 (moderate vulnerability)",
        "composite_score": 0.354574,
        "totpop": 3522
      },
      "geometry": {
        "type": "Point",
        "coordinates": [
          -96.864293,
          32.902486
        ]
      }
    },
    {
      "type": "Feature",
      "properties": {
        "geoid": "48113009608",
        "n_candidates": 3,
        "n_top100": 0,
        "n_top50_both": 0,
        "best_rank_composite": 2310,
        "best_rank_grounded": 2137,
        "best_site_reach": 3882,
        "best_greedy_pick_order": null,
        "need_composite": 0.335234,
        "need_grounded": 0.435201,
        "tier": 3,
        "tier_label": "Tier 3 (lower vulnerability)",
        "composite_score": 0.335234,
        "totpop": 3010
      },
      "geometry": {
        "type": "Point",
        "coordinates": [
          -96.847168,
          32.917591
        ]
      }
    },
    {
      "type": "Feature",
      "properties": {
        "geoid": "48113009609",
        "n_candidates": 6,
        "n_top100": 0,
        "n_top50_both": 0,
        "best_rank_composite": 1929,
        "best_rank_grounded": 2654,
        "best_site_reach": 4465,
        "best_greedy_pick_order": null,
        "need_composite": 0.337901,
        "need_grounded": 0.286413,
        "tier": 3,
        "tier_label": "Tier 3 (lower vulnerability)",
        "composite_score": 0.337901,
        "totpop": 3357
      },
      "geometry": {
        "type": "Point",
        "coordinates": [
          -96.847313,
          32.90275
        ]
      }
    },
    {
      "type": "Feature",
      "properties": {
        "geoid": "48113009610",
        "n_candidates": 7,
        "n_top100": 0,
        "n_top50_both": 0,
        "best_rank_composite": 194,
        "best_rank_grounded": 230,
        "best_site_reach": 5627,
        "best_greedy_pick_order": null,
        "need_composite": 0.52404,
        "need_grounded": 0.779546,
        "tier": 1,
        "tier_label": "Tier 1 (highest vulnerability)",
        "composite_score": 0.52404,
        "totpop": 4886
      },
      "geometry": {
        "type": "Point",
        "coordinates": [
          -96.885707,
          32.901871
        ]
      }
    },
    {
      "type": "Feature",
      "properties": {
        "geoid": "48113009611",
        "n_candidates": 18,
        "n_top100": 0,
        "n_top50_both": 0,
        "best_rank_composite": 423,
        "best_rank_grounded": 603,
        "best_site_reach": 5772,
        "best_greedy_pick_order": null,
        "need_composite": 0.418371,
        "need_grounded": 0.555515,
        "tier": 2,
        "tier_label": "Tier 2 (moderate vulnerability)",
        "composite_score": 0.418371,
        "totpop": 3618
      },
      "geometry": {
        "type": "Point",
        "coordinates": [
          -96.876829,
          32.902456
        ]
      }
    },
    {
      "type": "Feature",
      "properties": {
        "geoid": "48113009701",
        "n_candidates": 8,
        "n_top100": 0,
        "n_top50_both": 0,
        "best_rank_composite": 436,
        "best_rank_grounded": 523,
        "best_site_reach": 4709,
        "best_greedy_pick_order": null,
        "need_composite": 0.477762,
        "need_grounded": 0.702807,
        "tier": 1,
        "tier_label": "Tier 1 (highest vulnerability)",
        "composite_score": 0.477762,
        "totpop": 4919
      },
      "geometry": {
        "type": "Point",
        "coordinates": [
          -96.878112,
          32.888348
        ]
      }
    },
    {
      "type": "Feature",
      "properties": {
        "geoid": "48113009702",
        "n_candidates": 2,
        "n_top100": 0,
        "n_top50_both": 0,
        "best_rank_composite": 2481,
        "best_rank_grounded": 2824,
        "best_site_reach": 3591,
        "best_greedy_pick_order": null,
        "need_composite": 0.339546,
        "need_grounded": 0.321506,
        "tier": 2,
        "tier_label": "Tier 2 (moderate vulnerability)",
        "composite_score": 0.339546,
        "totpop": 2944
      },
      "geometry": {
        "type": "Point",
        "coordinates": [
          -96.863286,
          32.888656
        ]
      }
    },
    {
      "type": "Feature",
      "properties": {
        "geoid": "48113009802",
        "n_candidates": 16,
        "n_top100": 6,
        "n_top50_both": 0,
        "best_rank_composite": 57,
        "best_rank_grounded": 57,
        "best_site_reach": 12838,
        "best_greedy_pick_order": null,
        "need_composite": 0.433507,
        "need_grounded": 0.674833,
        "tier": 2,
        "tier_label": "Tier 2 (moderate vulnerability)",
        "composite_score": 0.433507,
        "totpop": 5673
      },
      "geometry": {
        "type": "Point",
        "coordinates": [
          -96.860435,
          32.870442
        ]
      }
    },
    {
      "type": "Feature",
      "properties": {
        "geoid": "48113009803",
        "n_candidates": 6,
        "n_top100": 0,
        "n_top50_both": 0,
        "best_rank_composite": 599,
        "best_rank_grounded": 733,
        "best_site_reach": 5257,
        "best_greedy_pick_order": null,
        "need_composite": 0.413422,
        "need_grounded": 0.57511,
        "tier": 2,
        "tier_label": "Tier 2 (moderate vulnerability)",
        "composite_score": 0.413422,
        "totpop": 2248
      },
      "geometry": {
        "type": "Point",
        "coordinates": [
          -96.878381,
          32.873693
        ]
      }
    },
    {
      "type": "Feature",
      "properties": {
        "geoid": "48113009804",
        "n_candidates": 14,
        "n_top100": 8,
        "n_top50_both": 8,
        "best_rank_composite": 10,
        "best_rank_grounded": 14,
        "best_site_reach": 14156,
        "best_greedy_pick_order": null,
        "need_composite": 0.52374,
        "need_grounded": 0.778535,
        "tier": 1,
        "tier_label": "Tier 1 (highest vulnerability)",
        "composite_score": 0.52374,
        "totpop": 7341
      },
      "geometry": {
        "type": "Point",
        "coordinates": [
          -96.869977,
          32.871302
        ]
      }
    },
    {
      "type": "Feature",
      "properties": {
        "geoid": "48113009900",
        "n_candidates": 157,
        "n_top100": 0,
        "n_top50_both": 0,
        "best_rank_composite": 273,
        "best_rank_grounded": 426,
        "best_site_reach": 6443,
        "best_greedy_pick_order": null,
        "need_composite": 0.433542,
        "need_grounded": 0.559479,
        "tier": 2,
        "tier_label": "Tier 2 (moderate vulnerability)",
        "composite_score": 0.433542,
        "totpop": 6024
      },
      "geometry": {
        "type": "Point",
        "coordinates": [
          -96.906122,
          32.878742
        ]
      }
    },
    {
      "type": "Feature",
      "properties": {
        "geoid": "48113010001",
        "n_candidates": 27,
        "n_top100": 0,
        "n_top50_both": 0,
        "best_rank_composite": 2007,
        "best_rank_grounded": 2168,
        "best_site_reach": 3215,
        "best_greedy_pick_order": null,
        "need_composite": 0.403338,
        "need_grounded": 0.512907,
        "tier": 2,
        "tier_label": "Tier 2 (moderate vulnerability)",
        "composite_score": 0.403338,
        "totpop": 2124
      },
      "geometry": {
        "type": "Point",
        "coordinates": [
          -96.864868,
          32.828301
        ]
      }
    },
    {
      "type": "Feature",
      "properties": {
        "geoid": "48113010002",
        "n_candidates": 9,
        "n_top100": 0,
        "n_top50_both": 0,
        "best_rank_composite": 1017,
        "best_rank_grounded": 242,
        "best_site_reach": 4304,
        "best_greedy_pick_order": null,
        "need_composite": 0.422863,
        "need_grounded": 1.0,
        "tier": 2,
        "tier_label": "Tier 2 (moderate vulnerability)",
        "composite_score": 0.422863,
        "totpop": 4980
      },
      "geometry": {
        "type": "Point",
        "coordinates": [
          -96.814776,
          32.772605
        ]
      }
    },
    {
      "type": "Feature",
      "properties": {
        "geoid": "48113010003",
        "n_candidates": 99,
        "n_top100": 0,
        "n_top50_both": 0,
        "best_rank_composite": 1890,
        "best_rank_grounded": 2569,
        "best_site_reach": 4761,
        "best_greedy_pick_order": null,
        "need_composite": 0.328285,
        "need_grounded": 0.284071,
        "tier": 3,
        "tier_label": "Tier 3 (lower vulnerability)",
        "composite_score": 0.328285,
        "totpop": 3702
      },
      "geometry": {
        "type": "Point",
        "coordinates": [
          -96.886661,
          32.817076
        ]
      }
    },
    {
      "type": "Feature",
      "properties": {
        "geoid": "48113010101",
        "n_candidates": 10,
        "n_top100": 0,
        "n_top50_both": 0,
        "best_rank_composite": 1369,
        "best_rank_grounded": 490,
        "best_site_reach": 5135,
        "best_greedy_pick_order": null,
        "need_composite": 0.349607,
        "need_grounded": 0.660111,
        "tier": 2,
        "tier_label": "Tier 2 (moderate vulnerability)",
        "composite_score": 0.349607,
        "totpop": 4212
      },
      "geometry": {
        "type": "Point",
        "coordinates": [
          -96.850265,
          32.788312
        ]
      }
    },
    {
      "type": "Feature",
      "properties": {
        "geoid": "48113010102",
        "n_candidates": 14,
        "n_top100": 0,
        "n_top50_both": 0,
        "best_rank_composite": 2047,
        "best_rank_grounded": 894,
        "best_site_reach": 4709,
        "best_greedy_pick_order": null,
        "need_composite": 0.316827,
        "need_grounded": 0.598926,
        "tier": 3,
        "tier_label": "Tier 3 (lower vulnerability)",
        "composite_score": 0.316827,
        "totpop": 3177
      },
      "geometry": {
        "type": "Point",
        "coordinates": [
          -96.834467,
          32.784201
        ]
      }
    },
    {
      "type": "Feature",
      "properties": {
        "geoid": "48113010500",
        "n_candidates": 12,
        "n_top100": 0,
        "n_top50_both": 0,
        "best_rank_composite": 496,
        "best_rank_grounded": 657,
        "best_site_reach": 4217,
        "best_greedy_pick_order": null,
        "need_composite": 0.498524,
        "need_grounded": 0.729727,
        "tier": 1,
        "tier_label": "Tier 1 (highest vulnerability)",
        "composite_score": 0.498524,
        "totpop": 3280
      },
      "geometry": {
        "type": "Point",
        "coordinates": [
          -96.878207,
          32.779734
        ]
      }
    },
    {
      "type": "Feature",
      "properties": {
        "geoid": "48113010601",
        "n_candidates": 9,
        "n_top100": 0,
        "n_top50_both": 0,
        "best_rank_composite": 813,
        "best_rank_grounded": 1260,
        "best_site_reach": 4436,
        "best_greedy_pick_order": null,
        "need_composite": 0.432942,
        "need_grounded": 0.55906,
        "tier": 2,
        "tier_label": "Tier 2 (moderate vulnerability)",
        "composite_score": 0.432942,
        "totpop": 5551
      },
      "geometry": {
        "type": "Point",
        "coordinates": [
          -96.896823,
          32.788365
        ]
      }
    },
    {
      "type": "Feature",
      "properties": {
        "geoid": "48113010602",
        "n_candidates": 8,
        "n_top100": 0,
        "n_top50_both": 0,
        "best_rank_composite": 1701,
        "best_rank_grounded": 1668,
        "best_site_reach": 2883,
        "best_greedy_pick_order": null,
        "need_composite": 0.473039,
        "need_grounded": 0.713918,
        "tier": 1,
        "tier_label": "Tier 1 (highest vulnerability)",
        "composite_score": 0.473039,
        "totpop": 2932
      },
      "geometry": {
        "type": "Point",
        "coordinates": [
          -96.915151,
          32.772136
        ]
      }
    },
    {
      "type": "Feature",
      "properties": {
        "geoid": "48113010701",
        "n_candidates": 19,
        "n_top100": 0,
        "n_top50_both": 0,
        "best_rank_composite": 1819,
        "best_rank_grounded": 1954,
        "best_site_reach": 2497,
        "best_greedy_pick_order": null,
        "need_composite": 0.50842,
        "need_grounded": 0.717254,
        "tier": 1,
        "tier_label": "Tier 1 (highest vulnerability)",
        "composite_score": 0.50842,
        "totpop": 6037
      },
      "geometry": {
        "type": "Point",
        "coordinates": [
          -96.900655,
          32.752651
        ]
      }
    },
    {
      "type": "Feature",
      "properties": {
        "geoid": "48113010704",
        "n_candidates": 2,
        "n_top100": 0,
        "n_top50_both": 0,
        "best_rank_composite": 498,
        "best_rank_grounded": 641,
        "best_site_reach": 4150,
        "best_greedy_pick_order": null,
        "need_composite": 0.503361,
        "need_grounded": 0.747275,
        "tier": 1,
        "tier_label": "Tier 1 (highest vulnerability)",
        "composite_score": 0.503361,
        "totpop": 6331
      },
      "geometry": {
        "type": "Point",
        "coordinates": [
          -96.909137,
          32.734355
        ]
      }
    },
    {
      "type": "Feature",
      "properties": {
        "geoid": "48113010804",
        "n_candidates": 7,
        "n_top100": 0,
        "n_top50_both": 0,
        "best_rank_composite": 251,
        "best_rank_grounded": 280,
        "best_site_reach": 5223,
        "best_greedy_pick_order": null,
        "need_composite": 0.513096,
        "need_grounded": 0.79317,
        "tier": 1,
        "tier_label": "Tier 1 (highest vulnerability)",
        "composite_score": 0.513096,
        "totpop": 4980
      },
      "geometry": {
        "type": "Point",
        "coordinates": [
          -96.861438,
          32.715085
        ]
      }
    },
    {
      "type": "Feature",
      "properties": {
        "geoid": "48113010805",
        "n_candidates": 12,
        "n_top100": 0,
        "n_top50_both": 0,
        "best_rank_composite": 299,
        "best_rank_grounded": 257,
        "best_site_reach": 5824,
        "best_greedy_pick_order": 49,
        "need_composite": 0.457273,
        "need_grounded": 0.733056,
        "tier": 1,
        "tier_label": "Tier 1 (highest vulnerability)",
        "composite_score": 0.457273,
        "totpop": 5260
      },
      "geometry": {
        "type": "Point",
        "coordinates": [
          -96.876377,
          32.712856
        ]
      }
    },
    {
      "type": "Feature",
      "properties": {
        "geoid": "48113010806",
        "n_candidates": 14,
        "n_top100": 0,
        "n_top50_both": 0,
        "best_rank_composite": 678,
        "best_rank_grounded": 806,
        "best_site_reach": 5287,
        "best_greedy_pick_order": null,
        "need_composite": 0.400431,
        "need_grounded": 0.551715,
        "tier": 2,
        "tier_label": "Tier 2 (moderate vulnerability)",
        "composite_score": 0.400431,
        "totpop": 3812
      },
      "geometry": {
        "type": "Point",
        "coordinates": [
          -96.867757,
          32.698743
        ]
      }
    },
    {
      "type": "Feature",
      "properties": {
        "geoid": "48113010807",
        "n_candidates": 7,
        "n_top100": 0,
        "n_top50_both": 0,
        "best_rank_composite": 484,
        "best_rank_grounded": 536,
        "best_site_reach": 4193,
        "best_greedy_pick_order": null,
        "need_composite": 0.503504,
        "need_grounded": 0.780801,
        "tier": 1,
        "tier_label": "Tier 1 (highest vulnerability)",
        "composite_score": 0.503504,
        "totpop": 4835
      },
      "geometry": {
        "type": "Point",
        "coordinates": [
          -96.888162,
          32.698834
        ]
      }
    },
    {
      "type": "Feature",
      "properties": {
        "geoid": "48113010808",
        "n_candidates": 2,
        "n_top100": 0,
        "n_top50_both": 0,
        "best_rank_composite": 2330,
        "best_rank_grounded": 1786,
        "best_site_reach": 3787,
        "best_greedy_pick_order": null,
        "need_composite": 0.339007,
        "need_grounded": 0.525867,
        "tier": 2,
        "tier_label": "Tier 2 (moderate vulnerability)",
        "composite_score": 0.339007,
        "totpop": 3305
      },
      "geometry": {
        "type": "Point",
        "coordinates": [
          -96.906389,
          32.715955
        ]
      }
    },
    {
      "type": "Feature",
      "properties": {
        "geoid": "48113010809",
        "n_candidates": 6,
        "n_top100": 0,
        "n_top50_both": 0,
        "best_rank_composite": 256,
        "best_rank_grounded": 214,
        "best_site_reach": 6888,
        "best_greedy_pick_order": 25,
        "need_composite": 0.421745,
        "need_grounded": 0.661501,
        "tier": 2,
        "tier_label": "Tier 2 (moderate vulnerability)",
        "composite_score": 0.421745,
        "totpop": 5574
      },
      "geometry": {
        "type": "Point",
        "coordinates": [
          -96.897265,
          32.713482
        ]
      }
    },
    {
      "type": "Feature",
      "properties": {
        "geoid": "48113010903",
        "n_candidates": 12,
        "n_top100": 0,
        "n_top50_both": 0,
        "best_rank_composite": 415,
        "best_rank_grounded": 310,
        "best_site_reach": 6087,
        "best_greedy_pick_order": null,
        "need_composite": 0.405548,
        "need_grounded": 0.661845,
        "tier": 2,
        "tier_label": "Tier 2 (moderate vulnerability)",
        "composite_score": 0.405548,
        "totpop": 3975
      },
      "geometry": {
        "type": "Point",
        "coordinates": [
          -96.887085,
          32.676862
        ]
      }
    },
    {
      "type": "Feature",
      "properties": {
        "geoid": "48113010904",
        "n_candidates": 37,
        "n_top100": 0,
        "n_top50_both": 0,
        "best_rank_composite": 793,
        "best_rank_grounded": 698,
        "best_site_reach": 5942,
        "best_greedy_pick_order": null,
        "need_composite": 0.359797,
        "need_grounded": 0.519147,
        "tier": 2,
        "tier_label": "Tier 2 (moderate vulnerability)",
        "composite_score": 0.359797,
        "totpop": 4264
      },
      "geometry": {
        "type": "Point",
        "coordinates": [
          -96.871619,
          32.672795
        ]
      }
    },
    {
      "type": "Feature",
      "properties": {
        "geoid": "48113010905",
        "n_candidates": 1,
        "n_top100": 0,
        "n_top50_both": 0,
        "best_rank_composite": 614,
        "best_rank_grounded": 507,
        "best_site_reach": 5060,
        "best_greedy_pick_order": null,
        "need_composite": 0.421564,
        "need_grounded": 0.660166,
        "tier": 2,
        "tier_label": "Tier 2 (moderate vulnerability)",
        "composite_score": 0.421564,
        "totpop": 3502
      },
      "geometry": {
        "type": "Point",
        "coordinates": [
          -96.872642,
          32.656419
        ]
      }
    },
    {
      "type": "Feature",
      "properties": {
        "geoid": "48113010906",
        "n_candidates": 11,
        "n_top100": 0,
        "n_top50_both": 0,
        "best_rank_composite": 539,
        "best_rank_grounded": 429,
        "best_site_reach": 5594,
        "best_greedy_pick_order": null,
        "need_composite": 0.403206,
        "need_grounded": 0.638883,
        "tier": 2,
        "tier_label": "Tier 2 (moderate vulnerability)",
        "composite_score": 0.403206,
        "totpop": 3666
      },
      "geometry": {
        "type": "Point",
        "coordinates": [
          -96.862527,
          32.66121
        ]
      }
    },
    {
      "type": "Feature",
      "properties": {
        "geoid": "48113011002",
        "n_candidates": 7,
        "n_top100": 0,
        "n_top50_both": 0,
        "best_rank_composite": 3922,
        "best_rank_grounded": 3613,
        "best_site_reach": 1227,
        "best_greedy_pick_order": null,
        "need_composite": 0.332551,
        "need_grounded": 0.475375,
        "tier": 3,
        "tier_label": "Tier 3 (lower vulnerability)",
        "composite_score": 0.332551,
        "totpop": 3707
      },
      "geometry": {
        "type": "Point",
        "coordinates": [
          -96.831631,
          32.682161
        ]
      }
    },
    {
      "type": "Feature",
      "properties": {
        "geoid": "48113011004",
        "n_candidates": 5,
        "n_top100": 0,
        "n_top50_both": 0,
        "best_rank_composite": 4110,
        "best_rank_grounded": 4085,
        "best_site_reach": 511,
        "best_greedy_pick_order": null,
        "need_composite": 0.417564,
        "need_grounded": 0.455549,
        "tier": 2,
        "tier_label": "Tier 2 (moderate vulnerability)",
        "composite_score": 0.417564,
        "totpop": 2529
      },
      "geometry": {
        "type": "Point",
        "coordinates": [
          -96.853988,
          32.683612
        ]
      }
    },
    {
      "type": "Feature",
      "properties": {
        "geoid": "48113011101",
        "n_candidates": 7,
        "n_top100": 0,
        "n_top50_both": 0,
        "best_rank_composite": 1815,
        "best_rank_grounded": 1907,
        "best_site_reach": 3405,
        "best_greedy_pick_order": null,
        "need_composite": 0.410787,
        "need_grounded": 0.549673,
        "tier": 2,
        "tier_label": "Tier 2 (moderate vulnerability)",
        "composite_score": 0.410787,
        "totpop": 4682
      },
      "geometry": {
        "type": "Point",
        "coordinates": [
          -96.848603,
          32.65777
        ]
      }
    },
    {
      "type": "Feature",
      "properties": {
        "geoid": "48113011103",
        "n_candidates": 9,
        "n_top100": 0,
        "n_top50_both": 0,
        "best_rank_composite": 960,
        "best_rank_grounded": 944,
        "best_site_reach": 3770,
        "best_greedy_pick_order": null,
        "need_composite": 0.469792,
        "need_grounded": 0.729597,
        "tier": 1,
        "tier_label": "Tier 1 (highest vulnerability)",
        "composite_score": 0.469792,
        "totpop": 3442
      },
      "geometry": {
        "type": "Point",
        "coordinates": [
          -96.831464,
          32.668281
        ]
      }
    },
    {
      "type": "Feature",
      "properties": {
        "geoid": "48113011104",
        "n_candidates": 17,
        "n_top100": 0,
        "n_top50_both": 0,
        "best_rank_composite": 2165,
        "best_rank_grounded": 1354,
        "best_site_reach": 3659,
        "best_greedy_pick_order": null,
        "need_composite": 0.357811,
        "need_grounded": 0.6487,
        "tier": 2,
        "tier_label": "Tier 2 (moderate vulnerability)",
        "composite_score": 0.357811,
        "totpop": 4620
      },
      "geometry": {
        "type": "Point",
        "coordinates": [
          -96.83582,
          32.652337
        ]
      }
    },
    {
      "type": "Feature",
      "properties": {
        "geoid": "48113011105",
        "n_candidates": 3,
        "n_top100": 0,
        "n_top50_both": 0,
        "best_rank_composite": 969,
        "best_rank_grounded": 793,
        "best_site_reach": 4069,
        "best_greedy_pick_order": null,
        "need_composite": 0.444445,
        "need_grounded": 0.711827,
        "tier": 1,
        "tier_label": "Tier 1 (highest vulnerability)",
        "composite_score": 0.444445,
        "totpop": 5586
      },
      "geometry": {
        "type": "Point",
        "coordinates": [
          -96.827449,
          32.652337
        ]
      }
    },
    {
      "type": "Feature",
      "properties": {
        "geoid": "48113011201",
        "n_candidates": 4,
        "n_top100": 0,
        "n_top50_both": 0,
        "best_rank_composite": 1503,
        "best_rank_grounded": 1425,
        "best_site_reach": 4050,
        "best_greedy_pick_order": null,
        "need_composite": 0.393916,
        "need_grounded": 0.570095,
        "tier": 2,
        "tier_label": "Tier 2 (moderate vulnerability)",
        "composite_score": 0.393916,
        "totpop": 4346
      },
      "geometry": {
        "type": "Point",
        "coordinates": [
          -96.814546,
          32.652711
        ]
      }
    },
    {
      "type": "Feature",
      "properties": {
        "geoid": "48113011202",
        "n_candidates": 10,
        "n_top100": 0,
        "n_top50_both": 0,
        "best_rank_composite": 3977,
        "best_rank_grounded": 4012,
        "best_site_reach": 1376,
        "best_greedy_pick_order": null,
        "need_composite": 0.293484,
        "need_grounded": 0.244303,
        "tier": 3,
        "tier_label": "Tier 3 (lower vulnerability)",
        "composite_score": 0.293484,
        "totpop": 2381
      },
      "geometry": {
        "type": "Point",
        "coordinates": [
          -96.81427,
          32.674304
        ]
      }
    },
    {
      "type": "Feature",
      "properties": {
        "geoid": "48113011300",
        "n_candidates": 15,
        "n_top100": 0,
        "n_top50_both": 0,
        "best_rank_composite": 3878,
        "best_rank_grounded": 3845,
        "best_site_reach": 925,
        "best_greedy_pick_order": null,
        "need_composite": 0.414546,
        "need_grounded": 0.482798,
        "tier": 2,
        "tier_label": "Tier 2 (moderate vulnerability)",
        "composite_score": 0.414546,
        "totpop": 5698
      },
      "geometry": {
        "type": "Point",
        "coordinates": [
          -96.794877,
          32.665091
        ]
      }
    },
    {
      "type": "Feature",
      "properties": {
        "geoid": "48113011401",
        "n_candidates": 2,
        "n_top100": 0,
        "n_top50_both": 0,
        "best_rank_composite": 1262,
        "best_rank_grounded": 714,
        "best_site_reach": 4578,
        "best_greedy_pick_order": null,
        "need_composite": 0.386506,
        "need_grounded": 0.661912,
        "tier": 2,
        "tier_label": "Tier 2 (moderate vulnerability)",
        "composite_score": 0.386506,
        "totpop": 5718
      },
      "geometry": {
        "type": "Point",
        "coordinates": [
          -96.772246,
          32.674426
        ]
      }
    },
    {
      "type": "Feature",
      "properties": {
        "geoid": "48113011500",
        "n_candidates": 8,
        "n_top100": 0,
        "n_top50_both": 0,
        "best_rank_composite": 1012,
        "best_rank_grounded": 1586,
        "best_site_reach": 2666,
        "best_greedy_pick_order": null,
        "need_composite": 0.597364,
        "need_grounded": 0.794334,
        "tier": 1,
        "tier_label": "Tier 1 (highest vulnerability)",
        "composite_score": 0.597364,
        "totpop": 4907
      },
      "geometry": {
        "type": "Point",
        "coordinates": [
          -96.729874,
          32.744313
        ]
      }
    },
    {
      "type": "Feature",
      "properties": {
        "geoid": "48113011601",
        "n_candidates": 7,
        "n_top100": 0,
        "n_top50_both": 0,
        "best_rank_composite": 372,
        "best_rank_grounded": 555,
        "best_site_reach": 4882,
        "best_greedy_pick_order": null,
        "need_composite": 0.487132,
        "need_grounded": 0.667484,
        "tier": 1,
        "tier_label": "Tier 1 (highest vulnerability)",
        "composite_score": 0.487132,
        "totpop": 4526
      },
      "geometry": {
        "type": "Point",
        "coordinates": [
          -96.685169,
          32.694983
        ]
      }
    },
    {
      "type": "Feature",
      "properties": {
        "geoid": "48113011603",
        "n_candidates": 4,
        "n_top100": 0,
        "n_top50_both": 0,
        "best_rank_composite": 1127,
        "best_rank_grounded": 1671,
        "best_site_reach": 3102,
        "best_greedy_pick_order": null,
        "need_composite": 0.519519,
        "need_grounded": 0.665175,
        "tier": 1,
        "tier_label": "Tier 1 (highest vulnerability)",
        "composite_score": 0.519519,
        "totpop": 3609
      },
      "geometry": {
        "type": "Point",
        "coordinates": [
          -96.675319,
          32.698225
        ]
      }
    },
    {
      "type": "Feature",
      "properties": {
        "geoid": "48113011604",
        "n_candidates": 2,
        "n_top100": 0,
        "n_top50_both": 0,
        "best_rank_composite": 1397,
        "best_rank_grounded": 1906,
        "best_site_reach": 2704,
        "best_greedy_pick_order": null,
        "need_composite": 0.535197,
        "need_grounded": 0.685244,
        "tier": 1,
        "tier_label": "Tier 1 (highest vulnerability)",
        "composite_score": 0.535197,
        "totpop": 3686
      },
      "geometry": {
        "type": "Point",
        "coordinates": [
          -96.651457,
          32.68983
        ]
      }
    },
    {
      "type": "Feature",
      "properties": {
        "geoid": "48113011701",
        "n_candidates": 8,
        "n_top100": 0,
        "n_top50_both": 0,
        "best_rank_composite": 652,
        "best_rank_grounded": 1006,
        "best_site_reach": 4135,
        "best_greedy_pick_order": null,
        "need_composite": 0.477828,
        "need_grounded": 0.651213,
        "tier": 1,
        "tier_label": "Tier 1 (highest vulnerability)",
        "composite_score": 0.477828,
        "totpop": 6712
      },
      "geometry": {
        "type": "Point",
        "coordinates": [
          -96.660662,
          32.709443
        ]
      }
    },
    {
      "type": "Feature",
      "properties": {
        "geoid": "48113011702",
        "n_candidates": 13,
        "n_top100": 0,
        "n_top50_both": 0,
        "best_rank_composite": 1049,
        "best_rank_grounded": 1402,
        "best_site_reach": 3568,
        "best_greedy_pick_order": null,
        "need_composite": 0.477467,
        "need_grounded": 0.650009,
        "tier": 1,
        "tier_label": "Tier 1 (highest vulnerability)",
        "composite_score": 0.477467,
        "totpop": 5743
      },
      "geometry": {
        "type": "Point",
        "coordinates": [
          -96.639983,
          32.704274
        ]
      }
    },
    {
      "type": "Feature",
      "properties": {
        "geoid": "48113011801",
        "n_candidates": 7,
        "n_top100": 0,
        "n_top50_both": 0,
        "best_rank_composite": 3714,
        "best_rank_grounded": 3824,
        "best_site_reach": 1449,
        "best_greedy_pick_order": null,
        "need_composite": 0.352383,
        "need_grounded": 0.325071,
        "tier": 2,
        "tier_label": "Tier 2 (moderate vulnerability)",
        "composite_score": 0.352383,
        "totpop": 4970
      },
      "geometry": {
        "type": "Point",
        "coordinates": [
          -96.639845,
          32.727065
        ]
      }
    },
    {
      "type": "Feature",
      "properties": {
        "geoid": "48113011802",
        "n_candidates": 9,
        "n_top100": 0,
        "n_top50_both": 0,
        "best_rank_composite": 2810,
        "best_rank_grounded": 3260,
        "best_site_reach": 1886,
        "best_greedy_pick_order": null,
        "need_composite": 0.44872,
        "need_grounded": 0.438911,
        "tier": 1,
        "tier_label": "Tier 1 (highest vulnerability)",
        "composite_score": 0.44872,
        "totpop": 4548
      },
      "geometry": {
        "type": "Point",
        "coordinates": [
          -96.656097,
          32.726988
        ]
      }
    },
    {
      "type": "Feature",
      "properties": {
        "geoid": "48113011901",
        "n_candidates": 8,
        "n_top100": 0,
        "n_top50_both": 0,
        "best_rank_composite": 643,
        "best_rank_grounded": 1243,
        "best_site_reach": 6349,
        "best_greedy_pick_order": 37,
        "need_composite": 0.361195,
        "need_grounded": 0.400561,
        "tier": 2,
        "tier_label": "Tier 2 (moderate vulnerability)",
        "composite_score": 0.361195,
        "totpop": 3939
      },
      "geometry": {
        "type": "Point",
        "coordinates": [
          -96.655427,
          32.741502
        ]
      }
    },
    {
      "type": "Feature",
      "properties": {
        "geoid": "48113011902",
        "n_candidates": 12,
        "n_top100": 0,
        "n_top50_both": 0,
        "best_rank_composite": 3008,
        "best_rank_grounded": 3433,
        "best_site_reach": 2263,
        "best_greedy_pick_order": null,
        "need_composite": 0.367095,
        "need_grounded": 0.326099,
        "tier": 2,
        "tier_label": "Tier 2 (moderate vulnerability)",
        "composite_score": 0.367095,
        "totpop": 4415
      },
      "geometry": {
        "type": "Point",
        "coordinates": [
          -96.639803,
          32.74195
        ]
      }
    },
    {
      "type": "Feature",
      "properties": {
        "geoid": "48113012000",
        "n_candidates": 4,
        "n_top100": 3,
        "n_top50_both": 0,
        "best_rank_composite": 95,
        "best_rank_grounded": 107,
        "best_site_reach": 9113,
        "best_greedy_pick_order": 8,
        "need_composite": 0.494465,
        "need_grounded": 0.736558,
        "tier": 1,
        "tier_label": "Tier 1 (highest vulnerability)",
        "composite_score": 0.494465,
        "totpop": 10373
      },
      "geometry": {
        "type": "Point",
        "coordinates": [
          -96.657793,
          32.756069
        ]
      }
    },
    {
      "type": "Feature",
      "properties": {
        "geoid": "48113012102",
        "n_candidates": 4,
        "n_top100": 0,
        "n_top50_both": 0,
        "best_rank_composite": 170,
        "best_rank_grounded": 164,
        "best_site_reach": 9067,
        "best_greedy_pick_order": null,
        "need_composite": 0.393695,
        "need_grounded": 0.57394,
        "tier": 2,
        "tier_label": "Tier 2 (moderate vulnerability)",
        "composite_score": 0.393695,
        "totpop": 3184
      },
      "geometry": {
        "type": "Point",
        "coordinates": [
          -96.662959,
          32.77041
        ]
      }
    },
    {
      "type": "Feature",
      "properties": {
        "geoid": "48113012206",
        "n_candidates": 3,
        "n_top100": 0,
        "n_top50_both": 0,
        "best_rank_composite": 2351,
        "best_rank_grounded": 1830,
        "best_site_reach": 4238,
        "best_greedy_pick_order": null,
        "need_composite": 0.317063,
        "need_grounded": 0.462653,
        "tier": 3,
        "tier_label": "Tier 3 (lower vulnerability)",
        "composite_score": 0.317063,
        "totpop": 5607
      },
      "geometry": {
        "type": "Point",
        "coordinates": [
          -96.708684,
          32.786127
        ]
      }
    },
    {
      "type": "Feature",
      "properties": {
        "geoid": "48113012207",
        "n_candidates": 26,
        "n_top100": 0,
        "n_top50_both": 0,
        "best_rank_composite": 1025,
        "best_rank_grounded": 655,
        "best_site_reach": 4492,
        "best_greedy_pick_order": null,
        "need_composite": 0.410578,
        "need_grounded": 0.687057,
        "tier": 2,
        "tier_label": "Tier 2 (moderate vulnerability)",
        "composite_score": 0.410578,
        "totpop": 7224
      },
      "geometry": {
        "type": "Point",
        "coordinates": [
          -96.684359,
          32.787329
        ]
      }
    },
    {
      "type": "Feature",
      "properties": {
        "geoid": "48113012208",
        "n_candidates": 5,
        "n_top100": 0,
        "n_top50_both": 0,
        "best_rank_composite": 395,
        "best_rank_grounded": 360,
        "best_site_reach": 5074,
        "best_greedy_pick_order": null,
        "need_composite": 0.464665,
        "need_grounded": 0.737443,
        "tier": 1,
        "tier_label": "Tier 1 (highest vulnerability)",
        "composite_score": 0.464665,
        "totpop": 2611
      },
      "geometry": {
        "type": "Point",
        "coordinates": [
          -96.722616,
          32.79906
        ]
      }
    },
    {
      "type": "Feature",
      "properties": {
        "geoid": "48113012209",
        "n_candidates": 3,
        "n_top100": 0,
        "n_top50_both": 0,
        "best_rank_composite": 2556,
        "best_rank_grounded": 2410,
        "best_site_reach": 3431,
        "best_greedy_pick_order": null,
        "need_composite": 0.342945,
        "need_grounded": 0.426951,
        "tier": 2,
        "tier_label": "Tier 2 (moderate vulnerability)",
        "composite_score": 0.342945,
        "totpop": 2306
      },
      "geometry": {
        "type": "Point",
        "coordinates": [
          -96.703733,
          32.812856
        ]
      }
    },
    {
      "type": "Feature",
      "properties": {
        "geoid": "48113012210",
        "n_candidates": 12,
        "n_top100": 0,
        "n_top50_both": 0,
        "best_rank_composite": 2613,
        "best_rank_grounded": 2578,
        "best_site_reach": 2634,
        "best_greedy_pick_order": null,
        "need_composite": 0.397784,
        "need_grounded": 0.486519,
        "tier": 2,
        "tier_label": "Tier 2 (moderate vulnerability)",
        "composite_score": 0.397784,
        "totpop": 4197
      },
      "geometry": {
        "type": "Point",
        "coordinates": [
          -96.693465,
          32.812123
        ]
      }
    },
    {
      "type": "Feature",
      "properties": {
        "geoid": "48113012211",
        "n_candidates": 1,
        "n_top100": 0,
        "n_top50_both": 0,
        "best_rank_composite": 4727,
        "best_rank_grounded": 4727,
        "best_site_reach": 0,
        "best_greedy_pick_order": null,
        "need_composite": 0.39211,
        "need_grounded": 0.455183,
        "tier": 2,
        "tier_label": "Tier 2 (moderate vulnerability)",
        "composite_score": 0.39211,
        "totpop": 4435
      },
      "geometry": {
        "type": "Point",
        "coordinates": [
          -96.688724,
          32.80143
        ]
      }
    },
    {
      "type": "Feature",
      "properties": {
        "geoid": "48113012212",
        "n_candidates": 7,
        "n_top100": 0,
        "n_top50_both": 0,
        "best_rank_composite": 1216,
        "best_rank_grounded": 852,
        "best_site_reach": 5386,
        "best_greedy_pick_order": null,
        "need_composite": 0.352655,
        "need_grounded": 0.536368,
        "tier": 2,
        "tier_label": "Tier 2 (moderate vulnerability)",
        "composite_score": 0.352655,
        "totpop": 5298
      },
      "geometry": {
        "type": "Point",
        "coordinates": [
          -96.699013,
          32.799117
        ]
      }
    },
    {
      "type": "Feature",
      "properties": {
        "geoid": "48113012213",
        "n_candidates": 9,
        "n_top100": 0,
        "n_top50_both": 0,
        "best_rank_composite": 2687,
        "best_rank_grounded": 2445,
        "best_site_reach": 5123,
        "best_greedy_pick_order": null,
        "need_composite": 0.265865,
        "need_grounded": 0.286951,
        "tier": 3,
        "tier_label": "Tier 3 (lower vulnerability)",
        "composite_score": 0.265865,
        "totpop": 2024
      },
      "geometry": {
        "type": "Point",
        "coordinates": [
          -96.703883,
          32.804807
        ]
      }
    },
    {
      "type": "Feature",
      "properties": {
        "geoid": "48113012301",
        "n_candidates": 12,
        "n_top100": 0,
        "n_top50_both": 0,
        "best_rank_composite": 3505,
        "best_rank_grounded": 3763,
        "best_site_reach": 1439,
        "best_greedy_pick_order": null,
        "need_composite": 0.390365,
        "need_grounded": 0.355569,
        "tier": 2,
        "tier_label": "Tier 2 (moderate vulnerability)",
        "composite_score": 0.390365,
        "totpop": 5073
      },
      "geometry": {
        "type": "Point",
        "coordinates": [
          -96.676824,
          32.815433
        ]
      }
    },
    {
      "type": "Feature",
      "properties": {
        "geoid": "48113012302",
        "n_candidates": 13,
        "n_top100": 0,
        "n_top50_both": 0,
        "best_rank_composite": 4683,
        "best_rank_grounded": 4683,
        "best_site_reach": 0,
        "best_greedy_pick_order": null,
        "need_composite": 0.447456,
        "need_grounded": 0.518509,
        "tier": 1,
        "tier_label": "Tier 1 (highest vulnerability)",
        "composite_score": 0.447456,
        "totpop": 8814
      },
      "geometry": {
        "type": "Point",
        "coordinates": [
          -96.675427,
          32.806419
        ]
      }
    },
    {
      "type": "Feature",
      "properties": {
        "geoid": "48113012400",
        "n_candidates": 19,
        "n_top100": 0,
        "n_top50_both": 0,
        "best_rank_composite": 998,
        "best_rank_grounded": 1581,
        "best_site_reach": 5005,
        "best_greedy_pick_order": null,
        "need_composite": 0.384943,
        "need_grounded": 0.437811,
        "tier": 2,
        "tier_label": "Tier 2 (moderate vulnerability)",
        "composite_score": 0.384943,
        "totpop": 4900
      },
      "geometry": {
        "type": "Point",
        "coordinates": [
          -96.684639,
          32.828472
        ]
      }
    },
    {
      "type": "Feature",
      "properties": {
        "geoid": "48113012501",
        "n_candidates": 2,
        "n_top100": 0,
        "n_top50_both": 0,
        "best_rank_composite": 714,
        "best_rank_grounded": 1691,
        "best_site_reach": 5676,
        "best_greedy_pick_order": null,
        "need_composite": 0.378808,
        "need_grounded": 0.37337,
        "tier": 2,
        "tier_label": "Tier 2 (moderate vulnerability)",
        "composite_score": 0.378808,
        "totpop": 3393
      },
      "geometry": {
        "type": "Point",
        "coordinates": [
          -96.663127,
          32.82821
        ]
      }
    },
    {
      "type": "Feature",
      "properties": {
        "geoid": "48113012502",
        "n_candidates": 18,
        "n_top100": 0,
        "n_top50_both": 0,
        "best_rank_composite": 506,
        "best_rank_grounded": 681,
        "best_site_reach": 5623,
        "best_greedy_pick_order": null,
        "need_composite": 0.406083,
        "need_grounded": 0.549515,
        "tier": 2,
        "tier_label": "Tier 2 (moderate vulnerability)",
        "composite_score": 0.406083,
        "totpop": 3016
      },
      "geometry": {
        "type": "Point",
        "coordinates": [
          -96.671478,
          32.831754
        ]
      }
    },
    {
      "type": "Feature",
      "properties": {
        "geoid": "48113012601",
        "n_candidates": 13,
        "n_top100": 0,
        "n_top50_both": 0,
        "best_rank_composite": 731,
        "best_rank_grounded": 293,
        "best_site_reach": 7049,
        "best_greedy_pick_order": null,
        "need_composite": 0.330755,
        "need_grounded": 0.584996,
        "tier": 3,
        "tier_label": "Tier 3 (lower vulnerability)",
        "composite_score": 0.330755,
        "totpop": 5872
      },
      "geometry": {
        "type": "Point",
        "coordinates": [
          -96.658103,
          32.854672
        ]
      }
    },
    {
      "type": "Feature",
      "properties": {
        "geoid": "48113012603",
        "n_candidates": 9,
        "n_top100": 0,
        "n_top50_both": 0,
        "best_rank_composite": 810,
        "best_rank_grounded": 708,
        "best_site_reach": 5761,
        "best_greedy_pick_order": null,
        "need_composite": 0.365936,
        "need_grounded": 0.532749,
        "tier": 2,
        "tier_label": "Tier 2 (moderate vulnerability)",
        "composite_score": 0.365936,
        "totpop": 1836
      },
      "geometry": {
        "type": "Point",
        "coordinates": [
          -96.657822,
          32.841053
        ]
      }
    },
    {
      "type": "Feature",
      "properties": {
        "geoid": "48113012604",
        "n_candidates": 6,
        "n_top100": 0,
        "n_top50_both": 0,
        "best_rank_composite": 227,
        "best_rank_grounded": 183,
        "best_site_reach": 7553,
        "best_greedy_pick_order": null,
        "need_composite": 0.415563,
        "need_grounded": 0.657378,
        "tier": 2,
        "tier_label": "Tier 2 (moderate vulnerability)",
        "composite_score": 0.415563,
        "totpop": 6533
      },
      "geometry": {
        "type": "Point",
        "coordinates": [
          -96.647828,
          32.84646
        ]
      }
    },
    {
      "type": "Feature",
      "properties": {
        "geoid": "48113012701",
        "n_candidates": 8,
        "n_top100": 0,
        "n_top50_both": 0,
        "best_rank_composite": 470,
        "best_rank_grounded": 371,
        "best_site_reach": 5522,
        "best_greedy_pick_order": null,
        "need_composite": 0.419182,
        "need_grounded": 0.676838,
        "tier": 2,
        "tier_label": "Tier 2 (moderate vulnerability)",
        "composite_score": 0.419182,
        "totpop": 5327
      },
      "geometry": {
        "type": "Point",
        "coordinates": [
          -96.671298,
          32.855293
        ]
      }
    },
    {
      "type": "Feature",
      "properties": {
        "geoid": "48113012702",
        "n_candidates": 28,
        "n_top100": 0,
        "n_top50_both": 0,
        "best_rank_composite": 471,
        "best_rank_grounded": 461,
        "best_site_reach": 5495,
        "best_greedy_pick_order": null,
        "need_composite": 0.420333,
        "need_grounded": 0.632103,
        "tier": 2,
        "tier_label": "Tier 2 (moderate vulnerability)",
        "composite_score": 0.420333,
        "totpop": 3260
      },
      "geometry": {
        "type": "Point",
        "coordinates": [
          -96.67628,
          32.83895
        ]
      }
    },
    {
      "type": "Feature",
      "properties": {
        "geoid": "48113012801",
        "n_candidates": 8,
        "n_top100": 0,
        "n_top50_both": 0,
        "best_rank_composite": 1978,
        "best_rank_grounded": 1926,
        "best_site_reach": 3620,
        "best_greedy_pick_order": null,
        "need_composite": 0.376503,
        "need_grounded": 0.512587,
        "tier": 2,
        "tier_label": "Tier 2 (moderate vulnerability)",
        "composite_score": 0.376503,
        "totpop": 2598
      },
      "geometry": {
        "type": "Point",
        "coordinates": [
          -96.687036,
          32.860847
        ]
      }
    },
    {
      "type": "Feature",
      "properties": {
        "geoid": "48113012802",
        "n_candidates": 16,
        "n_top100": 0,
        "n_top50_both": 0,
        "best_rank_composite": 1273,
        "best_rank_grounded": 1499,
        "best_site_reach": 4863,
        "best_greedy_pick_order": null,
        "need_composite": 0.371201,
        "need_grounded": 0.463445,
        "tier": 2,
        "tier_label": "Tier 2 (moderate vulnerability)",
        "composite_score": 0.371201,
        "totpop": 5003
      },
      "geometry": {
        "type": "Point",
        "coordinates": [
          -96.689515,
          32.850057
        ]
      }
    },
    {
      "type": "Feature",
      "properties": {
        "geoid": "48113012900",
        "n_candidates": 16,
        "n_top100": 0,
        "n_top50_both": 0,
        "best_rank_composite": 1447,
        "best_rank_grounded": 2423,
        "best_site_reach": 4367,
        "best_greedy_pick_order": null,
        "need_composite": 0.3804,
        "need_grounded": 0.336249,
        "tier": 2,
        "tier_label": "Tier 2 (moderate vulnerability)",
        "composite_score": 0.3804,
        "totpop": 4321
      },
      "geometry": {
        "type": "Point",
        "coordinates": [
          -96.713507,
          32.849109
        ]
      }
    },
    {
      "type": "Feature",
      "properties": {
        "geoid": "48113013005",
        "n_candidates": 12,
        "n_top100": 0,
        "n_top50_both": 0,
        "best_rank_composite": 2380,
        "best_rank_grounded": 2171,
        "best_site_reach": 4739,
        "best_greedy_pick_order": null,
        "need_composite": 0.296162,
        "need_grounded": 0.357199,
        "tier": 3,
        "tier_label": "Tier 3 (lower vulnerability)",
        "composite_score": 0.296162,
        "totpop": 4489
      },
      "geometry": {
        "type": "Point",
        "coordinates": [
          -96.704319,
          32.875112
        ]
      }
    },
    {
      "type": "Feature",
      "properties": {
        "geoid": "48113013007",
        "n_candidates": 8,
        "n_top100": 0,
        "n_top50_both": 0,
        "best_rank_composite": 2221,
        "best_rank_grounded": 1534,
        "best_site_reach": 4845,
        "best_greedy_pick_order": null,
        "need_composite": 0.301432,
        "need_grounded": 0.45978,
        "tier": 3,
        "tier_label": "Tier 3 (lower vulnerability)",
        "composite_score": 0.301432,
        "totpop": 3095
      },
      "geometry": {
        "type": "Point",
        "coordinates": [
          -96.697082,
          32.871386
        ]
      }
    },
    {
      "type": "Feature",
      "properties": {
        "geoid": "48113013008",
        "n_candidates": 4,
        "n_top100": 0,
        "n_top50_both": 0,
        "best_rank_composite": 1899,
        "best_rank_grounded": 1615,
        "best_site_reach": 4987,
        "best_greedy_pick_order": null,
        "need_composite": 0.319136,
        "need_grounded": 0.433345,
        "tier": 3,
        "tier_label": "Tier 3 (lower vulnerability)",
        "composite_score": 0.319136,
        "totpop": 3046
      },
      "geometry": {
        "type": "Point",
        "coordinates": [
          -96.724425,
          32.887322
        ]
      }
    },
    {
      "type": "Feature",
      "properties": {
        "geoid": "48113013009",
        "n_candidates": 13,
        "n_top100": 0,
        "n_top50_both": 0,
        "best_rank_composite": 1058,
        "best_rank_grounded": 1601,
        "best_site_reach": 5505,
        "best_greedy_pick_order": null,
        "need_composite": 0.358097,
        "need_grounded": 0.397506,
        "tier": 2,
        "tier_label": "Tier 2 (moderate vulnerability)",
        "composite_score": 0.358097,
        "totpop": 4804
      },
      "geometry": {
        "type": "Point",
        "coordinates": [
          -96.71152,
          32.888224
        ]
      }
    },
    {
      "type": "Feature",
      "properties": {
        "geoid": "48113013010",
        "n_candidates": 8,
        "n_top100": 0,
        "n_top50_both": 0,
        "best_rank_composite": 2114,
        "best_rank_grounded": 2433,
        "best_site_reach": 3276,
        "best_greedy_pick_order": null,
        "need_composite": 0.388695,
        "need_grounded": 0.435899,
        "tier": 2,
        "tier_label": "Tier 2 (moderate vulnerability)",
        "composite_score": 0.388695,
        "totpop": 4926
      },
      "geometry": {
        "type": "Point",
        "coordinates": [
          -96.676687,
          32.869372
        ]
      }
    },
    {
      "type": "Feature",
      "properties": {
        "geoid": "48113013011",
        "n_candidates": 10,
        "n_top100": 0,
        "n_top50_both": 0,
        "best_rank_composite": 1393,
        "best_rank_grounded": 1580,
        "best_site_reach": 3850,
        "best_greedy_pick_order": null,
        "need_composite": 0.41783,
        "need_grounded": 0.560555,
        "tier": 2,
        "tier_label": "Tier 2 (moderate vulnerability)",
        "composite_score": 0.41783,
        "totpop": 4301
      },
      "geometry": {
        "type": "Point",
        "coordinates": [
          -96.692108,
          32.878697
        ]
      }
    },
    {
      "type": "Feature",
      "properties": {
        "geoid": "48113013012",
        "n_candidates": 8,
        "n_top100": 0,
        "n_top50_both": 0,
        "best_rank_composite": 1321,
        "best_rank_grounded": 1976,
        "best_site_reach": 5814,
        "best_greedy_pick_order": null,
        "need_composite": 0.329252,
        "need_grounded": 0.323432,
        "tier": 3,
        "tier_label": "Tier 3 (lower vulnerability)",
        "composite_score": 0.329252,
        "totpop": 2626
      },
      "geometry": {
        "type": "Point",
        "coordinates": [
          -96.713965,
          32.870284
        ]
      }
    },
    {
      "type": "Feature",
      "properties": {
        "geoid": "48113013013",
        "n_candidates": 3,
        "n_top100": 0,
        "n_top50_both": 0,
        "best_rank_composite": 1494,
        "best_rank_grounded": 2057,
        "best_site_reach": 5918,
        "best_greedy_pick_order": null,
        "need_composite": 0.314409,
        "need_grounded": 0.306763,
        "tier": 3,
        "tier_label": "Tier 3 (lower vulnerability)",
        "composite_score": 0.314409,
        "totpop": 4380
      },
      "geometry": {
        "type": "Point",
        "coordinates": [
          -96.725615,
          32.868607
        ]
      }
    },
    {
      "type": "Feature",
      "properties": {
        "geoid": "48113013101",
        "n_candidates": 7,
        "n_top100": 0,
        "n_top50_both": 0,
        "best_rank_composite": 2598,
        "best_rank_grounded": 2948,
        "best_site_reach": 3876,
        "best_greedy_pick_order": null,
        "need_composite": 0.316204,
        "need_grounded": 0.279115,
        "tier": 3,
        "tier_label": "Tier 3 (lower vulnerability)",
        "composite_score": 0.316204,
        "totpop": 2828
      },
      "geometry": {
        "type": "Point",
        "coordinates": [
          -96.778773,
          32.902426
        ]
      }
    },
    {
      "type": "Feature",
      "properties": {
        "geoid": "48113013104",
        "n_candidates": 5,
        "n_top100": 0,
        "n_top50_both": 0,
        "best_rank_composite": 2040,
        "best_rank_grounded": 2340,
        "best_site_reach": 4207,
        "best_greedy_pick_order": null,
        "need_composite": 0.338083,
        "need_grounded": 0.367526,
        "tier": 3,
        "tier_label": "Tier 3 (lower vulnerability)",
        "composite_score": 0.338083,
        "totpop": 1920
      },
      "geometry": {
        "type": "Point",
        "coordinates": [
          -96.773753,
          32.88404
        ]
      }
    },
    {
      "type": "Feature",
      "properties": {
        "geoid": "48113013107",
        "n_candidates": 5,
        "n_top100": 0,
        "n_top50_both": 0,
        "best_rank_composite": 238,
        "best_rank_grounded": 224,
        "best_site_reach": 9769,
        "best_greedy_pick_order": 6,
        "need_composite": 0.343448,
        "need_grounded": 0.46457,
        "tier": 2,
        "tier_label": "Tier 2 (moderate vulnerability)",
        "composite_score": 0.343448,
        "totpop": 4386
      },
      "geometry": {
        "type": "Point",
        "coordinates": [
          -96.772259,
          32.891308
        ]
      }
    },
    {
      "type": "Feature",
      "properties": {
        "geoid": "48113013201",
        "n_candidates": 9,
        "n_top100": 0,
        "n_top50_both": 0,
        "best_rank_composite": 3260,
        "best_rank_grounded": 3058,
        "best_site_reach": 2204,
        "best_greedy_pick_order": null,
        "need_composite": 0.340048,
        "need_grounded": 0.437482,
        "tier": 2,
        "tier_label": "Tier 2 (moderate vulnerability)",
        "composite_score": 0.340048,
        "totpop": 2525
      },
      "geometry": {
        "type": "Point",
        "coordinates": [
          -96.794987,
          32.917386
        ]
      }
    },
    {
      "type": "Feature",
      "properties": {
        "geoid": "48113013202",
        "n_candidates": 8,
        "n_top100": 0,
        "n_top50_both": 0,
        "best_rank_composite": 1986,
        "best_rank_grounded": 2116,
        "best_site_reach": 4583,
        "best_greedy_pick_order": null,
        "need_composite": 0.326185,
        "need_grounded": 0.376577,
        "tier": 3,
        "tier_label": "Tier 3 (lower vulnerability)",
        "composite_score": 0.326185,
        "totpop": 5071
      },
      "geometry": {
        "type": "Point",
        "coordinates": [
          -96.77671,
          32.917159
        ]
      }
    },
    {
      "type": "Feature",
      "properties": {
        "geoid": "48113013300",
        "n_candidates": 17,
        "n_top100": 0,
        "n_top50_both": 0,
        "best_rank_composite": 3373,
        "best_rank_grounded": 3651,
        "best_site_reach": 2177,
        "best_greedy_pick_order": null,
        "need_composite": 0.326389,
        "need_grounded": 0.269526,
        "tier": 3,
        "tier_label": "Tier 3 (lower vulnerability)",
        "composite_score": 0.326389,
        "totpop": 1715
      },
      "geometry": {
        "type": "Point",
        "coordinates": [
          -96.796195,
          32.902643
        ]
      }
    },
    {
      "type": "Feature",
      "properties": {
        "geoid": "48113013400",
        "n_candidates": 11,
        "n_top100": 0,
        "n_top50_both": 0,
        "best_rank_composite": 3499,
        "best_rank_grounded": 3716,
        "best_site_reach": 2050,
        "best_greedy_pick_order": null,
        "need_composite": 0.316652,
        "need_grounded": 0.268439,
        "tier": 3,
        "tier_label": "Tier 3 (lower vulnerability)",
        "composite_score": 0.316652,
        "totpop": 1682
      },
      "geometry": {
        "type": "Point",
        "coordinates": [
          -96.811231,
          32.902623
        ]
      }
    },
    {
      "type": "Feature",
      "properties": {
        "geoid": "48113013605",
        "n_candidates": 11,
        "n_top100": 0,
        "n_top50_both": 0,
        "best_rank_composite": 1354,
        "best_rank_grounded": 2030,
        "best_site_reach": 5689,
        "best_greedy_pick_order": null,
        "need_composite": 0.330231,
        "need_grounded": 0.321992,
        "tier": 3,
        "tier_label": "Tier 3 (lower vulnerability)",
        "composite_score": 0.330231,
        "totpop": 5041
      },
      "geometry": {
        "type": "Point",
        "coordinates": [
          -96.776605,
          32.970596
        ]
      }
    },
    {
      "type": "Feature",
      "properties": {
        "geoid": "48113013606",
        "n_candidates": 11,
        "n_top100": 0,
        "n_top50_both": 0,
        "best_rank_composite": 2141,
        "best_rank_grounded": 1528,
        "best_site_reach": 5512,
        "best_greedy_pick_order": null,
        "need_composite": 0.285883,
        "need_grounded": 0.408982,
        "tier": 3,
        "tier_label": "Tier 3 (lower vulnerability)",
        "composite_score": 0.285883,
        "totpop": 5789
      },
      "geometry": {
        "type": "Point",
        "coordinates": [
          -96.795739,
          32.95638
        ]
      }
    },
    {
      "type": "Feature",
      "properties": {
        "geoid": "48113013607",
        "n_candidates": 8,
        "n_top100": 0,
        "n_top50_both": 0,
        "best_rank_composite": 1949,
        "best_rank_grounded": 1878,
        "best_site_reach": 5174,
        "best_greedy_pick_order": null,
        "need_composite": 0.30824,
        "need_grounded": 0.375956,
        "tier": 3,
        "tier_label": "Tier 3 (lower vulnerability)",
        "composite_score": 0.30824,
        "totpop": 3657
      },
      "geometry": {
        "type": "Point",
        "coordinates": [
          -96.777902,
          32.956041
        ]
      }
    },
    {
      "type": "Feature",
      "properties": {
        "geoid": "48113013608",
        "n_candidates": 12,
        "n_top100": 0,
        "n_top50_both": 0,
        "best_rank_composite": 2104,
        "best_rank_grounded": 2349,
        "best_site_reach": 5100,
        "best_greedy_pick_order": null,
        "need_composite": 0.300265,
        "need_grounded": 0.306785,
        "tier": 3,
        "tier_label": "Tier 3 (lower vulnerability)",
        "composite_score": 0.300265,
        "totpop": 2375
      },
      "geometry": {
        "type": "Point",
        "coordinates": [
          -96.795085,
          32.937061
        ]
      }
    },
    {
      "type": "Feature",
      "properties": {
        "geoid": "48113013609",
        "n_candidates": 5,
        "n_top100": 0,
        "n_top50_both": 0,
        "best_rank_composite": 138,
        "best_rank_grounded": 132,
        "best_site_reach": 9231,
        "best_greedy_pick_order": null,
        "need_composite": 0.412239,
        "need_grounded": 0.621423,
        "tier": 2,
        "tier_label": "Tier 2 (moderate vulnerability)",
        "composite_score": 0.412239,
        "totpop": 3578
      },
      "geometry": {
        "type": "Point",
        "coordinates": [
          -96.777495,
          32.945442
        ]
      }
    },
    {
      "type": "Feature",
      "properties": {
        "geoid": "48113013610",
        "n_candidates": 7,
        "n_top100": 0,
        "n_top50_both": 0,
        "best_rank_composite": 237,
        "best_rank_grounded": 278,
        "best_site_reach": 7779,
        "best_greedy_pick_order": 17,
        "need_composite": 0.39803,
        "need_grounded": 0.543593,
        "tier": 2,
        "tier_label": "Tier 2 (moderate vulnerability)",
        "composite_score": 0.39803,
        "totpop": 4144
      },
      "geometry": {
        "type": "Point",
        "coordinates": [
          -96.777656,
          32.932662
        ]
      }
    },
    {
      "type": "Feature",
      "properties": {
        "geoid": "48113013611",
        "n_candidates": 3,
        "n_top100": 0,
        "n_top50_both": 0,
        "best_rank_composite": 2451,
        "best_rank_grounded": 2657,
        "best_site_reach": 4694,
        "best_greedy_pick_order": null,
        "need_composite": 0.294254,
        "need_grounded": 0.272399,
        "tier": 3,
        "tier_label": "Tier 3 (lower vulnerability)",
        "composite_score": 0.294254,
        "totpop": 2829
      },
      "geometry": {
        "type": "Point",
        "coordinates": [
          -96.815188,
          32.977196
        ]
      }
    },
    {
      "type": "Feature",
      "properties": {
        "geoid": "48113013615",
        "n_candidates": 23,
        "n_top100": 0,
        "n_top50_both": 0,
        "best_rank_composite": 118,
        "best_rank_grounded": 55,
        "best_site_reach": 14401,
        "best_greedy_pick_order": null,
        "need_composite": 0.331391,
        "need_grounded": 0.612463,
        "tier": 3,
        "tier_label": "Tier 3 (lower vulnerability)",
        "composite_score": 0.331391,
        "totpop": 5442
      },
      "geometry": {
        "type": "Point",
        "coordinates": [
          -96.808436,
          32.932519
        ]
      }
    },
    {
      "type": "Feature",
      "properties": {
        "geoid": "48113013617",
        "n_candidates": 9,
        "n_top100": 0,
        "n_top50_both": 0,
        "best_rank_composite": 3305,
        "best_rank_grounded": 3166,
        "best_site_reach": 2425,
        "best_greedy_pick_order": null,
        "need_composite": 0.315676,
        "need_grounded": 0.37384,
        "tier": 3,
        "tier_label": "Tier 3 (lower vulnerability)",
        "composite_score": 0.315676,
        "totpop": 2838
      },
      "geometry": {
        "type": "Point",
        "coordinates": [
          -96.801305,
          32.978803
        ]
      }
    },
    {
      "type": "Feature",
      "properties": {
        "geoid": "48113013618",
        "n_candidates": 5,
        "n_top100": 0,
        "n_top50_both": 0,
        "best_rank_composite": 1995,
        "best_rank_grounded": 1825,
        "best_site_reach": 3898,
        "best_greedy_pick_order": null,
        "need_composite": 0.357906,
        "need_grounded": 0.501256,
        "tier": 2,
        "tier_label": "Tier 2 (moderate vulnerability)",
        "composite_score": 0.357906,
        "totpop": 2879
      },
      "geometry": {
        "type": "Point",
        "coordinates": [
          -96.777055,
          32.982501
        ]
      }
    },
    {
      "type": "Feature",
      "properties": {
        "geoid": "48113013619",
        "n_candidates": 1,
        "n_top100": 0,
        "n_top50_both": 0,
        "best_rank_composite": 1631,
        "best_rank_grounded": 2081,
        "best_site_reach": 5483,
        "best_greedy_pick_order": null,
        "need_composite": 0.319597,
        "need_grounded": 0.324701,
        "tier": 3,
        "tier_label": "Tier 3 (lower vulnerability)",
        "composite_score": 0.319597,
        "totpop": 5012
      },
      "geometry": {
        "type": "Point",
        "coordinates": [
          -96.794154,
          32.970747
        ]
      }
    },
    {
      "type": "Feature",
      "properties": {
        "geoid": "48113013620",
        "n_candidates": 19,
        "n_top100": 0,
        "n_top50_both": 0,
        "best_rank_composite": 2788,
        "best_rank_grounded": 1846,
        "best_site_reach": 5523,
        "best_greedy_pick_order": null,
        "need_composite": 0.247345,
        "need_grounded": 0.360383,
        "tier": 3,
        "tier_label": "Tier 3 (lower vulnerability)",
        "composite_score": 0.247345,
        "totpop": 6241
      },
      "geometry": {
        "type": "Point",
        "coordinates": [
          -96.816307,
          32.962544
        ]
      }
    },
    {
      "type": "Feature",
      "properties": {
        "geoid": "48113013622",
        "n_candidates": 12,
        "n_top100": 0,
        "n_top50_both": 0,
        "best_rank_composite": 298,
        "best_rank_grounded": 155,
        "best_site_reach": 11520,
        "best_greedy_pick_order": 31,
        "need_composite": 0.300608,
        "need_grounded": 0.470888,
        "tier": 3,
        "tier_label": "Tier 3 (lower vulnerability)",
        "composite_score": 0.300608,
        "totpop": 3036
      },
      "geometry": {
        "type": "Point",
        "coordinates": [
          -96.810435,
          32.948555
        ]
      }
    },
    {
      "type": "Feature",
      "properties": {
        "geoid": "48113013624",
        "n_candidates": 8,
        "n_top100": 0,
        "n_top50_both": 0,
        "best_rank_composite": 694,
        "best_rank_grounded": 419,
        "best_site_reach": 11057,
        "best_greedy_pick_order": null,
        "need_composite": 0.263691,
        "need_grounded": 0.339982,
        "tier": 3,
        "tier_label": "Tier 3 (lower vulnerability)",
        "composite_score": 0.263691,
        "totpop": 4315
      },
      "geometry": {
        "type": "Point",
        "coordinates": [
          -96.817632,
          32.946721
        ]
      }
    },
    {
      "type": "Feature",
      "properties": {
        "geoid": "48113013625",
        "n_candidates": 4,
        "n_top100": 0,
        "n_top50_both": 0,
        "best_rank_composite": 2039,
        "best_rank_grounded": 1446,
        "best_site_reach": 8169,
        "best_greedy_pick_order": null,
        "need_composite": 0.24212,
        "need_grounded": 0.293726,
        "tier": 3,
        "tier_label": "Tier 3 (lower vulnerability)",
        "composite_score": 0.24212,
        "totpop": 3161
      },
      "geometry": {
        "type": "Point",
        "coordinates": [
          -96.820134,
          32.943236
        ]
      }
    },
    {
      "type": "Feature",
      "properties": {
        "geoid": "48113013626",
        "n_candidates": 11,
        "n_top100": 0,
        "n_top50_both": 0,
        "best_rank_composite": 2168,
        "best_rank_grounded": 203,
        "best_site_reach": 9661,
        "best_greedy_pick_order": null,
        "need_composite": 0.222436,
        "need_grounded": 0.493366,
        "tier": 3,
        "tier_label": "Tier 3 (lower vulnerability)",
        "composite_score": 0.222436,
        "totpop": 2912
      },
      "geometry": {
        "type": "Point",
        "coordinates": [
          -96.817855,
          32.935378
        ]
      }
    },
    {
      "type": "Feature",
      "properties": {
        "geoid": "48113013628",
        "n_candidates": 39,
        "n_top100": 0,
        "n_top50_both": 0,
        "best_rank_composite": 836,
        "best_rank_grounded": 1609,
        "best_site_reach": 7065,
        "best_greedy_pick_order": 23,
        "need_composite": 0.322714,
        "need_grounded": 0.314872,
        "tier": 3,
        "tier_label": "Tier 3 (lower vulnerability)",
        "composite_score": 0.322714,
        "totpop": 5667
      },
      "geometry": {
        "type": "Point",
        "coordinates": [
          -96.82587,
          32.947375
        ]
      }
    },
    {
      "type": "Feature",
      "properties": {
        "geoid": "48113013629",
        "n_candidates": 1,
        "n_top100": 1,
        "n_top50_both": 0,
        "best_rank_composite": 90,
        "best_rank_grounded": 48,
        "best_site_reach": 14423,
        "best_greedy_pick_order": 2,
        "need_composite": 0.368013,
        "need_grounded": 0.641147,
        "tier": 2,
        "tier_label": "Tier 2 (moderate vulnerability)",
        "composite_score": 0.368013,
        "totpop": 2707
      },
      "geometry": {
        "type": "Point",
        "coordinates": [
          -96.810936,
          32.940883
        ]
      }
    },
    {
      "type": "Feature",
      "properties": {
        "geoid": "48113013715",
        "n_candidates": 2,
        "n_top100": 0,
        "n_top50_both": 0,
        "best_rank_composite": 3222,
        "best_rank_grounded": 2780,
        "best_site_reach": 2249,
        "best_greedy_pick_order": null,
        "need_composite": 0.34074,
        "need_grounded": 0.504927,
        "tier": 2,
        "tier_label": "Tier 2 (moderate vulnerability)",
        "composite_score": 0.34074,
        "totpop": 2323
      },
      "geometry": {
        "type": "Point",
        "coordinates": [
          -96.876274,
          32.950056
        ]
      }
    },
    {
      "type": "Feature",
      "properties": {
        "geoid": "48113013716",
        "n_candidates": 6,
        "n_top100": 0,
        "n_top50_both": 0,
        "best_rank_composite": 505,
        "best_rank_grounded": 1338,
        "best_site_reach": 4722,
        "best_greedy_pick_order": null,
        "need_composite": 0.457285,
        "need_grounded": 0.513056,
        "tier": 1,
        "tier_label": "Tier 1 (highest vulnerability)",
        "composite_score": 0.457285,
        "totpop": 5243
      },
      "geometry": {
        "type": "Point",
        "coordinates": [
          -96.912488,
          32.964783
        ]
      }
    },
    {
      "type": "Feature",
      "properties": {
        "geoid": "48113013717",
        "n_candidates": 1,
        "n_top100": 0,
        "n_top50_both": 0,
        "best_rank_composite": 479,
        "best_rank_grounded": 1056,
        "best_site_reach": 3683,
        "best_greedy_pick_order": null,
        "need_composite": 0.555822,
        "need_grounded": 0.715802,
        "tier": 1,
        "tier_label": "Tier 1 (highest vulnerability)",
        "composite_score": 0.555822,
        "totpop": 2952
      },
      "geometry": {
        "type": "Point",
        "coordinates": [
          -96.901651,
          32.959264
        ]
      }
    },
    {
      "type": "Feature",
      "properties": {
        "geoid": "48113013718",
        "n_candidates": 7,
        "n_top100": 0,
        "n_top50_both": 0,
        "best_rank_composite": 312,
        "best_rank_grounded": 549,
        "best_site_reach": 5226,
        "best_greedy_pick_order": null,
        "need_composite": 0.483249,
        "need_grounded": 0.626262,
        "tier": 1,
        "tier_label": "Tier 1 (highest vulnerability)",
        "composite_score": 0.483249,
        "totpop": 4316
      },
      "geometry": {
        "type": "Point",
        "coordinates": [
          -96.893329,
          32.961641
        ]
      }
    },
    {
      "type": "Feature",
      "properties": {
        "geoid": "48113013719",
        "n_candidates": 21,
        "n_top100": 0,
        "n_top50_both": 0,
        "best_rank_composite": 1678,
        "best_rank_grounded": 2235,
        "best_site_reach": 2505,
        "best_greedy_pick_order": null,
        "need_composite": 0.525975,
        "need_grounded": 0.631853,
        "tier": 1,
        "tier_label": "Tier 1 (highest vulnerability)",
        "composite_score": 0.525975,
        "totpop": 4446
      },
      "geometry": {
        "type": "Point",
        "coordinates": [
          -96.913968,
          32.981943
        ]
      }
    },
    {
      "type": "Feature",
      "properties": {
        "geoid": "48113013720",
        "n_candidates": 12,
        "n_top100": 0,
        "n_top50_both": 0,
        "best_rank_composite": 1026,
        "best_rank_grounded": 850,
        "best_site_reach": 5555,
        "best_greedy_pick_order": null,
        "need_composite": 0.358655,
        "need_grounded": 0.521171,
        "tier": 2,
        "tier_label": "Tier 2 (moderate vulnerability)",
        "composite_score": 0.358655,
        "totpop": 5769
      },
      "geometry": {
        "type": "Point",
        "coordinates": [
          -96.888001,
          32.978764
        ]
      }
    },
    {
      "type": "Feature",
      "properties": {
        "geoid": "48113013721",
        "n_candidates": 2,
        "n_top100": 0,
        "n_top50_both": 0,
        "best_rank_composite": 2979,
        "best_rank_grounded": 3224,
        "best_site_reach": 2488,
        "best_greedy_pick_order": null,
        "need_composite": 0.348569,
        "need_grounded": 0.348191,
        "tier": 2,
        "tier_label": "Tier 2 (moderate vulnerability)",
        "composite_score": 0.348569,
        "totpop": 5271
      },
      "geometry": {
        "type": "Point",
        "coordinates": [
          -96.867097,
          32.978805
        ]
      }
    },
    {
      "type": "Feature",
      "properties": {
        "geoid": "48113013722",
        "n_candidates": 11,
        "n_top100": 0,
        "n_top50_both": 0,
        "best_rank_composite": 1175,
        "best_rank_grounded": 1299,
        "best_site_reach": 5671,
        "best_greedy_pick_order": null,
        "need_composite": 0.344974,
        "need_grounded": 0.438039,
        "tier": 2,
        "tier_label": "Tier 2 (moderate vulnerability)",
        "composite_score": 0.344974,
        "totpop": 4579
      },
      "geometry": {
        "type": "Point",
        "coordinates": [
          -96.849387,
          32.978081
        ]
      }
    },
    {
      "type": "Feature",
      "properties": {
        "geoid": "48113013725",
        "n_candidates": 1,
        "n_top100": 0,
        "n_top50_both": 0,
        "best_rank_composite": 1846,
        "best_rank_grounded": 1602,
        "best_site_reach": 4083,
        "best_greedy_pick_order": null,
        "need_composite": 0.363445,
        "need_grounded": 0.525295,
        "tier": 2,
        "tier_label": "Tier 2 (moderate vulnerability)",
        "composite_score": 0.363445,
        "totpop": 4330
      },
      "geometry": {
        "type": "Point",
        "coordinates": [
          -96.846152,
          32.962597
        ]
      }
    },
    {
      "type": "Feature",
      "properties": {
        "geoid": "48113013726",
        "n_candidates": 13,
        "n_top100": 0,
        "n_top50_both": 0,
        "best_rank_composite": 1284,
        "best_rank_grounded": 1464,
        "best_site_reach": 5557,
        "best_greedy_pick_order": null,
        "need_composite": 0.341419,
        "need_grounded": 0.414596,
        "tier": 2,
        "tier_label": "Tier 2 (moderate vulnerability)",
        "composite_score": 0.341419,
        "totpop": 2900
      },
      "geometry": {
        "type": "Point",
        "coordinates": [
          -96.852547,
          32.946923
        ]
      }
    },
    {
      "type": "Feature",
      "properties": {
        "geoid": "48113013727",
        "n_candidates": 24,
        "n_top100": 0,
        "n_top50_both": 0,
        "best_rank_composite": 3096,
        "best_rank_grounded": 3250,
        "best_site_reach": 2941,
        "best_greedy_pick_order": null,
        "need_composite": 0.305136,
        "need_grounded": 0.294708,
        "tier": 3,
        "tier_label": "Tier 3 (lower vulnerability)",
        "composite_score": 0.305136,
        "totpop": 3913
      },
      "geometry": {
        "type": "Point",
        "coordinates": [
          -96.835042,
          32.96669
        ]
      }
    },
    {
      "type": "Feature",
      "properties": {
        "geoid": "48113013728",
        "n_candidates": 1,
        "n_top100": 0,
        "n_top50_both": 0,
        "best_rank_composite": 247,
        "best_rank_grounded": 223,
        "best_site_reach": 6905,
        "best_greedy_pick_order": 24,
        "need_composite": 0.422723,
        "need_grounded": 0.647682,
        "tier": 2,
        "tier_label": "Tier 2 (moderate vulnerability)",
        "composite_score": 0.422723,
        "totpop": 5136
      },
      "geometry": {
        "type": "Point",
        "coordinates": [
          -96.881832,
          32.942664
        ]
      }
    },
    {
      "type": "Feature",
      "properties": {
        "geoid": "48113013729",
        "n_candidates": 18,
        "n_top100": 0,
        "n_top50_both": 0,
        "best_rank_composite": 442,
        "best_rank_grounded": 611,
        "best_site_reach": 5767,
        "best_greedy_pick_order": null,
        "need_composite": 0.415107,
        "need_grounded": 0.55386,
        "tier": 2,
        "tier_label": "Tier 2 (moderate vulnerability)",
        "composite_score": 0.415107,
        "totpop": 7033
      },
      "geometry": {
        "type": "Point",
        "coordinates": [
          -96.897977,
          32.946012
        ]
      }
    },
    {
      "type": "Feature",
      "properties": {
        "geoid": "48113013805",
        "n_candidates": 3,
        "n_top100": 0,
        "n_top50_both": 0,
        "best_rank_composite": 775,
        "best_rank_grounded": 975,
        "best_site_reach": 5763,
        "best_greedy_pick_order": null,
        "need_composite": 0.368567,
        "need_grounded": 0.481975,
        "tier": 2,
        "tier_label": "Tier 2 (moderate vulnerability)",
        "composite_score": 0.368567,
        "totpop": 3981
      },
      "geometry": {
        "type": "Point",
        "coordinates": [
          -96.851733,
          32.936488
        ]
      }
    },
    {
      "type": "Feature",
      "properties": {
        "geoid": "48113013806",
        "n_candidates": 19,
        "n_top100": 0,
        "n_top50_both": 0,
        "best_rank_composite": 3186,
        "best_rank_grounded": 2875,
        "best_site_reach": 2515,
        "best_greedy_pick_order": null,
        "need_composite": 0.322473,
        "need_grounded": 0.431783,
        "tier": 3,
        "tier_label": "Tier 3 (lower vulnerability)",
        "composite_score": 0.322473,
        "totpop": 3776
      },
      "geometry": {
        "type": "Point",
        "coordinates": [
          -96.836499,
          32.939264
        ]
      }
    },
    {
      "type": "Feature",
      "properties": {
        "geoid": "48113013808",
        "n_candidates": 2,
        "n_top100": 0,
        "n_top50_both": 0,
        "best_rank_composite": 2479,
        "best_rank_grounded": 2596,
        "best_site_reach": 3374,
        "best_greedy_pick_order": null,
        "need_composite": 0.352738,
        "need_grounded": 0.381494,
        "tier": 2,
        "tier_label": "Tier 2 (moderate vulnerability)",
        "composite_score": 0.352738,
        "totpop": 2503
      },
      "geometry": {
        "type": "Point",
        "coordinates": [
          -96.864535,
          32.94272
        ]
      }
    },
    {
      "type": "Feature",
      "properties": {
        "geoid": "48113013901",
        "n_candidates": 4,
        "n_top100": 0,
        "n_top50_both": 0,
        "best_rank_composite": 2704,
        "best_rank_grounded": 2466,
        "best_site_reach": 2656,
        "best_greedy_pick_order": null,
        "need_composite": 0.380781,
        "need_grounded": 0.52044,
        "tier": 2,
        "tier_label": "Tier 2 (moderate vulnerability)",
        "composite_score": 0.380781,
        "totpop": 4023
      },
      "geometry": {
        "type": "Point",
        "coordinates": [
          -96.895996,
          32.930836
        ]
      }
    },
    {
      "type": "Feature",
      "properties": {
        "geoid": "48113013902",
        "n_candidates": 3,
        "n_top100": 0,
        "n_top50_both": 0,
        "best_rank_composite": 613,
        "best_rank_grounded": 332,
        "best_site_reach": 6741,
        "best_greedy_pick_order": null,
        "need_composite": 0.351553,
        "need_grounded": 0.58354,
        "tier": 2,
        "tier_label": "Tier 2 (moderate vulnerability)",
        "composite_score": 0.351553,
        "totpop": 4063
      },
      "geometry": {
        "type": "Point",
        "coordinates": [
          -96.88159,
          32.931636
        ]
      }
    },
    {
      "type": "Feature",
      "properties": {
        "geoid": "48113014001",
        "n_candidates": 12,
        "n_top100": 0,
        "n_top50_both": 0,
        "best_rank_composite": 2888,
        "best_rank_grounded": 2217,
        "best_site_reach": 3539,
        "best_greedy_pick_order": null,
        "need_composite": 0.295452,
        "need_grounded": 0.459742,
        "tier": 3,
        "tier_label": "Tier 3 (lower vulnerability)",
        "composite_score": 0.295452,
        "totpop": 4624
      },
      "geometry": {
        "type": "Point",
        "coordinates": [
          -96.885767,
          32.916395
        ]
      }
    },
    {
      "type": "Feature",
      "properties": {
        "geoid": "48113014002",
        "n_candidates": 4,
        "n_top100": 0,
        "n_top50_both": 0,
        "best_rank_composite": 4044,
        "best_rank_grounded": 4169,
        "best_site_reach": 709,
        "best_greedy_pick_order": null,
        "need_composite": 0.393454,
        "need_grounded": 0.265055,
        "tier": 2,
        "tier_label": "Tier 2 (moderate vulnerability)",
        "composite_score": 0.393454,
        "totpop": 1706
      },
      "geometry": {
        "type": "Point",
        "coordinates": [
          -96.923006,
          32.948286
        ]
      }
    },
    {
      "type": "Feature",
      "properties": {
        "geoid": "48113014119",
        "n_candidates": 9,
        "n_top100": 0,
        "n_top50_both": 0,
        "best_rank_composite": 2159,
        "best_rank_grounded": 3040,
        "best_site_reach": 3230,
        "best_greedy_pick_order": null,
        "need_composite": 0.386858,
        "need_grounded": 0.310593,
        "tier": 2,
        "tier_label": "Tier 2 (moderate vulnerability)",
        "composite_score": 0.386858,
        "totpop": 4245
      },
      "geometry": {
        "type": "Point",
        "coordinates": [
          -96.98515,
          32.958621
        ]
      }
    },
    {
      "type": "Feature",
      "properties": {
        "geoid": "48113014120",
        "n_candidates": 2,
        "n_top100": 0,
        "n_top50_both": 0,
        "best_rank_composite": 1199,
        "best_rank_grounded": 2345,
        "best_site_reach": 5315,
        "best_greedy_pick_order": null,
        "need_composite": 0.356881,
        "need_grounded": 0.296614,
        "tier": 2,
        "tier_label": "Tier 2 (moderate vulnerability)",
        "composite_score": 0.356881,
        "totpop": 5430
      },
      "geometry": {
        "type": "Point",
        "coordinates": [
          -96.968005,
          32.959309
        ]
      }
    },
    {
      "type": "Feature",
      "properties": {
        "geoid": "48113014123",
        "n_candidates": 1,
        "n_top100": 0,
        "n_top50_both": 0,
        "best_rank_composite": 2465,
        "best_rank_grounded": 2973,
        "best_site_reach": 3350,
        "best_greedy_pick_order": null,
        "need_composite": 0.355177,
        "need_grounded": 0.311837,
        "tier": 2,
        "tier_label": "Tier 2 (moderate vulnerability)",
        "composite_score": 0.355177,
        "totpop": 5986
      },
      "geometry": {
        "type": "Point",
        "coordinates": [
          -96.954502,
          32.977601
        ]
      }
    },
    {
      "type": "Feature",
      "properties": {
        "geoid": "48113014124",
        "n_candidates": 18,
        "n_top100": 0,
        "n_top50_both": 0,
        "best_rank_composite": 2456,
        "best_rank_grounded": 2954,
        "best_site_reach": 3514,
        "best_greedy_pick_order": null,
        "need_composite": 0.345867,
        "need_grounded": 0.303158,
        "tier": 2,
        "tier_label": "Tier 2 (moderate vulnerability)",
        "composite_score": 0.345867,
        "totpop": 3926
      },
      "geometry": {
        "type": "Point",
        "coordinates": [
          -97.005292,
          32.922913
        ]
      }
    },
    {
      "type": "Feature",
      "properties": {
        "geoid": "48113014126",
        "n_candidates": 9,
        "n_top100": 0,
        "n_top50_both": 0,
        "best_rank_composite": 1628,
        "best_rank_grounded": 2838,
        "best_site_reach": 3285,
        "best_greedy_pick_order": null,
        "need_composite": 0.440204,
        "need_grounded": 0.345457,
        "tier": 1,
        "tier_label": "Tier 1 (highest vulnerability)",
        "composite_score": 0.440204,
        "totpop": 7145
      },
      "geometry": {
        "type": "Point",
        "coordinates": [
          -97.007937,
          32.948555
        ]
      }
    },
    {
      "type": "Feature",
      "properties": {
        "geoid": "48113014128",
        "n_candidates": 6,
        "n_top100": 0,
        "n_top50_both": 0,
        "best_rank_composite": 501,
        "best_rank_grounded": 509,
        "best_site_reach": 8697,
        "best_greedy_pick_order": 9,
        "need_composite": 0.312991,
        "need_grounded": 0.396324,
        "tier": 3,
        "tier_label": "Tier 3 (lower vulnerability)",
        "composite_score": 0.312991,
        "totpop": 4194
      },
      "geometry": {
        "type": "Point",
        "coordinates": [
          -96.95687,
          32.933812
        ]
      }
    },
    {
      "type": "Feature",
      "properties": {
        "geoid": "48113014130",
        "n_candidates": 4,
        "n_top100": 0,
        "n_top50_both": 0,
        "best_rank_composite": 559,
        "best_rank_grounded": 973,
        "best_site_reach": 8480,
        "best_greedy_pick_order": 35,
        "need_composite": 0.311762,
        "need_grounded": 0.337126,
        "tier": 3,
        "tier_label": "Tier 3 (lower vulnerability)",
        "composite_score": 0.311762,
        "totpop": 4118
      },
      "geometry": {
        "type": "Point",
        "coordinates": [
          -96.945335,
          32.924267
        ]
      }
    },
    {
      "type": "Feature",
      "properties": {
        "geoid": "48113014134",
        "n_candidates": 5,
        "n_top100": 0,
        "n_top50_both": 0,
        "best_rank_composite": 2870,
        "best_rank_grounded": 3468,
        "best_site_reach": 2238,
        "best_greedy_pick_order": null,
        "need_composite": 0.388358,
        "need_grounded": 0.320167,
        "tier": 2,
        "tier_label": "Tier 2 (moderate vulnerability)",
        "composite_score": 0.388358,
        "totpop": 4207
      },
      "geometry": {
        "type": "Point",
        "coordinates": [
          -96.982738,
          32.982058
        ]
      }
    },
    {
      "type": "Feature",
      "properties": {
        "geoid": "48113014135",
        "n_candidates": 4,
        "n_top100": 0,
        "n_top50_both": 0,
        "best_rank_composite": 1882,
        "best_rank_grounded": 2647,
        "best_site_reach": 3434,
        "best_greedy_pick_order": null,
        "need_composite": 0.401547,
        "need_grounded": 0.364337,
        "tier": 2,
        "tier_label": "Tier 2 (moderate vulnerability)",
        "composite_score": 0.401547,
        "totpop": 4768
      },
      "geometry": {
        "type": "Point",
        "coordinates": [
          -96.983066,
          32.973749
        ]
      }
    },
    {
      "type": "Feature",
      "properties": {
        "geoid": "48113014139",
        "n_candidates": 2,
        "n_top100": 0,
        "n_top50_both": 0,
        "best_rank_composite": 184,
        "best_rank_grounded": 281,
        "best_site_reach": 9488,
        "best_greedy_pick_order": null,
        "need_composite": 0.374215,
        "need_grounded": 0.447927,
        "tier": 2,
        "tier_label": "Tier 2 (moderate vulnerability)",
        "composite_score": 0.374215,
        "totpop": 2545
      },
      "geometry": {
        "type": "Point",
        "coordinates": [
          -97.002128,
          32.858986
        ]
      }
    },
    {
      "type": "Feature",
      "properties": {
        "geoid": "48113014143",
        "n_candidates": 5,
        "n_top100": 0,
        "n_top50_both": 0,
        "best_rank_composite": 1459,
        "best_rank_grounded": 1862,
        "best_site_reach": 6741,
        "best_greedy_pick_order": 26,
        "need_composite": 0.295326,
        "need_grounded": 0.297706,
        "tier": 3,
        "tier_label": "Tier 3 (lower vulnerability)",
        "composite_score": 0.295326,
        "totpop": 4494
      },
      "geometry": {
        "type": "Point",
        "coordinates": [
          -96.95013,
          32.903388
        ]
      }
    },
    {
      "type": "Feature",
      "properties": {
        "geoid": "48113014144",
        "n_candidates": 4,
        "n_top100": 0,
        "n_top50_both": 0,
        "best_rank_composite": 3111,
        "best_rank_grounded": 3398,
        "best_site_reach": 3335,
        "best_greedy_pick_order": null,
        "need_composite": 0.28415,
        "need_grounded": 0.239337,
        "tier": 3,
        "tier_label": "Tier 3 (lower vulnerability)",
        "composite_score": 0.28415,
        "totpop": 5532
      },
      "geometry": {
        "type": "Point",
        "coordinates": [
          -96.943218,
          32.885092
        ]
      }
    },
    {
      "type": "Feature",
      "properties": {
        "geoid": "48113014147",
        "n_candidates": 1,
        "n_top100": 0,
        "n_top50_both": 0,
        "best_rank_composite": 2774,
        "best_rank_grounded": 2629,
        "best_site_reach": 2257,
        "best_greedy_pick_order": null,
        "need_composite": 0.405179,
        "need_grounded": 0.542859,
        "tier": 2,
        "tier_label": "Tier 2 (moderate vulnerability)",
        "composite_score": 0.405179,
        "totpop": 2433
      },
      "geometry": {
        "type": "Point",
        "coordinates": [
          -97.014711,
          32.854687
        ]
      }
    },
    {
      "type": "Feature",
      "properties": {
        "geoid": "48113014148",
        "n_candidates": 2,
        "n_top100": 0,
        "n_top50_both": 0,
        "best_rank_composite": 729,
        "best_rank_grounded": 723,
        "best_site_reach": 5472,
        "best_greedy_pick_order": null,
        "need_composite": 0.385818,
        "need_grounded": 0.556729,
        "tier": 2,
        "tier_label": "Tier 2 (moderate vulnerability)",
        "composite_score": 0.385818,
        "totpop": 3603
      },
      "geometry": {
        "type": "Point",
        "coordinates": [
          -97.015455,
          32.845189
        ]
      }
    },
    {
      "type": "Feature",
      "properties": {
        "geoid": "48113014150",
        "n_candidates": 10,
        "n_top100": 0,
        "n_top50_both": 0,
        "best_rank_composite": 1974,
        "best_rank_grounded": 2241,
        "best_site_reach": 4573,
        "best_greedy_pick_order": null,
        "need_composite": 0.327374,
        "need_grounded": 0.359113,
        "tier": 3,
        "tier_label": "Tier 3 (lower vulnerability)",
        "composite_score": 0.327374,
        "totpop": 1545
      },
      "geometry": {
        "type": "Point",
        "coordinates": [
          -96.970763,
          32.920642
        ]
      }
    },
    {
      "type": "Feature",
      "properties": {
        "geoid": "48113014151",
        "n_candidates": 1,
        "n_top100": 0,
        "n_top50_both": 0,
        "best_rank_composite": 2749,
        "best_rank_grounded": 2696,
        "best_site_reach": 3047,
        "best_greedy_pick_order": null,
        "need_composite": 0.340946,
        "need_grounded": 0.394905,
        "tier": 2,
        "tier_label": "Tier 2 (moderate vulnerability)",
        "composite_score": 0.340946,
        "totpop": 4288
      },
      "geometry": {
        "type": "Point",
        "coordinates": [
          -96.977001,
          32.901046
        ]
      }
    },
    {
      "type": "Feature",
      "properties": {
        "geoid": "48113014152",
        "n_candidates": 7,
        "n_top100": 0,
        "n_top50_both": 0,
        "best_rank_composite": 1843,
        "best_rank_grounded": 1666,
        "best_site_reach": 5049,
        "best_greedy_pick_order": null,
        "need_composite": 0.320761,
        "need_grounded": 0.420444,
        "tier": 3,
        "tier_label": "Tier 3 (lower vulnerability)",
        "composite_score": 0.320761,
        "totpop": 3641
      },
      "geometry": {
        "type": "Point",
        "coordinates": [
          -96.96453,
          32.901767
        ]
      }
    },
    {
      "type": "Feature",
      "properties": {
        "geoid": "48113014153",
        "n_candidates": 16,
        "n_top100": 1,
        "n_top50_both": 0,
        "best_rank_composite": 96,
        "best_rank_grounded": 118,
        "best_site_reach": 12117,
        "best_greedy_pick_order": 43,
        "need_composite": 0.406255,
        "need_grounded": 0.541821,
        "tier": 2,
        "tier_label": "Tier 2 (moderate vulnerability)",
        "composite_score": 0.406255,
        "totpop": 4523
      },
      "geometry": {
        "type": "Point",
        "coordinates": [
          -96.996796,
          32.846554
        ]
      }
    },
    {
      "type": "Feature",
      "properties": {
        "geoid": "48113014154",
        "n_candidates": 1,
        "n_top100": 0,
        "n_top50_both": 0,
        "best_rank_composite": 491,
        "best_rank_grounded": 658,
        "best_site_reach": 7563,
        "best_greedy_pick_order": null,
        "need_composite": 0.340487,
        "need_grounded": 0.419694,
        "tier": 2,
        "tier_label": "Tier 2 (moderate vulnerability)",
        "composite_score": 0.340487,
        "totpop": 3723
      },
      "geometry": {
        "type": "Point",
        "coordinates": [
          -97.004818,
          32.847047
        ]
      }
    },
    {
      "type": "Feature",
      "properties": {
        "geoid": "48113014157",
        "n_candidates": 6,
        "n_top100": 0,
        "n_top50_both": 0,
        "best_rank_composite": 3238,
        "best_rank_grounded": 3554,
        "best_site_reach": 1894,
        "best_greedy_pick_order": null,
        "need_composite": 0.376892,
        "need_grounded": 0.340789,
        "tier": 2,
        "tier_label": "Tier 2 (moderate vulnerability)",
        "composite_score": 0.376892,
        "totpop": 2193
      },
      "geometry": {
        "type": "Point",
        "coordinates": [
          -96.980626,
          32.940716
        ]
      }
    },
    {
      "type": "Feature",
      "properties": {
        "geoid": "48113014158",
        "n_candidates": 2,
        "n_top100": 0,
        "n_top50_both": 0,
        "best_rank_composite": 159,
        "best_rank_grounded": 124,
        "best_site_reach": 10403,
        "best_greedy_pick_order": null,
        "need_composite": 0.368216,
        "need_grounded": 0.60398,
        "tier": 2,
        "tier_label": "Tier 2 (moderate vulnerability)",
        "composite_score": 0.368216,
        "totpop": 3300
      },
      "geometry": {
        "type": "Point",
        "coordinates": [
          -96.9867,
          32.872871
        ]
      }
    },
    {
      "type": "Feature",
      "properties": {
        "geoid": "48113014159",
        "n_candidates": 6,
        "n_top100": 0,
        "n_top50_both": 0,
        "best_rank_composite": 1235,
        "best_rank_grounded": 1807,
        "best_site_reach": 6267,
        "best_greedy_pick_order": null,
        "need_composite": 0.321883,
        "need_grounded": 0.32605,
        "tier": 3,
        "tier_label": "Tier 3 (lower vulnerability)",
        "composite_score": 0.321883,
        "totpop": 2709
      },
      "geometry": {
        "type": "Point",
        "coordinates": [
          -96.987558,
          32.899118
        ]
      }
    },
    {
      "type": "Feature",
      "properties": {
        "geoid": "48113014160",
        "n_candidates": 1,
        "n_top100": 0,
        "n_top50_both": 0,
        "best_rank_composite": 3984,
        "best_rank_grounded": 3926,
        "best_site_reach": 1058,
        "best_greedy_pick_order": null,
        "need_composite": 0.335905,
        "need_grounded": 0.366985,
        "tier": 3,
        "tier_label": "Tier 3 (lower vulnerability)",
        "composite_score": 0.335905,
        "totpop": 2455
      },
      "geometry": {
        "type": "Point",
        "coordinates": [
          -96.998007,
          32.875734
        ]
      }
    },
    {
      "type": "Feature",
      "properties": {
        "geoid": "48113014161",
        "n_candidates": 6,
        "n_top100": 0,
        "n_top50_both": 0,
        "best_rank_composite": 145,
        "best_rank_grounded": 250,
        "best_site_reach": 8288,
        "best_greedy_pick_order": 11,
        "need_composite": 0.433616,
        "need_grounded": 0.530539,
        "tier": 2,
        "tier_label": "Tier 2 (moderate vulnerability)",
        "composite_score": 0.433616,
        "totpop": 3416
      },
      "geometry": {
        "type": "Point",
        "coordinates": [
          -97.011807,
          32.862143
        ]
      }
    },
    {
      "type": "Feature",
      "properties": {
        "geoid": "48113014203",
        "n_candidates": 7,
        "n_top100": 0,
        "n_top50_both": 0,
        "best_rank_composite": 1661,
        "best_rank_grounded": 1019,
        "best_site_reach": 5499,
        "best_greedy_pick_order": null,
        "need_composite": 0.316924,
        "need_grounded": 0.495616,
        "tier": 3,
        "tier_label": "Tier 3 (lower vulnerability)",
        "composite_score": 0.316924,
        "totpop": 2998
      },
      "geometry": {
        "type": "Point",
        "coordinates": [
          -96.943767,
          32.84528
        ]
      }
    },
    {
      "type": "Feature",
      "properties": {
        "geoid": "48113014204",
        "n_candidates": 1,
        "n_top100": 0,
        "n_top50_both": 0,
        "best_rank_composite": 3294,
        "best_rank_grounded": 3018,
        "best_site_reach": 1733,
        "best_greedy_pick_order": null,
        "need_composite": 0.388199,
        "need_grounded": 0.561282,
        "tier": 2,
        "tier_label": "Tier 2 (moderate vulnerability)",
        "composite_score": 0.388199,
        "totpop": 2800
      },
      "geometry": {
        "type": "Point",
        "coordinates": [
          -96.921588,
          32.847678
        ]
      }
    },
    {
      "type": "Feature",
      "properties": {
        "geoid": "48113014205",
        "n_candidates": 2,
        "n_top100": 0,
        "n_top50_both": 0,
        "best_rank_composite": 4624,
        "best_rank_grounded": 4644,
        "best_site_reach": 8,
        "best_greedy_pick_order": null,
        "need_composite": 0.288356,
        "need_grounded": 0.250918,
        "tier": 3,
        "tier_label": "Tier 3 (lower vulnerability)",
        "composite_score": 0.288356,
        "totpop": 1684
      },
      "geometry": {
        "type": "Point",
        "coordinates": [
          -96.940557,
          32.856759
        ]
      }
    },
    {
      "type": "Feature",
      "properties": {
        "geoid": "48113014208",
        "n_candidates": 4,
        "n_top100": 0,
        "n_top50_both": 0,
        "best_rank_composite": 4235,
        "best_rank_grounded": 4481,
        "best_site_reach": 472,
        "best_greedy_pick_order": null,
        "need_composite": 0.28276,
        "need_grounded": 0.086232,
        "tier": 3,
        "tier_label": "Tier 3 (lower vulnerability)",
        "composite_score": 0.28276,
        "totpop": 1878
      },
      "geometry": {
        "type": "Point",
        "coordinates": [
          -96.936309,
          32.864009
        ]
      }
    },
    {
      "type": "Feature",
      "properties": {
        "geoid": "48113014209",
        "n_candidates": 3,
        "n_top100": 0,
        "n_top50_both": 0,
        "best_rank_composite": 3895,
        "best_rank_grounded": 4194,
        "best_site_reach": 1364,
        "best_greedy_pick_order": null,
        "need_composite": 0.320178,
        "need_grounded": 0.137722,
        "tier": 3,
        "tier_label": "Tier 3 (lower vulnerability)",
        "composite_score": 0.320178,
        "totpop": 3308
      },
      "geometry": {
        "type": "Point",
        "coordinates": [
          -96.928982,
          32.86421
        ]
      }
    },
    {
      "type": "Feature",
      "properties": {
        "geoid": "48113014306",
        "n_candidates": 13,
        "n_top100": 0,
        "n_top50_both": 0,
        "best_rank_composite": 268,
        "best_rank_grounded": 220,
        "best_site_reach": 7337,
        "best_greedy_pick_order": 21,
        "need_composite": 0.400275,
        "need_grounded": 0.613551,
        "tier": 2,
        "tier_label": "Tier 2 (moderate vulnerability)",
        "composite_score": 0.400275,
        "totpop": 6253
      },
      "geometry": {
        "type": "Point",
        "coordinates": [
          -96.984409,
          32.843749
        ]
      }
    },
    {
      "type": "Feature",
      "properties": {
        "geoid": "48113014308",
        "n_candidates": 3,
        "n_top100": 0,
        "n_top50_both": 0,
        "best_rank_composite": 796,
        "best_rank_grounded": 261,
        "best_site_reach": 7333,
        "best_greedy_pick_order": null,
        "need_composite": 0.317912,
        "need_grounded": 0.584935,
        "tier": 3,
        "tier_label": "Tier 3 (lower vulnerability)",
        "composite_score": 0.317912,
        "totpop": 4629
      },
      "geometry": {
        "type": "Point",
        "coordinates": [
          -96.955202,
          32.843341
        ]
      }
    },
    {
      "type": "Feature",
      "properties": {
        "geoid": "48113014309",
        "n_candidates": 7,
        "n_top100": 3,
        "n_top50_both": 0,
        "best_rank_composite": 59,
        "best_rank_grounded": 49,
        "best_site_reach": 13247,
        "best_greedy_pick_order": 4,
        "need_composite": 0.423771,
        "need_grounded": 0.685693,
        "tier": 2,
        "tier_label": "Tier 2 (moderate vulnerability)",
        "composite_score": 0.423771,
        "totpop": 6242
      },
      "geometry": {
        "type": "Point",
        "coordinates": [
          -96.989922,
          32.85822
        ]
      }
    },
    {
      "type": "Feature",
      "properties": {
        "geoid": "48113014310",
        "n_candidates": 8,
        "n_top100": 0,
        "n_top50_both": 0,
        "best_rank_composite": 166,
        "best_rank_grounded": 141,
        "best_site_reach": 9432,
        "best_greedy_pick_order": null,
        "need_composite": 0.386493,
        "need_grounded": 0.596485,
        "tier": 2,
        "tier_label": "Tier 2 (moderate vulnerability)",
        "composite_score": 0.386493,
        "totpop": 4760
      },
      "geometry": {
        "type": "Point",
        "coordinates": [
          -96.981708,
          32.859009
        ]
      }
    },
    {
      "type": "Feature",
      "properties": {
        "geoid": "48113014313",
        "n_candidates": 10,
        "n_top100": 0,
        "n_top50_both": 0,
        "best_rank_composite": 2068,
        "best_rank_grounded": 3026,
        "best_site_reach": 6025,
        "best_greedy_pick_order": null,
        "need_composite": 0.277185,
        "need_grounded": 0.181646,
        "tier": 3,
        "tier_label": "Tier 3 (lower vulnerability)",
        "composite_score": 0.277185,
        "totpop": 2807
      },
      "geometry": {
        "type": "Point",
        "coordinates": [
          -96.952634,
          32.872698
        ]
      }
    },
    {
      "type": "Feature",
      "properties": {
        "geoid": "48113014315",
        "n_candidates": 5,
        "n_top100": 0,
        "n_top50_both": 0,
        "best_rank_composite": 1522,
        "best_rank_grounded": 976,
        "best_site_reach": 4631,
        "best_greedy_pick_order": null,
        "need_composite": 0.360783,
        "need_grounded": 0.592029,
        "tier": 2,
        "tier_label": "Tier 2 (moderate vulnerability)",
        "composite_score": 0.360783,
        "totpop": 2566
      },
      "geometry": {
        "type": "Point",
        "coordinates": [
          -96.967784,
          32.840857
        ]
      }
    },
    {
      "type": "Feature",
      "properties": {
        "geoid": "48113014316",
        "n_candidates": 7,
        "n_top100": 0,
        "n_top50_both": 0,
        "best_rank_composite": 340,
        "best_rank_grounded": 327,
        "best_site_reach": 7510,
        "best_greedy_pick_order": 18,
        "need_composite": 0.372125,
        "need_grounded": 0.530471,
        "tier": 2,
        "tier_label": "Tier 2 (moderate vulnerability)",
        "composite_score": 0.372125,
        "totpop": 4926
      },
      "geometry": {
        "type": "Point",
        "coordinates": [
          -96.972301,
          32.849146
        ]
      }
    },
    {
      "type": "Feature",
      "properties": {
        "geoid": "48113014319",
        "n_candidates": 2,
        "n_top100": 0,
        "n_top50_both": 0,
        "best_rank_composite": 1472,
        "best_rank_grounded": 672,
        "best_site_reach": 6320,
        "best_greedy_pick_order": 38,
        "need_composite": 0.305038,
        "need_grounded": 0.49398,
        "tier": 3,
        "tier_label": "Tier 3 (lower vulnerability)",
        "composite_score": 0.305038,
        "totpop": 3011
      },
      "geometry": {
        "type": "Point",
        "coordinates": [
          -96.967005,
          32.882534
        ]
      }
    },
    {
      "type": "Feature",
      "properties": {
        "geoid": "48113014405",
        "n_candidates": 8,
        "n_top100": 0,
        "n_top50_both": 0,
        "best_rank_composite": 206,
        "best_rank_grounded": 194,
        "best_site_reach": 6545,
        "best_greedy_pick_order": null,
        "need_composite": 0.46597,
        "need_grounded": 0.735987,
        "tier": 1,
        "tier_label": "Tier 1 (highest vulnerability)",
        "composite_score": 0.46597,
        "totpop": 3529
      },
      "geometry": {
        "type": "Point",
        "coordinates": [
          -96.985076,
          32.830355
        ]
      }
    },
    {
      "type": "Feature",
      "properties": {
        "geoid": "48113014406",
        "n_candidates": 5,
        "n_top100": 0,
        "n_top50_both": 0,
        "best_rank_composite": 695,
        "best_rank_grounded": 712,
        "best_site_reach": 4577,
        "best_greedy_pick_order": null,
        "need_composite": 0.438517,
        "need_grounded": 0.662099,
        "tier": 1,
        "tier_label": "Tier 1 (highest vulnerability)",
        "composite_score": 0.438517,
        "totpop": 5069
      },
      "geometry": {
        "type": "Point",
        "coordinates": [
          -96.985155,
          32.822367
        ]
      }
    },
    {
      "type": "Feature",
      "properties": {
        "geoid": "48113014407",
        "n_candidates": 9,
        "n_top100": 0,
        "n_top50_both": 0,
        "best_rank_composite": 152,
        "best_rank_grounded": 122,
        "best_site_reach": 8126,
        "best_greedy_pick_order": 14,
        "need_composite": 0.437827,
        "need_grounded": 0.77264,
        "tier": 1,
        "tier_label": "Tier 1 (highest vulnerability)",
        "composite_score": 0.437827,
        "totpop": 4953
      },
      "geometry": {
        "type": "Point",
        "coordinates": [
          -96.999052,
          32.829518
        ]
      }
    },
    {
      "type": "Feature",
      "properties": {
        "geoid": "48113014408",
        "n_candidates": 3,
        "n_top100": 0,
        "n_top50_both": 0,
        "best_rank_composite": 747,
        "best_rank_grounded": 312,
        "best_site_reach": 6625,
        "best_greedy_pick_order": null,
        "need_composite": 0.341595,
        "need_grounded": 0.609424,
        "tier": 2,
        "tier_label": "Tier 2 (moderate vulnerability)",
        "composite_score": 0.341595,
        "totpop": 3999
      },
      "geometry": {
        "type": "Point",
        "coordinates": [
          -97.007442,
          32.82455
        ]
      }
    },
    {
      "type": "Feature",
      "properties": {
        "geoid": "48113014409",
        "n_candidates": 2,
        "n_top100": 0,
        "n_top50_both": 0,
        "best_rank_composite": 2591,
        "best_rank_grounded": 2211,
        "best_site_reach": 2379,
        "best_greedy_pick_order": null,
        "need_composite": 0.428399,
        "need_grounded": 0.672911,
        "tier": 2,
        "tier_label": "Tier 2 (moderate vulnerability)",
        "composite_score": 0.428399,
        "totpop": 3370
      },
      "geometry": {
        "type": "Point",
        "coordinates": [
          -97.025584,
          32.8263
        ]
      }
    },
    {
      "type": "Feature",
      "properties": {
        "geoid": "48113014410",
        "n_candidates": 5,
        "n_top100": 0,
        "n_top50_both": 0,
        "best_rank_composite": 366,
        "best_rank_grounded": 271,
        "best_site_reach": 6834,
        "best_greedy_pick_order": null,
        "need_composite": 0.38901,
        "need_grounded": 0.619027,
        "tier": 2,
        "tier_label": "Tier 2 (moderate vulnerability)",
        "composite_score": 0.38901,
        "totpop": 2662
      },
      "geometry": {
        "type": "Point",
        "coordinates": [
          -97.013719,
          32.826747
        ]
      }
    },
    {
      "type": "Feature",
      "properties": {
        "geoid": "48113014501",
        "n_candidates": 4,
        "n_top100": 0,
        "n_top50_both": 0,
        "best_rank_composite": 2581,
        "best_rank_grounded": 2618,
        "best_site_reach": 3763,
        "best_greedy_pick_order": null,
        "need_composite": 0.322853,
        "need_grounded": 0.340547,
        "tier": 3,
        "tier_label": "Tier 3 (lower vulnerability)",
        "composite_score": 0.322853,
        "totpop": 4747
      },
      "geometry": {
        "type": "Point",
        "coordinates": [
          -96.967823,
          32.829706
        ]
      }
    },
    {
      "type": "Feature",
      "properties": {
        "geoid": "48113014502",
        "n_candidates": 3,
        "n_top100": 0,
        "n_top50_both": 0,
        "best_rank_composite": 5072,
        "best_rank_grounded": 5072,
        "best_site_reach": 0,
        "best_greedy_pick_order": null,
        "need_composite": 0.359039,
        "need_grounded": 0.421669,
        "tier": 2,
        "tier_label": "Tier 2 (moderate vulnerability)",
        "composite_score": 0.359039,
        "totpop": 5371
      },
      "geometry": {
        "type": "Point",
        "coordinates": [
          -96.958032,
          32.822151
        ]
      }
    },
    {
      "type": "Feature",
      "properties": {
        "geoid": "48113014601",
        "n_candidates": 2,
        "n_top100": 0,
        "n_top50_both": 0,
        "best_rank_composite": 1575,
        "best_rank_grounded": 1111,
        "best_site_reach": 5182,
        "best_greedy_pick_order": null,
        "need_composite": 0.333819,
        "need_grounded": 0.509613,
        "tier": 3,
        "tier_label": "Tier 3 (lower vulnerability)",
        "composite_score": 0.333819,
        "totpop": 2228
      },
      "geometry": {
        "type": "Point",
        "coordinates": [
          -96.951858,
          32.833064
        ]
      }
    },
    {
      "type": "Feature",
      "properties": {
        "geoid": "48113014602",
        "n_candidates": 1,
        "n_top100": 0,
        "n_top50_both": 0,
        "best_rank_composite": 3424,
        "best_rank_grounded": 3151,
        "best_site_reach": 1269,
        "best_greedy_pick_order": null,
        "need_composite": 0.442919,
        "need_grounded": 0.697098,
        "tier": 1,
        "tier_label": "Tier 1 (highest vulnerability)",
        "composite_score": 0.442919,
        "totpop": 4767
      },
      "geometry": {
        "type": "Point",
        "coordinates": [
          -96.93894,
          32.82572
        ]
      }
    },
    {
      "type": "Feature",
      "properties": {
        "geoid": "48113014603",
        "n_candidates": 2,
        "n_top100": 0,
        "n_top50_both": 0,
        "best_rank_composite": 4385,
        "best_rank_grounded": 4391,
        "best_site_reach": 134,
        "best_greedy_pick_order": null,
        "need_composite": 0.358735,
        "need_grounded": 0.42795,
        "tier": 2,
        "tier_label": "Tier 2 (moderate vulnerability)",
        "composite_score": 0.358735,
        "totpop": 2023
      },
      "geometry": {
        "type": "Point",
        "coordinates": [
          -96.946041,
          32.822018
        ]
      }
    },
    {
      "type": "Feature",
      "properties": {
        "geoid": "48113014701",
        "n_candidates": 4,
        "n_top100": 0,
        "n_top50_both": 0,
        "best_rank_composite": 135,
        "best_rank_grounded": 156,
        "best_site_reach": 8056,
        "best_greedy_pick_order": null,
        "need_composite": 0.454854,
        "need_grounded": 0.659993,
        "tier": 1,
        "tier_label": "Tier 1 (highest vulnerability)",
        "composite_score": 0.454854,
        "totpop": 4417
      },
      "geometry": {
        "type": "Point",
        "coordinates": [
          -96.925685,
          32.833439
        ]
      }
    },
    {
      "type": "Feature",
      "properties": {
        "geoid": "48113014704",
        "n_candidates": 7,
        "n_top100": 0,
        "n_top50_both": 0,
        "best_rank_composite": 158,
        "best_rank_grounded": 152,
        "best_site_reach": 8234,
        "best_greedy_pick_order": 12,
        "need_composite": 0.428961,
        "need_grounded": 0.656051,
        "tier": 2,
        "tier_label": "Tier 2 (moderate vulnerability)",
        "composite_score": 0.428961,
        "totpop": 5310
      },
      "geometry": {
        "type": "Point",
        "coordinates": [
          -96.927292,
          32.822751
        ]
      }
    },
    {
      "type": "Feature",
      "properties": {
        "geoid": "48113014903",
        "n_candidates": 16,
        "n_top100": 0,
        "n_top50_both": 0,
        "best_rank_composite": 598,
        "best_rank_grounded": 662,
        "best_site_reach": 5632,
        "best_greedy_pick_order": null,
        "need_composite": 0.39536,
        "need_grounded": 0.551892,
        "tier": 2,
        "tier_label": "Tier 2 (moderate vulnerability)",
        "composite_score": 0.39536,
        "totpop": 4059
      },
      "geometry": {
        "type": "Point",
        "coordinates": [
          -96.94084,
          32.811456
        ]
      }
    },
    {
      "type": "Feature",
      "properties": {
        "geoid": "48113015001",
        "n_candidates": 2,
        "n_top100": 0,
        "n_top50_both": 0,
        "best_rank_composite": 701,
        "best_rank_grounded": 492,
        "best_site_reach": 5545,
        "best_greedy_pick_order": null,
        "need_composite": 0.385911,
        "need_grounded": 0.612923,
        "tier": 2,
        "tier_label": "Tier 2 (moderate vulnerability)",
        "composite_score": 0.385911,
        "totpop": 5468
      },
      "geometry": {
        "type": "Point",
        "coordinates": [
          -96.934352,
          32.804921
        ]
      }
    },
    {
      "type": "Feature",
      "properties": {
        "geoid": "48113015002",
        "n_candidates": 4,
        "n_top100": 0,
        "n_top50_both": 0,
        "best_rank_composite": 1163,
        "best_rank_grounded": 965,
        "best_site_reach": 4799,
        "best_greedy_pick_order": null,
        "need_composite": 0.38306,
        "need_grounded": 0.57513,
        "tier": 2,
        "tier_label": "Tier 2 (moderate vulnerability)",
        "composite_score": 0.38306,
        "totpop": 2938
      },
      "geometry": {
        "type": "Point",
        "coordinates": [
          -96.946954,
          32.786563
        ]
      }
    },
    {
      "type": "Feature",
      "properties": {
        "geoid": "48113015102",
        "n_candidates": 1,
        "n_top100": 0,
        "n_top50_both": 0,
        "best_rank_composite": 1985,
        "best_rank_grounded": 1951,
        "best_site_reach": 2730,
        "best_greedy_pick_order": null,
        "need_composite": 0.45262,
        "need_grounded": 0.659855,
        "tier": 1,
        "tier_label": "Tier 1 (highest vulnerability)",
        "composite_score": 0.45262,
        "totpop": 2671
      },
      "geometry": {
        "type": "Point",
        "coordinates": [
          -96.953153,
          32.804731
        ]
      }
    },
    {
      "type": "Feature",
      "properties": {
        "geoid": "48113015202",
        "n_candidates": 3,
        "n_top100": 0,
        "n_top50_both": 0,
        "best_rank_composite": 2615,
        "best_rank_grounded": 2785,
        "best_site_reach": 3739,
        "best_greedy_pick_order": null,
        "need_composite": 0.32156,
        "need_grounded": 0.314448,
        "tier": 3,
        "tier_label": "Tier 3 (lower vulnerability)",
        "composite_score": 0.32156,
        "totpop": 3033
      },
      "geometry": {
        "type": "Point",
        "coordinates": [
          -96.97136,
          32.821956
        ]
      }
    },
    {
      "type": "Feature",
      "properties": {
        "geoid": "48113015205",
        "n_candidates": 5,
        "n_top100": 0,
        "n_top50_both": 0,
        "best_rank_composite": 1707,
        "best_rank_grounded": 2341,
        "best_site_reach": 3154,
        "best_greedy_pick_order": null,
        "need_composite": 0.444185,
        "need_grounded": 0.480305,
        "tier": 1,
        "tier_label": "Tier 1 (highest vulnerability)",
        "composite_score": 0.444185,
        "totpop": 3485
      },
      "geometry": {
        "type": "Point",
        "coordinates": [
          -96.968248,
          32.812188
        ]
      }
    },
    {
      "type": "Feature",
      "properties": {
        "geoid": "48113015206",
        "n_candidates": 3,
        "n_top100": 0,
        "n_top50_both": 0,
        "best_rank_composite": 369,
        "best_rank_grounded": 385,
        "best_site_reach": 5696,
        "best_greedy_pick_order": null,
        "need_composite": 0.438116,
        "need_grounded": 0.648578,
        "tier": 1,
        "tier_label": "Tier 1 (highest vulnerability)",
        "composite_score": 0.438116,
        "totpop": 4900
      },
      "geometry": {
        "type": "Point",
        "coordinates": [
          -96.968002,
          32.805028
        ]
      }
    },
    {
      "type": "Feature",
      "properties": {
        "geoid": "48113015207",
        "n_candidates": 3,
        "n_top100": 0,
        "n_top50_both": 0,
        "best_rank_composite": 772,
        "best_rank_grounded": 1265,
        "best_site_reach": 5423,
        "best_greedy_pick_order": null,
        "need_composite": 0.383012,
        "need_grounded": 0.462281,
        "tier": 2,
        "tier_label": "Tier 2 (moderate vulnerability)",
        "composite_score": 0.383012,
        "totpop": 3581
      },
      "geometry": {
        "type": "Point",
        "coordinates": [
          -96.965659,
          32.792801
        ]
      }
    },
    {
      "type": "Feature",
      "properties": {
        "geoid": "48113015208",
        "n_candidates": 2,
        "n_top100": 0,
        "n_top50_both": 0,
        "best_rank_composite": 1363,
        "best_rank_grounded": 1550,
        "best_site_reach": 3405,
        "best_greedy_pick_order": null,
        "need_composite": 0.45706,
        "need_grounded": 0.637114,
        "tier": 1,
        "tier_label": "Tier 1 (highest vulnerability)",
        "composite_score": 0.45706,
        "totpop": 4176
      },
      "geometry": {
        "type": "Point",
        "coordinates": [
          -96.973312,
          32.78987
        ]
      }
    },
    {
      "type": "Feature",
      "properties": {
        "geoid": "48113015303",
        "n_candidates": 2,
        "n_top100": 0,
        "n_top50_both": 0,
        "best_rank_composite": 3328,
        "best_rank_grounded": 2904,
        "best_site_reach": 1703,
        "best_greedy_pick_order": null,
        "need_composite": 0.386262,
        "need_grounded": 0.613377,
        "tier": 2,
        "tier_label": "Tier 2 (moderate vulnerability)",
        "composite_score": 0.386262,
        "totpop": 1760
      },
      "geometry": {
        "type": "Point",
        "coordinates": [
          -97.027392,
          32.802312
        ]
      }
    },
    {
      "type": "Feature",
      "properties": {
        "geoid": "48113015304",
        "n_candidates": 8,
        "n_top100": 0,
        "n_top50_both": 0,
        "best_rank_composite": 522,
        "best_rank_grounded": 901,
        "best_site_reach": 4501,
        "best_greedy_pick_order": null,
        "need_composite": 0.470119,
        "need_grounded": 0.624457,
        "tier": 1,
        "tier_label": "Tier 1 (highest vulnerability)",
        "composite_score": 0.470119,
        "totpop": 4523
      },
      "geometry": {
        "type": "Point",
        "coordinates": [
          -97.010894,
          32.788052
        ]
      }
    },
    {
      "type": "Feature",
      "properties": {
        "geoid": "48113015305",
        "n_candidates": 6,
        "n_top100": 0,
        "n_top50_both": 0,
        "best_rank_composite": 500,
        "best_rank_grounded": 467,
        "best_site_reach": 5545,
        "best_greedy_pick_order": null,
        "need_composite": 0.411339,
        "need_grounded": 0.623251,
        "tier": 2,
        "tier_label": "Tier 2 (moderate vulnerability)",
        "composite_score": 0.411339,
        "totpop": 4292
      },
      "geometry": {
        "type": "Point",
        "coordinates": [
          -96.985303,
          32.809387
        ]
      }
    },
    {
      "type": "Feature",
      "properties": {
        "geoid": "48113015306",
        "n_candidates": 2,
        "n_top100": 0,
        "n_top50_both": 0,
        "best_rank_composite": 949,
        "best_rank_grounded": 926,
        "best_site_reach": 5073,
        "best_greedy_pick_order": null,
        "need_composite": 0.38572,
        "need_grounded": 0.554233,
        "tier": 2,
        "tier_label": "Tier 2 (moderate vulnerability)",
        "composite_score": 0.38572,
        "totpop": 6149
      },
      "geometry": {
        "type": "Point",
        "coordinates": [
          -96.985902,
          32.791474
        ]
      }
    },
    {
      "type": "Feature",
      "properties": {
        "geoid": "48113015403",
        "n_candidates": 6,
        "n_top100": 0,
        "n_top50_both": 0,
        "best_rank_composite": 212,
        "best_rank_grounded": 386,
        "best_site_reach": 5568,
        "best_greedy_pick_order": null,
        "need_composite": 0.521466,
        "need_grounded": 0.662174,
        "tier": 1,
        "tier_label": "Tier 1 (highest vulnerability)",
        "composite_score": 0.521466,
        "totpop": 3325
      },
      "geometry": {
        "type": "Point",
        "coordinates": [
          -97.023114,
          32.754165
        ]
      }
    },
    {
      "type": "Feature",
      "properties": {
        "geoid": "48113015404",
        "n_candidates": 8,
        "n_top100": 0,
        "n_top50_both": 0,
        "best_rank_composite": 760,
        "best_rank_grounded": 1533,
        "best_site_reach": 3556,
        "best_greedy_pick_order": null,
        "need_composite": 0.512243,
        "need_grounded": 0.616022,
        "tier": 1,
        "tier_label": "Tier 1 (highest vulnerability)",
        "composite_score": 0.512243,
        "totpop": 4199
      },
      "geometry": {
        "type": "Point",
        "coordinates": [
          -97.026337,
          32.748188
        ]
      }
    },
    {
      "type": "Feature",
      "properties": {
        "geoid": "48113015405",
        "n_candidates": 1,
        "n_top100": 0,
        "n_top50_both": 0,
        "best_rank_composite": 4426,
        "best_rank_grounded": 4468,
        "best_site_reach": 61,
        "best_greedy_pick_order": null,
        "need_composite": 0.45692,
        "need_grounded": 0.537572,
        "tier": 1,
        "tier_label": "Tier 1 (highest vulnerability)",
        "composite_score": 0.45692,
        "totpop": 2553
      },
      "geometry": {
        "type": "Point",
        "coordinates": [
          -97.021257,
          32.773805
        ]
      }
    },
    {
      "type": "Feature",
      "properties": {
        "geoid": "48113015406",
        "n_candidates": 1,
        "n_top100": 0,
        "n_top50_both": 0,
        "best_rank_composite": 1377,
        "best_rank_grounded": 2155,
        "best_site_reach": 3868,
        "best_greedy_pick_order": null,
        "need_composite": 0.417901,
        "need_grounded": 0.434485,
        "tier": 2,
        "tier_label": "Tier 2 (moderate vulnerability)",
        "composite_score": 0.417901,
        "totpop": 3265
      },
      "geometry": {
        "type": "Point",
        "coordinates": [
          -97.031731,
          32.772371
        ]
      }
    },
    {
      "type": "Feature",
      "properties": {
        "geoid": "48113015500",
        "n_candidates": 11,
        "n_top100": 0,
        "n_top50_both": 0,
        "best_rank_composite": 516,
        "best_rank_grounded": 1222,
        "best_site_reach": 3465,
        "best_greedy_pick_order": null,
        "need_composite": 0.570621,
        "need_grounded": 0.715831,
        "tier": 1,
        "tier_label": "Tier 1 (highest vulnerability)",
        "composite_score": 0.570621,
        "totpop": 3811
      },
      "geometry": {
        "type": "Point",
        "coordinates": [
          -97.005994,
          32.750928
        ]
      }
    },
    {
      "type": "Feature",
      "properties": {
        "geoid": "48113015600",
        "n_candidates": 8,
        "n_top100": 0,
        "n_top50_both": 0,
        "best_rank_composite": 499,
        "best_rank_grounded": 889,
        "best_site_reach": 4072,
        "best_greedy_pick_order": null,
        "need_composite": 0.509469,
        "need_grounded": 0.689028,
        "tier": 1,
        "tier_label": "Tier 1 (highest vulnerability)",
        "composite_score": 0.509469,
        "totpop": 5815
      },
      "geometry": {
        "type": "Point",
        "coordinates": [
          -96.986459,
          32.755278
        ]
      }
    },
    {
      "type": "Feature",
      "properties": {
        "geoid": "48113015700",
        "n_candidates": 3,
        "n_top100": 0,
        "n_top50_both": 0,
        "best_rank_composite": 1510,
        "best_rank_grounded": 1917,
        "best_site_reach": 2978,
        "best_greedy_pick_order": null,
        "need_composite": 0.484468,
        "need_grounded": 0.620613,
        "tier": 1,
        "tier_label": "Tier 1 (highest vulnerability)",
        "composite_score": 0.484468,
        "totpop": 2684
      },
      "geometry": {
        "type": "Point",
        "coordinates": [
          -96.965324,
          32.759601
        ]
      }
    },
    {
      "type": "Feature",
      "properties": {
        "geoid": "48113015900",
        "n_candidates": 3,
        "n_top100": 0,
        "n_top50_both": 0,
        "best_rank_composite": 1433,
        "best_rank_grounded": 1762,
        "best_site_reach": 3531,
        "best_greedy_pick_order": null,
        "need_composite": 0.438458,
        "need_grounded": 0.567987,
        "tier": 1,
        "tier_label": "Tier 1 (highest vulnerability)",
        "composite_score": 0.438458,
        "totpop": 3380
      },
      "geometry": {
        "type": "Point",
        "coordinates": [
          -96.963436,
          32.730636
        ]
      }
    },
    {
      "type": "Feature",
      "properties": {
        "geoid": "48113016001",
        "n_candidates": 7,
        "n_top100": 0,
        "n_top50_both": 0,
        "best_rank_composite": 770,
        "best_rank_grounded": 1411,
        "best_site_reach": 3557,
        "best_greedy_pick_order": null,
        "need_composite": 0.510601,
        "need_grounded": 0.649208,
        "tier": 1,
        "tier_label": "Tier 1 (highest vulnerability)",
        "composite_score": 0.510601,
        "totpop": 4044
      },
      "geometry": {
        "type": "Point",
        "coordinates": [
          -97.009157,
          32.736757
        ]
      }
    },
    {
      "type": "Feature",
      "properties": {
        "geoid": "48113016002",
        "n_candidates": 10,
        "n_top100": 0,
        "n_top50_both": 0,
        "best_rank_composite": 143,
        "best_rank_grounded": 270,
        "best_site_reach": 5439,
        "best_greedy_pick_order": null,
        "need_composite": 0.588085,
        "need_grounded": 0.770536,
        "tier": 1,
        "tier_label": "Tier 1 (highest vulnerability)",
        "composite_score": 0.588085,
        "totpop": 3747
      },
      "geometry": {
        "type": "Point",
        "coordinates": [
          -97.000167,
          32.735725
        ]
      }
    },
    {
      "type": "Feature",
      "properties": {
        "geoid": "48113016100",
        "n_candidates": 8,
        "n_top100": 0,
        "n_top50_both": 0,
        "best_rank_composite": 134,
        "best_rank_grounded": 260,
        "best_site_reach": 6185,
        "best_greedy_pick_order": null,
        "need_composite": 0.552116,
        "need_grounded": 0.68899,
        "tier": 1,
        "tier_label": "Tier 1 (highest vulnerability)",
        "composite_score": 0.552116,
        "totpop": 3759
      },
      "geometry": {
        "type": "Point",
        "coordinates": [
          -97.025615,
          32.72581
        ]
      }
    },
    {
      "type": "Feature",
      "properties": {
        "geoid": "48113016201",
        "n_candidates": 4,
        "n_top100": 0,
        "n_top50_both": 0,
        "best_rank_composite": 538,
        "best_rank_grounded": 1485,
        "best_site_reach": 4004,
        "best_greedy_pick_order": null,
        "need_composite": 0.507943,
        "need_grounded": 0.560006,
        "tier": 1,
        "tier_label": "Tier 1 (highest vulnerability)",
        "composite_score": 0.507943,
        "totpop": 4094
      },
      "geometry": {
        "type": "Point",
        "coordinates": [
          -96.999572,
          32.726346
        ]
      }
    },
    {
      "type": "Feature",
      "properties": {
        "geoid": "48113016203",
        "n_candidates": 4,
        "n_top100": 1,
        "n_top50_both": 0,
        "best_rank_composite": 91,
        "best_rank_grounded": 162,
        "best_site_reach": 7299,
        "best_greedy_pick_order": 22,
        "need_composite": 0.588974,
        "need_grounded": 0.712924,
        "tier": 1,
        "tier_label": "Tier 1 (highest vulnerability)",
        "composite_score": 0.588974,
        "totpop": 2056
      },
      "geometry": {
        "type": "Point",
        "coordinates": [
          -97.008918,
          32.711362
        ]
      }
    },
    {
      "type": "Feature",
      "properties": {
        "geoid": "48113016204",
        "n_candidates": 8,
        "n_top100": 0,
        "n_top50_both": 0,
        "best_rank_composite": 127,
        "best_rank_grounded": 277,
        "best_site_reach": 6491,
        "best_greedy_pick_order": null,
        "need_composite": 0.547063,
        "need_grounded": 0.645671,
        "tier": 1,
        "tier_label": "Tier 1 (highest vulnerability)",
        "composite_score": 0.547063,
        "totpop": 5295
      },
      "geometry": {
        "type": "Point",
        "coordinates": [
          -97.004675,
          32.714876
        ]
      }
    },
    {
      "type": "Feature",
      "properties": {
        "geoid": "48113016301",
        "n_candidates": 3,
        "n_top100": 0,
        "n_top50_both": 0,
        "best_rank_composite": 252,
        "best_rank_grounded": 613,
        "best_site_reach": 5948,
        "best_greedy_pick_order": null,
        "need_composite": 0.467461,
        "need_grounded": 0.537756,
        "tier": 1,
        "tier_label": "Tier 1 (highest vulnerability)",
        "composite_score": 0.467461,
        "totpop": 6717
      },
      "geometry": {
        "type": "Point",
        "coordinates": [
          -96.977067,
          32.718809
        ]
      }
    },
    {
      "type": "Feature",
      "properties": {
        "geoid": "48113016302",
        "n_candidates": 1,
        "n_top100": 0,
        "n_top50_both": 0,
        "best_rank_composite": 332,
        "best_rank_grounded": 800,
        "best_site_reach": 4334,
        "best_greedy_pick_order": null,
        "need_composite": 0.545094,
        "need_grounded": 0.667442,
        "tier": 1,
        "tier_label": "Tier 1 (highest vulnerability)",
        "composite_score": 0.545094,
        "totpop": 1945
      },
      "geometry": {
        "type": "Point",
        "coordinates": [
          -96.990094,
          32.715422
        ]
      }
    },
    {
      "type": "Feature",
      "properties": {
        "geoid": "48113016406",
        "n_candidates": 4,
        "n_top100": 0,
        "n_top50_both": 0,
        "best_rank_composite": 154,
        "best_rank_grounded": 380,
        "best_site_reach": 6731,
        "best_greedy_pick_order": null,
        "need_composite": 0.498206,
        "need_grounded": 0.555424,
        "tier": 1,
        "tier_label": "Tier 1 (highest vulnerability)",
        "composite_score": 0.498206,
        "totpop": 4592
      },
      "geometry": {
        "type": "Point",
        "coordinates": [
          -97.011058,
          32.703829
        ]
      }
    },
    {
      "type": "Feature",
      "properties": {
        "geoid": "48113016407",
        "n_candidates": 10,
        "n_top100": 0,
        "n_top50_both": 0,
        "best_rank_composite": 177,
        "best_rank_grounded": 395,
        "best_site_reach": 6213,
        "best_greedy_pick_order": null,
        "need_composite": 0.50304,
        "need_grounded": 0.592754,
        "tier": 1,
        "tier_label": "Tier 1 (highest vulnerability)",
        "composite_score": 0.50304,
        "totpop": 6871
      },
      "geometry": {
        "type": "Point",
        "coordinates": [
          -96.995873,
          32.704242
        ]
      }
    },
    {
      "type": "Feature",
      "properties": {
        "geoid": "48113016409",
        "n_candidates": 6,
        "n_top100": 0,
        "n_top50_both": 0,
        "best_rank_composite": 310,
        "best_rank_grounded": 1787,
        "best_site_reach": 5363,
        "best_greedy_pick_order": null,
        "need_composite": 0.48018,
        "need_grounded": 0.379907,
        "tier": 1,
        "tier_label": "Tier 1 (highest vulnerability)",
        "composite_score": 0.48018,
        "totpop": 4029
      },
      "geometry": {
        "type": "Point",
        "coordinates": [
          -96.990184,
          32.684283
        ]
      }
    },
    {
      "type": "Feature",
      "properties": {
        "geoid": "48113016410",
        "n_candidates": 3,
        "n_top100": 0,
        "n_top50_both": 0,
        "best_rank_composite": 1101,
        "best_rank_grounded": 2099,
        "best_site_reach": 3625,
        "best_greedy_pick_order": null,
        "need_composite": 0.467786,
        "need_grounded": 0.471921,
        "tier": 1,
        "tier_label": "Tier 1 (highest vulnerability)",
        "composite_score": 0.467786,
        "totpop": 4803
      },
      "geometry": {
        "type": "Point",
        "coordinates": [
          -97.026065,
          32.665088
        ]
      }
    },
    {
      "type": "Feature",
      "properties": {
        "geoid": "48113016412",
        "n_candidates": 3,
        "n_top100": 0,
        "n_top50_both": 0,
        "best_rank_composite": 565,
        "best_rank_grounded": 2331,
        "best_site_reach": 4613,
        "best_greedy_pick_order": null,
        "need_composite": 0.455257,
        "need_grounded": 0.339052,
        "tier": 1,
        "tier_label": "Tier 1 (highest vulnerability)",
        "composite_score": 0.455257,
        "totpop": 5085
      },
      "geometry": {
        "type": "Point",
        "coordinates": [
          -96.992988,
          32.660822
        ]
      }
    },
    {
      "type": "Feature",
      "properties": {
        "geoid": "48113016414",
        "n_candidates": 4,
        "n_top100": 0,
        "n_top50_both": 0,
        "best_rank_composite": 486,
        "best_rank_grounded": 1420,
        "best_site_reach": 4468,
        "best_greedy_pick_order": null,
        "need_composite": 0.480265,
        "need_grounded": 0.5214,
        "tier": 1,
        "tier_label": "Tier 1 (highest vulnerability)",
        "composite_score": 0.480265,
        "totpop": 2009
      },
      "geometry": {
        "type": "Point",
        "coordinates": [
          -97.01073,
          32.671775
        ]
      }
    },
    {
      "type": "Feature",
      "properties": {
        "geoid": "48113016416",
        "n_candidates": 3,
        "n_top100": 0,
        "n_top50_both": 0,
        "best_rank_composite": 4276,
        "best_rank_grounded": 4282,
        "best_site_reach": 222,
        "best_greedy_pick_order": null,
        "need_composite": 0.386112,
        "need_grounded": 0.486746,
        "tier": 2,
        "tier_label": "Tier 2 (moderate vulnerability)",
        "composite_score": 0.386112,
        "totpop": 3277
      },
      "geometry": {
        "type": "Point",
        "coordinates": [
          -97.022041,
          32.610109
        ]
      }
    },
    {
      "type": "Feature",
      "properties": {
        "geoid": "48113016417",
        "n_candidates": 2,
        "n_top100": 0,
        "n_top50_both": 0,
        "best_rank_composite": 3392,
        "best_rank_grounded": 3219,
        "best_site_reach": 1673,
        "best_greedy_pick_order": null,
        "need_composite": 0.378764,
        "need_grounded": 0.505336,
        "tier": 2,
        "tier_label": "Tier 2 (moderate vulnerability)",
        "composite_score": 0.378764,
        "totpop": 5152
      },
      "geometry": {
        "type": "Point",
        "coordinates": [
          -97.025856,
          32.65093
        ]
      }
    },
    {
      "type": "Feature",
      "properties": {
        "geoid": "48113016418",
        "n_candidates": 4,
        "n_top100": 0,
        "n_top50_both": 0,
        "best_rank_composite": 1600,
        "best_rank_grounded": 2502,
        "best_site_reach": 2998,
        "best_greedy_pick_order": null,
        "need_composite": 0.471823,
        "need_grounded": 0.453043,
        "tier": 1,
        "tier_label": "Tier 1 (highest vulnerability)",
        "composite_score": 0.471823,
        "totpop": 4641
      },
      "geometry": {
        "type": "Point",
        "coordinates": [
          -97.03045,
          32.693433
        ]
      }
    },
    {
      "type": "Feature",
      "properties": {
        "geoid": "48113016419",
        "n_candidates": 25,
        "n_top100": 0,
        "n_top50_both": 0,
        "best_rank_composite": 229,
        "best_rank_grounded": 817,
        "best_site_reach": 5815,
        "best_greedy_pick_order": null,
        "need_composite": 0.495794,
        "need_grounded": 0.502844,
        "tier": 1,
        "tier_label": "Tier 1 (highest vulnerability)",
        "composite_score": 0.495794,
        "totpop": 4941
      },
      "geometry": {
        "type": "Point",
        "coordinates": [
          -97.020126,
          32.692782
        ]
      }
    },
    {
      "type": "Feature",
      "properties": {
        "geoid": "48113016511",
        "n_candidates": 5,
        "n_top100": 0,
        "n_top50_both": 0,
        "best_rank_composite": 641,
        "best_rank_grounded": 1216,
        "best_site_reach": 4366,
        "best_greedy_pick_order": null,
        "need_composite": 0.46188,
        "need_grounded": 0.574564,
        "tier": 1,
        "tier_label": "Tier 1 (highest vulnerability)",
        "composite_score": 0.46188,
        "totpop": 4805
      },
      "geometry": {
        "type": "Point",
        "coordinates": [
          -96.949578,
          32.625633
        ]
      }
    },
    {
      "type": "Feature",
      "properties": {
        "geoid": "48113016513",
        "n_candidates": 6,
        "n_top100": 0,
        "n_top50_both": 0,
        "best_rank_composite": 2139,
        "best_rank_grounded": 2915,
        "best_site_reach": 2859,
        "best_greedy_pick_order": null,
        "need_composite": 0.421593,
        "need_grounded": 0.374745,
        "tier": 2,
        "tier_label": "Tier 2 (moderate vulnerability)",
        "composite_score": 0.421593,
        "totpop": 5908
      },
      "geometry": {
        "type": "Point",
        "coordinates": [
          -96.934762,
          32.631609
        ]
      }
    },
    {
      "type": "Feature",
      "properties": {
        "geoid": "48113016516",
        "n_candidates": 8,
        "n_top100": 0,
        "n_top50_both": 0,
        "best_rank_composite": 311,
        "best_rank_grounded": 333,
        "best_site_reach": 6373,
        "best_greedy_pick_order": 36,
        "need_composite": 0.423384,
        "need_grounded": 0.615346,
        "tier": 2,
        "tier_label": "Tier 2 (moderate vulnerability)",
        "composite_score": 0.423384,
        "totpop": 5591
      },
      "geometry": {
        "type": "Point",
        "coordinates": [
          -96.900051,
          32.653655
        ]
      }
    },
    {
      "type": "Feature",
      "properties": {
        "geoid": "48113016517",
        "n_candidates": 9,
        "n_top100": 0,
        "n_top50_both": 0,
        "best_rank_composite": 763,
        "best_rank_grounded": 1218,
        "best_site_reach": 4051,
        "best_greedy_pick_order": null,
        "need_composite": 0.466562,
        "need_grounded": 0.616792,
        "tier": 1,
        "tier_label": "Tier 1 (highest vulnerability)",
        "composite_score": 0.466562,
        "totpop": 5385
      },
      "geometry": {
        "type": "Point",
        "coordinates": [
          -96.902445,
          32.636521
        ]
      }
    },
    {
      "type": "Feature",
      "properties": {
        "geoid": "48113016518",
        "n_candidates": 7,
        "n_top100": 0,
        "n_top50_both": 0,
        "best_rank_composite": 605,
        "best_rank_grounded": 899,
        "best_site_reach": 4481,
        "best_greedy_pick_order": null,
        "need_composite": 0.45997,
        "need_grounded": 0.627334,
        "tier": 1,
        "tier_label": "Tier 1 (highest vulnerability)",
        "composite_score": 0.45997,
        "totpop": 6140
      },
      "geometry": {
        "type": "Point",
        "coordinates": [
          -96.917183,
          32.654122
        ]
      }
    },
    {
      "type": "Feature",
      "properties": {
        "geoid": "48113016519",
        "n_candidates": 5,
        "n_top100": 0,
        "n_top50_both": 0,
        "best_rank_composite": 1356,
        "best_rank_grounded": 1928,
        "best_site_reach": 3803,
        "best_greedy_pick_order": null,
        "need_composite": 0.424264,
        "need_grounded": 0.489176,
        "tier": 2,
        "tier_label": "Tier 2 (moderate vulnerability)",
        "composite_score": 0.424264,
        "totpop": 2320
      },
      "geometry": {
        "type": "Point",
        "coordinates": [
          -96.934456,
          32.654797
        ]
      }
    },
    {
      "type": "Feature",
      "properties": {
        "geoid": "48113016521",
        "n_candidates": 3,
        "n_top100": 0,
        "n_top50_both": 0,
        "best_rank_composite": 3848,
        "best_rank_grounded": 3798,
        "best_site_reach": 840,
        "best_greedy_pick_order": null,
        "need_composite": 0.456897,
        "need_grounded": 0.561164,
        "tier": 1,
        "tier_label": "Tier 1 (highest vulnerability)",
        "composite_score": 0.456897,
        "totpop": 7341
      },
      "geometry": {
        "type": "Point",
        "coordinates": [
          -96.949204,
          32.684071
        ]
      }
    },
    {
      "type": "Feature",
      "properties": {
        "geoid": "48113016522",
        "n_candidates": 24,
        "n_top100": 0,
        "n_top50_both": 0,
        "best_rank_composite": 2392,
        "best_rank_grounded": 2545,
        "best_site_reach": 2175,
        "best_greedy_pick_order": null,
        "need_composite": 0.478808,
        "need_grounded": 0.595552,
        "tier": 1,
        "tier_label": "Tier 1 (highest vulnerability)",
        "composite_score": 0.478808,
        "totpop": 5179
      },
      "geometry": {
        "type": "Point",
        "coordinates": [
          -96.980603,
          32.606437
        ]
      }
    },
    {
      "type": "Feature",
      "properties": {
        "geoid": "48113016524",
        "n_candidates": 5,
        "n_top100": 0,
        "n_top50_both": 0,
        "best_rank_composite": 3723,
        "best_rank_grounded": 3821,
        "best_site_reach": 1500,
        "best_greedy_pick_order": null,
        "need_composite": 0.343079,
        "need_grounded": 0.317154,
        "tier": 2,
        "tier_label": "Tier 2 (moderate vulnerability)",
        "composite_score": 0.343079,
        "totpop": 2549
      },
      "geometry": {
        "type": "Point",
        "coordinates": [
          -96.985097,
          32.56991
        ]
      }
    },
    {
      "type": "Feature",
      "properties": {
        "geoid": "48113016526",
        "n_candidates": 3,
        "n_top100": 0,
        "n_top50_both": 0,
        "best_rank_composite": 1064,
        "best_rank_grounded": 1341,
        "best_site_reach": 4304,
        "best_greedy_pick_order": null,
        "need_composite": 0.418595,
        "need_grounded": 0.55952,
        "tier": 2,
        "tier_label": "Tier 2 (moderate vulnerability)",
        "composite_score": 0.418595,
        "totpop": 5508
      },
      "geometry": {
        "type": "Point",
        "coordinates": [
          -96.948852,
          32.639983
        ]
      }
    },
    {
      "type": "Feature",
      "properties": {
        "geoid": "48113016528",
        "n_candidates": 5,
        "n_top100": 0,
        "n_top50_both": 0,
        "best_rank_composite": 1927,
        "best_rank_grounded": 2290,
        "best_site_reach": 3463,
        "best_greedy_pick_order": null,
        "need_composite": 0.39545,
        "need_grounded": 0.454698,
        "tier": 2,
        "tier_label": "Tier 2 (moderate vulnerability)",
        "composite_score": 0.39545,
        "totpop": 5230
      },
      "geometry": {
        "type": "Point",
        "coordinates": [
          -96.956865,
          32.653878
        ]
      }
    },
    {
      "type": "Feature",
      "properties": {
        "geoid": "48113016530",
        "n_candidates": 4,
        "n_top100": 0,
        "n_top50_both": 0,
        "best_rank_composite": 1150,
        "best_rank_grounded": 2061,
        "best_site_reach": 3382,
        "best_greedy_pick_order": null,
        "need_composite": 0.486009,
        "need_grounded": 0.512651,
        "tier": 1,
        "tier_label": "Tier 1 (highest vulnerability)",
        "composite_score": 0.486009,
        "totpop": 3297
      },
      "geometry": {
        "type": "Point",
        "coordinates": [
          -96.935447,
          32.614075
        ]
      }
    },
    {
      "type": "Feature",
      "properties": {
        "geoid": "48113016531",
        "n_candidates": 2,
        "n_top100": 0,
        "n_top50_both": 0,
        "best_rank_composite": 1259,
        "best_rank_grounded": 1909,
        "best_site_reach": 4229,
        "best_greedy_pick_order": null,
        "need_composite": 0.407069,
        "need_grounded": 0.447654,
        "tier": 2,
        "tier_label": "Tier 2 (moderate vulnerability)",
        "composite_score": 0.407069,
        "totpop": 3263
      },
      "geometry": {
        "type": "Point",
        "coordinates": [
          -96.913723,
          32.642415
        ]
      }
    },
    {
      "type": "Feature",
      "properties": {
        "geoid": "48113016532",
        "n_candidates": 1,
        "n_top100": 0,
        "n_top50_both": 0,
        "best_rank_composite": 1344,
        "best_rank_grounded": 1986,
        "best_site_reach": 3436,
        "best_greedy_pick_order": null,
        "need_composite": 0.456472,
        "need_grounded": 0.524288,
        "tier": 1,
        "tier_label": "Tier 1 (highest vulnerability)",
        "composite_score": 0.456472,
        "totpop": 2021
      },
      "geometry": {
        "type": "Point",
        "coordinates": [
          -96.917481,
          32.624457
        ]
      }
    },
    {
      "type": "Feature",
      "properties": {
        "geoid": "48113016533",
        "n_candidates": 2,
        "n_top100": 0,
        "n_top50_both": 0,
        "best_rank_composite": 839,
        "best_rank_grounded": 1171,
        "best_site_reach": 3791,
        "best_greedy_pick_order": null,
        "need_composite": 0.480079,
        "need_grounded": 0.667681,
        "tier": 1,
        "tier_label": "Tier 1 (highest vulnerability)",
        "composite_score": 0.480079,
        "totpop": 3257
      },
      "geometry": {
        "type": "Point",
        "coordinates": [
          -96.925363,
          32.698611
        ]
      }
    },
    {
      "type": "Feature",
      "properties": {
        "geoid": "48113016534",
        "n_candidates": 3,
        "n_top100": 0,
        "n_top50_both": 0,
        "best_rank_composite": 3038,
        "best_rank_grounded": 2601,
        "best_site_reach": 1972,
        "best_greedy_pick_order": null,
        "need_composite": 0.395126,
        "need_grounded": 0.630969,
        "tier": 2,
        "tier_label": "Tier 2 (moderate vulnerability)",
        "composite_score": 0.395126,
        "totpop": 3457
      },
      "geometry": {
        "type": "Point",
        "coordinates": [
          -96.901014,
          32.693382
        ]
      }
    },
    {
      "type": "Feature",
      "properties": {
        "geoid": "48113016535",
        "n_candidates": 5,
        "n_top100": 0,
        "n_top50_both": 0,
        "best_rank_composite": 1174,
        "best_rank_grounded": 1431,
        "best_site_reach": 3982,
        "best_greedy_pick_order": null,
        "need_composite": 0.432022,
        "need_grounded": 0.577342,
        "tier": 2,
        "tier_label": "Tier 2 (moderate vulnerability)",
        "composite_score": 0.432022,
        "totpop": 3416
      },
      "geometry": {
        "type": "Point",
        "coordinates": [
          -96.91714,
          32.669082
        ]
      }
    },
    {
      "type": "Feature",
      "properties": {
        "geoid": "48113016536",
        "n_candidates": 3,
        "n_top100": 0,
        "n_top50_both": 0,
        "best_rank_composite": 495,
        "best_rank_grounded": 957,
        "best_site_reach": 4649,
        "best_greedy_pick_order": null,
        "need_composite": 0.465453,
        "need_grounded": 0.594027,
        "tier": 1,
        "tier_label": "Tier 1 (highest vulnerability)",
        "composite_score": 0.465453,
        "totpop": 2673
      },
      "geometry": {
        "type": "Point",
        "coordinates": [
          -96.900041,
          32.668657
        ]
      }
    },
    {
      "type": "Feature",
      "properties": {
        "geoid": "48113016607",
        "n_candidates": 10,
        "n_top100": 0,
        "n_top50_both": 0,
        "best_rank_composite": 189,
        "best_rank_grounded": 210,
        "best_site_reach": 6192,
        "best_greedy_pick_order": null,
        "need_composite": 0.493824,
        "need_grounded": 0.742325,
        "tier": 1,
        "tier_label": "Tier 1 (highest vulnerability)",
        "composite_score": 0.493824,
        "totpop": 3593
      },
      "geometry": {
        "type": "Point",
        "coordinates": [
          -96.884715,
          32.653726
        ]
      }
    },
    {
      "type": "Feature",
      "properties": {
        "geoid": "48113016610",
        "n_candidates": 13,
        "n_top100": 0,
        "n_top50_both": 0,
        "best_rank_composite": 1135,
        "best_rank_grounded": 1866,
        "best_site_reach": 3335,
        "best_greedy_pick_order": null,
        "need_composite": 0.492303,
        "need_grounded": 0.570869,
        "tier": 1,
        "tier_label": "Tier 1 (highest vulnerability)",
        "composite_score": 0.492303,
        "totpop": 3904
      },
      "geometry": {
        "type": "Point",
        "coordinates": [
          -96.831489,
          32.611674
        ]
      }
    },
    {
      "type": "Feature",
      "properties": {
        "geoid": "48113016618",
        "n_candidates": 2,
        "n_top100": 0,
        "n_top50_both": 0,
        "best_rank_composite": 2610,
        "best_rank_grounded": 2699,
        "best_site_reach": 2472,
        "best_greedy_pick_order": null,
        "need_composite": 0.41496,
        "need_grounded": 0.479425,
        "tier": 2,
        "tier_label": "Tier 2 (moderate vulnerability)",
        "composite_score": 0.41496,
        "totpop": 4856
      },
      "geometry": {
        "type": "Point",
        "coordinates": [
          -96.865682,
          32.60415
        ]
      }
    },
    {
      "type": "Feature",
      "properties": {
        "geoid": "48113016620",
        "n_candidates": 10,
        "n_top100": 0,
        "n_top50_both": 0,
        "best_rank_composite": 2433,
        "best_rank_grounded": 2540,
        "best_site_reach": 2785,
        "best_greedy_pick_order": null,
        "need_composite": 0.401683,
        "need_grounded": 0.473076,
        "tier": 2,
        "tier_label": "Tier 2 (moderate vulnerability)",
        "composite_score": 0.401683,
        "totpop": 5845
      },
      "geometry": {
        "type": "Point",
        "coordinates": [
          -96.839769,
          32.596993
        ]
      }
    },
    {
      "type": "Feature",
      "properties": {
        "geoid": "48113016621",
        "n_candidates": 1,
        "n_top100": 0,
        "n_top50_both": 0,
        "best_rank_composite": 3740,
        "best_rank_grounded": 3790,
        "best_site_reach": 824,
        "best_greedy_pick_order": null,
        "need_composite": 0.503518,
        "need_grounded": 0.57938,
        "tier": 1,
        "tier_label": "Tier 1 (highest vulnerability)",
        "composite_score": 0.503518,
        "totpop": 6140
      },
      "geometry": {
        "type": "Point",
        "coordinates": [
          -96.839634,
          32.567926
        ]
      }
    },
    {
      "type": "Feature",
      "properties": {
        "geoid": "48113016622",
        "n_candidates": 5,
        "n_top100": 0,
        "n_top50_both": 0,
        "best_rank_composite": 2860,
        "best_rank_grounded": 3324,
        "best_site_reach": 1635,
        "best_greedy_pick_order": null,
        "need_composite": 0.481976,
        "need_grounded": 0.481911,
        "tier": 1,
        "tier_label": "Tier 1 (highest vulnerability)",
        "composite_score": 0.481976,
        "totpop": 4307
      },
      "geometry": {
        "type": "Point",
        "coordinates": [
          -96.839559,
          32.555743
        ]
      }
    },
    {
      "type": "Feature",
      "properties": {
        "geoid": "48113016623",
        "n_candidates": 3,
        "n_top100": 0,
        "n_top50_both": 0,
        "best_rank_composite": 1498,
        "best_rank_grounded": 2453,
        "best_site_reach": 2821,
        "best_greedy_pick_order": null,
        "need_composite": 0.504967,
        "need_grounded": 0.495491,
        "tier": 1,
        "tier_label": "Tier 1 (highest vulnerability)",
        "composite_score": 0.504967,
        "totpop": 7960
      },
      "geometry": {
        "type": "Point",
        "coordinates": [
          -96.882529,
          32.561414
        ]
      }
    },
    {
      "type": "Feature",
      "properties": {
        "geoid": "48113016624",
        "n_candidates": 2,
        "n_top100": 0,
        "n_top50_both": 0,
        "best_rank_composite": 776,
        "best_rank_grounded": 2029,
        "best_site_reach": 3972,
        "best_greedy_pick_order": null,
        "need_composite": 0.471563,
        "need_grounded": 0.448606,
        "tier": 1,
        "tier_label": "Tier 1 (highest vulnerability)",
        "composite_score": 0.471563,
        "totpop": 3501
      },
      "geometry": {
        "type": "Point",
        "coordinates": [
          -96.916814,
          32.569043
        ]
      }
    },
    {
      "type": "Feature",
      "properties": {
        "geoid": "48113016626",
        "n_candidates": 24,
        "n_top100": 0,
        "n_top50_both": 0,
        "best_rank_composite": 404,
        "best_rank_grounded": 1092,
        "best_site_reach": 4199,
        "best_greedy_pick_order": null,
        "need_composite": 0.53001,
        "need_grounded": 0.625551,
        "tier": 1,
        "tier_label": "Tier 1 (highest vulnerability)",
        "composite_score": 0.53001,
        "totpop": 4445
      },
      "geometry": {
        "type": "Point",
        "coordinates": [
          -96.937951,
          32.585625
        ]
      }
    },
    {
      "type": "Feature",
      "properties": {
        "geoid": "48113016627",
        "n_candidates": 1,
        "n_top100": 0,
        "n_top50_both": 0,
        "best_rank_composite": 4082,
        "best_rank_grounded": 4096,
        "best_site_reach": 593,
        "best_greedy_pick_order": null,
        "need_composite": 0.402678,
        "need_grounded": 0.391086,
        "tier": 2,
        "tier_label": "Tier 2 (moderate vulnerability)",
        "composite_score": 0.402678,
        "totpop": 2716
      },
      "geometry": {
        "type": "Point",
        "coordinates": [
          -96.830957,
          32.583232
        ]
      }
    },
    {
      "type": "Feature",
      "properties": {
        "geoid": "48113016628",
        "n_candidates": 1,
        "n_top100": 0,
        "n_top50_both": 0,
        "best_rank_composite": 2954,
        "best_rank_grounded": 3086,
        "best_site_reach": 1881,
        "best_greedy_pick_order": null,
        "need_composite": 0.421742,
        "need_grounded": 0.501187,
        "tier": 2,
        "tier_label": "Tier 2 (moderate vulnerability)",
        "composite_score": 0.421742,
        "totpop": 4583
      },
      "geometry": {
        "type": "Point",
        "coordinates": [
          -96.848342,
          32.58247
        ]
      }
    },
    {
      "type": "Feature",
      "properties": {
        "geoid": "48113016629",
        "n_candidates": 9,
        "n_top100": 0,
        "n_top50_both": 0,
        "best_rank_composite": 915,
        "best_rank_grounded": 2063,
        "best_site_reach": 4100,
        "best_greedy_pick_order": null,
        "need_composite": 0.447335,
        "need_grounded": 0.42767,
        "tier": 1,
        "tier_label": "Tier 1 (highest vulnerability)",
        "composite_score": 0.447335,
        "totpop": 2728
      },
      "geometry": {
        "type": "Point",
        "coordinates": [
          -96.930606,
          32.599862
        ]
      }
    },
    {
      "type": "Feature",
      "properties": {
        "geoid": "48113016630",
        "n_candidates": 1,
        "n_top100": 0,
        "n_top50_both": 0,
        "best_rank_composite": 1240,
        "best_rank_grounded": 2000,
        "best_site_reach": 3867,
        "best_greedy_pick_order": null,
        "need_composite": 0.434392,
        "need_grounded": 0.466011,
        "tier": 2,
        "tier_label": "Tier 2 (moderate vulnerability)",
        "composite_score": 0.434392,
        "totpop": 6619
      },
      "geometry": {
        "type": "Point",
        "coordinates": [
          -96.916815,
          32.604394
        ]
      }
    },
    {
      "type": "Feature",
      "properties": {
        "geoid": "48113016631",
        "n_candidates": 1,
        "n_top100": 0,
        "n_top50_both": 0,
        "best_rank_composite": 1719,
        "best_rank_grounded": 2833,
        "best_site_reach": 3323,
        "best_greedy_pick_order": null,
        "need_composite": 0.427862,
        "need_grounded": 0.342727,
        "tier": 2,
        "tier_label": "Tier 2 (moderate vulnerability)",
        "composite_score": 0.427862,
        "totpop": 5785
      },
      "geometry": {
        "type": "Point",
        "coordinates": [
          -96.899719,
          32.59025
        ]
      }
    },
    {
      "type": "Feature",
      "properties": {
        "geoid": "48113016632",
        "n_candidates": 2,
        "n_top100": 0,
        "n_top50_both": 0,
        "best_rank_composite": 2375,
        "best_rank_grounded": 2909,
        "best_site_reach": 2492,
        "best_greedy_pick_order": null,
        "need_composite": 0.438072,
        "need_grounded": 0.426959,
        "tier": 1,
        "tier_label": "Tier 1 (highest vulnerability)",
        "composite_score": 0.438072,
        "totpop": 3721
      },
      "geometry": {
        "type": "Point",
        "coordinates": [
          -96.865545,
          32.582495
        ]
      }
    },
    {
      "type": "Feature",
      "properties": {
        "geoid": "48113016633",
        "n_candidates": 2,
        "n_top100": 0,
        "n_top50_both": 0,
        "best_rank_composite": 2491,
        "best_rank_grounded": 3361,
        "best_site_reach": 2649,
        "best_greedy_pick_order": null,
        "need_composite": 0.409923,
        "need_grounded": 0.301565,
        "tier": 2,
        "tier_label": "Tier 2 (moderate vulnerability)",
        "composite_score": 0.409923,
        "totpop": 7264
      },
      "geometry": {
        "type": "Point",
        "coordinates": [
          -96.882652,
          32.590018
        ]
      }
    },
    {
      "type": "Feature",
      "properties": {
        "geoid": "48113016634",
        "n_candidates": 15,
        "n_top100": 0,
        "n_top50_both": 0,
        "best_rank_composite": 1276,
        "best_rank_grounded": 1511,
        "best_site_reach": 3647,
        "best_greedy_pick_order": null,
        "need_composite": 0.447746,
        "need_grounded": 0.605756,
        "tier": 1,
        "tier_label": "Tier 1 (highest vulnerability)",
        "composite_score": 0.447746,
        "totpop": 4744
      },
      "geometry": {
        "type": "Point",
        "coordinates": [
          -96.844399,
          32.632677
        ]
      }
    },
    {
      "type": "Feature",
      "properties": {
        "geoid": "48113016635",
        "n_candidates": 9,
        "n_top100": 0,
        "n_top50_both": 0,
        "best_rank_composite": 675,
        "best_rank_grounded": 808,
        "best_site_reach": 3930,
        "best_greedy_pick_order": null,
        "need_composite": 0.490644,
        "need_grounded": 0.731637,
        "tier": 1,
        "tier_label": "Tier 1 (highest vulnerability)",
        "composite_score": 0.490644,
        "totpop": 3916
      },
      "geometry": {
        "type": "Point",
        "coordinates": [
          -96.871967,
          32.643572
        ]
      }
    },
    {
      "type": "Feature",
      "properties": {
        "geoid": "48113016636",
        "n_candidates": 7,
        "n_top100": 0,
        "n_top50_both": 0,
        "best_rank_composite": 1106,
        "best_rank_grounded": 1857,
        "best_site_reach": 3621,
        "best_greedy_pick_order": null,
        "need_composite": 0.467551,
        "need_grounded": 0.530193,
        "tier": 1,
        "tier_label": "Tier 1 (highest vulnerability)",
        "composite_score": 0.467551,
        "totpop": 2394
      },
      "geometry": {
        "type": "Point",
        "coordinates": [
          -96.89677,
          32.629952
        ]
      }
    },
    {
      "type": "Feature",
      "properties": {
        "geoid": "48113016637",
        "n_candidates": 2,
        "n_top100": 0,
        "n_top50_both": 0,
        "best_rank_composite": 1406,
        "best_rank_grounded": 1924,
        "best_site_reach": 3572,
        "best_greedy_pick_order": null,
        "need_composite": 0.43824,
        "need_grounded": 0.520142,
        "tier": 1,
        "tier_label": "Tier 1 (highest vulnerability)",
        "composite_score": 0.43824,
        "totpop": 2921
      },
      "geometry": {
        "type": "Point",
        "coordinates": [
          -96.887392,
          32.632649
        ]
      }
    },
    {
      "type": "Feature",
      "properties": {
        "geoid": "48113016638",
        "n_candidates": 1,
        "n_top100": 0,
        "n_top50_both": 0,
        "best_rank_composite": 1561,
        "best_rank_grounded": 2321,
        "best_site_reach": 3856,
        "best_greedy_pick_order": null,
        "need_composite": 0.402014,
        "need_grounded": 0.401772,
        "tier": 2,
        "tier_label": "Tier 2 (moderate vulnerability)",
        "composite_score": 0.402014,
        "totpop": 1644
      },
      "geometry": {
        "type": "Point",
        "coordinates": [
          -96.869873,
          32.633058
        ]
      }
    },
    {
      "type": "Feature",
      "properties": {
        "geoid": "48113016704",
        "n_candidates": 3,
        "n_top100": 0,
        "n_top50_both": 0,
        "best_rank_composite": 2267,
        "best_rank_grounded": 2639,
        "best_site_reach": 2399,
        "best_greedy_pick_order": null,
        "need_composite": 0.461529,
        "need_grounded": 0.510073,
        "tier": 1,
        "tier_label": "Tier 1 (highest vulnerability)",
        "composite_score": 0.461529,
        "totpop": 4152
      },
      "geometry": {
        "type": "Point",
        "coordinates": [
          -96.777172,
          32.619091
        ]
      }
    },
    {
      "type": "Feature",
      "properties": {
        "geoid": "48113016706",
        "n_candidates": 4,
        "n_top100": 0,
        "n_top50_both": 0,
        "best_rank_composite": 338,
        "best_rank_grounded": 782,
        "best_site_reach": 3592,
        "best_greedy_pick_order": null,
        "need_composite": 0.626324,
        "need_grounded": 0.80552,
        "tier": 1,
        "tier_label": "Tier 1 (highest vulnerability)",
        "composite_score": 0.626324,
        "totpop": 2359
      },
      "geometry": {
        "type": "Point",
        "coordinates": [
          -96.773382,
          32.607805
        ]
      }
    },
    {
      "type": "Feature",
      "properties": {
        "geoid": "48113016707",
        "n_candidates": 3,
        "n_top100": 0,
        "n_top50_both": 0,
        "best_rank_composite": 1204,
        "best_rank_grounded": 1582,
        "best_site_reach": 4477,
        "best_greedy_pick_order": null,
        "need_composite": 0.396886,
        "need_grounded": 0.48553,
        "tier": 2,
        "tier_label": "Tier 2 (moderate vulnerability)",
        "composite_score": 0.396886,
        "totpop": 5096
      },
      "geometry": {
        "type": "Point",
        "coordinates": [
          -96.796095,
          32.612061
        ]
      }
    },
    {
      "type": "Feature",
      "properties": {
        "geoid": "48113016709",
        "n_candidates": 17,
        "n_top100": 0,
        "n_top50_both": 0,
        "best_rank_composite": 2082,
        "best_rank_grounded": 2164,
        "best_site_reach": 2467,
        "best_greedy_pick_order": null,
        "need_composite": 0.473239,
        "need_grounded": 0.662612,
        "tier": 1,
        "tier_label": "Tier 1 (highest vulnerability)",
        "composite_score": 0.473239,
        "totpop": 3633
      },
      "geometry": {
        "type": "Point",
        "coordinates": [
          -96.759026,
          32.631817
        ]
      }
    },
    {
      "type": "Feature",
      "properties": {
        "geoid": "48113016710",
        "n_candidates": 2,
        "n_top100": 0,
        "n_top50_both": 0,
        "best_rank_composite": 3980,
        "best_rank_grounded": 3835,
        "best_site_reach": 652,
        "best_greedy_pick_order": null,
        "need_composite": 0.459782,
        "need_grounded": 0.675787,
        "tier": 1,
        "tier_label": "Tier 1 (highest vulnerability)",
        "composite_score": 0.459782,
        "totpop": 5573
      },
      "geometry": {
        "type": "Point",
        "coordinates": [
          -96.759973,
          32.657879
        ]
      }
    },
    {
      "type": "Feature",
      "properties": {
        "geoid": "48113016711",
        "n_candidates": 6,
        "n_top100": 0,
        "n_top50_both": 0,
        "best_rank_composite": 634,
        "best_rank_grounded": 469,
        "best_site_reach": 5430,
        "best_greedy_pick_order": null,
        "need_composite": 0.399626,
        "need_grounded": 0.63368,
        "tier": 2,
        "tier_label": "Tier 2 (moderate vulnerability)",
        "composite_score": 0.399626,
        "totpop": 2053
      },
      "geometry": {
        "type": "Point",
        "coordinates": [
          -96.7761,
          32.657613
        ]
      }
    },
    {
      "type": "Feature",
      "properties": {
        "geoid": "48113016802",
        "n_candidates": 2,
        "n_top100": 0,
        "n_top50_both": 0,
        "best_rank_composite": 1834,
        "best_rank_grounded": 2753,
        "best_site_reach": 2303,
        "best_greedy_pick_order": null,
        "need_composite": 0.537876,
        "need_grounded": 0.498877,
        "tier": 1,
        "tier_label": "Tier 1 (highest vulnerability)",
        "composite_score": 0.537876,
        "totpop": 5094
      },
      "geometry": {
        "type": "Point",
        "coordinates": [
          -96.780223,
          32.569359
        ]
      }
    },
    {
      "type": "Feature",
      "properties": {
        "geoid": "48113016803",
        "n_candidates": 4,
        "n_top100": 0,
        "n_top50_both": 0,
        "best_rank_composite": 1474,
        "best_rank_grounded": 1996,
        "best_site_reach": 3037,
        "best_greedy_pick_order": null,
        "need_composite": 0.482951,
        "need_grounded": 0.585916,
        "tier": 1,
        "tier_label": "Tier 1 (highest vulnerability)",
        "composite_score": 0.482951,
        "totpop": 5873
      },
      "geometry": {
        "type": "Point",
        "coordinates": [
          -96.763569,
          32.594919
        ]
      }
    },
    {
      "type": "Feature",
      "properties": {
        "geoid": "48113016805",
        "n_candidates": 10,
        "n_top100": 0,
        "n_top50_both": 0,
        "best_rank_composite": 2378,
        "best_rank_grounded": 2518,
        "best_site_reach": 2596,
        "best_greedy_pick_order": null,
        "need_composite": 0.425857,
        "need_grounded": 0.51307,
        "tier": 2,
        "tier_label": "Tier 2 (moderate vulnerability)",
        "composite_score": 0.425857,
        "totpop": 4285
      },
      "geometry": {
        "type": "Point",
        "coordinates": [
          -96.813978,
          32.597205
        ]
      }
    },
    {
      "type": "Feature",
      "properties": {
        "geoid": "48113016806",
        "n_candidates": 8,
        "n_top100": 0,
        "n_top50_both": 0,
        "best_rank_composite": 568,
        "best_rank_grounded": 1289,
        "best_site_reach": 4847,
        "best_greedy_pick_order": null,
        "need_composite": 0.43988,
        "need_grounded": 0.510268,
        "tier": 1,
        "tier_label": "Tier 1 (highest vulnerability)",
        "composite_score": 0.43988,
        "totpop": 5736
      },
      "geometry": {
        "type": "Point",
        "coordinates": [
          -96.791651,
          32.59826
        ]
      }
    },
    {
      "type": "Feature",
      "properties": {
        "geoid": "48113016902",
        "n_candidates": 10,
        "n_top100": 0,
        "n_top50_both": 0,
        "best_rank_composite": 2665,
        "best_rank_grounded": 2661,
        "best_site_reach": 1808,
        "best_greedy_pick_order": null,
        "need_composite": 0.502355,
        "need_grounded": 0.658912,
        "tier": 1,
        "tier_label": "Tier 1 (highest vulnerability)",
        "composite_score": 0.502355,
        "totpop": 6619
      },
      "geometry": {
        "type": "Point",
        "coordinates": [
          -96.699201,
          32.647309
        ]
      }
    },
    {
      "type": "Feature",
      "properties": {
        "geoid": "48113016903",
        "n_candidates": 8,
        "n_top100": 0,
        "n_top50_both": 0,
        "best_rank_composite": 2015,
        "best_rank_grounded": 2632,
        "best_site_reach": 1639,
        "best_greedy_pick_order": null,
        "need_composite": 0.653104,
        "need_grounded": 0.735502,
        "tier": 1,
        "tier_label": "Tier 1 (highest vulnerability)",
        "composite_score": 0.653104,
        "totpop": 6549
      },
      "geometry": {
        "type": "Point",
        "coordinates": [
          -96.669716,
          32.593052
        ]
      }
    },
    {
      "type": "Feature",
      "properties": {
        "geoid": "48113017005",
        "n_candidates": 4,
        "n_top100": 0,
        "n_top50_both": 0,
        "best_rank_composite": 766,
        "best_rank_grounded": 1449,
        "best_site_reach": 3324,
        "best_greedy_pick_order": null,
        "need_composite": 0.537284,
        "need_grounded": 0.678161,
        "tier": 1,
        "tier_label": "Tier 1 (highest vulnerability)",
        "composite_score": 0.537284,
        "totpop": 5403
      },
      "geometry": {
        "type": "Point",
        "coordinates": [
          -96.59986,
          32.651865
        ]
      }
    },
    {
      "type": "Feature",
      "properties": {
        "geoid": "48113017006",
        "n_candidates": 8,
        "n_top100": 0,
        "n_top50_both": 0,
        "best_rank_composite": 1910,
        "best_rank_grounded": 2612,
        "best_site_reach": 2041,
        "best_greedy_pick_order": null,
        "need_composite": 0.5763,
        "need_grounded": 0.604445,
        "tier": 1,
        "tier_label": "Tier 1 (highest vulnerability)",
        "composite_score": 0.5763,
        "totpop": 6086
      },
      "geometry": {
        "type": "Point",
        "coordinates": [
          -96.554804,
          32.603094
        ]
      }
    },
    {
      "type": "Feature",
      "properties": {
        "geoid": "48113017007",
        "n_candidates": 3,
        "n_top100": 0,
        "n_top50_both": 0,
        "best_rank_composite": 2199,
        "best_rank_grounded": 2551,
        "best_site_reach": 2056,
        "best_greedy_pick_order": null,
        "need_composite": 0.522235,
        "need_grounded": 0.625279,
        "tier": 1,
        "tier_label": "Tier 1 (highest vulnerability)",
        "composite_score": 0.522235,
        "totpop": 5911
      },
      "geometry": {
        "type": "Point",
        "coordinates": [
          -96.566207,
          32.668481
        ]
      }
    },
    {
      "type": "Feature",
      "properties": {
        "geoid": "48113017008",
        "n_candidates": 7,
        "n_top100": 0,
        "n_top50_both": 0,
        "best_rank_composite": 1263,
        "best_rank_grounded": 1945,
        "best_site_reach": 2886,
        "best_greedy_pick_order": null,
        "need_composite": 0.530767,
        "need_grounded": 0.62891,
        "tier": 1,
        "tier_label": "Tier 1 (highest vulnerability)",
        "composite_score": 0.530767,
        "totpop": 5958
      },
      "geometry": {
        "type": "Point",
        "coordinates": [
          -96.534333,
          32.674529
        ]
      }
    },
    {
      "type": "Feature",
      "properties": {
        "geoid": "48113017009",
        "n_candidates": 1,
        "n_top100": 0,
        "n_top50_both": 0,
        "best_rank_composite": 1119,
        "best_rank_grounded": 1692,
        "best_site_reach": 2875,
        "best_greedy_pick_order": null,
        "need_composite": 0.550668,
        "need_grounded": 0.708397,
        "tier": 1,
        "tier_label": "Tier 1 (highest vulnerability)",
        "composite_score": 0.550668,
        "totpop": 4912
      },
      "geometry": {
        "type": "Point",
        "coordinates": [
          -96.565434,
          32.690491
        ]
      }
    },
    {
      "type": "Feature",
      "properties": {
        "geoid": "48113017010",
        "n_candidates": 4,
        "n_top100": 0,
        "n_top50_both": 0,
        "best_rank_composite": 857,
        "best_rank_grounded": 1505,
        "best_site_reach": 3247,
        "best_greedy_pick_order": null,
        "need_composite": 0.535144,
        "need_grounded": 0.677777,
        "tier": 1,
        "tier_label": "Tier 1 (highest vulnerability)",
        "composite_score": 0.535144,
        "totpop": 5813
      },
      "geometry": {
        "type": "Point",
        "coordinates": [
          -96.587484,
          32.679499
        ]
      }
    },
    {
      "type": "Feature",
      "properties": {
        "geoid": "48113017101",
        "n_candidates": 11,
        "n_top100": 0,
        "n_top50_both": 0,
        "best_rank_composite": 406,
        "best_rank_grounded": 595,
        "best_site_reach": 4910,
        "best_greedy_pick_order": null,
        "need_composite": 0.472895,
        "need_grounded": 0.651423,
        "tier": 1,
        "tier_label": "Tier 1 (highest vulnerability)",
        "composite_score": 0.472895,
        "totpop": 6973
      },
      "geometry": {
        "type": "Point",
        "coordinates": [
          -96.607871,
          32.690398
        ]
      }
    },
    {
      "type": "Feature",
      "properties": {
        "geoid": "48113017102",
        "n_candidates": 10,
        "n_top100": 0,
        "n_top50_both": 0,
        "best_rank_composite": 1854,
        "best_rank_grounded": 2279,
        "best_site_reach": 2117,
        "best_greedy_pick_order": null,
        "need_composite": 0.569215,
        "need_grounded": 0.727608,
        "tier": 1,
        "tier_label": "Tier 1 (highest vulnerability)",
        "composite_score": 0.569215,
        "totpop": 6871
      },
      "geometry": {
        "type": "Point",
        "coordinates": [
          -96.648768,
          32.65426
        ]
      }
    },
    {
      "type": "Feature",
      "properties": {
        "geoid": "48113017201",
        "n_candidates": 20,
        "n_top100": 0,
        "n_top50_both": 0,
        "best_rank_composite": 1084,
        "best_rank_grounded": 992,
        "best_site_reach": 3895,
        "best_greedy_pick_order": null,
        "need_composite": 0.446334,
        "need_grounded": 0.693389,
        "tier": 1,
        "tier_label": "Tier 1 (highest vulnerability)",
        "composite_score": 0.446334,
        "totpop": 6065
      },
      "geometry": {
        "type": "Point",
        "coordinates": [
          -96.623166,
          32.72429
        ]
      }
    },
    {
      "type": "Feature",
      "properties": {
        "geoid": "48113017203",
        "n_candidates": 6,
        "n_top100": 0,
        "n_top50_both": 0,
        "best_rank_composite": 1024,
        "best_rank_grounded": 947,
        "best_site_reach": 4527,
        "best_greedy_pick_order": null,
        "need_composite": 0.408505,
        "need_grounded": 0.612385,
        "tier": 2,
        "tier_label": "Tier 2 (moderate vulnerability)",
        "composite_score": 0.408505,
        "totpop": 5545
      },
      "geometry": {
        "type": "Point",
        "coordinates": [
          -96.607015,
          32.733762
        ]
      }
    },
    {
      "type": "Feature",
      "properties": {
        "geoid": "48113017204",
        "n_candidates": 11,
        "n_top100": 0,
        "n_top50_both": 0,
        "best_rank_composite": 620,
        "best_rank_grounded": 574,
        "best_site_reach": 5051,
        "best_greedy_pick_order": null,
        "need_composite": 0.420792,
        "need_grounded": 0.640023,
        "tier": 2,
        "tier_label": "Tier 2 (moderate vulnerability)",
        "composite_score": 0.420792,
        "totpop": 5043
      },
      "geometry": {
        "type": "Point",
        "coordinates": [
          -96.613465,
          32.709696
        ]
      }
    },
    {
      "type": "Feature",
      "properties": {
        "geoid": "48113017307",
        "n_candidates": 1,
        "n_top100": 0,
        "n_top50_both": 0,
        "best_rank_composite": 2367,
        "best_rank_grounded": 2836,
        "best_site_reach": 2424,
        "best_greedy_pick_order": null,
        "need_composite": 0.447047,
        "need_grounded": 0.458087,
        "tier": 1,
        "tier_label": "Tier 1 (highest vulnerability)",
        "composite_score": 0.447047,
        "totpop": 3786
      },
      "geometry": {
        "type": "Point",
        "coordinates": [
          -96.55632,
          32.755989
        ]
      }
    },
    {
      "type": "Feature",
      "properties": {
        "geoid": "48113017308",
        "n_candidates": 3,
        "n_top100": 0,
        "n_top50_both": 0,
        "best_rank_composite": 1450,
        "best_rank_grounded": 1946,
        "best_site_reach": 4483,
        "best_greedy_pick_order": null,
        "need_composite": 0.37395,
        "need_grounded": 0.415091,
        "tier": 2,
        "tier_label": "Tier 2 (moderate vulnerability)",
        "composite_score": 0.37395,
        "totpop": 4685
      },
      "geometry": {
        "type": "Point",
        "coordinates": [
          -96.565758,
          32.743413
        ]
      }
    },
    {
      "type": "Feature",
      "properties": {
        "geoid": "48113017311",
        "n_candidates": 3,
        "n_top100": 0,
        "n_top50_both": 0,
        "best_rank_composite": 1365,
        "best_rank_grounded": 1595,
        "best_site_reach": 3433,
        "best_greedy_pick_order": null,
        "need_composite": 0.454199,
        "need_grounded": 0.620715,
        "tier": 1,
        "tier_label": "Tier 1 (highest vulnerability)",
        "composite_score": 0.454199,
        "totpop": 3026
      },
      "geometry": {
        "type": "Point",
        "coordinates": [
          -96.578074,
          32.761202
        ]
      }
    },
    {
      "type": "Feature",
      "properties": {
        "geoid": "48113017312",
        "n_candidates": 5,
        "n_top100": 0,
        "n_top50_both": 0,
        "best_rank_composite": 704,
        "best_rank_grounded": 1202,
        "best_site_reach": 5626,
        "best_greedy_pick_order": null,
        "need_composite": 0.3822,
        "need_grounded": 0.454617,
        "tier": 2,
        "tier_label": "Tier 2 (moderate vulnerability)",
        "composite_score": 0.3822,
        "totpop": 4835
      },
      "geometry": {
        "type": "Point",
        "coordinates": [
          -96.574096,
          32.752066
        ]
      }
    },
    {
      "type": "Feature",
      "properties": {
        "geoid": "48113017314",
        "n_candidates": 6,
        "n_top100": 0,
        "n_top50_both": 0,
        "best_rank_composite": 1649,
        "best_rank_grounded": 1593,
        "best_site_reach": 4035,
        "best_greedy_pick_order": null,
        "need_composite": 0.382206,
        "need_grounded": 0.53337,
        "tier": 2,
        "tier_label": "Tier 2 (moderate vulnerability)",
        "composite_score": 0.382206,
        "totpop": 8926
      },
      "geometry": {
        "type": "Point",
        "coordinates": [
          -96.573419,
          32.724448
        ]
      }
    },
    {
      "type": "Feature",
      "properties": {
        "geoid": "48113017315",
        "n_candidates": 7,
        "n_top100": 0,
        "n_top50_both": 0,
        "best_rank_composite": 1327,
        "best_rank_grounded": 1459,
        "best_site_reach": 4223,
        "best_greedy_pick_order": null,
        "need_composite": 0.398953,
        "need_grounded": 0.537729,
        "tier": 2,
        "tier_label": "Tier 2 (moderate vulnerability)",
        "composite_score": 0.398953,
        "totpop": 6545
      },
      "geometry": {
        "type": "Point",
        "coordinates": [
          -96.596793,
          32.714559
        ]
      }
    },
    {
      "type": "Feature",
      "properties": {
        "geoid": "48113017400",
        "n_candidates": 10,
        "n_top100": 0,
        "n_top50_both": 0,
        "best_rank_composite": 1177,
        "best_rank_grounded": 788,
        "best_site_reach": 5343,
        "best_greedy_pick_order": null,
        "need_composite": 0.357291,
        "need_grounded": 0.550647,
        "tier": 2,
        "tier_label": "Tier 2 (moderate vulnerability)",
        "composite_score": 0.357291,
        "totpop": 5155
      },
      "geometry": {
        "type": "Point",
        "coordinates": [
          -96.590419,
          32.756115
        ]
      }
    },
    {
      "type": "Feature",
      "properties": {
        "geoid": "48113017500",
        "n_candidates": 9,
        "n_top100": 0,
        "n_top50_both": 0,
        "best_rank_composite": 3010,
        "best_rank_grounded": 3453,
        "best_site_reach": 2395,
        "best_greedy_pick_order": null,
        "need_composite": 0.354341,
        "need_grounded": 0.303611,
        "tier": 2,
        "tier_label": "Tier 2 (moderate vulnerability)",
        "composite_score": 0.354341,
        "totpop": 3823
      },
      "geometry": {
        "type": "Point",
        "coordinates": [
          -96.608845,
          32.759076
        ]
      }
    },
    {
      "type": "Feature",
      "properties": {
        "geoid": "48113017602",
        "n_candidates": 14,
        "n_top100": 0,
        "n_top50_both": 0,
        "best_rank_composite": 402,
        "best_rank_grounded": 592,
        "best_site_reach": 5623,
        "best_greedy_pick_order": null,
        "need_composite": 0.431874,
        "need_grounded": 0.573815,
        "tier": 2,
        "tier_label": "Tier 2 (moderate vulnerability)",
        "composite_score": 0.431874,
        "totpop": 4093
      },
      "geometry": {
        "type": "Point",
        "coordinates": [
          -96.637465,
          32.769955
        ]
      }
    },
    {
      "type": "Feature",
      "properties": {
        "geoid": "48113017604",
        "n_candidates": 6,
        "n_top100": 0,
        "n_top50_both": 0,
        "best_rank_composite": 1542,
        "best_rank_grounded": 1477,
        "best_site_reach": 3677,
        "best_greedy_pick_order": null,
        "need_composite": 0.416162,
        "need_grounded": 0.608966,
        "tier": 2,
        "tier_label": "Tier 2 (moderate vulnerability)",
        "composite_score": 0.416162,
        "totpop": 3602
      },
      "geometry": {
        "type": "Point",
        "coordinates": [
          -96.617387,
          32.74129
        ]
      }
    },
    {
      "type": "Feature",
      "properties": {
        "geoid": "48113017605",
        "n_candidates": 4,
        "n_top100": 0,
        "n_top50_both": 0,
        "best_rank_composite": 258,
        "best_rank_grounded": 243,
        "best_site_reach": 7147,
        "best_greedy_pick_order": null,
        "need_composite": 0.410177,
        "need_grounded": 0.613575,
        "tier": 2,
        "tier_label": "Tier 2 (moderate vulnerability)",
        "composite_score": 0.410177,
        "totpop": 3913
      },
      "geometry": {
        "type": "Point",
        "coordinates": [
          -96.643687,
          32.755623
        ]
      }
    },
    {
      "type": "Feature",
      "properties": {
        "geoid": "48113017606",
        "n_candidates": 5,
        "n_top100": 0,
        "n_top50_both": 0,
        "best_rank_composite": 1265,
        "best_rank_grounded": 1761,
        "best_site_reach": 3328,
        "best_greedy_pick_order": null,
        "need_composite": 0.478717,
        "need_grounded": 0.601919,
        "tier": 1,
        "tier_label": "Tier 1 (highest vulnerability)",
        "composite_score": 0.478717,
        "totpop": 4855
      },
      "geometry": {
        "type": "Point",
        "coordinates": [
          -96.63037,
          32.758265
        ]
      }
    },
    {
      "type": "Feature",
      "properties": {
        "geoid": "48113017703",
        "n_candidates": 4,
        "n_top100": 0,
        "n_top50_both": 0,
        "best_rank_composite": 655,
        "best_rank_grounded": 1071,
        "best_site_reach": 4793,
        "best_greedy_pick_order": null,
        "need_composite": 0.431018,
        "need_grounded": 0.554559,
        "tier": 2,
        "tier_label": "Tier 2 (moderate vulnerability)",
        "composite_score": 0.431018,
        "totpop": 6067
      },
      "geometry": {
        "type": "Point",
        "coordinates": [
          -96.616631,
          32.784421
        ]
      }
    },
    {
      "type": "Feature",
      "properties": {
        "geoid": "48113017704",
        "n_candidates": 9,
        "n_top100": 0,
        "n_top50_both": 0,
        "best_rank_composite": 550,
        "best_rank_grounded": 1467,
        "best_site_reach": 5037,
        "best_greedy_pick_order": null,
        "need_composite": 0.430684,
        "need_grounded": 0.454035,
        "tier": 2,
        "tier_label": "Tier 2 (moderate vulnerability)",
        "composite_score": 0.430684,
        "totpop": 6279
      },
      "geometry": {
        "type": "Point",
        "coordinates": [
          -96.608285,
          32.777143
        ]
      }
    },
    {
      "type": "Feature",
      "properties": {
        "geoid": "48113017705",
        "n_candidates": 14,
        "n_top100": 0,
        "n_top50_both": 0,
        "best_rank_composite": 457,
        "best_rank_grounded": 501,
        "best_site_reach": 4802,
        "best_greedy_pick_order": null,
        "need_composite": 0.465118,
        "need_grounded": 0.698369,
        "tier": 1,
        "tier_label": "Tier 1 (highest vulnerability)",
        "composite_score": 0.465118,
        "totpop": 3083
      },
      "geometry": {
        "type": "Point",
        "coordinates": [
          -96.599364,
          32.784042
        ]
      }
    },
    {
      "type": "Feature",
      "properties": {
        "geoid": "48113017706",
        "n_candidates": 5,
        "n_top100": 0,
        "n_top50_both": 0,
        "best_rank_composite": 3051,
        "best_rank_grounded": 2871,
        "best_site_reach": 2124,
        "best_greedy_pick_order": null,
        "need_composite": 0.374787,
        "need_grounded": 0.507145,
        "tier": 2,
        "tier_label": "Tier 2 (moderate vulnerability)",
        "composite_score": 0.374787,
        "totpop": 4941
      },
      "geometry": {
        "type": "Point",
        "coordinates": [
          -96.588748,
          32.777688
        ]
      }
    },
    {
      "type": "Feature",
      "properties": {
        "geoid": "48113017805",
        "n_candidates": 7,
        "n_top100": 0,
        "n_top50_both": 0,
        "best_rank_composite": 517,
        "best_rank_grounded": 784,
        "best_site_reach": 4834,
        "best_greedy_pick_order": null,
        "need_composite": 0.448076,
        "need_grounded": 0.605682,
        "tier": 1,
        "tier_label": "Tier 1 (highest vulnerability)",
        "composite_score": 0.448076,
        "totpop": 5910
      },
      "geometry": {
        "type": "Point",
        "coordinates": [
          -96.646581,
          32.785841
        ]
      }
    },
    {
      "type": "Feature",
      "properties": {
        "geoid": "48113017806",
        "n_candidates": 6,
        "n_top100": 0,
        "n_top50_both": 0,
        "best_rank_composite": 610,
        "best_rank_grounded": 1059,
        "best_site_reach": 4907,
        "best_greedy_pick_order": null,
        "need_composite": 0.430786,
        "need_grounded": 0.544087,
        "tier": 2,
        "tier_label": "Tier 2 (moderate vulnerability)",
        "composite_score": 0.430786,
        "totpop": 4989
      },
      "geometry": {
        "type": "Point",
        "coordinates": [
          -96.659117,
          32.801829
        ]
      }
    },
    {
      "type": "Feature",
      "properties": {
        "geoid": "48113017808",
        "n_candidates": 6,
        "n_top100": 0,
        "n_top50_both": 0,
        "best_rank_composite": 3872,
        "best_rank_grounded": 3556,
        "best_site_reach": 1812,
        "best_greedy_pick_order": null,
        "need_composite": 0.282067,
        "need_grounded": 0.354425,
        "tier": 3,
        "tier_label": "Tier 3 (lower vulnerability)",
        "composite_score": 0.282067,
        "totpop": 4096
      },
      "geometry": {
        "type": "Point",
        "coordinates": [
          -96.605828,
          32.831415
        ]
      }
    },
    {
      "type": "Feature",
      "properties": {
        "geoid": "48113017811",
        "n_candidates": 2,
        "n_top100": 0,
        "n_top50_both": 0,
        "best_rank_composite": 3901,
        "best_rank_grounded": 4123,
        "best_site_reach": 829,
        "best_greedy_pick_order": null,
        "need_composite": 0.432755,
        "need_grounded": 0.274283,
        "tier": 2,
        "tier_label": "Tier 2 (moderate vulnerability)",
        "composite_score": 0.432755,
        "totpop": 5086
      },
      "geometry": {
        "type": "Point",
        "coordinates": [
          -96.605625,
          32.817899
        ]
      }
    },
    {
      "type": "Feature",
      "properties": {
        "geoid": "48113017812",
        "n_candidates": 6,
        "n_top100": 0,
        "n_top50_both": 0,
        "best_rank_composite": 3264,
        "best_rank_grounded": 3789,
        "best_site_reach": 1563,
        "best_greedy_pick_order": null,
        "need_composite": 0.421193,
        "need_grounded": 0.319394,
        "tier": 2,
        "tier_label": "Tier 2 (moderate vulnerability)",
        "composite_score": 0.421193,
        "totpop": 2263
      },
      "geometry": {
        "type": "Point",
        "coordinates": [
          -96.622253,
          32.818115
        ]
      }
    },
    {
      "type": "Feature",
      "properties": {
        "geoid": "48113017814",
        "n_candidates": 7,
        "n_top100": 0,
        "n_top50_both": 0,
        "best_rank_composite": 858,
        "best_rank_grounded": 2379,
        "best_site_reach": 4235,
        "best_greedy_pick_order": null,
        "need_composite": 0.442826,
        "need_grounded": 0.35735,
        "tier": 1,
        "tier_label": "Tier 1 (highest vulnerability)",
        "composite_score": 0.442826,
        "totpop": 4880
      },
      "geometry": {
        "type": "Point",
        "coordinates": [
          -96.60361,
          32.802265
        ]
      }
    },
    {
      "type": "Feature",
      "properties": {
        "geoid": "48113017815",
        "n_candidates": 4,
        "n_top100": 0,
        "n_top50_both": 0,
        "best_rank_composite": 676,
        "best_rank_grounded": 1271,
        "best_site_reach": 4578,
        "best_greedy_pick_order": null,
        "need_composite": 0.440902,
        "need_grounded": 0.541774,
        "tier": 1,
        "tier_label": "Tier 1 (highest vulnerability)",
        "composite_score": 0.440902,
        "totpop": 3415
      },
      "geometry": {
        "type": "Point",
        "coordinates": [
          -96.635813,
          32.801637
        ]
      }
    },
    {
      "type": "Feature",
      "properties": {
        "geoid": "48113017816",
        "n_candidates": 6,
        "n_top100": 0,
        "n_top50_both": 0,
        "best_rank_composite": 461,
        "best_rank_grounded": 594,
        "best_site_reach": 4812,
        "best_greedy_pick_order": null,
        "need_composite": 0.462805,
        "need_grounded": 0.664128,
        "tier": 1,
        "tier_label": "Tier 1 (highest vulnerability)",
        "composite_score": 0.462805,
        "totpop": 5710
      },
      "geometry": {
        "type": "Point",
        "coordinates": [
          -96.644299,
          32.797247
        ]
      }
    },
    {
      "type": "Feature",
      "properties": {
        "geoid": "48113017817",
        "n_candidates": 10,
        "n_top100": 0,
        "n_top50_both": 0,
        "best_rank_composite": 2463,
        "best_rank_grounded": 3138,
        "best_site_reach": 2185,
        "best_greedy_pick_order": null,
        "need_composite": 0.47018,
        "need_grounded": 0.419813,
        "tier": 1,
        "tier_label": "Tier 1 (highest vulnerability)",
        "composite_score": 0.47018,
        "totpop": 3011
      },
      "geometry": {
        "type": "Point",
        "coordinates": [
          -96.623699,
          32.804033
        ]
      }
    },
    {
      "type": "Feature",
      "properties": {
        "geoid": "48113017818",
        "n_candidates": 1,
        "n_top100": 0,
        "n_top50_both": 0,
        "best_rank_composite": 4088,
        "best_rank_grounded": 4176,
        "best_site_reach": 425,
        "best_greedy_pick_order": null,
        "need_composite": 0.494919,
        "need_grounded": 0.410308,
        "tier": 1,
        "tier_label": "Tier 1 (highest vulnerability)",
        "composite_score": 0.494919,
        "totpop": 3639
      },
      "geometry": {
        "type": "Point",
        "coordinates": [
          -96.617093,
          32.798884
        ]
      }
    },
    {
      "type": "Feature",
      "properties": {
        "geoid": "48113017819",
        "n_candidates": 5,
        "n_top100": 0,
        "n_top50_both": 0,
        "best_rank_composite": 401,
        "best_rank_grounded": 829,
        "best_site_reach": 4549,
        "best_greedy_pick_order": null,
        "need_composite": 0.500823,
        "need_grounded": 0.63239,
        "tier": 1,
        "tier_label": "Tier 1 (highest vulnerability)",
        "composite_score": 0.500823,
        "totpop": 2124
      },
      "geometry": {
        "type": "Point",
        "coordinates": [
          -96.633564,
          32.81697
        ]
      }
    },
    {
      "type": "Feature",
      "properties": {
        "geoid": "48113017820",
        "n_candidates": 4,
        "n_top100": 0,
        "n_top50_both": 0,
        "best_rank_composite": 1664,
        "best_rank_grounded": 2005,
        "best_site_reach": 4565,
        "best_greedy_pick_order": null,
        "need_composite": 0.352582,
        "need_grounded": 0.398499,
        "tier": 2,
        "tier_label": "Tier 2 (moderate vulnerability)",
        "composite_score": 0.352582,
        "totpop": 4400
      },
      "geometry": {
        "type": "Point",
        "coordinates": [
          -96.645549,
          32.809874
        ]
      }
    },
    {
      "type": "Feature",
      "properties": {
        "geoid": "48113017900",
        "n_candidates": 7,
        "n_top100": 0,
        "n_top50_both": 0,
        "best_rank_composite": 1056,
        "best_rank_grounded": 1296,
        "best_site_reach": 5326,
        "best_greedy_pick_order": null,
        "need_composite": 0.365547,
        "need_grounded": 0.46603,
        "tier": 2,
        "tier_label": "Tier 2 (moderate vulnerability)",
        "composite_score": 0.365547,
        "totpop": 4957
      },
      "geometry": {
        "type": "Point",
        "coordinates": [
          -96.651268,
          32.816991
        ]
      }
    },
    {
      "type": "Feature",
      "properties": {
        "geoid": "48113018001",
        "n_candidates": 5,
        "n_top100": 0,
        "n_top50_both": 0,
        "best_rank_composite": 596,
        "best_rank_grounded": 587,
        "best_site_reach": 5663,
        "best_greedy_pick_order": null,
        "need_composite": 0.394078,
        "need_grounded": 0.570528,
        "tier": 2,
        "tier_label": "Tier 2 (moderate vulnerability)",
        "composite_score": 0.394078,
        "totpop": 7218
      },
      "geometry": {
        "type": "Point",
        "coordinates": [
          -96.646245,
          32.833712
        ]
      }
    },
    {
      "type": "Feature",
      "properties": {
        "geoid": "48113018002",
        "n_candidates": 3,
        "n_top100": 0,
        "n_top50_both": 0,
        "best_rank_composite": 727,
        "best_rank_grounded": 765,
        "best_site_reach": 5290,
        "best_greedy_pick_order": null,
        "need_composite": 0.394928,
        "need_grounded": 0.559931,
        "tier": 2,
        "tier_label": "Tier 2 (moderate vulnerability)",
        "composite_score": 0.394928,
        "totpop": 3688
      },
      "geometry": {
        "type": "Point",
        "coordinates": [
          -96.63699,
          32.825816
        ]
      }
    },
    {
      "type": "Feature",
      "properties": {
        "geoid": "48113018105",
        "n_candidates": 6,
        "n_top100": 0,
        "n_top50_both": 0,
        "best_rank_composite": 790,
        "best_rank_grounded": 922,
        "best_site_reach": 5457,
        "best_greedy_pick_order": null,
        "need_composite": 0.379985,
        "need_grounded": 0.517582,
        "tier": 2,
        "tier_label": "Tier 2 (moderate vulnerability)",
        "composite_score": 0.379985,
        "totpop": 6033
      },
      "geometry": {
        "type": "Point",
        "coordinates": [
          -96.621024,
          32.919413
        ]
      }
    },
    {
      "type": "Feature",
      "properties": {
        "geoid": "48113018110",
        "n_candidates": 2,
        "n_top100": 0,
        "n_top50_both": 0,
        "best_rank_composite": 2916,
        "best_rank_grounded": 2431,
        "best_site_reach": 2886,
        "best_greedy_pick_order": null,
        "need_composite": 0.327654,
        "need_grounded": 0.491185,
        "tier": 3,
        "tier_label": "Tier 3 (lower vulnerability)",
        "composite_score": 0.327654,
        "totpop": 5715
      },
      "geometry": {
        "type": "Point",
        "coordinates": [
          -96.604497,
          32.879489
        ]
      }
    },
    {
      "type": "Feature",
      "properties": {
        "geoid": "48113018111",
        "n_candidates": 4,
        "n_top100": 0,
        "n_top50_both": 0,
        "best_rank_composite": 1594,
        "best_rank_grounded": 1895,
        "best_site_reach": 3457,
        "best_greedy_pick_order": null,
        "need_composite": 0.428503,
        "need_grounded": 0.544814,
        "tier": 2,
        "tier_label": "Tier 2 (moderate vulnerability)",
        "composite_score": 0.428503,
        "totpop": 6646
      },
      "geometry": {
        "type": "Point",
        "coordinates": [
          -96.618054,
          32.867624
        ]
      }
    },
    {
      "type": "Feature",
      "properties": {
        "geoid": "48113018120",
        "n_candidates": 3,
        "n_top100": 0,
        "n_top50_both": 0,
        "best_rank_composite": 1118,
        "best_rank_grounded": 1667,
        "best_site_reach": 4950,
        "best_greedy_pick_order": null,
        "need_composite": 0.378588,
        "need_grounded": 0.428233,
        "tier": 2,
        "tier_label": "Tier 2 (moderate vulnerability)",
        "composite_score": 0.378588,
        "totpop": 5274
      },
      "geometry": {
        "type": "Point",
        "coordinates": [
          -96.594618,
          32.933492
        ]
      }
    },
    {
      "type": "Feature",
      "properties": {
        "geoid": "48113018121",
        "n_candidates": 2,
        "n_top100": 0,
        "n_top50_both": 0,
        "best_rank_composite": 1644,
        "best_rank_grounded": 1306,
        "best_site_reach": 4666,
        "best_greedy_pick_order": null,
        "need_composite": 0.349826,
        "need_grounded": 0.525703,
        "tier": 2,
        "tier_label": "Tier 2 (moderate vulnerability)",
        "composite_score": 0.349826,
        "totpop": 5060
      },
      "geometry": {
        "type": "Point",
        "coordinates": [
          -96.60347,
          32.919159
        ]
      }
    },
    {
      "type": "Feature",
      "properties": {
        "geoid": "48113018126",
        "n_candidates": 2,
        "n_top100": 0,
        "n_top50_both": 0,
        "best_rank_composite": 2067,
        "best_rank_grounded": 1949,
        "best_site_reach": 3294,
        "best_greedy_pick_order": null,
        "need_composite": 0.390951,
        "need_grounded": 0.552972,
        "tier": 2,
        "tier_label": "Tier 2 (moderate vulnerability)",
        "composite_score": 0.390951,
        "totpop": 6734
      },
      "geometry": {
        "type": "Point",
        "coordinates": [
          -96.629284,
          32.859347
        ]
      }
    },
    {
      "type": "Feature",
      "properties": {
        "geoid": "48113018127",
        "n_candidates": 3,
        "n_top100": 0,
        "n_top50_both": 0,
        "best_rank_composite": 178,
        "best_rank_grounded": 200,
        "best_site_reach": 7724,
        "best_greedy_pick_order": 15,
        "need_composite": 0.430934,
        "need_grounded": 0.621629,
        "tier": 2,
        "tier_label": "Tier 2 (moderate vulnerability)",
        "composite_score": 0.430934,
        "totpop": 2769
      },
      "geometry": {
        "type": "Point",
        "coordinates": [
          -96.638742,
          32.852025
        ]
      }
    },
    {
      "type": "Feature",
      "properties": {
        "geoid": "48113018128",
        "n_candidates": 8,
        "n_top100": 0,
        "n_top50_both": 0,
        "best_rank_composite": 4333,
        "best_rank_grounded": 4340,
        "best_site_reach": 225,
        "best_greedy_pick_order": null,
        "need_composite": 0.294959,
        "need_grounded": 0.323803,
        "tier": 3,
        "tier_label": "Tier 3 (lower vulnerability)",
        "composite_score": 0.294959,
        "totpop": 5172
      },
      "geometry": {
        "type": "Point",
        "coordinates": [
          -96.608053,
          32.854801
        ]
      }
    },
    {
      "type": "Feature",
      "properties": {
        "geoid": "48113018129",
        "n_candidates": 6,
        "n_top100": 0,
        "n_top50_both": 0,
        "best_rank_composite": 3269,
        "best_rank_grounded": 2529,
        "best_site_reach": 2371,
        "best_greedy_pick_order": null,
        "need_composite": 0.324546,
        "need_grounded": 0.55502,
        "tier": 3,
        "tier_label": "Tier 3 (lower vulnerability)",
        "composite_score": 0.324546,
        "totpop": 4269
      },
      "geometry": {
        "type": "Point",
        "coordinates": [
          -96.611459,
          32.844877
        ]
      }
    },
    {
      "type": "Feature",
      "properties": {
        "geoid": "48113018130",
        "n_candidates": 9,
        "n_top100": 0,
        "n_top50_both": 0,
        "best_rank_composite": 1550,
        "best_rank_grounded": 737,
        "best_site_reach": 5133,
        "best_greedy_pick_order": null,
        "need_composite": 0.337339,
        "need_grounded": 0.58748,
        "tier": 3,
        "tier_label": "Tier 3 (lower vulnerability)",
        "composite_score": 0.337339,
        "totpop": 3862
      },
      "geometry": {
        "type": "Point",
        "coordinates": [
          -96.625569,
          32.836423
        ]
      }
    },
    {
      "type": "Feature",
      "properties": {
        "geoid": "48113018132",
        "n_candidates": 7,
        "n_top100": 0,
        "n_top50_both": 0,
        "best_rank_composite": 2295,
        "best_rank_grounded": 2487,
        "best_site_reach": 3658,
        "best_greedy_pick_order": null,
        "need_composite": 0.348707,
        "need_grounded": 0.380323,
        "tier": 2,
        "tier_label": "Tier 2 (moderate vulnerability)",
        "composite_score": 0.348707,
        "totpop": 6268
      },
      "geometry": {
        "type": "Point",
        "coordinates": [
          -96.582629,
          32.83988
        ]
      }
    },
    {
      "type": "Feature",
      "properties": {
        "geoid": "48113018133",
        "n_candidates": 13,
        "n_top100": 0,
        "n_top50_both": 0,
        "best_rank_composite": 2263,
        "best_rank_grounded": 2218,
        "best_site_reach": 3256,
        "best_greedy_pick_order": null,
        "need_composite": 0.377141,
        "need_grounded": 0.496871,
        "tier": 2,
        "tier_label": "Tier 2 (moderate vulnerability)",
        "composite_score": 0.377141,
        "totpop": 3820
      },
      "geometry": {
        "type": "Point",
        "coordinates": [
          -96.563894,
          32.900622
        ]
      }
    },
    {
      "type": "Feature",
      "properties": {
        "geoid": "48113018134",
        "n_candidates": 1,
        "n_top100": 0,
        "n_top50_both": 0,
        "best_rank_composite": 2744,
        "best_rank_grounded": 3076,
        "best_site_reach": 2184,
        "best_greedy_pick_order": null,
        "need_composite": 0.421582,
        "need_grounded": 0.438308,
        "tier": 2,
        "tier_label": "Tier 2 (moderate vulnerability)",
        "composite_score": 0.421582,
        "totpop": 4931
      },
      "geometry": {
        "type": "Point",
        "coordinates": [
          -96.526634,
          32.904386
        ]
      }
    },
    {
      "type": "Feature",
      "properties": {
        "geoid": "48113018135",
        "n_candidates": 1,
        "n_top100": 0,
        "n_top50_both": 0,
        "best_rank_composite": 4168,
        "best_rank_grounded": 4187,
        "best_site_reach": 384,
        "best_greedy_pick_order": null,
        "need_composite": 0.430343,
        "need_grounded": 0.430471,
        "tier": 2,
        "tier_label": "Tier 2 (moderate vulnerability)",
        "composite_score": 0.430343,
        "totpop": 4814
      },
      "geometry": {
        "type": "Point",
        "coordinates": [
          -96.531028,
          32.88073
        ]
      }
    },
    {
      "type": "Feature",
      "properties": {
        "geoid": "48113018137",
        "n_candidates": 1,
        "n_top100": 0,
        "n_top50_both": 0,
        "best_rank_composite": 2289,
        "best_rank_grounded": 2025,
        "best_site_reach": 3458,
        "best_greedy_pick_order": null,
        "need_composite": 0.361464,
        "need_grounded": 0.511279,
        "tier": 2,
        "tier_label": "Tier 2 (moderate vulnerability)",
        "composite_score": 0.361464,
        "totpop": 4837
      },
      "geometry": {
        "type": "Point",
        "coordinates": [
          -96.560847,
          32.861384
        ]
      }
    },
    {
      "type": "Feature",
      "properties": {
        "geoid": "48113018138",
        "n_candidates": 5,
        "n_top100": 0,
        "n_top50_both": 0,
        "best_rank_composite": 1598,
        "best_rank_grounded": 1605,
        "best_site_reach": 4460,
        "best_greedy_pick_order": null,
        "need_composite": 0.363186,
        "need_grounded": 0.482183,
        "tier": 2,
        "tier_label": "Tier 2 (moderate vulnerability)",
        "composite_score": 0.363186,
        "totpop": 5045
      },
      "geometry": {
        "type": "Point",
        "coordinates": [
          -96.579682,
          32.851741
        ]
      }
    },
    {
      "type": "Feature",
      "properties": {
        "geoid": "48113018140",
        "n_candidates": 6,
        "n_top100": 0,
        "n_top50_both": 0,
        "best_rank_composite": 3155,
        "best_rank_grounded": 3258,
        "best_site_reach": 1948,
        "best_greedy_pick_order": null,
        "need_composite": 0.382092,
        "need_grounded": 0.426558,
        "tier": 2,
        "tier_label": "Tier 2 (moderate vulnerability)",
        "composite_score": 0.382092,
        "totpop": 6192
      },
      "geometry": {
        "type": "Point",
        "coordinates": [
          -96.562624,
          32.921461
        ]
      }
    },
    {
      "type": "Feature",
      "properties": {
        "geoid": "48113018141",
        "n_candidates": 4,
        "n_top100": 0,
        "n_top50_both": 0,
        "best_rank_composite": 1207,
        "best_rank_grounded": 1579,
        "best_site_reach": 3769,
        "best_greedy_pick_order": null,
        "need_composite": 0.445011,
        "need_grounded": 0.572004,
        "tier": 1,
        "tier_label": "Tier 1 (highest vulnerability)",
        "composite_score": 0.445011,
        "totpop": 3072
      },
      "geometry": {
        "type": "Point",
        "coordinates": [
          -96.532988,
          32.862373
        ]
      }
    },
    {
      "type": "Feature",
      "properties": {
        "geoid": "48113018142",
        "n_candidates": 1,
        "n_top100": 0,
        "n_top50_both": 0,
        "best_rank_composite": 1784,
        "best_rank_grounded": 2060,
        "best_site_reach": 3778,
        "best_greedy_pick_order": null,
        "need_composite": 0.386573,
        "need_grounded": 0.462608,
        "tier": 2,
        "tier_label": "Tier 2 (moderate vulnerability)",
        "composite_score": 0.386573,
        "totpop": 4289
      },
      "geometry": {
        "type": "Point",
        "coordinates": [
          -96.544173,
          32.842433
        ]
      }
    },
    {
      "type": "Feature",
      "properties": {
        "geoid": "48113018143",
        "n_candidates": 2,
        "n_top100": 0,
        "n_top50_both": 0,
        "best_rank_composite": 2572,
        "best_rank_grounded": 3128,
        "best_site_reach": 3078,
        "best_greedy_pick_order": null,
        "need_composite": 0.364638,
        "need_grounded": 0.309416,
        "tier": 2,
        "tier_label": "Tier 2 (moderate vulnerability)",
        "composite_score": 0.364638,
        "totpop": 6465
      },
      "geometry": {
        "type": "Point",
        "coordinates": [
          -96.547522,
          32.947737
        ]
      }
    },
    {
      "type": "Feature",
      "properties": {
        "geoid": "48113018145",
        "n_candidates": 1,
        "n_top100": 0,
        "n_top50_both": 0,
        "best_rank_composite": 2519,
        "best_rank_grounded": 2977,
        "best_site_reach": 3111,
        "best_greedy_pick_order": null,
        "need_composite": 0.368095,
        "need_grounded": 0.332313,
        "tier": 2,
        "tier_label": "Tier 2 (moderate vulnerability)",
        "composite_score": 0.368095,
        "totpop": 5195
      },
      "geometry": {
        "type": "Point",
        "coordinates": [
          -96.556676,
          32.881053
        ]
      }
    },
    {
      "type": "Feature",
      "properties": {
        "geoid": "48113018146",
        "n_candidates": 2,
        "n_top100": 0,
        "n_top50_both": 0,
        "best_rank_composite": 2968,
        "best_rank_grounded": 3169,
        "best_site_reach": 3445,
        "best_greedy_pick_order": null,
        "need_composite": 0.292232,
        "need_grounded": 0.27111,
        "tier": 3,
        "tier_label": "Tier 3 (lower vulnerability)",
        "composite_score": 0.292232,
        "totpop": 3297
      },
      "geometry": {
        "type": "Point",
        "coordinates": [
          -96.577159,
          32.881809
        ]
      }
    },
    {
      "type": "Feature",
      "properties": {
        "geoid": "48113018148",
        "n_candidates": 2,
        "n_top100": 0,
        "n_top50_both": 0,
        "best_rank_composite": 5067,
        "best_rank_grounded": 5067,
        "best_site_reach": 0,
        "best_greedy_pick_order": null,
        "need_composite": 0.347521,
        "need_grounded": 0.368703,
        "tier": 2,
        "tier_label": "Tier 2 (moderate vulnerability)",
        "composite_score": 0.347521,
        "totpop": 5085
      },
      "geometry": {
        "type": "Point",
        "coordinates": [
          -96.598583,
          32.859331
        ]
      }
    },
    {
      "type": "Feature",
      "properties": {
        "geoid": "48113018149",
        "n_candidates": 6,
        "n_top100": 0,
        "n_top50_both": 0,
        "best_rank_composite": 1255,
        "best_rank_grounded": 2455,
        "best_site_reach": 3596,
        "best_greedy_pick_order": null,
        "need_composite": 0.454954,
        "need_grounded": 0.393772,
        "tier": 1,
        "tier_label": "Tier 1 (highest vulnerability)",
        "composite_score": 0.454954,
        "totpop": 3329
      },
      "geometry": {
        "type": "Point",
        "coordinates": [
          -96.526533,
          32.918889
        ]
      }
    },
    {
      "type": "Feature",
      "properties": {
        "geoid": "48113018150",
        "n_candidates": 1,
        "n_top100": 0,
        "n_top50_both": 0,
        "best_rank_composite": 2251,
        "best_rank_grounded": 2847,
        "best_site_reach": 2572,
        "best_greedy_pick_order": null,
        "need_composite": 0.441382,
        "need_grounded": 0.430518,
        "tier": 1,
        "tier_label": "Tier 1 (highest vulnerability)",
        "composite_score": 0.441382,
        "totpop": 3921
      },
      "geometry": {
        "type": "Point",
        "coordinates": [
          -96.541723,
          32.922433
        ]
      }
    },
    {
      "type": "Feature",
      "properties": {
        "geoid": "48113018151",
        "n_candidates": 6,
        "n_top100": 0,
        "n_top50_both": 0,
        "best_rank_composite": 1648,
        "best_rank_grounded": 1565,
        "best_site_reach": 4529,
        "best_greedy_pick_order": null,
        "need_composite": 0.355852,
        "need_grounded": 0.482548,
        "tier": 2,
        "tier_label": "Tier 2 (moderate vulnerability)",
        "composite_score": 0.355852,
        "totpop": 3610
      },
      "geometry": {
        "type": "Point",
        "coordinates": [
          -96.600452,
          32.955134
        ]
      }
    },
    {
      "type": "Feature",
      "properties": {
        "geoid": "48113018152",
        "n_candidates": 19,
        "n_top100": 0,
        "n_top50_both": 0,
        "best_rank_composite": 2044,
        "best_rank_grounded": 1556,
        "best_site_reach": 4505,
        "best_greedy_pick_order": null,
        "need_composite": 0.324953,
        "need_grounded": 0.487655,
        "tier": 3,
        "tier_label": "Tier 3 (lower vulnerability)",
        "composite_score": 0.324953,
        "totpop": 5477
      },
      "geometry": {
        "type": "Point",
        "coordinates": [
          -96.615033,
          32.944077
        ]
      }
    },
    {
      "type": "Feature",
      "properties": {
        "geoid": "48113018153",
        "n_candidates": 7,
        "n_top100": 0,
        "n_top50_both": 0,
        "best_rank_composite": 2729,
        "best_rank_grounded": 3025,
        "best_site_reach": 2616,
        "best_greedy_pick_order": null,
        "need_composite": 0.378269,
        "need_grounded": 0.380517,
        "tier": 2,
        "tier_label": "Tier 2 (moderate vulnerability)",
        "composite_score": 0.378269,
        "totpop": 7511
      },
      "geometry": {
        "type": "Point",
        "coordinates": [
          -96.590992,
          32.96194
        ]
      }
    },
    {
      "type": "Feature",
      "properties": {
        "geoid": "48113018154",
        "n_candidates": 2,
        "n_top100": 0,
        "n_top50_both": 0,
        "best_rank_composite": 2366,
        "best_rank_grounded": 2974,
        "best_site_reach": 3064,
        "best_greedy_pick_order": null,
        "need_composite": 0.383152,
        "need_grounded": 0.338102,
        "tier": 2,
        "tier_label": "Tier 2 (moderate vulnerability)",
        "composite_score": 0.383152,
        "totpop": 4830
      },
      "geometry": {
        "type": "Point",
        "coordinates": [
          -96.574284,
          32.978334
        ]
      }
    },
    {
      "type": "Feature",
      "properties": {
        "geoid": "48113018155",
        "n_candidates": 2,
        "n_top100": 0,
        "n_top50_both": 0,
        "best_rank_composite": 3999,
        "best_rank_grounded": 4008,
        "best_site_reach": 791,
        "best_greedy_pick_order": null,
        "need_composite": 0.398609,
        "need_grounded": 0.406539,
        "tier": 2,
        "tier_label": "Tier 2 (moderate vulnerability)",
        "composite_score": 0.398609,
        "totpop": 5513
      },
      "geometry": {
        "type": "Point",
        "coordinates": [
          -96.568708,
          32.965996
        ]
      }
    },
    {
      "type": "Feature",
      "properties": {
        "geoid": "48113018156",
        "n_candidates": 4,
        "n_top100": 0,
        "n_top50_both": 0,
        "best_rank_composite": 2648,
        "best_rank_grounded": 2698,
        "best_site_reach": 2961,
        "best_greedy_pick_order": null,
        "need_composite": 0.363293,
        "need_grounded": 0.405281,
        "tier": 2,
        "tier_label": "Tier 2 (moderate vulnerability)",
        "composite_score": 0.363293,
        "totpop": 5481
      },
      "geometry": {
        "type": "Point",
        "coordinates": [
          -96.581873,
          32.914867
        ]
      }
    },
    {
      "type": "Feature",
      "properties": {
        "geoid": "48113018157",
        "n_candidates": 2,
        "n_top100": 0,
        "n_top50_both": 0,
        "best_rank_composite": 2676,
        "best_rank_grounded": 2834,
        "best_site_reach": 2684,
        "best_greedy_pick_order": null,
        "need_composite": 0.382874,
        "need_grounded": 0.416618,
        "tier": 2,
        "tier_label": "Tier 2 (moderate vulnerability)",
        "composite_score": 0.382874,
        "totpop": 4197
      },
      "geometry": {
        "type": "Point",
        "coordinates": [
          -96.56919,
          32.936224
        ]
      }
    },
    {
      "type": "Feature",
      "properties": {
        "geoid": "48113018158",
        "n_candidates": 1,
        "n_top100": 0,
        "n_top50_both": 0,
        "best_rank_composite": 4047,
        "best_rank_grounded": 3969,
        "best_site_reach": 649,
        "best_greedy_pick_order": null,
        "need_composite": 0.413049,
        "need_grounded": 0.538359,
        "tier": 2,
        "tier_label": "Tier 2 (moderate vulnerability)",
        "composite_score": 0.413049,
        "totpop": 4385
      },
      "geometry": {
        "type": "Point",
        "coordinates": [
          -96.549524,
          32.776083
        ]
      }
    },
    {
      "type": "Feature",
      "properties": {
        "geoid": "48113018159",
        "n_candidates": 7,
        "n_top100": 0,
        "n_top50_both": 0,
        "best_rank_composite": 4223,
        "best_rank_grounded": 4256,
        "best_site_reach": 421,
        "best_greedy_pick_order": null,
        "need_composite": 0.31741,
        "need_grounded": 0.293514,
        "tier": 3,
        "tier_label": "Tier 3 (lower vulnerability)",
        "composite_score": 0.31741,
        "totpop": 5322
      },
      "geometry": {
        "type": "Point",
        "coordinates": [
          -96.557432,
          32.813485
        ]
      }
    },
    {
      "type": "Feature",
      "properties": {
        "geoid": "48113018203",
        "n_candidates": 4,
        "n_top100": 0,
        "n_top50_both": 0,
        "best_rank_composite": 1652,
        "best_rank_grounded": 2078,
        "best_site_reach": 4021,
        "best_greedy_pick_order": null,
        "need_composite": 0.382424,
        "need_grounded": 0.432539,
        "tier": 2,
        "tier_label": "Tier 2 (moderate vulnerability)",
        "composite_score": 0.382424,
        "totpop": 6263
      },
      "geometry": {
        "type": "Point",
        "coordinates": [
          -96.607234,
          32.903721
        ]
      }
    },
    {
      "type": "Feature",
      "properties": {
        "geoid": "48113018204",
        "n_candidates": 10,
        "n_top100": 0,
        "n_top50_both": 0,
        "best_rank_composite": 2840,
        "best_rank_grounded": 2881,
        "best_site_reach": 2769,
        "best_greedy_pick_order": null,
        "need_composite": 0.345239,
        "need_grounded": 0.394041,
        "tier": 2,
        "tier_label": "Tier 2 (moderate vulnerability)",
        "composite_score": 0.345239,
        "totpop": 4818
      },
      "geometry": {
        "type": "Point",
        "coordinates": [
          -96.626455,
          32.903566
        ]
      }
    },
    {
      "type": "Feature",
      "properties": {
        "geoid": "48113018205",
        "n_candidates": 4,
        "n_top100": 0,
        "n_top50_both": 0,
        "best_rank_composite": 1055,
        "best_rank_grounded": 676,
        "best_site_reach": 4592,
        "best_greedy_pick_order": null,
        "need_composite": 0.401676,
        "need_grounded": 0.667298,
        "tier": 2,
        "tier_label": "Tier 2 (moderate vulnerability)",
        "composite_score": 0.401676,
        "totpop": 4169
      },
      "geometry": {
        "type": "Point",
        "coordinates": [
          -96.617063,
          32.886571
        ]
      }
    },
    {
      "type": "Feature",
      "properties": {
        "geoid": "48113018206",
        "n_candidates": 6,
        "n_top100": 0,
        "n_top50_both": 0,
        "best_rank_composite": 1189,
        "best_rank_grounded": 835,
        "best_site_reach": 4400,
        "best_greedy_pick_order": null,
        "need_composite": 0.4029,
        "need_grounded": 0.652307,
        "tier": 2,
        "tier_label": "Tier 2 (moderate vulnerability)",
        "composite_score": 0.4029,
        "totpop": 4081
      },
      "geometry": {
        "type": "Point",
        "coordinates": [
          -96.62652,
          32.882824
        ]
      }
    },
    {
      "type": "Feature",
      "properties": {
        "geoid": "48113018300",
        "n_candidates": 3,
        "n_top100": 0,
        "n_top50_both": 0,
        "best_rank_composite": 669,
        "best_rank_grounded": 920,
        "best_site_reach": 4471,
        "best_greedy_pick_order": null,
        "need_composite": 0.449454,
        "need_grounded": 0.625374,
        "tier": 1,
        "tier_label": "Tier 1 (highest vulnerability)",
        "composite_score": 0.449454,
        "totpop": 7079
      },
      "geometry": {
        "type": "Point",
        "coordinates": [
          -96.642794,
          32.886677
        ]
      }
    },
    {
      "type": "Feature",
      "properties": {
        "geoid": "48113018401",
        "n_candidates": 8,
        "n_top100": 0,
        "n_top50_both": 0,
        "best_rank_composite": 1228,
        "best_rank_grounded": 1212,
        "best_site_reach": 4784,
        "best_greedy_pick_order": null,
        "need_composite": 0.378785,
        "need_grounded": 0.527377,
        "tier": 2,
        "tier_label": "Tier 2 (moderate vulnerability)",
        "composite_score": 0.378785,
        "totpop": 4364
      },
      "geometry": {
        "type": "Point",
        "coordinates": [
          -96.656959,
          32.871346
        ]
      }
    },
    {
      "type": "Feature",
      "properties": {
        "geoid": "48113018402",
        "n_candidates": 7,
        "n_top100": 0,
        "n_top50_both": 0,
        "best_rank_composite": 380,
        "best_rank_grounded": 335,
        "best_site_reach": 5784,
        "best_greedy_pick_order": null,
        "need_composite": 0.43166,
        "need_grounded": 0.671268,
        "tier": 2,
        "tier_label": "Tier 2 (moderate vulnerability)",
        "composite_score": 0.43166,
        "totpop": 4313
      },
      "geometry": {
        "type": "Point",
        "coordinates": [
          -96.640235,
          32.869949
        ]
      }
    },
    {
      "type": "Feature",
      "properties": {
        "geoid": "48113018403",
        "n_candidates": 8,
        "n_top100": 0,
        "n_top50_both": 0,
        "best_rank_composite": 536,
        "best_rank_grounded": 286,
        "best_site_reach": 5724,
        "best_greedy_pick_order": null,
        "need_composite": 0.397688,
        "need_grounded": 0.716343,
        "tier": 2,
        "tier_label": "Tier 2 (moderate vulnerability)",
        "composite_score": 0.397688,
        "totpop": 1581
      },
      "geometry": {
        "type": "Point",
        "coordinates": [
          -96.649728,
          32.860381
        ]
      }
    },
    {
      "type": "Feature",
      "properties": {
        "geoid": "48113018501",
        "n_candidates": 13,
        "n_top100": 0,
        "n_top50_both": 0,
        "best_rank_composite": 2675,
        "best_rank_grounded": 2145,
        "best_site_reach": 4021,
        "best_greedy_pick_order": null,
        "need_composite": 0.302177,
        "need_grounded": 0.420017,
        "tier": 3,
        "tier_label": "Tier 3 (lower vulnerability)",
        "composite_score": 0.302177,
        "totpop": 4830
      },
      "geometry": {
        "type": "Point",
        "coordinates": [
          -96.668229,
          32.888616
        ]
      }
    },
    {
      "type": "Feature",
      "properties": {
        "geoid": "48113018505",
        "n_candidates": 12,
        "n_top100": 0,
        "n_top50_both": 0,
        "best_rank_composite": 4668,
        "best_rank_grounded": 4668,
        "best_site_reach": 0,
        "best_greedy_pick_order": null,
        "need_composite": 0.372273,
        "need_grounded": 0.507554,
        "tier": 2,
        "tier_label": "Tier 2 (moderate vulnerability)",
        "composite_score": 0.372273,
        "totpop": 3776
      },
      "geometry": {
        "type": "Point",
        "coordinates": [
          -96.714449,
          32.905878
        ]
      }
    },
    {
      "type": "Feature",
      "properties": {
        "geoid": "48113018506",
        "n_candidates": 27,
        "n_top100": 0,
        "n_top50_both": 0,
        "best_rank_composite": 2353,
        "best_rank_grounded": 2895,
        "best_site_reach": 2470,
        "best_greedy_pick_order": null,
        "need_composite": 0.443293,
        "need_grounded": 0.434414,
        "tier": 1,
        "tier_label": "Tier 1 (highest vulnerability)",
        "composite_score": 0.443293,
        "totpop": 3300
      },
      "geometry": {
        "type": "Point",
        "coordinates": [
          -96.69627,
          32.891643
        ]
      }
    },
    {
      "type": "Feature",
      "properties": {
        "geoid": "48113018507",
        "n_candidates": 10,
        "n_top100": 0,
        "n_top50_both": 0,
        "best_rank_composite": 4230,
        "best_rank_grounded": 4250,
        "best_site_reach": 289,
        "best_greedy_pick_order": null,
        "need_composite": 0.375721,
        "need_grounded": 0.435099,
        "tier": 2,
        "tier_label": "Tier 2 (moderate vulnerability)",
        "composite_score": 0.375721,
        "totpop": 3906
      },
      "geometry": {
        "type": "Point",
        "coordinates": [
          -96.723951,
          32.906506
        ]
      }
    },
    {
      "type": "Feature",
      "properties": {
        "geoid": "48113018508",
        "n_candidates": 1,
        "n_top100": 0,
        "n_top50_both": 0,
        "best_rank_composite": 5323,
        "best_rank_grounded": 5323,
        "best_site_reach": 0,
        "best_greedy_pick_order": null,
        "need_composite": 0.314522,
        "need_grounded": 0.414631,
        "tier": 3,
        "tier_label": "Tier 3 (lower vulnerability)",
        "composite_score": 0.314522,
        "totpop": 1805
      },
      "geometry": {
        "type": "Point",
        "coordinates": [
          -96.719574,
          32.904578
        ]
      }
    },
    {
      "type": "Feature",
      "properties": {
        "geoid": "48113018600",
        "n_candidates": 4,
        "n_top100": 0,
        "n_top50_both": 0,
        "best_rank_composite": 1726,
        "best_rank_grounded": 1612,
        "best_site_reach": 4094,
        "best_greedy_pick_order": null,
        "need_composite": 0.373173,
        "need_grounded": 0.521959,
        "tier": 2,
        "tier_label": "Tier 2 (moderate vulnerability)",
        "composite_score": 0.373173,
        "totpop": 3925
      },
      "geometry": {
        "type": "Point",
        "coordinates": [
          -96.657202,
          32.901618
        ]
      }
    },
    {
      "type": "Feature",
      "properties": {
        "geoid": "48113018700",
        "n_candidates": 7,
        "n_top100": 0,
        "n_top50_both": 0,
        "best_rank_composite": 1493,
        "best_rank_grounded": 2188,
        "best_site_reach": 3401,
        "best_greedy_pick_order": null,
        "need_composite": 0.443674,
        "need_grounded": 0.482634,
        "tier": 1,
        "tier_label": "Tier 1 (highest vulnerability)",
        "composite_score": 0.443674,
        "totpop": 7107
      },
      "geometry": {
        "type": "Point",
        "coordinates": [
          -96.63989,
          32.901751
        ]
      }
    },
    {
      "type": "Feature",
      "properties": {
        "geoid": "48113018801",
        "n_candidates": 2,
        "n_top100": 0,
        "n_top50_both": 0,
        "best_rank_composite": 2004,
        "best_rank_grounded": 1590,
        "best_site_reach": 3682,
        "best_greedy_pick_order": null,
        "need_composite": 0.370119,
        "need_grounded": 0.581949,
        "tier": 2,
        "tier_label": "Tier 2 (moderate vulnerability)",
        "composite_score": 0.370119,
        "totpop": 4574
      },
      "geometry": {
        "type": "Point",
        "coordinates": [
          -96.637599,
          32.927529
        ]
      }
    },
    {
      "type": "Feature",
      "properties": {
        "geoid": "48113018802",
        "n_candidates": 7,
        "n_top100": 0,
        "n_top50_both": 0,
        "best_rank_composite": 2755,
        "best_rank_grounded": 2428,
        "best_site_reach": 3611,
        "best_greedy_pick_order": null,
        "need_composite": 0.309055,
        "need_grounded": 0.399029,
        "tier": 3,
        "tier_label": "Tier 3 (lower vulnerability)",
        "composite_score": 0.309055,
        "totpop": 1710
      },
      "geometry": {
        "type": "Point",
        "coordinates": [
          -96.640693,
          32.912924
        ]
      }
    },
    {
      "type": "Feature",
      "properties": {
        "geoid": "48113018900",
        "n_candidates": 11,
        "n_top100": 0,
        "n_top50_both": 0,
        "best_rank_composite": 987,
        "best_rank_grounded": 624,
        "best_site_reach": 4924,
        "best_greedy_pick_order": null,
        "need_composite": 0.389588,
        "need_grounded": 0.640215,
        "tier": 2,
        "tier_label": "Tier 2 (moderate vulnerability)",
        "composite_score": 0.389588,
        "totpop": 5803
      },
      "geometry": {
        "type": "Point",
        "coordinates": [
          -96.656881,
          32.919815
        ]
      }
    },
    {
      "type": "Feature",
      "properties": {
        "geoid": "48113019013",
        "n_candidates": 9,
        "n_top100": 3,
        "n_top50_both": 0,
        "best_rank_composite": 88,
        "best_rank_grounded": 86,
        "best_site_reach": 8511,
        "best_greedy_pick_order": 10,
        "need_composite": 0.533263,
        "need_grounded": 0.86802,
        "tier": 1,
        "tier_label": "Tier 1 (highest vulnerability)",
        "composite_score": 0.533263,
        "totpop": 5034
      },
      "geometry": {
        "type": "Point",
        "coordinates": [
          -96.674197,
          32.913106
        ]
      }
    },
    {
      "type": "Feature",
      "properties": {
        "geoid": "48113019016",
        "n_candidates": 3,
        "n_top100": 0,
        "n_top50_both": 0,
        "best_rank_composite": 2483,
        "best_rank_grounded": 2082,
        "best_site_reach": 2815,
        "best_greedy_pick_order": null,
        "need_composite": 0.39444,
        "need_grounded": 0.604515,
        "tier": 2,
        "tier_label": "Tier 2 (moderate vulnerability)",
        "composite_score": 0.39444,
        "totpop": 2600
      },
      "geometry": {
        "type": "Point",
        "coordinates": [
          -96.740337,
          32.917807
        ]
      }
    },
    {
      "type": "Feature",
      "properties": {
        "geoid": "48113019018",
        "n_candidates": 2,
        "n_top100": 0,
        "n_top50_both": 0,
        "best_rank_composite": 1304,
        "best_rank_grounded": 985,
        "best_site_reach": 6644,
        "best_greedy_pick_order": 30,
        "need_composite": 0.306795,
        "need_grounded": 0.420036,
        "tier": 3,
        "tier_label": "Tier 3 (lower vulnerability)",
        "composite_score": 0.306795,
        "totpop": 5025
      },
      "geometry": {
        "type": "Point",
        "coordinates": [
          -96.711928,
          32.92387
        ]
      }
    },
    {
      "type": "Feature",
      "properties": {
        "geoid": "48113019019",
        "n_candidates": 12,
        "n_top100": 0,
        "n_top50_both": 0,
        "best_rank_composite": 931,
        "best_rank_grounded": 1516,
        "best_site_reach": 4980,
        "best_greedy_pick_order": null,
        "need_composite": 0.391859,
        "need_grounded": 0.451161,
        "tier": 2,
        "tier_label": "Tier 2 (moderate vulnerability)",
        "composite_score": 0.391859,
        "totpop": 7477
      },
      "geometry": {
        "type": "Point",
        "coordinates": [
          -96.709107,
          32.915475
        ]
      }
    },
    {
      "type": "Feature",
      "properties": {
        "geoid": "48113019020",
        "n_candidates": 1,
        "n_top100": 0,
        "n_top50_both": 0,
        "best_rank_composite": 368,
        "best_rank_grounded": 359,
        "best_site_reach": 6638,
        "best_greedy_pick_order": null,
        "need_composite": 0.395951,
        "need_grounded": 0.570677,
        "tier": 2,
        "tier_label": "Tier 2 (moderate vulnerability)",
        "composite_score": 0.395951,
        "totpop": 7396
      },
      "geometry": {
        "type": "Point",
        "coordinates": [
          -96.673944,
          32.938135
        ]
      }
    },
    {
      "type": "Feature",
      "properties": {
        "geoid": "48113019023",
        "n_candidates": 5,
        "n_top100": 0,
        "n_top50_both": 0,
        "best_rank_composite": 1425,
        "best_rank_grounded": 1901,
        "best_site_reach": 5407,
        "best_greedy_pick_order": null,
        "need_composite": 0.335455,
        "need_grounded": 0.358202,
        "tier": 3,
        "tier_label": "Tier 3 (lower vulnerability)",
        "composite_score": 0.335455,
        "totpop": 5307
      },
      "geometry": {
        "type": "Point",
        "coordinates": [
          -96.691298,
          32.952714
        ]
      }
    },
    {
      "type": "Feature",
      "properties": {
        "geoid": "48113019024",
        "n_candidates": 9,
        "n_top100": 0,
        "n_top50_both": 0,
        "best_rank_composite": 512,
        "best_rank_grounded": 666,
        "best_site_reach": 6157,
        "best_greedy_pick_order": 40,
        "need_composite": 0.38254,
        "need_grounded": 0.506966,
        "tier": 2,
        "tier_label": "Tier 2 (moderate vulnerability)",
        "composite_score": 0.38254,
        "totpop": 3801
      },
      "geometry": {
        "type": "Point",
        "coordinates": [
          -96.691278,
          32.938238
        ]
      }
    },
    {
      "type": "Feature",
      "properties": {
        "geoid": "48113019026",
        "n_candidates": 6,
        "n_top100": 0,
        "n_top50_both": 0,
        "best_rank_composite": 1919,
        "best_rank_grounded": 1227,
        "best_site_reach": 5251,
        "best_greedy_pick_order": null,
        "need_composite": 0.309116,
        "need_grounded": 0.481147,
        "tier": 3,
        "tier_label": "Tier 3 (lower vulnerability)",
        "composite_score": 0.309116,
        "totpop": 5550
      },
      "geometry": {
        "type": "Point",
        "coordinates": [
          -96.638516,
          32.939324
        ]
      }
    },
    {
      "type": "Feature",
      "properties": {
        "geoid": "48113019027",
        "n_candidates": 11,
        "n_top100": 0,
        "n_top50_both": 0,
        "best_rank_composite": 951,
        "best_rank_grounded": 810,
        "best_site_reach": 5247,
        "best_greedy_pick_order": null,
        "need_composite": 0.377408,
        "need_grounded": 0.555245,
        "tier": 2,
        "tier_label": "Tier 2 (moderate vulnerability)",
        "composite_score": 0.377408,
        "totpop": 7261
      },
      "geometry": {
        "type": "Point",
        "coordinates": [
          -96.648029,
          32.957369
        ]
      }
    },
    {
      "type": "Feature",
      "properties": {
        "geoid": "48113019028",
        "n_candidates": 2,
        "n_top100": 0,
        "n_top50_both": 0,
        "best_rank_composite": 738,
        "best_rank_grounded": 601,
        "best_site_reach": 6058,
        "best_greedy_pick_order": null,
        "need_composite": 0.361014,
        "need_grounded": 0.531607,
        "tier": 2,
        "tier_label": "Tier 2 (moderate vulnerability)",
        "composite_score": 0.361014,
        "totpop": 3733
      },
      "geometry": {
        "type": "Point",
        "coordinates": [
          -96.675476,
          32.955989
        ]
      }
    },
    {
      "type": "Feature",
      "properties": {
        "geoid": "48113019029",
        "n_candidates": 5,
        "n_top100": 0,
        "n_top50_both": 0,
        "best_rank_composite": 1035,
        "best_rank_grounded": 374,
        "best_site_reach": 6649,
        "best_greedy_pick_order": 29,
        "need_composite": 0.322064,
        "need_grounded": 0.562637,
        "tier": 3,
        "tier_label": "Tier 3 (lower vulnerability)",
        "composite_score": 0.322064,
        "totpop": 5836
      },
      "geometry": {
        "type": "Point",
        "coordinates": [
          -96.665936,
          32.948052
        ]
      }
    },
    {
      "type": "Feature",
      "properties": {
        "geoid": "48113019031",
        "n_candidates": 11,
        "n_top100": 0,
        "n_top50_both": 0,
        "best_rank_composite": 778,
        "best_rank_grounded": 1804,
        "best_site_reach": 5402,
        "best_greedy_pick_order": null,
        "need_composite": 0.383453,
        "need_grounded": 0.375011,
        "tier": 2,
        "tier_label": "Tier 2 (moderate vulnerability)",
        "composite_score": 0.383453,
        "totpop": 5192
      },
      "geometry": {
        "type": "Point",
        "coordinates": [
          -96.676363,
          32.972684
        ]
      }
    },
    {
      "type": "Feature",
      "properties": {
        "geoid": "48113019032",
        "n_candidates": 7,
        "n_top100": 0,
        "n_top50_both": 0,
        "best_rank_composite": 197,
        "best_rank_grounded": 173,
        "best_site_reach": 7810,
        "best_greedy_pick_order": 28,
        "need_composite": 0.415998,
        "need_grounded": 0.649222,
        "tier": 2,
        "tier_label": "Tier 2 (moderate vulnerability)",
        "composite_score": 0.415998,
        "totpop": 4824
      },
      "geometry": {
        "type": "Point",
        "coordinates": [
          -96.691644,
          32.920602
        ]
      }
    },
    {
      "type": "Feature",
      "properties": {
        "geoid": "48113019033",
        "n_candidates": 4,
        "n_top100": 0,
        "n_top50_both": 0,
        "best_rank_composite": 767,
        "best_rank_grounded": 502,
        "best_site_reach": 5605,
        "best_greedy_pick_order": null,
        "need_composite": 0.375422,
        "need_grounded": 0.60229,
        "tier": 2,
        "tier_label": "Tier 2 (moderate vulnerability)",
        "composite_score": 0.375422,
        "totpop": 4272
      },
      "geometry": {
        "type": "Point",
        "coordinates": [
          -96.691752,
          32.913042
        ]
      }
    },
    {
      "type": "Feature",
      "properties": {
        "geoid": "48113019034",
        "n_candidates": 9,
        "n_top100": 0,
        "n_top50_both": 0,
        "best_rank_composite": 1881,
        "best_rank_grounded": 2026,
        "best_site_reach": 3626,
        "best_greedy_pick_order": null,
        "need_composite": 0.387905,
        "need_grounded": 0.488727,
        "tier": 2,
        "tier_label": "Tier 2 (moderate vulnerability)",
        "composite_score": 0.387905,
        "totpop": 4645
      },
      "geometry": {
        "type": "Point",
        "coordinates": [
          -96.726659,
          32.919556
        ]
      }
    },
    {
      "type": "Feature",
      "properties": {
        "geoid": "48113019035",
        "n_candidates": 4,
        "n_top100": 0,
        "n_top50_both": 0,
        "best_rank_composite": 3089,
        "best_rank_grounded": 3078,
        "best_site_reach": 1757,
        "best_greedy_pick_order": null,
        "need_composite": 0.417304,
        "need_grounded": 0.536628,
        "tier": 2,
        "tier_label": "Tier 2 (moderate vulnerability)",
        "composite_score": 0.417304,
        "totpop": 6383
      },
      "geometry": {
        "type": "Point",
        "coordinates": [
          -96.726764,
          32.912981
        ]
      }
    },
    {
      "type": "Feature",
      "properties": {
        "geoid": "48113019036",
        "n_candidates": 8,
        "n_top100": 0,
        "n_top50_both": 0,
        "best_rank_composite": 3092,
        "best_rank_grounded": 3395,
        "best_site_reach": 2098,
        "best_greedy_pick_order": null,
        "need_composite": 0.372097,
        "need_grounded": 0.364187,
        "tier": 2,
        "tier_label": "Tier 2 (moderate vulnerability)",
        "composite_score": 0.372097,
        "totpop": 2598
      },
      "geometry": {
        "type": "Point",
        "coordinates": [
          -96.691274,
          32.976498
        ]
      }
    },
    {
      "type": "Feature",
      "properties": {
        "geoid": "48113019037",
        "n_candidates": 2,
        "n_top100": 0,
        "n_top50_both": 0,
        "best_rank_composite": 2689,
        "best_rank_grounded": 2561,
        "best_site_reach": 3037,
        "best_greedy_pick_order": null,
        "need_composite": 0.352056,
        "need_grounded": 0.430605,
        "tier": 2,
        "tier_label": "Tier 2 (moderate vulnerability)",
        "composite_score": 0.352056,
        "totpop": 3117
      },
      "geometry": {
        "type": "Point",
        "coordinates": [
          -96.691219,
          32.96695
        ]
      }
    },
    {
      "type": "Feature",
      "properties": {
        "geoid": "48113019039",
        "n_candidates": 7,
        "n_top100": 0,
        "n_top50_both": 0,
        "best_rank_composite": 1108,
        "best_rank_grounded": 636,
        "best_site_reach": 5295,
        "best_greedy_pick_order": null,
        "need_composite": 0.363869,
        "need_grounded": 0.593684,
        "tier": 2,
        "tier_label": "Tier 2 (moderate vulnerability)",
        "composite_score": 0.363869,
        "totpop": 5895
      },
      "geometry": {
        "type": "Point",
        "coordinates": [
          -96.707381,
          32.946137
        ]
      }
    },
    {
      "type": "Feature",
      "properties": {
        "geoid": "48113019040",
        "n_candidates": 12,
        "n_top100": 0,
        "n_top50_both": 0,
        "best_rank_composite": 1720,
        "best_rank_grounded": 857,
        "best_site_reach": 5268,
        "best_greedy_pick_order": null,
        "need_composite": 0.321443,
        "need_grounded": 0.546747,
        "tier": 3,
        "tier_label": "Tier 3 (lower vulnerability)",
        "composite_score": 0.321443,
        "totpop": 8018
      },
      "geometry": {
        "type": "Point",
        "coordinates": [
          -96.744987,
          32.931637
        ]
      }
    },
    {
      "type": "Feature",
      "properties": {
        "geoid": "48113019042",
        "n_candidates": 4,
        "n_top100": 0,
        "n_top50_both": 0,
        "best_rank_composite": 1165,
        "best_rank_grounded": 1763,
        "best_site_reach": 4026,
        "best_greedy_pick_order": null,
        "need_composite": 0.429458,
        "need_grounded": 0.501551,
        "tier": 2,
        "tier_label": "Tier 2 (moderate vulnerability)",
        "composite_score": 0.429458,
        "totpop": 7660
      },
      "geometry": {
        "type": "Point",
        "coordinates": [
          -96.655636,
          32.97185
        ]
      }
    },
    {
      "type": "Feature",
      "properties": {
        "geoid": "48113019044",
        "n_candidates": 1,
        "n_top100": 0,
        "n_top50_both": 0,
        "best_rank_composite": 288,
        "best_rank_grounded": 275,
        "best_site_reach": 6138,
        "best_greedy_pick_order": null,
        "need_composite": 0.444679,
        "need_grounded": 0.684262,
        "tier": 1,
        "tier_label": "Tier 1 (highest vulnerability)",
        "composite_score": 0.444679,
        "totpop": 3497
      },
      "geometry": {
        "type": "Point",
        "coordinates": [
          -96.691614,
          32.927325
        ]
      }
    },
    {
      "type": "Feature",
      "properties": {
        "geoid": "48113019045",
        "n_candidates": 3,
        "n_top100": 0,
        "n_top50_both": 0,
        "best_rank_composite": 724,
        "best_rank_grounded": 514,
        "best_site_reach": 5490,
        "best_greedy_pick_order": null,
        "need_composite": 0.386024,
        "need_grounded": 0.60971,
        "tier": 2,
        "tier_label": "Tier 2 (moderate vulnerability)",
        "composite_score": 0.386024,
        "totpop": 2572
      },
      "geometry": {
        "type": "Point",
        "coordinates": [
          -96.702907,
          32.923767
        ]
      }
    },
    {
      "type": "Feature",
      "properties": {
        "geoid": "48113019046",
        "n_candidates": 2,
        "n_top100": 0,
        "n_top50_both": 0,
        "best_rank_composite": 204,
        "best_rank_grounded": 216,
        "best_site_reach": 8103,
        "best_greedy_pick_order": null,
        "need_composite": 0.403675,
        "need_grounded": 0.561822,
        "tier": 2,
        "tier_label": "Tier 2 (moderate vulnerability)",
        "composite_score": 0.403675,
        "totpop": 3081
      },
      "geometry": {
        "type": "Point",
        "coordinates": [
          -96.674257,
          32.920028
        ]
      }
    },
    {
      "type": "Feature",
      "properties": {
        "geoid": "48113019047",
        "n_candidates": 2,
        "n_top100": 0,
        "n_top50_both": 0,
        "best_rank_composite": 545,
        "best_rank_grounded": 551,
        "best_site_reach": 6067,
        "best_greedy_pick_order": null,
        "need_composite": 0.382005,
        "need_grounded": 0.543404,
        "tier": 2,
        "tier_label": "Tier 2 (moderate vulnerability)",
        "composite_score": 0.382005,
        "totpop": 4290
      },
      "geometry": {
        "type": "Point",
        "coordinates": [
          -96.674251,
          32.927122
        ]
      }
    },
    {
      "type": "Feature",
      "properties": {
        "geoid": "48113019048",
        "n_candidates": 2,
        "n_top100": 0,
        "n_top50_both": 0,
        "best_rank_composite": 1840,
        "best_rank_grounded": 1472,
        "best_site_reach": 4964,
        "best_greedy_pick_order": null,
        "need_composite": 0.324074,
        "need_grounded": 0.45904,
        "tier": 3,
        "tier_label": "Tier 3 (lower vulnerability)",
        "composite_score": 0.324074,
        "totpop": 3995
      },
      "geometry": {
        "type": "Point",
        "coordinates": [
          -96.656802,
          32.934642
        ]
      }
    },
    {
      "type": "Feature",
      "properties": {
        "geoid": "48113019049",
        "n_candidates": 1,
        "n_top100": 0,
        "n_top50_both": 0,
        "best_rank_composite": 466,
        "best_rank_grounded": 534,
        "best_site_reach": 5703,
        "best_greedy_pick_order": null,
        "need_composite": 0.410782,
        "need_grounded": 0.582225,
        "tier": 2,
        "tier_label": "Tier 2 (moderate vulnerability)",
        "composite_score": 0.410782,
        "totpop": 4585
      },
      "geometry": {
        "type": "Point",
        "coordinates": [
          -96.656762,
          32.941889
        ]
      }
    },
    {
      "type": "Feature",
      "properties": {
        "geoid": "48113019051",
        "n_candidates": 3,
        "n_top100": 0,
        "n_top50_both": 0,
        "best_rank_composite": 4041,
        "best_rank_grounded": 4073,
        "best_site_reach": 923,
        "best_greedy_pick_order": null,
        "need_composite": 0.334879,
        "need_grounded": 0.27102,
        "tier": 3,
        "tier_label": "Tier 3 (lower vulnerability)",
        "composite_score": 0.334879,
        "totpop": 4843
      },
      "geometry": {
        "type": "Point",
        "coordinates": [
          -96.615224,
          32.965885
        ]
      }
    },
    {
      "type": "Feature",
      "properties": {
        "geoid": "48113019052",
        "n_candidates": 3,
        "n_top100": 0,
        "n_top50_both": 0,
        "best_rank_composite": 3398,
        "best_rank_grounded": 3514,
        "best_site_reach": 1538,
        "best_greedy_pick_order": null,
        "need_composite": 0.397881,
        "need_grounded": 0.429814,
        "tier": 2,
        "tier_label": "Tier 2 (moderate vulnerability)",
        "composite_score": 0.397881,
        "totpop": 1009
      },
      "geometry": {
        "type": "Point",
        "coordinates": [
          -96.707009,
          32.98009
        ]
      }
    },
    {
      "type": "Feature",
      "properties": {
        "geoid": "48113019053",
        "n_candidates": 9,
        "n_top100": 0,
        "n_top50_both": 0,
        "best_rank_composite": 3939,
        "best_rank_grounded": 3847,
        "best_site_reach": 1338,
        "best_greedy_pick_order": null,
        "need_composite": 0.312257,
        "need_grounded": 0.342022,
        "tier": 3,
        "tier_label": "Tier 3 (lower vulnerability)",
        "composite_score": 0.312257,
        "totpop": 1517
      },
      "geometry": {
        "type": "Point",
        "coordinates": [
          -96.710338,
          32.968359
        ]
      }
    },
    {
      "type": "Feature",
      "properties": {
        "geoid": "48113019101",
        "n_candidates": 3,
        "n_top100": 0,
        "n_top50_both": 0,
        "best_rank_composite": 2477,
        "best_rank_grounded": 1979,
        "best_site_reach": 3572,
        "best_greedy_pick_order": null,
        "need_composite": 0.341131,
        "need_grounded": 0.506578,
        "tier": 2,
        "tier_label": "Tier 2 (moderate vulnerability)",
        "composite_score": 0.341131,
        "totpop": 1157
      },
      "geometry": {
        "type": "Point",
        "coordinates": [
          -96.732099,
          32.950257
        ]
      }
    },
    {
      "type": "Feature",
      "properties": {
        "geoid": "48113019102",
        "n_candidates": 6,
        "n_top100": 0,
        "n_top50_both": 0,
        "best_rank_composite": 3006,
        "best_rank_grounded": 2622,
        "best_site_reach": 2320,
        "best_greedy_pick_order": null,
        "need_composite": 0.361542,
        "need_grounded": 0.532451,
        "tier": 2,
        "tier_label": "Tier 2 (moderate vulnerability)",
        "composite_score": 0.361542,
        "totpop": 4570
      },
      "geometry": {
        "type": "Point",
        "coordinates": [
          -96.722239,
          32.950405
        ]
      }
    },
    {
      "type": "Feature",
      "properties": {
        "geoid": "48113019202",
        "n_candidates": 11,
        "n_top100": 0,
        "n_top50_both": 0,
        "best_rank_composite": 827,
        "best_rank_grounded": 768,
        "best_site_reach": 5232,
        "best_greedy_pick_order": null,
        "need_composite": 0.387294,
        "need_grounded": 0.564338,
        "tier": 2,
        "tier_label": "Tier 2 (moderate vulnerability)",
        "composite_score": 0.387294,
        "totpop": 4976
      },
      "geometry": {
        "type": "Point",
        "coordinates": [
          -96.748784,
          32.944588
        ]
      }
    },
    {
      "type": "Feature",
      "properties": {
        "geoid": "48113019203",
        "n_candidates": 6,
        "n_top100": 0,
        "n_top50_both": 0,
        "best_rank_composite": 2629,
        "best_rank_grounded": 2609,
        "best_site_reach": 3699,
        "best_greedy_pick_order": null,
        "need_composite": 0.321951,
        "need_grounded": 0.348618,
        "tier": 3,
        "tier_label": "Tier 3 (lower vulnerability)",
        "composite_score": 0.321951,
        "totpop": 3826
      },
      "geometry": {
        "type": "Point",
        "coordinates": [
          -96.743442,
          32.956803
        ]
      }
    },
    {
      "type": "Feature",
      "properties": {
        "geoid": "48113019205",
        "n_candidates": 14,
        "n_top100": 0,
        "n_top50_both": 0,
        "best_rank_composite": 3057,
        "best_rank_grounded": 3142,
        "best_site_reach": 3238,
        "best_greedy_pick_order": null,
        "need_composite": 0.293504,
        "need_grounded": 0.292227,
        "tier": 3,
        "tier_label": "Tier 3 (lower vulnerability)",
        "composite_score": 0.293504,
        "totpop": 4748
      },
      "geometry": {
        "type": "Point",
        "coordinates": [
          -96.762542,
          32.974389
        ]
      }
    },
    {
      "type": "Feature",
      "properties": {
        "geoid": "48113019208",
        "n_candidates": 17,
        "n_top100": 11,
        "n_top50_both": 2,
        "best_rank_composite": 30,
        "best_rank_grounded": 44,
        "best_site_reach": 12753,
        "best_greedy_pick_order": 5,
        "need_composite": 0.490048,
        "need_grounded": 0.746861,
        "tier": 1,
        "tier_label": "Tier 1 (highest vulnerability)",
        "composite_score": 0.490048,
        "totpop": 5764
      },
      "geometry": {
        "type": "Point",
        "coordinates": [
          -96.76511,
          32.931943
        ]
      }
    },
    {
      "type": "Feature",
      "properties": {
        "geoid": "48113019210",
        "n_candidates": 8,
        "n_top100": 0,
        "n_top50_both": 0,
        "best_rank_composite": 2779,
        "best_rank_grounded": 3293,
        "best_site_reach": 2841,
        "best_greedy_pick_order": null,
        "need_composite": 0.349898,
        "need_grounded": 0.293943,
        "tier": 2,
        "tier_label": "Tier 2 (moderate vulnerability)",
        "composite_score": 0.349898,
        "totpop": 4639
      },
      "geometry": {
        "type": "Point",
        "coordinates": [
          -96.729478,
          32.980772
        ]
      }
    },
    {
      "type": "Feature",
      "properties": {
        "geoid": "48113019211",
        "n_candidates": 13,
        "n_top100": 0,
        "n_top50_both": 0,
        "best_rank_composite": 967,
        "best_rank_grounded": 909,
        "best_site_reach": 5543,
        "best_greedy_pick_order": null,
        "need_composite": 0.363542,
        "need_grounded": 0.511074,
        "tier": 2,
        "tier_label": "Tier 2 (moderate vulnerability)",
        "composite_score": 0.363542,
        "totpop": 5777
      },
      "geometry": {
        "type": "Point",
        "coordinates": [
          -96.731466,
          32.969448
        ]
      }
    },
    {
      "type": "Feature",
      "properties": {
        "geoid": "48113019213",
        "n_candidates": 4,
        "n_top100": 0,
        "n_top50_both": 0,
        "best_rank_composite": 260,
        "best_rank_grounded": 190,
        "best_site_reach": 7371,
        "best_greedy_pick_order": null,
        "need_composite": 0.400741,
        "need_grounded": 0.663359,
        "tier": 2,
        "tier_label": "Tier 2 (moderate vulnerability)",
        "composite_score": 0.400741,
        "totpop": 3464
      },
      "geometry": {
        "type": "Point",
        "coordinates": [
          -96.755606,
          32.934277
        ]
      }
    },
    {
      "type": "Feature",
      "properties": {
        "geoid": "48113019214",
        "n_candidates": 6,
        "n_top100": 2,
        "n_top50_both": 0,
        "best_rank_composite": 48,
        "best_rank_grounded": 52,
        "best_site_reach": 12617,
        "best_greedy_pick_order": null,
        "need_composite": 0.463703,
        "need_grounded": 0.715863,
        "tier": 1,
        "tier_label": "Tier 1 (highest vulnerability)",
        "composite_score": 0.463703,
        "totpop": 5676
      },
      "geometry": {
        "type": "Point",
        "coordinates": [
          -96.763221,
          32.943879
        ]
      }
    },
    {
      "type": "Feature",
      "properties": {
        "geoid": "48113019215",
        "n_candidates": 7,
        "n_top100": 0,
        "n_top50_both": 0,
        "best_rank_composite": 452,
        "best_rank_grounded": 1115,
        "best_site_reach": 7860,
        "best_greedy_pick_order": null,
        "need_composite": 0.339296,
        "need_grounded": 0.344665,
        "tier": 2,
        "tier_label": "Tier 2 (moderate vulnerability)",
        "composite_score": 0.339296,
        "totpop": 2384
      },
      "geometry": {
        "type": "Point",
        "coordinates": [
          -96.762519,
          32.954529
        ]
      }
    },
    {
      "type": "Feature",
      "properties": {
        "geoid": "48113019302",
        "n_candidates": 3,
        "n_top100": 0,
        "n_top50_both": 0,
        "best_rank_composite": 1563,
        "best_rank_grounded": 1457,
        "best_site_reach": 6738,
        "best_greedy_pick_order": null,
        "need_composite": 0.289789,
        "need_grounded": 0.348092,
        "tier": 3,
        "tier_label": "Tier 3 (lower vulnerability)",
        "composite_score": 0.289789,
        "totpop": 5752
      },
      "geometry": {
        "type": "Point",
        "coordinates": [
          -96.779033,
          32.843851
        ]
      }
    },
    {
      "type": "Feature",
      "properties": {
        "geoid": "48113019400",
        "n_candidates": 10,
        "n_top100": 0,
        "n_top50_both": 0,
        "best_rank_composite": 961,
        "best_rank_grounded": 941,
        "best_site_reach": 8147,
        "best_greedy_pick_order": 13,
        "need_composite": 0.29264,
        "need_grounded": 0.353619,
        "tier": 3,
        "tier_label": "Tier 3 (lower vulnerability)",
        "composite_score": 0.29264,
        "totpop": 4454
      },
      "geometry": {
        "type": "Point",
        "coordinates": [
          -96.791118,
          32.848959
        ]
      }
    },
    {
      "type": "Feature",
      "properties": {
        "geoid": "48113019501",
        "n_candidates": 7,
        "n_top100": 0,
        "n_top50_both": 0,
        "best_rank_composite": 2891,
        "best_rank_grounded": 3154,
        "best_site_reach": 3644,
        "best_greedy_pick_order": null,
        "need_composite": 0.290798,
        "need_grounded": 0.261283,
        "tier": 3,
        "tier_label": "Tier 3 (lower vulnerability)",
        "composite_score": 0.290798,
        "totpop": 7496
      },
      "geometry": {
        "type": "Point",
        "coordinates": [
          -96.799157,
          32.858331
        ]
      }
    },
    {
      "type": "Feature",
      "properties": {
        "geoid": "48113019502",
        "n_candidates": 1,
        "n_top100": 0,
        "n_top50_both": 0,
        "best_rank_composite": 3598,
        "best_rank_grounded": 2805,
        "best_site_reach": 4028,
        "best_greedy_pick_order": null,
        "need_composite": 0.223039,
        "need_grounded": 0.291928,
        "tier": 3,
        "tier_label": "Tier 3 (lower vulnerability)",
        "composite_score": 0.223039,
        "totpop": 4074
      },
      "geometry": {
        "type": "Point",
        "coordinates": [
          -96.805843,
          32.84394
        ]
      }
    },
    {
      "type": "Feature",
      "properties": {
        "geoid": "48113019800",
        "n_candidates": 3,
        "n_top100": 0,
        "n_top50_both": 0,
        "best_rank_composite": 3780,
        "best_rank_grounded": 3911,
        "best_site_reach": 1842,
        "best_greedy_pick_order": null,
        "need_composite": 0.29535,
        "need_grounded": 0.233037,
        "tier": 3,
        "tier_label": "Tier 3 (lower vulnerability)",
        "composite_score": 0.29535,
        "totpop": 4854
      },
      "geometry": {
        "type": "Point",
        "coordinates": [
          -96.810709,
          32.828744
        ]
      }
    },
    {
      "type": "Feature",
      "properties": {
        "geoid": "48113019900",
        "n_candidates": 14,
        "n_top100": 0,
        "n_top50_both": 0,
        "best_rank_composite": 869,
        "best_rank_grounded": 304,
        "best_site_reach": 6506,
        "best_greedy_pick_order": 47,
        "need_composite": 0.336644,
        "need_grounded": 0.622459,
        "tier": 3,
        "tier_label": "Tier 3 (lower vulnerability)",
        "composite_score": 0.336644,
        "totpop": 3799
      },
      "geometry": {
        "type": "Point",
        "coordinates": [
          -96.886816,
          32.738425
        ]
      }
    },
    {
      "type": "Feature",
      "properties": {
        "geoid": "48113020000",
        "n_candidates": 11,
        "n_top100": 0,
        "n_top50_both": 0,
        "best_rank_composite": 2032,
        "best_rank_grounded": 3023,
        "best_site_reach": 3120,
        "best_greedy_pick_order": null,
        "need_composite": 0.407718,
        "need_grounded": 0.324656,
        "tier": 2,
        "tier_label": "Tier 2 (moderate vulnerability)",
        "composite_score": 0.407718,
        "totpop": 5688
      },
      "geometry": {
        "type": "Point",
        "coordinates": [
          -97.012416,
          32.979665
        ]
      }
    },
    {
      "type": "Feature",
      "properties": {
        "geoid": "48113020100",
        "n_candidates": 3,
        "n_top100": 0,
        "n_top50_both": 0,
        "best_rank_composite": 2727,
        "best_rank_grounded": 2560,
        "best_site_reach": 1945,
        "best_greedy_pick_order": null,
        "need_composite": 0.46079,
        "need_grounded": 0.65597,
        "tier": 1,
        "tier_label": "Tier 1 (highest vulnerability)",
        "composite_score": 0.46079,
        "totpop": 2104
      },
      "geometry": {
        "type": "Point",
        "coordinates": [
          -96.912267,
          32.81918
        ]
      }
    },
    {
      "type": "Feature",
      "properties": {
        "geoid": "48113020200",
        "n_candidates": 12,
        "n_top100": 0,
        "n_top50_both": 0,
        "best_rank_composite": 352,
        "best_rank_grounded": 441,
        "best_site_reach": 5541,
        "best_greedy_pick_order": null,
        "need_composite": 0.451648,
        "need_grounded": 0.639012,
        "tier": 1,
        "tier_label": "Tier 1 (highest vulnerability)",
        "composite_score": 0.451648,
        "totpop": 4385
      },
      "geometry": {
        "type": "Point",
        "coordinates": [
          -96.721519,
          32.691679
        ]
      }
    },
    {
      "type": "Feature",
      "properties": {
        "geoid": "48113020300",
        "n_candidates": 69,
        "n_top100": 0,
        "n_top50_both": 0,
        "best_rank_composite": 4658,
        "best_rank_grounded": 4658,
        "best_site_reach": 0,
        "best_greedy_pick_order": null,
        "need_composite": 0.45436,
        "need_grounded": 0.357067,
        "tier": 1,
        "tier_label": "Tier 1 (highest vulnerability)",
        "composite_score": 0.45436,
        "totpop": 2271
      },
      "geometry": {
        "type": "Point",
        "coordinates": [
          -96.767273,
          32.773099
        ]
      }
    },
    {
      "type": "Feature",
      "properties": {
        "geoid": "48113020401",
        "n_candidates": 72,
        "n_top100": 0,
        "n_top50_both": 0,
        "best_rank_composite": 4670,
        "best_rank_grounded": 4670,
        "best_site_reach": 0,
        "best_greedy_pick_order": null,
        "need_composite": 0.361399,
        "need_grounded": 0.397605,
        "tier": 2,
        "tier_label": "Tier 2 (moderate vulnerability)",
        "composite_score": 0.361399,
        "totpop": 2650
      },
      "geometry": {
        "type": "Point",
        "coordinates": [
          -96.778209,
          32.779777
        ]
      }
    },
    {
      "type": "Feature",
      "properties": {
        "geoid": "48113020402",
        "n_candidates": 46,
        "n_top100": 0,
        "n_top50_both": 0,
        "best_rank_composite": 1760,
        "best_rank_grounded": 2221,
        "best_site_reach": 4323,
        "best_greedy_pick_order": null,
        "need_composite": 0.356845,
        "need_grounded": 0.380706,
        "tier": 2,
        "tier_label": "Tier 2 (moderate vulnerability)",
        "composite_score": 0.356845,
        "totpop": 6288
      },
      "geometry": {
        "type": "Point",
        "coordinates": [
          -96.792849,
          32.767686
        ]
      }
    },
    {
      "type": "Feature",
      "properties": {
        "geoid": "48113020500",
        "n_candidates": 14,
        "n_top100": 0,
        "n_top50_both": 0,
        "best_rank_composite": 2756,
        "best_rank_grounded": 1911,
        "best_site_reach": 2808,
        "best_greedy_pick_order": null,
        "need_composite": 0.357309,
        "need_grounded": 0.658519,
        "tier": 2,
        "tier_label": "Tier 2 (moderate vulnerability)",
        "composite_score": 0.357309,
        "totpop": 6148
      },
      "geometry": {
        "type": "Point",
        "coordinates": [
          -96.865161,
          32.782409
        ]
      }
    },
    {
      "type": "Feature",
      "properties": {
        "geoid": "48113020600",
        "n_candidates": 4,
        "n_top100": 0,
        "n_top50_both": 0,
        "best_rank_composite": 2943,
        "best_rank_grounded": 3439,
        "best_site_reach": 2494,
        "best_greedy_pick_order": null,
        "need_composite": 0.353644,
        "need_grounded": 0.297089,
        "tier": 2,
        "tier_label": "Tier 2 (moderate vulnerability)",
        "composite_score": 0.353644,
        "totpop": 2024
      },
      "geometry": {
        "type": "Point",
        "coordinates": [
          -96.821367,
          32.872014
        ]
      }
    },
    {
      "type": "Feature",
      "properties": {
        "geoid": "48113020700",
        "n_candidates": 1,
        "n_top100": 0,
        "n_top50_both": 0,
        "best_rank_composite": 1102,
        "best_rank_grounded": 1514,
        "best_site_reach": 5290,
        "best_greedy_pick_order": null,
        "need_composite": 0.364649,
        "need_grounded": 0.426544,
        "tier": 2,
        "tier_label": "Tier 2 (moderate vulnerability)",
        "composite_score": 0.364649,
        "totpop": 5023
      },
      "geometry": {
        "type": "Point",
        "coordinates": [
          -96.871957,
          32.962934
        ]
      }
    },
    {
      "type": "Feature",
      "properties": {
        "geoid": "48113020800",
        "n_candidates": 22,
        "n_top100": 0,
        "n_top50_both": 0,
        "best_rank_composite": 3137,
        "best_rank_grounded": 3384,
        "best_site_reach": 1819,
        "best_greedy_pick_order": null,
        "need_composite": 0.400722,
        "need_grounded": 0.419701,
        "tier": 2,
        "tier_label": "Tier 2 (moderate vulnerability)",
        "composite_score": 0.400722,
        "totpop": 7874
      },
      "geometry": {
        "type": "Point",
        "coordinates": [
          -96.754927,
          32.752088
        ]
      }
    },
    {
      "type": "Feature",
      "properties": {
        "geoid": "48113020900",
        "n_candidates": 31,
        "n_top100": 0,
        "n_top50_both": 0,
        "best_rank_composite": 3145,
        "best_rank_grounded": 3477,
        "best_site_reach": 1145,
        "best_greedy_pick_order": null,
        "need_composite": 0.552848,
        "need_grounded": 0.592526,
        "tier": 1,
        "tier_label": "Tier 1 (highest vulnerability)",
        "composite_score": 0.552848,
        "totpop": 2209
      },
      "geometry": {
        "type": "Point",
        "coordinates": [
          -96.7684,
          32.748853
        ]
      }
    },
    {
      "type": "Feature",
      "properties": {
        "geoid": "48113021000",
        "n_candidates": 6,
        "n_top100": 0,
        "n_top50_both": 0,
        "best_rank_composite": 692,
        "best_rank_grounded": 763,
        "best_site_reach": 3842,
        "best_greedy_pick_order": null,
        "need_composite": 0.495881,
        "need_grounded": 0.76034,
        "tier": 1,
        "tier_label": "Tier 1 (highest vulnerability)",
        "composite_score": 0.495881,
        "totpop": 5853
      },
      "geometry": {
        "type": "Point",
        "coordinates": [
          -96.805578,
          32.745348
        ]
      }
    },
    {
      "type": "Feature",
      "properties": {
        "geoid": "48113021100",
        "n_candidates": 16,
        "n_top100": 0,
        "n_top50_both": 0,
        "best_rank_composite": 480,
        "best_rank_grounded": 798,
        "best_site_reach": 4003,
        "best_greedy_pick_order": null,
        "need_composite": 0.522503,
        "need_grounded": 0.721235,
        "tier": 1,
        "tier_label": "Tier 1 (highest vulnerability)",
        "composite_score": 0.522503,
        "totpop": 4652
      },
      "geometry": {
        "type": "Point",
        "coordinates": [
          -96.770363,
          32.726859
        ]
      }
    },
    {
      "type": "Feature",
      "properties": {
        "geoid": "48113021200",
        "n_candidates": 8,
        "n_top100": 0,
        "n_top50_both": 0,
        "best_rank_composite": 445,
        "best_rank_grounded": 908,
        "best_site_reach": 4565,
        "best_greedy_pick_order": null,
        "need_composite": 0.485431,
        "need_grounded": 0.614364,
        "tier": 1,
        "tier_label": "Tier 1 (highest vulnerability)",
        "composite_score": 0.485431,
        "totpop": 4674
      },
      "geometry": {
        "type": "Point",
        "coordinates": [
          -96.939543,
          32.744226
        ]
      }
    },
    {
      "type": "Feature",
      "properties": {
        "geoid": "48113980200",
        "n_candidates": 1,
        "n_top100": 0,
        "n_top50_both": 0,
        "best_rank_composite": 656,
        "best_rank_grounded": 1214,
        "best_site_reach": 4315,
        "best_greedy_pick_order": null,
        "need_composite": 0.463033,
        "need_grounded": 0.581416,
        "tier": 1,
        "tier_label": "Tier 1 (highest vulnerability)",
        "composite_score": 0.463033,
        "totpop": 1428
      },
      "geometry": {
        "type": "Point",
        "coordinates": [
          -96.751233,
          32.982304
        ]
      }
    }
  ]
}